path,pageType,status,contentType,canonical,robots,title,metaDescription,h1Count,mainCount,imageCount,missingAltCount,textLength,textFingerprint,mainTextLength,mainTextFingerprint
"/","home","200","text/html; charset=utf-8","https://bettergrades.net/","index, follow","Better Grades — Free answers, full explanations","Find free academic answers, complete explanations, practical tools, and focused practice.","1","1","0","0","6710","884b62d0c69af9a23c7bf09b22bea630c76400cfb3af06848907f7b40fda993e","5531","31e5e93aac46884eb02cd511808812fb9772f04b74b0210ac4d5239fd5703957"
"/subjects/","subject-or-article","200","text/html; charset=utf-8","https://bettergrades.net/subjects/","index, follow","Browse subjects | Better Grades","Explore Better Grades resources by subject and course.","1","1","0","0","1540","4aad690937860a383c81ddd1f1106fc29698d06b25763502a1e429f0b9486bf5","377","121e0d5c24b80c33a78134bf6d845da687a63770018c362b90d014125adce9a6"
"/practice/","practice","200","text/html; charset=utf-8","https://bettergrades.net/practice/","index, follow","Free quizzes and practice exams | Better Grades","Use focused quizzes, diagnostics, practice exams, and challenges with explanations.","1","1","0","0","17973","f560ae29520a0bc1372c26dce57f9a29250eb34ae2a47673aec046e78e869e70","16794","a9febebf7bfc37717294bca4ee886a2c2f913500be2612e760e3cabc0e88e619"
"/practice/math/","practice","200","text/html; charset=utf-8","https://bettergrades.net/practice/math/","index, follow","Mathematics practice | Better Grades","Browse free mathematics quizzes, diagnostics, practice exams, and challenges.","1","1","0","0","17991","32d2cb552c8b583bbe107dd82664f8708e3b90595eb87ddb9adccbda51f4685c","16823","c84b27448f724f2137face6b9a01376f2afe4b4075b127837b8944ed991f2ee9"
"/practice/math/calculus/","practice","200","text/html; charset=utf-8","https://bettergrades.net/practice/math/calculus/","index, follow","Calculus practice | Better Grades","Choose a calculus quiz, diagnostic, practice exam, or challenge.","1","1","0","0","17960","da9fbc47f3e670dfda5bf0676e50e7bd1dc23f788ec03ab2ff4d9bf8638f9f9f","16795","b55b4a8c883a418f2882f759446b9fac66626665670e3c15e7222ccd05863f9b"
"/answers/","answer","200","text/html; charset=utf-8","https://bettergrades.net/answers/","index, follow","Search the answer bank | Better Grades","Find specific problems, immediate answers, complete solutions, and related practice.","1","1","0","0","5317","6e978bee3687d34fb34a5fedb57bbf0568cd2f9c944f91a67603f8dc6f8bb121","4147","98233119796a0d3abfa67c2de432c3488ad0c791a79441167c9bc0b05c72c9a9"
"/answers/calculus/integral-of-sec-cubed/","answer","200","text/html; charset=utf-8","https://bettergrades.net/answers/calculus/integral-of-sec-cubed/","index, follow","What is the integral of sec³x? | Better Grades","See the full integration-by-parts derivation, verification, and common mistakes.","1","1","0","0","4748","306667e82da144655d78f2562e10e137da225e2d8e7a132c502ab300b35a6290","2771","89b98774279bfd9215351ef47b7fc932e303a580c1dfe5333e484752ea0523fb"
"/tools/","tool","200","text/html; charset=utf-8","https://bettergrades.net/tools/","index, follow","Math tools with visible limits | Better Grades","Use practical academic tools that explain what they do and where they may fail.","1","1","0","0","1893","0f2285a06da3b1d0bacb2b8b9d0575c5527edfa0c5b3fbb1b82f1fb10fd40269","715","89870521e44c7b1e306cfd4ae9580ee4a206f8358508dd94ab0c4e6d322de933"
"/glossary/","glossary","200","text/html; charset=utf-8","https://bettergrades.net/glossary/","index, follow","Better Grades glossaries | Better Grades","Browse subject-specific definitions, symbols, and notation conventions.","1","1","0","0","1679","76bc54e4b7e6c8b7b3c2dd44bf0d69d8306cb874af486cacd2f4f19bf06b3fb1","17","819be067e513b78c31e8c4cd20aed0fbc1ef0de8c43d3b4c9914d263fecd7d57"
"/glossary/math/","glossary","200","text/html; charset=utf-8","https://bettergrades.net/glossary/math/","index, follow","Mathematics glossary | Better Grades","Look up mathematics terms and symbols with visual notation and concise definitions.","1","1","0","0","40159","4512fbdeed2f6797065ed36eb0812869d76ec8bb75e281c8f855cd53d7252382","17","819be067e513b78c31e8c4cd20aed0fbc1ef0de8c43d3b4c9914d263fecd7d57"
"/glossary/math/conventions/","glossary","200","text/html; charset=utf-8","https://bettergrades.net/glossary/math/conventions/","index, follow","Mathematics variable and notation conventions | Better Grades","See the variable, naming, and notation rules used throughout Better Grades mathematics content.","1","1","0","0","4720","7dc77831e1a44cc8fa35302f9d88928451966fe6f3d601ffd393301ebf9f5671","17","819be067e513b78c31e8c4cd20aed0fbc1ef0de8c43d3b4c9914d263fecd7d57"
"/search/","policy-or-directory","200","text/html; charset=utf-8","https://bettergrades.net/search/","index, follow","Search Better Grades | Better Grades","Search free answers, complete topic guides, practice, tools, and visual mathematics definitions.","1","1","0","0","6784","33556b4758fbbd22572fadd38fa961240e73838285d966148be4cf2cb734bb79","5616","8ece98512295953d6b57a3153310901c54c868a9516a5810449414dffc546d55"
"/about/","policy-or-directory","200","text/html; charset=utf-8","https://bettergrades.net/about/","index, follow","Better Grades | Better Grades","Better Grades publishing and product standards.","1","1","0","0","1872","cfc0a119a90573442c732cc2d8f8812a9ec9937c291261851d67f8967088f376","711","f79d04e4c85a93353855c4c12628ab95c494101d542a575c248c7782429e14d1"
"/how-we-verify/","policy-or-directory","200","text/html; charset=utf-8","https://bettergrades.net/how-we-verify/","index, follow","Better Grades | Better Grades","Better Grades publishing and product standards.","1","1","0","0","1840","3258c71f1a4b2b8bdc354096df9460d9ff0a0e0d4d692d8b1751fb3d5dbdc961","679","c1b0ce9410f75e5eefb35c2e7da06213389fb34bddce385f0dfebf898ac148cb"
"/editorial-policy/","policy-or-directory","200","text/html; charset=utf-8","https://bettergrades.net/editorial-policy/","index, follow","Better Grades | Better Grades","Better Grades publishing and product standards.","1","1","0","0","1755","4657257a57b362fec551ebe03f11eac2a7d706c8109852e6def687cb8ed134f9","594","98bc100b6c25ae9d31d187be11b92c23a3df92d8472a746831a6edf9c888659f"
"/source-policy/","policy-or-directory","200","text/html; charset=utf-8","https://bettergrades.net/source-policy/","index, follow","Better Grades | Better Grades","Better Grades publishing and product standards.","1","1","0","0","1859","91d7cff571a97519d759abb7a4b3c86cce422d37da2b5cb20fe640256d32ba88","698","4eedef711b7cd51512445e1e7f353f1c601b05ef6286fe41b0e9bd4880eced22"
"/corrections/","policy-or-directory","200","text/html; charset=utf-8","https://bettergrades.net/corrections/","index, follow","Better Grades | Better Grades","Better Grades publishing and product standards.","1","1","0","0","1839","01fb67a4a9ef4d931d9dda023067b682fa87350025fde72ac98bce86b37578c7","678","aaf8290e1f4f43a2a87e093b93611964a65c2a8917df97df969a47d37d922b25"
"/privacy/","policy-or-directory","200","text/html; charset=utf-8","https://bettergrades.net/privacy/","index, follow","Better Grades | Better Grades","Better Grades publishing and product standards.","1","1","0","0","2241","7b21a0e5cb94857a538c5fe58b86dd0d1f7b26ecdbc53f2d4faf019a46988f93","1080","25621b786ad5d8d853c7bb9fe0b671b4df8ff2e213b7ad946fcb9edc191fad2b"
"/accessibility/","policy-or-directory","200","text/html; charset=utf-8","https://bettergrades.net/accessibility/","index, follow","Better Grades | Better Grades","Better Grades publishing and product standards.","1","1","0","0","1794","6e9d6b5a9e7604a5105f1d1c79afb24eccf5b14b16fc11e3b482c5ff4e4d36ae","633","055531c3c7ab4af230fe4fc7c4cc8e93c3277edf54f587dce18c00ead573077f"
"/subjects/math/","subject-or-article","200","text/html; charset=utf-8","https://bettergrades.net/subjects/math/","index, follow","Mathematics | Better Grades","Clear explanations, worked examples, tools, and practice organized by the mathematics you are learning.","1","1","0","0","1707","5d51aee8885ac5d4fee7549f4b84fa4c511f38a0f6128ec3b1714fc8e6f8afdb","548","3a2d31250e56aad83f08b1591bcc5630bc285072bfe9f26c903888c3a2931ee4"
"/subjects/math/algebra/","subject-or-article","200","text/html; charset=utf-8","https://bettergrades.net/subjects/math/algebra/","index, follow","Algebra resources | Better Grades","Equations, linear relationships, systems, polynomials, rational expressions, radicals, and functions—built as one connected toolkit.","1","1","0","0","2697","5ce2e276213db6d77dd13cafa37b01aca94fa5cd4ee6442dfa4daf340eec0adb","1532","1a2485c58685ccf9dbdd803b96e850c852f52019bb16c41ca2caf5c9cc13dc18"
"/subjects/math/calculus/","subject-or-article","200","text/html; charset=utf-8","https://bettergrades.net/subjects/math/calculus/","index, follow","Calculus resources | Better Grades","Limits, derivatives, integrals, applications, sequences, and series in one connected course map.","1","1","0","0","5223","b43e568852ef627cf0ba5b0b33e948ef6a71348348d546be869d2b5a2b6d9041","4057","3651075f7e829bf53e30ec12af0186b3b13643ee210fc042d4dd45017845a6bd"
"/subjects/math/calculus/derivatives/","subject-or-article","200","text/html; charset=utf-8","https://bettergrades.net/subjects/math/calculus/derivatives/","index, follow","Unit 2A: Derivative Foundations and Differentiation Techniques | Better Grades","Study Unit 2A: Derivative Foundations and Differentiation Techniques through a complete sequential course with explanations, visuals, checks, reviews, practice exams, and answer keys.","1","1","0","0","16028","437f4e3073abc99db6b8627376a245b50d9df85f80bc96d7ab055bd343cec7cf","15","27bc852605ded077e64f17b657166668b54965f518701fea4515afe2ab42ba8c"
"/subjects/math/calculus/derivatives/prerequisite-diagnostic/","lesson","200","text/html; charset=utf-8","https://bettergrades.net/subjects/math/calculus/derivatives/prerequisite-diagnostic/","index, follow","Derivative Prerequisite Diagnostic | Unit 2A | Better Grades","Check the prerequisite skills needed for Derivative Foundations and Techniques and follow targeted review links before beginning the unit. Part of Calculus I Unit 2A: Derivative Foundations and Techniques.","1","1","0","0","5613","fa0c61c739906f20750c28e0e6b88ca5f3e1c81be5ff50ffe675cec79b78f6e1","15","27bc852605ded077e64f17b657166668b54965f518701fea4515afe2ab42ba8c"
"/subjects/math/calculus/derivatives/notation-guide/","lesson","200","text/html; charset=utf-8","https://bettergrades.net/subjects/math/calculus/derivatives/notation-guide/","index, follow","Derivative Notation Guide | Unit 2A | Better Grades","Use this derivative foundations and techniques reference for formulas, notation, domains, units, and problem-solving strategy. Part of Calculus I Unit 2A: Derivative Foundations and Techniques.","1","1","0","0","5299","881c49bd023e2e564dd7e4e4784556dcf9c9f64cfdf3900e799cdf112fb3cab4","15","27bc852605ded077e64f17b657166668b54965f518701fea4515afe2ab42ba8c"
"/subjects/math/calculus/derivatives/what-does-derivative-mean/","lesson","200","text/html; charset=utf-8","https://bettergrades.net/subjects/math/calculus/derivatives/what-does-derivative-mean/","index, follow","What Does the Word Derivative Mean in Calculus? | Unit 2A | Better Grades","Learn what does the word derivative mean in calculus? with clear exposition, guided derivations, worked examples, visuals, checks, and interpretation. Part of Calculus I Unit 2A: Derivative Foundations and Techniques.","1","1","1","0","9297","9ab271020deed2f318edece45a3aad58ffe4546d0a99455f309a11595d4ec0e4","15","27bc852605ded077e64f17b657166668b54965f518701fea4515afe2ab42ba8c"
"/subjects/math/calculus/derivatives/why-derivatives-matter/","lesson","200","text/html; charset=utf-8","https://bettergrades.net/subjects/math/calculus/derivatives/why-derivatives-matter/","index, follow","Why Derivatives Matter | Unit 2A | Better Grades","Learn why derivatives matter with clear exposition, guided derivations, worked examples, visuals, checks, and interpretation. Part of Calculus I Unit 2A: Derivative Foundations and Techniques.","1","1","1","0","9385","89dba3ae4b7d73763a1541f0ec8d197a605de022bf1606fcfc1a6c90354f8470","15","27bc852605ded077e64f17b657166668b54965f518701fea4515afe2ab42ba8c"
"/subjects/math/calculus/derivatives/derivative-at-a-point/","lesson","200","text/html; charset=utf-8","https://bettergrades.net/subjects/math/calculus/derivatives/derivative-at-a-point/","index, follow","The Derivative at a Point | Unit 2A | Better Grades","Learn the derivative at a point with clear exposition, guided derivations, worked examples, visuals, checks, and interpretation. Part of Calculus I Unit 2A: Derivative Foundations and Techniques.","1","1","1","0","9645","dd4fa02e6251bf1d759ad7fc3dfdb7f0f84da7dbae7882a856d43d7111e7ea76","15","27bc852605ded077e64f17b657166668b54965f518701fea4515afe2ab42ba8c"
"/subjects/math/calculus/derivatives/difference-quotient-algebra/","lesson","200","text/html; charset=utf-8","https://bettergrades.net/subjects/math/calculus/derivatives/difference-quotient-algebra/","index, follow","Difference Quotient Algebra Without Skipped Steps | Unit 2A | Better Grades","Learn difference quotient algebra without skipped steps with clear exposition, guided derivations, worked examples, visuals, checks, and interpretation. Part of Calculus I Unit 2A: Derivative Foundations and Techniques.","1","1","1","0","8421","bc018c0a157b5caaf7f3554434149a0d8d2f3ca9c15931d6c29ba75168bade45","15","27bc852605ded077e64f17b657166668b54965f518701fea4515afe2ab42ba8c"
"/subjects/math/calculus/derivatives/tangent-line-equation/","lesson","200","text/html; charset=utf-8","https://bettergrades.net/subjects/math/calculus/derivatives/tangent-line-equation/","index, follow","Tangent and Normal Lines | Unit 2A | Better Grades","Learn tangent and normal lines with clear exposition, guided derivations, worked examples, visuals, checks, and interpretation. Part of Calculus I Unit 2A: Derivative Foundations and Techniques.","1","1","1","0","9400","4c2bd4dde788f801ede0f1c4e3db02ea14531beed974a2d953eb71bc7ad3a2c7","15","27bc852605ded077e64f17b657166668b54965f518701fea4515afe2ab42ba8c"
"/subjects/math/calculus/derivatives/derivative-function/","lesson","200","text/html; charset=utf-8","https://bettergrades.net/subjects/math/calculus/derivatives/derivative-function/","index, follow","The Derivative as a Function | Unit 2A | Better Grades","Learn the derivative as a function with clear exposition, guided derivations, worked examples, visuals, checks, and interpretation. Part of Calculus I Unit 2A: Derivative Foundations and Techniques.","1","1","1","0","9070","30552116033a21fdf0ec99bdaa6a4e3e4da2a9bd4e220b2956c998d9ba2057e6","15","27bc852605ded077e64f17b657166668b54965f518701fea4515afe2ab42ba8c"
"/subjects/math/calculus/derivatives/notation-and-units/","lesson","200","text/html; charset=utf-8","https://bettergrades.net/subjects/math/calculus/derivatives/notation-and-units/","index, follow","Derivative Notation and Units | Unit 2A | Better Grades","Learn derivative notation and units with clear exposition, guided derivations, worked examples, visuals, checks, and interpretation. Part of Calculus I Unit 2A: Derivative Foundations and Techniques.","1","1","1","0","9417","b501244368ed6db7d85282f76eacfb7e9abf22ec238fbb511501b116914acb3a","15","27bc852605ded077e64f17b657166668b54965f518701fea4515afe2ab42ba8c"
"/subjects/math/calculus/derivatives/from-graphs-and-tables/","lesson","200","text/html; charset=utf-8","https://bettergrades.net/subjects/math/calculus/derivatives/from-graphs-and-tables/","index, follow","Estimating Derivatives from Graphs and Tables | Unit 2A | Better Grades","Learn estimating derivatives from graphs and tables with clear exposition, guided derivations, worked examples, visuals, checks, and interpretation. Part of Calculus I Unit 2A: Derivative Foundations and Techniques.","1","1","1","0","9639","53857ab915dc41dbc15abc2d4928247548470a637cbf54737420b3f862a1d6a0","15","27bc852605ded077e64f17b657166668b54965f518701fea4515afe2ab42ba8c"
"/subjects/math/calculus/derivatives/differentiability-and-continuity/","lesson","200","text/html; charset=utf-8","https://bettergrades.net/subjects/math/calculus/derivatives/differentiability-and-continuity/","index, follow","Differentiability and Continuity | Unit 2A | Better Grades","Learn differentiability and continuity with clear exposition, guided derivations, worked examples, visuals, checks, and interpretation. Part of Calculus I Unit 2A: Derivative Foundations and Techniques.","1","1","1","0","9561","057c5cb4339f95670c51dd6596acf7da48cc52a469ddebee32898e132c5e5318","15","27bc852605ded077e64f17b657166668b54965f518701fea4515afe2ab42ba8c"
"/subjects/math/calculus/derivatives/foundations-review/","lesson","200","text/html; charset=utf-8","https://bettergrades.net/subjects/math/calculus/derivatives/foundations-review/","index, follow","Derivative Foundations Review | Unit 2A | Better Grades","Review derivative foundations review with mixed practice and links back to the exact lessons behind each skill. Part of Calculus I Unit 2A: Derivative Foundations and Techniques.","1","1","0","0","5543","4be22cde19e2457aa1cc2c560916c28b2db5b87d1def5be3699d59b451a1afea","15","27bc852605ded077e64f17b657166668b54965f518701fea4515afe2ab42ba8c"
"/subjects/math/calculus/derivatives/foundations-concept-quiz/","lesson","200","text/html; charset=utf-8","https://bettergrades.net/subjects/math/calculus/derivatives/foundations-concept-quiz/","index, follow","Derivative Foundations Concept Quiz | Unit 2A | Better Grades","Test conceptual understanding of derivative foundations concept quiz with a short self-check and model responses. Part of Calculus I Unit 2A: Derivative Foundations and Techniques.","1","1","0","0","6723","3dbeb6159e86ef95627ea4b895a095390eb8aab21096b2d1e59019318437760e","15","27bc852605ded077e64f17b657166668b54965f518701fea4515afe2ab42ba8c"
"/subjects/math/calculus/derivatives/power-rule/","lesson","200","text/html; charset=utf-8","https://bettergrades.net/subjects/math/calculus/derivatives/power-rule/","index, follow","The Constant and Power Rules | Unit 2A | Better Grades","Learn the constant and power rules with clear exposition, guided derivations, worked examples, visuals, checks, and interpretation. Part of Calculus I Unit 2A: Derivative Foundations and Techniques.","1","1","1","0","10997","fe94961af0397b25590160fe3e3d1edf5a31377b9a709ace60d2873e35a0ca31","15","27bc852605ded077e64f17b657166668b54965f518701fea4515afe2ab42ba8c"
"/subjects/math/calculus/derivatives/why-derivative-rules-work/","lesson","200","text/html; charset=utf-8","https://bettergrades.net/subjects/math/calculus/derivatives/why-derivative-rules-work/","index, follow","Derivative Rules Are Shortcuts, Not New Definitions | Unit 2A | Better Grades","Learn derivative rules are shortcuts, not new definitions with clear exposition, guided derivations, worked examples, visuals, checks, and interpretation. Part of Calculus I Unit 2A: Derivative Foundations and Techniques.","1","1","0","0","6870","e5f2ff7b9a385a38fec46da17c1d5253619919eed19e5112924b9f77d31f46a4","15","27bc852605ded077e64f17b657166668b54965f518701fea4515afe2ab42ba8c"
"/subjects/math/calculus/derivatives/negative-fractional-powers/","lesson","200","text/html; charset=utf-8","https://bettergrades.net/subjects/math/calculus/derivatives/negative-fractional-powers/","index, follow","Negative and Fractional Powers | Unit 2A | Better Grades","Learn negative and fractional powers with clear exposition, guided derivations, worked examples, visuals, checks, and interpretation. Part of Calculus I Unit 2A: Derivative Foundations and Techniques.","1","1","0","0","8117","102fcd0fe06e22e51f7bddf8ebfe608ce395bf23621e4c0ed95bf74534516a6a","15","27bc852605ded077e64f17b657166668b54965f518701fea4515afe2ab42ba8c"
"/subjects/math/calculus/derivatives/sum-and-constant-multiple-rules/","lesson","200","text/html; charset=utf-8","https://bettergrades.net/subjects/math/calculus/derivatives/sum-and-constant-multiple-rules/","index, follow","Sums and Constant Multiples | Unit 2A | Better Grades","Learn sums and constant multiples with clear exposition, guided derivations, worked examples, visuals, checks, and interpretation. Part of Calculus I Unit 2A: Derivative Foundations and Techniques.","1","1","0","0","8127","aa3fe772f77947cb31aef0ba411cfe49b9611e2b3dfd711efa5978529cefd350","15","27bc852605ded077e64f17b657166668b54965f518701fea4515afe2ab42ba8c"
"/subjects/math/calculus/derivatives/product-rule/","lesson","200","text/html; charset=utf-8","https://bettergrades.net/subjects/math/calculus/derivatives/product-rule/","index, follow","The Product Rule | Unit 2A | Better Grades","Learn the product rule with clear exposition, guided derivations, worked examples, visuals, checks, and interpretation. Part of Calculus I Unit 2A: Derivative Foundations and Techniques.","1","1","1","0","11076","081a3f6ed89e3e9f30345f6a9d0af8ed28821060efe5e0ba4bf6f869477440b9","15","27bc852605ded077e64f17b657166668b54965f518701fea4515afe2ab42ba8c"
"/subjects/math/calculus/derivatives/quotient-rule/","lesson","200","text/html; charset=utf-8","https://bettergrades.net/subjects/math/calculus/derivatives/quotient-rule/","index, follow","The Quotient Rule | Unit 2A | Better Grades","Learn the quotient rule with clear exposition, guided derivations, worked examples, visuals, checks, and interpretation. Part of Calculus I Unit 2A: Derivative Foundations and Techniques.","1","1","1","0","10158","0b69039cdea08b0ef6737e0f694526ca128e4edd65fc74b7d6c815fb046180e4","15","27bc852605ded077e64f17b657166668b54965f518701fea4515afe2ab42ba8c"
"/subjects/math/calculus/derivatives/rule-selection/","lesson","200","text/html; charset=utf-8","https://bettergrades.net/subjects/math/calculus/derivatives/rule-selection/","index, follow","How to Choose a Differentiation Rule | Unit 2A | Better Grades","Learn how to choose a differentiation rule with clear exposition, guided derivations, worked examples, visuals, checks, and interpretation. Part of Calculus I Unit 2A: Derivative Foundations and Techniques.","1","1","1","0","9072","6c74111ab7c8822a6a562a361495bce31865e6eedb00af09deb02955dacf2547","15","27bc852605ded077e64f17b657166668b54965f518701fea4515afe2ab42ba8c"
"/subjects/math/calculus/derivatives/core-rules-review/","lesson","200","text/html; charset=utf-8","https://bettergrades.net/subjects/math/calculus/derivatives/core-rules-review/","index, follow","Core Differentiation Rules Review | Unit 2A | Better Grades","Review core differentiation rules review with mixed practice and links back to the exact lessons behind each skill. Part of Calculus I Unit 2A: Derivative Foundations and Techniques.","1","1","0","0","5390","882336a284b92c71bc9c27a8d3acdbf8bae30a54038d46a60ec100a8748d4e12","15","27bc852605ded077e64f17b657166668b54965f518701fea4515afe2ab42ba8c"
"/subjects/math/calculus/derivatives/core-rules-concept-quiz/","lesson","200","text/html; charset=utf-8","https://bettergrades.net/subjects/math/calculus/derivatives/core-rules-concept-quiz/","index, follow","Core Rules Concept Quiz | Unit 2A | Better Grades","Test conceptual understanding of core rules concept quiz with a short self-check and model responses. Part of Calculus I Unit 2A: Derivative Foundations and Techniques.","1","1","0","0","6436","36f228900f1c609293f2530e16b362630203a852e89cadb912ead5235d673fa1","15","27bc852605ded077e64f17b657166668b54965f518701fea4515afe2ab42ba8c"
"/subjects/math/calculus/derivatives/sine-and-cosine/","lesson","200","text/html; charset=utf-8","https://bettergrades.net/subjects/math/calculus/derivatives/sine-and-cosine/","index, follow","Derivatives of Sine and Cosine | Unit 2A | Better Grades","Learn derivatives of sine and cosine with clear exposition, guided derivations, worked examples, visuals, checks, and interpretation. Part of Calculus I Unit 2A: Derivative Foundations and Techniques.","1","1","1","0","10986","5707e05c0412b2228478434d525ef6fbf09a75fd63ab71c0379a03b91df708f8","15","27bc852605ded077e64f17b657166668b54965f518701fea4515afe2ab42ba8c"
"/subjects/math/calculus/derivatives/why-special-derivatives-are-not-random/","lesson","200","text/html; charset=utf-8","https://bettergrades.net/subjects/math/calculus/derivatives/why-special-derivatives-are-not-random/","index, follow","Why Special-Function Derivatives Are Not Random | Unit 2A | Better Grades","Learn why special-function derivatives are not random with clear exposition, guided derivations, worked examples, visuals, checks, and interpretation. Part of Calculus I Unit 2A: Derivative Foundations and Techniques.","1","1","0","0","6909","7c410bb61de3cd2923e5e24fa38685fc60b94b9ae3838f3974804ddd2f582b82","15","27bc852605ded077e64f17b657166668b54965f518701fea4515afe2ab42ba8c"
"/subjects/math/calculus/derivatives/other-trig-functions/","lesson","200","text/html; charset=utf-8","https://bettergrades.net/subjects/math/calculus/derivatives/other-trig-functions/","index, follow","Derivatives of the Other Trigonometric Functions | Unit 2A | Better Grades","Learn derivatives of the other trigonometric functions with clear exposition, guided derivations, worked examples, visuals, checks, and interpretation. Part of Calculus I Unit 2A: Derivative Foundations and Techniques.","1","1","0","0","7734","e449fe5de559a6e6290ed82ca776f6d7b7802537aabb9f16e9831550e1d821d4","15","27bc852605ded077e64f17b657166668b54965f518701fea4515afe2ab42ba8c"
"/subjects/math/calculus/derivatives/exponential-e/","lesson","200","text/html; charset=utf-8","https://bettergrades.net/subjects/math/calculus/derivatives/exponential-e/","index, follow","The Derivative of the Natural Exponential | Unit 2A | Better Grades","Learn the derivative of the natural exponential with clear exposition, guided derivations, worked examples, visuals, checks, and interpretation. Part of Calculus I Unit 2A: Derivative Foundations and Techniques.","1","1","1","0","9801","e5694cfe2b98091c337c59de299e66759064af8f124aabe56936bb0c31444a30","15","27bc852605ded077e64f17b657166668b54965f518701fea4515afe2ab42ba8c"
"/subjects/math/calculus/derivatives/general-exponential/","lesson","200","text/html; charset=utf-8","https://bettergrades.net/subjects/math/calculus/derivatives/general-exponential/","index, follow","Derivatives of General Exponential Functions | Unit 2A | Better Grades","Learn derivatives of general exponential functions with clear exposition, guided derivations, worked examples, visuals, checks, and interpretation. Part of Calculus I Unit 2A: Derivative Foundations and Techniques.","1","1","0","0","7554","29c034ed9a736134ab0b7d345c34e5ce3e728f21e19390ce265085a388270cd4","15","27bc852605ded077e64f17b657166668b54965f518701fea4515afe2ab42ba8c"
"/subjects/math/calculus/derivatives/natural-log/","lesson","200","text/html; charset=utf-8","https://bettergrades.net/subjects/math/calculus/derivatives/natural-log/","index, follow","The Derivative of the Natural Logarithm | Unit 2A | Better Grades","Learn the derivative of the natural logarithm with clear exposition, guided derivations, worked examples, visuals, checks, and interpretation. Part of Calculus I Unit 2A: Derivative Foundations and Techniques.","1","1","1","0","9677","ba7435e41e772b710b2551827b4ab10df80666e1af05ffdc7c7af88f3b74b3cc","15","27bc852605ded077e64f17b657166668b54965f518701fea4515afe2ab42ba8c"
"/subjects/math/calculus/derivatives/general-logarithms/","lesson","200","text/html; charset=utf-8","https://bettergrades.net/subjects/math/calculus/derivatives/general-logarithms/","index, follow","Derivatives of General Logarithms | Unit 2A | Better Grades","Learn derivatives of general logarithms with clear exposition, guided derivations, worked examples, visuals, checks, and interpretation. Part of Calculus I Unit 2A: Derivative Foundations and Techniques.","1","1","0","0","7146","dbfaceb32585acc4c72fb62ab2c543d7d42002e62e06cae0b972bed19e13a3aa","15","27bc852605ded077e64f17b657166668b54965f518701fea4515afe2ab42ba8c"
"/subjects/math/calculus/derivatives/special-functions-review/","lesson","200","text/html; charset=utf-8","https://bettergrades.net/subjects/math/calculus/derivatives/special-functions-review/","index, follow","Trigonometric, Exponential, and Logarithmic Review | Unit 2A | Better Grades","Review trigonometric, exponential, and logarithmic review with mixed practice and links back to the exact lessons behind each skill. Part of Calculus I Unit 2A: Derivative Foundations and Techniques.","1","1","0","0","5565","bd4ff629df29a4af5d1b47c57bec20f580da8931a37de633449e7f5d3f7d2d0b","15","27bc852605ded077e64f17b657166668b54965f518701fea4515afe2ab42ba8c"
"/subjects/math/calculus/derivatives/special-functions-concept-quiz/","lesson","200","text/html; charset=utf-8","https://bettergrades.net/subjects/math/calculus/derivatives/special-functions-concept-quiz/","index, follow","Special Functions Concept Quiz | Unit 2A | Better Grades","Test conceptual understanding of special functions concept quiz with a short self-check and model responses. Part of Calculus I Unit 2A: Derivative Foundations and Techniques.","1","1","0","0","6760","5633f661fb7b9cf1f54c373ae5a7a46cb3d8c9d239fbc117a51eda71700350dc","15","27bc852605ded077e64f17b657166668b54965f518701fea4515afe2ab42ba8c"
"/subjects/math/calculus/derivatives/composition/","lesson","200","text/html; charset=utf-8","https://bettergrades.net/subjects/math/calculus/derivatives/composition/","index, follow","Composition and the Need for the Chain Rule | Unit 2A | Better Grades","Learn composition and the need for the chain rule with clear exposition, guided derivations, worked examples, visuals, checks, and interpretation. Part of Calculus I Unit 2A: Derivative Foundations and Techniques.","1","1","1","0","8687","39ae090b2b82f5d130eda1fbbed046121deba40b3e5dc75646ff71e1ad71ca1c","15","27bc852605ded077e64f17b657166668b54965f518701fea4515afe2ab42ba8c"
"/subjects/math/calculus/derivatives/chain-rule-map/","lesson","200","text/html; charset=utf-8","https://bettergrades.net/subjects/math/calculus/derivatives/chain-rule-map/","index, follow","A Visual and Verbal Map of the Chain Rule | Unit 2A | Better Grades","Learn a visual and verbal map of the chain rule with clear exposition, guided derivations, worked examples, visuals, checks, and interpretation. Part of Calculus I Unit 2A: Derivative Foundations and Techniques.","1","1","0","0","7295","7eec887a758ca10cc72b4a79941ba5de1476adbf5b7f23557cffdbb507007399","15","27bc852605ded077e64f17b657166668b54965f518701fea4515afe2ab42ba8c"
"/subjects/math/calculus/derivatives/chain-rule-basic/","lesson","200","text/html; charset=utf-8","https://bettergrades.net/subjects/math/calculus/derivatives/chain-rule-basic/","index, follow","The Basic Chain Rule | Unit 2A | Better Grades","Learn the basic chain rule with clear exposition, guided derivations, worked examples, visuals, checks, and interpretation. Part of Calculus I Unit 2A: Derivative Foundations and Techniques.","1","1","0","0","9015","ed6b9f4ea3aab1892dd6e95f8071847ba86ed60cdf3ba02814adf72b44795e05","15","27bc852605ded077e64f17b657166668b54965f518701fea4515afe2ab42ba8c"
"/subjects/math/calculus/derivatives/multiple-chain-layers/","lesson","200","text/html; charset=utf-8","https://bettergrades.net/subjects/math/calculus/derivatives/multiple-chain-layers/","index, follow","Multiple Chain-Rule Layers | Unit 2A | Better Grades","Learn multiple chain-rule layers with clear exposition, guided derivations, worked examples, visuals, checks, and interpretation. Part of Calculus I Unit 2A: Derivative Foundations and Techniques.","1","1","1","0","8145","a64fa565acca063887d9a3918b5d897d4583c53e98db69fdc037f7f908db4c3f","15","27bc852605ded077e64f17b657166668b54965f518701fea4515afe2ab42ba8c"
"/subjects/math/calculus/derivatives/chain-trig/","lesson","200","text/html; charset=utf-8","https://bettergrades.net/subjects/math/calculus/derivatives/chain-trig/","index, follow","Chain Rule with Trigonometric Functions | Unit 2A | Better Grades","Learn chain rule with trigonometric functions with clear exposition, guided derivations, worked examples, visuals, checks, and interpretation. Part of Calculus I Unit 2A: Derivative Foundations and Techniques.","1","1","0","0","7771","f432206b992659d59f388e1e81e42af0bcabc4d96151e2898ef2faa1580f080c","15","27bc852605ded077e64f17b657166668b54965f518701fea4515afe2ab42ba8c"
"/subjects/math/calculus/derivatives/chain-exp-log/","lesson","200","text/html; charset=utf-8","https://bettergrades.net/subjects/math/calculus/derivatives/chain-exp-log/","index, follow","Chain Rule with Exponentials and Logarithms | Unit 2A | Better Grades","Learn chain rule with exponentials and logarithms with clear exposition, guided derivations, worked examples, visuals, checks, and interpretation. Part of Calculus I Unit 2A: Derivative Foundations and Techniques.","1","1","0","0","7412","8db9d7d940b57972fd0ede54496259d87131006deec53a1385f9b1f570518c13","15","27bc852605ded077e64f17b657166668b54965f518701fea4515afe2ab42ba8c"
"/subjects/math/calculus/derivatives/combined-rules/","lesson","200","text/html; charset=utf-8","https://bettergrades.net/subjects/math/calculus/derivatives/combined-rules/","index, follow","Combining Product, Quotient, and Chain Rules | Unit 2A | Better Grades","Learn combining product, quotient, and chain rules with clear exposition, guided derivations, worked examples, visuals, checks, and interpretation. Part of Calculus I Unit 2A: Derivative Foundations and Techniques.","1","1","0","0","7952","d2382725aeef54cdddff5f851840f35d4c5ac7839480e65667bbf73e5227e528","15","27bc852605ded077e64f17b657166668b54965f518701fea4515afe2ab42ba8c"
"/subjects/math/calculus/derivatives/chain-rule-review/","lesson","200","text/html; charset=utf-8","https://bettergrades.net/subjects/math/calculus/derivatives/chain-rule-review/","index, follow","Chain Rule Review | Unit 2A | Better Grades","Review chain rule review with mixed practice and links back to the exact lessons behind each skill. Part of Calculus I Unit 2A: Derivative Foundations and Techniques.","1","1","0","0","5005","8ecf9cd37070d326f74ed627c7356cab4187095158f03caa9217ed6fc56a29db","15","27bc852605ded077e64f17b657166668b54965f518701fea4515afe2ab42ba8c"
"/subjects/math/calculus/derivatives/chain-rule-concept-quiz/","lesson","200","text/html; charset=utf-8","https://bettergrades.net/subjects/math/calculus/derivatives/chain-rule-concept-quiz/","index, follow","Chain Rule Concept Quiz | Unit 2A | Better Grades","Test conceptual understanding of chain rule concept quiz with a short self-check and model responses. Part of Calculus I Unit 2A: Derivative Foundations and Techniques.","1","1","0","0","6649","30ec3fb97ed84a08eca7b8d77bab0e0b9f1b22da5a31462bf2c85f9e5cb0a9b4","15","27bc852605ded077e64f17b657166668b54965f518701fea4515afe2ab42ba8c"
"/subjects/math/calculus/derivatives/implicit-differentiation/","lesson","200","text/html; charset=utf-8","https://bettergrades.net/subjects/math/calculus/derivatives/implicit-differentiation/","index, follow","Implicit Differentiation | Unit 2A | Better Grades","Learn implicit differentiation with clear exposition, guided derivations, worked examples, visuals, checks, and interpretation. Part of Calculus I Unit 2A: Derivative Foundations and Techniques.","1","1","1","0","11430","7326d32cf584a9c06c0618cee83810f68480ebb2debdef6529ae816f7318316e","15","27bc852605ded077e64f17b657166668b54965f518701fea4515afe2ab42ba8c"
"/subjects/math/calculus/derivatives/what-implicit-means/","lesson","200","text/html; charset=utf-8","https://bettergrades.net/subjects/math/calculus/derivatives/what-implicit-means/","index, follow","What “Implicit” Means and Why It Matters | Unit 2A | Better Grades","Learn what “implicit” means and why it matters with clear exposition, guided derivations, worked examples, visuals, checks, and interpretation. Part of Calculus I Unit 2A: Derivative Foundations and Techniques.","1","1","0","0","6691","865e178d28331c17b3c0c6b70bda92bcb6d23eb38712aab7215f4adacda69bff","15","27bc852605ded077e64f17b657166668b54965f518701fea4515afe2ab42ba8c"
"/subjects/math/calculus/derivatives/implicit-tangent-lines/","lesson","200","text/html; charset=utf-8","https://bettergrades.net/subjects/math/calculus/derivatives/implicit-tangent-lines/","index, follow","Tangent Lines to Implicit Curves | Unit 2A | Better Grades","Learn tangent lines to implicit curves with clear exposition, guided derivations, worked examples, visuals, checks, and interpretation. Part of Calculus I Unit 2A: Derivative Foundations and Techniques.","1","1","0","0","7092","ab12bb02b1f4850f3b4296ca2b5627b476350954a66ebb14cc9a7d256740f762","15","27bc852605ded077e64f17b657166668b54965f518701fea4515afe2ab42ba8c"
"/subjects/math/calculus/derivatives/implicit-second-derivative/","lesson","200","text/html; charset=utf-8","https://bettergrades.net/subjects/math/calculus/derivatives/implicit-second-derivative/","index, follow","Second Derivatives from Implicit Equations | Unit 2A | Better Grades","Learn second derivatives from implicit equations with clear exposition, guided derivations, worked examples, visuals, checks, and interpretation. Part of Calculus I Unit 2A: Derivative Foundations and Techniques.","1","1","0","0","6620","b3261b1211c4e8ad6bc30ded154739270e6f59764ed11cdaf253abf8ae90eca2","15","27bc852605ded077e64f17b657166668b54965f518701fea4515afe2ab42ba8c"
"/subjects/math/calculus/derivatives/inverse-function-rule/","lesson","200","text/html; charset=utf-8","https://bettergrades.net/subjects/math/calculus/derivatives/inverse-function-rule/","index, follow","Derivative of an Inverse Function | Unit 2A | Better Grades","Learn derivative of an inverse function with clear exposition, guided derivations, worked examples, visuals, checks, and interpretation. Part of Calculus I Unit 2A: Derivative Foundations and Techniques.","1","1","1","0","9871","c7192eb54cf6adc08e2734e8933fc765334580a5e6b13786f3ef35795235de79","15","27bc852605ded077e64f17b657166668b54965f518701fea4515afe2ab42ba8c"
"/subjects/math/calculus/derivatives/inverse-trig/","lesson","200","text/html; charset=utf-8","https://bettergrades.net/subjects/math/calculus/derivatives/inverse-trig/","index, follow","Inverse Trigonometric Derivatives | Unit 2A | Better Grades","Learn inverse trigonometric derivatives with clear exposition, guided derivations, worked examples, visuals, checks, and interpretation. Part of Calculus I Unit 2A: Derivative Foundations and Techniques.","1","1","0","0","7372","5b44e3a624832e5dd56ae777c1c9819c3be08d17df2aee8611a6110d27d9a159","15","27bc852605ded077e64f17b657166668b54965f518701fea4515afe2ab42ba8c"
"/subjects/math/calculus/derivatives/logarithmic-differentiation/","lesson","200","text/html; charset=utf-8","https://bettergrades.net/subjects/math/calculus/derivatives/logarithmic-differentiation/","index, follow","Logarithmic Differentiation | Unit 2A | Better Grades","Learn logarithmic differentiation with clear exposition, guided derivations, worked examples, visuals, checks, and interpretation. Part of Calculus I Unit 2A: Derivative Foundations and Techniques.","1","1","1","0","10074","c455d7ff1546f0af0bdcbdec3079c7856b1b69a45c928364ab3ee259c9e9f0a0","15","27bc852605ded077e64f17b657166668b54965f518701fea4515afe2ab42ba8c"
"/subjects/math/calculus/derivatives/variable-exponents/","lesson","200","text/html; charset=utf-8","https://bettergrades.net/subjects/math/calculus/derivatives/variable-exponents/","index, follow","Variable Bases and Exponents | Unit 2A | Better Grades","Learn variable bases and exponents with clear exposition, guided derivations, worked examples, visuals, checks, and interpretation. Part of Calculus I Unit 2A: Derivative Foundations and Techniques.","1","1","0","0","7565","da156008f34e02f0b6d33c4dbea1a2b4fa40b708fae7c2e5ec283314ad3d859c","15","27bc852605ded077e64f17b657166668b54965f518701fea4515afe2ab42ba8c"
"/subjects/math/calculus/derivatives/implicit-inverse-review/","lesson","200","text/html; charset=utf-8","https://bettergrades.net/subjects/math/calculus/derivatives/implicit-inverse-review/","index, follow","Implicit, Inverse, and Logarithmic Differentiation Review | Unit 2A | Better Grades","Review implicit, inverse, and logarithmic differentiation review with mixed practice and links back to the exact lessons behind each skill. Part of Calculus I Unit 2A: Derivative Foundations and Techniques.","1","1","0","0","5491","836ed021fe816479d447c39fa4037d402c3fa5e452ed304a39c02670e9b629d2","15","27bc852605ded077e64f17b657166668b54965f518701fea4515afe2ab42ba8c"
"/subjects/math/calculus/derivatives/implicit-inverse-concept-quiz/","lesson","200","text/html; charset=utf-8","https://bettergrades.net/subjects/math/calculus/derivatives/implicit-inverse-concept-quiz/","index, follow","Implicit and Inverse Concept Quiz | Unit 2A | Better Grades","Test conceptual understanding of implicit and inverse concept quiz with a short self-check and model responses. Part of Calculus I Unit 2A: Derivative Foundations and Techniques.","1","1","0","0","6772","1df86b249e21a1b4ece3abc62226ceed7ca4c216ecc7071d7a80bb4f5fa010ef","15","27bc852605ded077e64f17b657166668b54965f518701fea4515afe2ab42ba8c"
"/subjects/math/calculus/derivatives/higher-derivatives/","lesson","200","text/html; charset=utf-8","https://bettergrades.net/subjects/math/calculus/derivatives/higher-derivatives/","index, follow","Higher Derivatives | Unit 2A | Better Grades","Learn higher derivatives with clear exposition, guided derivations, worked examples, visuals, checks, and interpretation. Part of Calculus I Unit 2A: Derivative Foundations and Techniques.","1","1","1","0","9205","796d12908ae88c0f4e3112ba04b90cc1717c578a8d6130e130a065a3ccc04e5f","15","27bc852605ded077e64f17b657166668b54965f518701fea4515afe2ab42ba8c"
"/subjects/math/calculus/derivatives/higher-derivative-techniques/","lesson","200","text/html; charset=utf-8","https://bettergrades.net/subjects/math/calculus/derivatives/higher-derivative-techniques/","index, follow","How to Compute Higher Derivatives Reliably | Unit 2A | Better Grades","Learn how to compute higher derivatives reliably with clear exposition, guided derivations, worked examples, visuals, checks, and interpretation. Part of Calculus I Unit 2A: Derivative Foundations and Techniques.","1","1","0","0","7735","85881771b352f139bbe47fb488653d95037fa249b1d6739d282f8ee204c59da4","15","27bc852605ded077e64f17b657166668b54965f518701fea4515afe2ab42ba8c"
"/subjects/math/calculus/derivatives/derivative-computation-strategy/","lesson","200","text/html; charset=utf-8","https://bettergrades.net/subjects/math/calculus/derivatives/derivative-computation-strategy/","index, follow","A Complete Derivative Computation Strategy | Unit 2A | Better Grades","Learn a complete derivative computation strategy with clear exposition, guided derivations, worked examples, visuals, checks, and interpretation. Part of Calculus I Unit 2A: Derivative Foundations and Techniques.","1","1","1","0","8714","aab739735e28112ff50193a936a655b51d4cedde637dea2a5a297bb6039374e5","15","27bc852605ded077e64f17b657166668b54965f518701fea4515afe2ab42ba8c"
"/subjects/math/calculus/derivatives/advanced-notes-2a/","lesson","200","text/html; charset=utf-8","https://bettergrades.net/subjects/math/calculus/derivatives/advanced-notes-2a/","index, follow","Advanced Notes: What Differentiability Is Really Saying | Unit 2A | Better Grades","Explore advanced notes: what differentiability is really saying in an optional advanced note connecting Calculus I to later analysis and mathematical theory. Part of Calculus I Unit 2A: Derivative Foundations and Techniques.","1","1","0","0","4789","83ff2a0d4935d97ac345416553aa26c52d245fdfd6de2e38dccc90f4d4c0d55c","15","27bc852605ded077e64f17b657166668b54965f518701fea4515afe2ab42ba8c"
"/subjects/math/calculus/derivatives/advanced-local-linearity-little-o/","lesson","200","text/html; charset=utf-8","https://bettergrades.net/subjects/math/calculus/derivatives/advanced-local-linearity-little-o/","index, follow","Differentiability, Little-o Notation, and the Best Local Linear Model | Unit 2A | Better Grades","Explore differentiability, little-o notation, and the best local linear model in an optional advanced note connecting Calculus I to later analysis and mathematical theory. Part of Calculus I Unit 2A: Derivative Foundations and Techniques.","1","1","1","0","7591","215a10d4f11fd4a60c926e21407f512a00f2efe7d016c1b079f5d736932ba2bf","15","27bc852605ded077e64f17b657166668b54965f518701fea4515afe2ab42ba8c"
"/subjects/math/calculus/derivatives/advanced-darboux-derivatives/","lesson","200","text/html; charset=utf-8","https://bettergrades.net/subjects/math/calculus/derivatives/advanced-darboux-derivatives/","index, follow","Darboux's Theorem: Derivatives Cannot Jump | Unit 2A | Better Grades","Explore darboux's theorem: derivatives cannot jump in an optional advanced note connecting Calculus I to later analysis and mathematical theory. Part of Calculus I Unit 2A: Derivative Foundations and Techniques.","1","1","1","0","6712","f9dcde6a23501f5a9538e60c6cda1a62c7849ad1ea46d78ec80d18f90f583ac8","15","27bc852605ded077e64f17b657166668b54965f518701fea4515afe2ab42ba8c"
"/subjects/math/calculus/derivatives/advanced-chain-rule-linear-maps/","lesson","200","text/html; charset=utf-8","https://bettergrades.net/subjects/math/calculus/derivatives/advanced-chain-rule-linear-maps/","index, follow","The Chain Rule as Composition of Local Linear Maps | Unit 2A | Better Grades","Explore the chain rule as composition of local linear maps in an optional advanced note connecting Calculus I to later analysis and mathematical theory. Part of Calculus I Unit 2A: Derivative Foundations and Techniques.","1","1","1","0","6746","256ede397a77577930dc92717ef05fdbde4e035d8c4fd54f144aa2e6ea6b5b04","15","27bc852605ded077e64f17b657166668b54965f518701fea4515afe2ab42ba8c"
"/subjects/math/calculus/derivatives/advanced-implicit-function-theorem/","lesson","200","text/html; charset=utf-8","https://bettergrades.net/subjects/math/calculus/derivatives/advanced-implicit-function-theorem/","index, follow","A Preview of the Implicit Function Theorem | Unit 2A | Better Grades","Explore a preview of the implicit function theorem in an optional advanced note connecting Calculus I to later analysis and mathematical theory. Part of Calculus I Unit 2A: Derivative Foundations and Techniques.","1","1","1","0","6836","0fde6127df56cfea9f41d5eedcc47eb3ed830fe9e21b8696ec0bcaa0ef43c0ee","15","27bc852605ded077e64f17b657166668b54965f518701fea4515afe2ab42ba8c"
"/subjects/math/calculus/derivatives/unit-2a-review/","lesson","200","text/html; charset=utf-8","https://bettergrades.net/subjects/math/calculus/derivatives/unit-2a-review/","index, follow","Unit 2A Review: Derivative Meaning and Computation | Better Grades","Review unit 2a review: derivative meaning and computation with mixed practice and links back to the exact lessons behind each skill. Part of Calculus I Unit 2A: Derivative Foundations and Techniques.","1","1","0","0","6396","a64b8e0832250c25ea7d66a0ee22e748458b29f790910de6ffb694993cff59ea","15","27bc852605ded077e64f17b657166668b54965f518701fea4515afe2ab42ba8c"
"/subjects/math/calculus/derivatives/unit-2a-common-errors/","lesson","200","text/html; charset=utf-8","https://bettergrades.net/subjects/math/calculus/derivatives/unit-2a-common-errors/","index, follow","Common Derivative Computation Errors and How to Repair Them | Unit 2A | Better Grades","Review common derivative computation errors and how to repair them with mixed practice and links back to the exact lessons behind each skill. Part of Calculus I Unit 2A: Derivative Foundations and Techniques.","1","1","0","0","5620","7c0f3c2192954b19a39b37eaa49ee374cf9895887418ba0c90de6c37e34355c3","15","27bc852605ded077e64f17b657166668b54965f518701fea4515afe2ab42ba8c"
"/subjects/math/calculus/derivatives/unit-2a-cumulative-practice/","lesson","200","text/html; charset=utf-8","https://bettergrades.net/subjects/math/calculus/derivatives/unit-2a-cumulative-practice/","index, follow","Unit 2A Cumulative Derivative Practice | Better Grades","Practice unit 2a cumulative derivative practice with mixed problems, staged guidance, and source-linked solutions. Part of Calculus I Unit 2A: Derivative Foundations and Techniques.","1","1","0","0","12328","09ee81fdf1c7e31d3f8b603e211bf37fa98b7b0c6d15ab8cb5ddc2f6c631af28","15","27bc852605ded077e64f17b657166668b54965f518701fea4515afe2ab42ba8c"
"/subjects/math/calculus/derivatives/unit-2a-practice-exam-a/","lesson","200","text/html; charset=utf-8","https://bettergrades.net/subjects/math/calculus/derivatives/unit-2a-practice-exam-a/","index, follow","Unit 2A Practice Exam A | Better Grades","Complete Unit 2A Practice Exam A as a cumulative Calculus I assessment, then use the separately published answer key for review.","1","1","0","0","5825","9508039d16ea269e35e3a56ffb14165dfc018fe0756f444f73e9e71258a44c66","15","27bc852605ded077e64f17b657166668b54965f518701fea4515afe2ab42ba8c"
"/subjects/math/calculus/derivatives/unit-2a-practice-exam-b/","lesson","200","text/html; charset=utf-8","https://bettergrades.net/subjects/math/calculus/derivatives/unit-2a-practice-exam-b/","index, follow","Unit 2A Practice Exam B | Better Grades","Complete Unit 2A Practice Exam B as a cumulative Calculus I assessment, then use the separately published answer key for review.","1","1","0","0","5763","b641ba8fd1c8cff862a51c9d7d361cdcbc4fef7f300cfb086b98fb418776f611","15","27bc852605ded077e64f17b657166668b54965f518701fea4515afe2ab42ba8c"
"/subjects/math/calculus/derivatives/unit-2a-reference/","lesson","200","text/html; charset=utf-8","https://bettergrades.net/subjects/math/calculus/derivatives/unit-2a-reference/","index, follow","Unit 2A Formula and Strategy Reference | Better Grades","Use this derivative foundations and techniques reference for formulas, notation, domains, units, and problem-solving strategy. Part of Calculus I Unit 2A: Derivative Foundations and Techniques.","1","1","0","0","5805","8cfca975a263246d11d66f249d9f12902145a18b22d8aa21c56cb2b55c5d7489","15","27bc852605ded077e64f17b657166668b54965f518701fea4515afe2ab42ba8c"
"/subjects/math/calculus/derivatives/practice-exam-a-answer-key/","lesson","200","text/html; charset=utf-8","https://bettergrades.net/subjects/math/calculus/derivatives/practice-exam-a-answer-key/","index, follow","Unit 2A Practice Exam A Answer Key | Better Grades","Review complete source-verified answers and solution guidance for Unit 2A Practice Exam A.","1","1","0","0","5846","41a352baa1d9ecf61501ed973358fcbe73c05b16fd6c19908aa4575786d05798","15","27bc852605ded077e64f17b657166668b54965f518701fea4515afe2ab42ba8c"
"/subjects/math/calculus/derivatives/practice-exam-b-answer-key/","lesson","200","text/html; charset=utf-8","https://bettergrades.net/subjects/math/calculus/derivatives/practice-exam-b-answer-key/","index, follow","Unit 2A Practice Exam B Answer Key | Better Grades","Review complete source-verified answers and solution guidance for Unit 2A Practice Exam B.","1","1","0","0","5560","b2e2d268241d4fd58b6b985b4750b323baf461d28d0dac4ef44a673b6fd7e154","15","27bc852605ded077e64f17b657166668b54965f518701fea4515afe2ab42ba8c"
"/subjects/math/calculus/derivative-applications/","subject-or-article","200","text/html; charset=utf-8","https://bettergrades.net/subjects/math/calculus/derivative-applications/","index, follow","Unit 2B: Applications of Derivatives | Better Grades","Study Unit 2B: Applications of Derivatives through a complete sequential course with explanations, visuals, checks, reviews, practice exams, and answer keys.","1","1","0","0","16348","08f4813dd2e4745e83f435ad0fbff21a43590a593fb3beeeecdaaa0c6778b513","15","27bc852605ded077e64f17b657166668b54965f518701fea4515afe2ab42ba8c"
"/subjects/math/calculus/derivative-applications/bridge-diagnostic/","lesson","200","text/html; charset=utf-8","https://bettergrades.net/subjects/math/calculus/derivative-applications/bridge-diagnostic/","index, follow","Derivative Applications Bridge Diagnostic | Unit 2B | Better Grades","Check the prerequisite skills needed for Applications of Derivatives and follow targeted review links before beginning the unit. Part of Calculus I Unit 2B: Applications of Derivatives.","1","1","0","0","6375","9980f48d60e9b83c11e41e5398b837ec39e8b93080dc270afacfe4ef3de8e863","15","27bc852605ded077e64f17b657166668b54965f518701fea4515afe2ab42ba8c"
"/subjects/math/calculus/derivative-applications/how-to-translate-word-problems/","lesson","200","text/html; charset=utf-8","https://bettergrades.net/subjects/math/calculus/derivative-applications/how-to-translate-word-problems/","index, follow","How to Translate Derivative Word Problems | Unit 2B | Better Grades","Learn how to translate derivative word problems with clear exposition, guided derivations, worked examples, visuals, checks, and interpretation. Part of Calculus I Unit 2B: Applications of Derivatives.","1","1","1","0","8660","ead121c305c77297cc16420092b81bf598c0e333ba7e96fe87411e1aafdc3483","15","27bc852605ded077e64f17b657166668b54965f518701fea4515afe2ab42ba8c"
"/subjects/math/calculus/derivative-applications/interpreting-higher-derivatives/","lesson","200","text/html; charset=utf-8","https://bettergrades.net/subjects/math/calculus/derivative-applications/interpreting-higher-derivatives/","index, follow","Interpreting Higher Derivatives | Unit 2B | Better Grades","Learn interpreting higher derivatives with clear exposition, guided derivations, worked examples, visuals, checks, and interpretation. Part of Calculus I Unit 2B: Applications of Derivatives.","1","1","0","0","8061","be7fda7badce6fab3ab633e1728982a84f65d2b5f14a969c77e30384cea2fa42","15","27bc852605ded077e64f17b657166668b54965f518701fea4515afe2ab42ba8c"
"/subjects/math/calculus/derivative-applications/interpreting-derivatives/","lesson","200","text/html; charset=utf-8","https://bettergrades.net/subjects/math/calculus/derivative-applications/interpreting-derivatives/","index, follow","How to Interpret a Derivative in Context | Unit 2B | Better Grades","Learn how to interpret a derivative in context with clear exposition, guided derivations, worked examples, visuals, checks, and interpretation. Part of Calculus I Unit 2B: Applications of Derivatives.","1","1","0","0","7108","6f18878842666c19c5ea628a2dec68e329ab476cba40dad4d824b343774311f8","15","27bc852605ded077e64f17b657166668b54965f518701fea4515afe2ab42ba8c"
"/subjects/math/calculus/derivative-applications/position-velocity-acceleration/","lesson","200","text/html; charset=utf-8","https://bettergrades.net/subjects/math/calculus/derivative-applications/position-velocity-acceleration/","index, follow","Position, Velocity, and Acceleration | Unit 2B | Better Grades","Learn position, velocity, and acceleration with clear exposition, guided derivations, worked examples, visuals, checks, and interpretation. Part of Calculus I Unit 2B: Applications of Derivatives.","1","1","1","0","9536","53f96c34427ec20115e842660be2f15e3b506986fea7a354d3cb7eec332b9fae","15","27bc852605ded077e64f17b657166668b54965f518701fea4515afe2ab42ba8c"
"/subjects/math/calculus/derivative-applications/speeding-up-slowing-down/","lesson","200","text/html; charset=utf-8","https://bettergrades.net/subjects/math/calculus/derivative-applications/speeding-up-slowing-down/","index, follow","Speeding Up and Slowing Down | Unit 2B | Better Grades","Learn speeding up and slowing down with clear exposition, guided derivations, worked examples, visuals, checks, and interpretation. Part of Calculus I Unit 2B: Applications of Derivatives.","1","1","1","0","8422","d5554bd804c4f9f37f2eea84e1e65f7694a45d0ea5cd2d4362ed1d5d56ed5809","15","27bc852605ded077e64f17b657166668b54965f518701fea4515afe2ab42ba8c"
"/subjects/math/calculus/derivative-applications/derivative-graphs/","lesson","200","text/html; charset=utf-8","https://bettergrades.net/subjects/math/calculus/derivative-applications/derivative-graphs/","index, follow","Reading Function and Derivative Graphs | Unit 2B | Better Grades","Learn reading function and derivative graphs with clear exposition, guided derivations, worked examples, visuals, checks, and interpretation. Part of Calculus I Unit 2B: Applications of Derivatives.","1","1","1","0","7945","fb7c144a95158031858ac4f751ae6de7a75f24109072f88054de96e5f7e92fe9","15","27bc852605ded077e64f17b657166668b54965f518701fea4515afe2ab42ba8c"
"/subjects/math/calculus/derivative-applications/rates-from-data/","lesson","200","text/html; charset=utf-8","https://bettergrades.net/subjects/math/calculus/derivative-applications/rates-from-data/","index, follow","Rates from Data and Units | Unit 2B | Better Grades","Learn rates from data and units with clear exposition, guided derivations, worked examples, visuals, checks, and interpretation. Part of Calculus I Unit 2B: Applications of Derivatives.","1","1","1","0","8742","e2a59997fe69aa3b502fc3df3d49e6cc1c4be0273101b113aa109c76c84ad291","15","27bc852605ded077e64f17b657166668b54965f518701fea4515afe2ab42ba8c"
"/subjects/math/calculus/derivative-applications/interpretation-review/","lesson","200","text/html; charset=utf-8","https://bettergrades.net/subjects/math/calculus/derivative-applications/interpretation-review/","index, follow","Higher Derivatives and Motion Review | Unit 2B | Better Grades","Review higher derivatives and motion review with mixed practice and links back to the exact lessons behind each skill. Part of Calculus I Unit 2B: Applications of Derivatives.","1","1","0","0","6220","cda2e2f2a9e56e0a47a9fc072539ab3e334272668f2e67de64c19fc7ddfded38","15","27bc852605ded077e64f17b657166668b54965f518701fea4515afe2ab42ba8c"
"/subjects/math/calculus/derivative-applications/interpretation-concept-quiz/","lesson","200","text/html; charset=utf-8","https://bettergrades.net/subjects/math/calculus/derivative-applications/interpretation-concept-quiz/","index, follow","Interpretation and Motion Concept Quiz | Unit 2B | Better Grades","Test conceptual understanding of interpretation and motion concept quiz with a short self-check and model responses. Part of Calculus I Unit 2B: Applications of Derivatives.","1","1","0","0","6494","282610c4091ff7df5e7cbdf23a90fa7d78a0b659d4fc074f177006dbc8d1efdb","15","27bc852605ded077e64f17b657166668b54965f518701fea4515afe2ab42ba8c"
"/subjects/math/calculus/derivative-applications/local-linearity/","lesson","200","text/html; charset=utf-8","https://bettergrades.net/subjects/math/calculus/derivative-applications/local-linearity/","index, follow","Local Linearity | Unit 2B | Better Grades","Learn local linearity with clear exposition, guided derivations, worked examples, visuals, checks, and interpretation. Part of Calculus I Unit 2B: Applications of Derivatives.","1","1","1","0","8474","c38dd9218985ccf37dbe845f388d9594dd3788b5cd0d228191f58915e9b4db2d","15","27bc852605ded077e64f17b657166668b54965f518701fea4515afe2ab42ba8c"
"/subjects/math/calculus/derivative-applications/why-linear-approximation-works/","lesson","200","text/html; charset=utf-8","https://bettergrades.net/subjects/math/calculus/derivative-applications/why-linear-approximation-works/","index, follow","Why a Tangent Line Can Approximate a Curve | Unit 2B | Better Grades","Learn why a tangent line can approximate a curve with clear exposition, guided derivations, worked examples, visuals, checks, and interpretation. Part of Calculus I Unit 2B: Applications of Derivatives.","1","1","1","0","7444","fcef00971534cf42a6f358393ebc6d2e29e8bfcd62ba54e79f073bae241071b0","15","27bc852605ded077e64f17b657166668b54965f518701fea4515afe2ab42ba8c"
"/subjects/math/calculus/derivative-applications/linearization-practice/","lesson","200","text/html; charset=utf-8","https://bettergrades.net/subjects/math/calculus/derivative-applications/linearization-practice/","index, follow","Using Linearization | Unit 2B | Better Grades","Learn using linearization with clear exposition, guided derivations, worked examples, visuals, checks, and interpretation. Part of Calculus I Unit 2B: Applications of Derivatives.","1","1","0","0","7554","e56f97a841b6032f27e0433fb24ae177347309b05a42581cc1f732900cd90523","15","27bc852605ded077e64f17b657166668b54965f518701fea4515afe2ab42ba8c"
"/subjects/math/calculus/derivative-applications/differentials/","lesson","200","text/html; charset=utf-8","https://bettergrades.net/subjects/math/calculus/derivative-applications/differentials/","index, follow","Differentials | Unit 2B | Better Grades","Learn differentials with clear exposition, guided derivations, worked examples, visuals, checks, and interpretation. Part of Calculus I Unit 2B: Applications of Derivatives.","1","1","1","0","8399","83b1cf012b5774fcf0423c1e1fc321507a7f12ea08a4589d20dab43389b7ed41","15","27bc852605ded077e64f17b657166668b54965f518701fea4515afe2ab42ba8c"
"/subjects/math/calculus/derivative-applications/error-estimation/","lesson","200","text/html; charset=utf-8","https://bettergrades.net/subjects/math/calculus/derivative-applications/error-estimation/","index, follow","Error Estimation with Differentials | Unit 2B | Better Grades","Learn error estimation with differentials with clear exposition, guided derivations, worked examples, visuals, checks, and interpretation. Part of Calculus I Unit 2B: Applications of Derivatives.","1","1","0","0","8500","fdeb2865091337d227f643c16360f63387bbdea1b9dbef354a4d40323b500af0","15","27bc852605ded077e64f17b657166668b54965f518701fea4515afe2ab42ba8c"
"/subjects/math/calculus/derivative-applications/newtons-method/","lesson","200","text/html; charset=utf-8","https://bettergrades.net/subjects/math/calculus/derivative-applications/newtons-method/","index, follow","Newton's Method | Unit 2B | Better Grades","Learn newton's method with clear exposition, guided derivations, worked examples, visuals, checks, and interpretation. Part of Calculus I Unit 2B: Applications of Derivatives.","1","1","2","0","11506","92b8b19494476150d57105028494d93ea0acdc88d92e39a77825211b70f9cdae","15","27bc852605ded077e64f17b657166668b54965f518701fea4515afe2ab42ba8c"
"/subjects/math/calculus/derivative-applications/approximation-review/","lesson","200","text/html; charset=utf-8","https://bettergrades.net/subjects/math/calculus/derivative-applications/approximation-review/","index, follow","Approximation and Newton's Method Review | Unit 2B | Better Grades","Review approximation and newton's method review with mixed practice and links back to the exact lessons behind each skill. Part of Calculus I Unit 2B: Applications of Derivatives.","1","1","0","0","6132","48e974d2a2b7cd893b70fbdf90f9e186ce0d25b473f5943a6a5134eee55485bf","15","27bc852605ded077e64f17b657166668b54965f518701fea4515afe2ab42ba8c"
"/subjects/math/calculus/derivative-applications/approximation-concept-quiz/","lesson","200","text/html; charset=utf-8","https://bettergrades.net/subjects/math/calculus/derivative-applications/approximation-concept-quiz/","index, follow","Approximation Concept Quiz | Unit 2B | Better Grades","Test conceptual understanding of approximation concept quiz with a short self-check and model responses. Part of Calculus I Unit 2B: Applications of Derivatives.","1","1","0","0","6513","12beba98c3a2f3275d1bd6fc4166cec1aff8677f02a0eed930beafa2d9396035","15","27bc852605ded077e64f17b657166668b54965f518701fea4515afe2ab42ba8c"
"/subjects/math/calculus/derivative-applications/related-rates-workflow/","lesson","200","text/html; charset=utf-8","https://bettergrades.net/subjects/math/calculus/derivative-applications/related-rates-workflow/","index, follow","Related Rates Workflow | Unit 2B | Better Grades","Learn related rates workflow with clear exposition, guided derivations, worked examples, visuals, checks, and interpretation. Part of Calculus I Unit 2B: Applications of Derivatives.","1","1","1","0","10263","6eb35164003b4aa812e450c68cfa2ffe2a791eeb16d451c6067aab40459dc3d4","15","27bc852605ded077e64f17b657166668b54965f518701fea4515afe2ab42ba8c"
"/subjects/math/calculus/derivative-applications/why-related-rates-feel-hard/","lesson","200","text/html; charset=utf-8","https://bettergrades.net/subjects/math/calculus/derivative-applications/why-related-rates-feel-hard/","index, follow","Why Related-Rates Problems Feel Hard | Unit 2B | Better Grades","Learn why related-rates problems feel hard with clear exposition, guided derivations, worked examples, visuals, checks, and interpretation. Part of Calculus I Unit 2B: Applications of Derivatives.","1","1","0","0","6863","c3d669e2a45a683ebb9b7a7eaa2ecd17b442098afd172a859df2bde2205432b7","15","27bc852605ded077e64f17b657166668b54965f518701fea4515afe2ab42ba8c"
"/subjects/math/calculus/derivative-applications/related-rates-pythagorean/","lesson","200","text/html; charset=utf-8","https://bettergrades.net/subjects/math/calculus/derivative-applications/related-rates-pythagorean/","index, follow","Pythagorean Related Rates | Unit 2B | Better Grades","Learn pythagorean related rates with clear exposition, guided derivations, worked examples, visuals, checks, and interpretation. Part of Calculus I Unit 2B: Applications of Derivatives.","1","1","1","0","9261","10b944d1041c008abe7448b45f9b966a27558ebe0349e114f04f2a7e58cc936a","15","27bc852605ded077e64f17b657166668b54965f518701fea4515afe2ab42ba8c"
"/subjects/math/calculus/derivative-applications/related-rates-volume/","lesson","200","text/html; charset=utf-8","https://bettergrades.net/subjects/math/calculus/derivative-applications/related-rates-volume/","index, follow","Volume and Filling Problems | Unit 2B | Better Grades","Learn volume and filling problems with clear exposition, guided derivations, worked examples, visuals, checks, and interpretation. Part of Calculus I Unit 2B: Applications of Derivatives.","1","1","1","0","8089","c8aefb98d9861284c2f3eb66362decf7d3e0fa08917da18e59ad574f7f1abb5d","15","27bc852605ded077e64f17b657166668b54965f518701fea4515afe2ab42ba8c"
"/subjects/math/calculus/derivative-applications/related-rates-shadows/","lesson","200","text/html; charset=utf-8","https://bettergrades.net/subjects/math/calculus/derivative-applications/related-rates-shadows/","index, follow","Shadows and Similar Triangles | Unit 2B | Better Grades","Learn shadows and similar triangles with clear exposition, guided derivations, worked examples, visuals, checks, and interpretation. Part of Calculus I Unit 2B: Applications of Derivatives.","1","1","1","0","7673","997c615ab728de37b4dadfc87953d771ea3c5c812bb3f760dedd4dcc4c09496e","15","27bc852605ded077e64f17b657166668b54965f518701fea4515afe2ab42ba8c"
"/subjects/math/calculus/derivative-applications/related-rates-angle/","lesson","200","text/html; charset=utf-8","https://bettergrades.net/subjects/math/calculus/derivative-applications/related-rates-angle/","index, follow","Changing Angles | Unit 2B | Better Grades","Learn changing angles with clear exposition, guided derivations, worked examples, visuals, checks, and interpretation. Part of Calculus I Unit 2B: Applications of Derivatives.","1","1","1","0","8666","406f7577a62e7d0759755f872123f9e94ea74dcfd1c38eed020526bfef766ae9","15","27bc852605ded077e64f17b657166668b54965f518701fea4515afe2ab42ba8c"
"/subjects/math/calculus/derivative-applications/related-rates-mixed/","lesson","200","text/html; charset=utf-8","https://bettergrades.net/subjects/math/calculus/derivative-applications/related-rates-mixed/","index, follow","Mixed Related-Rates Problems | Unit 2B | Better Grades","Learn mixed related-rates problems with clear exposition, guided derivations, worked examples, visuals, checks, and interpretation. Part of Calculus I Unit 2B: Applications of Derivatives.","1","1","0","0","7720","68122e429870cbf295503fb6302e6e9686cf8f4015609696823ca636a0ded500","15","27bc852605ded077e64f17b657166668b54965f518701fea4515afe2ab42ba8c"
"/subjects/math/calculus/derivative-applications/related-rates-review/","lesson","200","text/html; charset=utf-8","https://bettergrades.net/subjects/math/calculus/derivative-applications/related-rates-review/","index, follow","Related Rates Review | Unit 2B | Better Grades","Review related rates review with mixed practice and links back to the exact lessons behind each skill. Part of Calculus I Unit 2B: Applications of Derivatives.","1","1","0","0","5779","98331a112124f0464a009afe4b7d87909cecbc43d1fe203da745efecc36297be","15","27bc852605ded077e64f17b657166668b54965f518701fea4515afe2ab42ba8c"
"/subjects/math/calculus/derivative-applications/related-rates-concept-quiz/","lesson","200","text/html; charset=utf-8","https://bettergrades.net/subjects/math/calculus/derivative-applications/related-rates-concept-quiz/","index, follow","Related Rates Concept Quiz | Unit 2B | Better Grades","Test conceptual understanding of related rates concept quiz with a short self-check and model responses. Part of Calculus I Unit 2B: Applications of Derivatives.","1","1","0","0","6670","ba05be8b34d24c6484cefcb5389e809ff70cd8ea37c3a5c335afc42205b853fd","15","27bc852605ded077e64f17b657166668b54965f518701fea4515afe2ab42ba8c"
"/subjects/math/calculus/derivative-applications/extrema-and-critical-numbers/","lesson","200","text/html; charset=utf-8","https://bettergrades.net/subjects/math/calculus/derivative-applications/extrema-and-critical-numbers/","index, follow","Extrema and Critical Numbers | Unit 2B | Better Grades","Learn extrema and critical numbers with clear exposition, guided derivations, worked examples, visuals, checks, and interpretation. Part of Calculus I Unit 2B: Applications of Derivatives.","1","1","1","0","8857","9f00a6961153e5c668e087c3e6fd438aee801559a9b9a3924c5dd8646f939c97","15","27bc852605ded077e64f17b657166668b54965f518701fea4515afe2ab42ba8c"
"/subjects/math/calculus/derivative-applications/graph-analysis-story/","lesson","200","text/html; charset=utf-8","https://bettergrades.net/subjects/math/calculus/derivative-applications/graph-analysis-story/","index, follow","Graph Analysis as a Coherent Story | Unit 2B | Better Grades","Learn graph analysis as a coherent story with clear exposition, guided derivations, worked examples, visuals, checks, and interpretation. Part of Calculus I Unit 2B: Applications of Derivatives.","1","1","0","0","6412","343223af19c041dad94040b1904103dfb228376a8400795147860fd7c95daa17","15","27bc852605ded077e64f17b657166668b54965f518701fea4515afe2ab42ba8c"
"/subjects/math/calculus/derivative-applications/closed-interval-method/","lesson","200","text/html; charset=utf-8","https://bettergrades.net/subjects/math/calculus/derivative-applications/closed-interval-method/","index, follow","The Closed Interval Method | Unit 2B | Better Grades","Learn the closed interval method with clear exposition, guided derivations, worked examples, visuals, checks, and interpretation. Part of Calculus I Unit 2B: Applications of Derivatives.","1","1","0","0","6923","cd022631da1464a0e17d28270683ef882bcabbe939765ca8563d9e28a705da24","15","27bc852605ded077e64f17b657166668b54965f518701fea4515afe2ab42ba8c"
"/subjects/math/calculus/derivative-applications/rolles-theorem/","lesson","200","text/html; charset=utf-8","https://bettergrades.net/subjects/math/calculus/derivative-applications/rolles-theorem/","index, follow","Rolle's Theorem | Unit 2B | Better Grades","Learn rolle's theorem with clear exposition, guided derivations, worked examples, visuals, checks, and interpretation. Part of Calculus I Unit 2B: Applications of Derivatives.","1","1","0","0","6881","0f6c388d8fdb15174e9b4bdad5e5673cacbdd6085ad2c8e9f65c07ebde2f8809","15","27bc852605ded077e64f17b657166668b54965f518701fea4515afe2ab42ba8c"
"/subjects/math/calculus/derivative-applications/mean-value-theorem/","lesson","200","text/html; charset=utf-8","https://bettergrades.net/subjects/math/calculus/derivative-applications/mean-value-theorem/","index, follow","The Mean Value Theorem | Unit 2B | Better Grades","Learn the mean value theorem with clear exposition, guided derivations, worked examples, visuals, checks, and interpretation. Part of Calculus I Unit 2B: Applications of Derivatives.","1","1","1","0","10369","d0417282cc973329593a5c5462b7a7585c4dfea1ce549eeeb5f35e8ed62daf4c","15","27bc852605ded077e64f17b657166668b54965f518701fea4515afe2ab42ba8c"
"/subjects/math/calculus/derivative-applications/increasing-decreasing/","lesson","200","text/html; charset=utf-8","https://bettergrades.net/subjects/math/calculus/derivative-applications/increasing-decreasing/","index, follow","Increasing and Decreasing Intervals | Unit 2B | Better Grades","Learn increasing and decreasing intervals with clear exposition, guided derivations, worked examples, visuals, checks, and interpretation. Part of Calculus I Unit 2B: Applications of Derivatives.","1","1","0","0","6924","cba2dca07aaaf1272584342cbcd3f40c6becb658901bef512fb84c582bd9ae10","15","27bc852605ded077e64f17b657166668b54965f518701fea4515afe2ab42ba8c"
"/subjects/math/calculus/derivative-applications/first-derivative-test/","lesson","200","text/html; charset=utf-8","https://bettergrades.net/subjects/math/calculus/derivative-applications/first-derivative-test/","index, follow","The First Derivative Test | Unit 2B | Better Grades","Learn the first derivative test with clear exposition, guided derivations, worked examples, visuals, checks, and interpretation. Part of Calculus I Unit 2B: Applications of Derivatives.","1","1","1","0","8865","427c11558e88af81d84c3e034f94e9c93d07caa2c33a19d86a9c254a739de59a","15","27bc852605ded077e64f17b657166668b54965f518701fea4515afe2ab42ba8c"
"/subjects/math/calculus/derivative-applications/concavity/","lesson","200","text/html; charset=utf-8","https://bettergrades.net/subjects/math/calculus/derivative-applications/concavity/","index, follow","Concavity and Inflection Points | Unit 2B | Better Grades","Learn concavity and inflection points with clear exposition, guided derivations, worked examples, visuals, checks, and interpretation. Part of Calculus I Unit 2B: Applications of Derivatives.","1","1","1","0","9093","1648603dfcdf33a3a4e442db8078e729b35624b92bdb611f9a2e77f693a00200","15","27bc852605ded077e64f17b657166668b54965f518701fea4515afe2ab42ba8c"
"/subjects/math/calculus/derivative-applications/second-derivative-test/","lesson","200","text/html; charset=utf-8","https://bettergrades.net/subjects/math/calculus/derivative-applications/second-derivative-test/","index, follow","The Second Derivative Test | Unit 2B | Better Grades","Learn the second derivative test with clear exposition, guided derivations, worked examples, visuals, checks, and interpretation. Part of Calculus I Unit 2B: Applications of Derivatives.","1","1","0","0","6736","7499a18322d194b6daa3c5bd7e967bbb4e0d5b53b396187f92ed6faf3e37e647","15","27bc852605ded077e64f17b657166668b54965f518701fea4515afe2ab42ba8c"
"/subjects/math/calculus/derivative-applications/curve-sketching/","lesson","200","text/html; charset=utf-8","https://bettergrades.net/subjects/math/calculus/derivative-applications/curve-sketching/","index, follow","Complete Curve Sketching | Unit 2B | Better Grades","Learn complete curve sketching with clear exposition, guided derivations, worked examples, visuals, checks, and interpretation. Part of Calculus I Unit 2B: Applications of Derivatives.","1","1","2","0","9293","b6328a2bcb4c4130a84eb35f94453a18291e767914666f5965b490b2c8a901b3","15","27bc852605ded077e64f17b657166668b54965f518701fea4515afe2ab42ba8c"
"/subjects/math/calculus/derivative-applications/theorems-shape-review/","lesson","200","text/html; charset=utf-8","https://bettergrades.net/subjects/math/calculus/derivative-applications/theorems-shape-review/","index, follow","Derivative Theorems and Shape Review | Unit 2B | Better Grades","Review derivative theorems and shape review with mixed practice and links back to the exact lessons behind each skill. Part of Calculus I Unit 2B: Applications of Derivatives.","1","1","0","0","6440","0da92a4c0286ea1c5eba741fc27c78e52d21e327a6440fdb08ce56ae8eaa56e0","15","27bc852605ded077e64f17b657166668b54965f518701fea4515afe2ab42ba8c"
"/subjects/math/calculus/derivative-applications/theorems-shape-concept-quiz/","lesson","200","text/html; charset=utf-8","https://bettergrades.net/subjects/math/calculus/derivative-applications/theorems-shape-concept-quiz/","index, follow","Derivative Theorems and Shape Concept Quiz | Unit 2B | Better Grades","Test conceptual understanding of derivative theorems and shape concept quiz with a short self-check and model responses. Part of Calculus I Unit 2B: Applications of Derivatives.","1","1","0","0","6703","17e9680eda1d285bf56da03d1a104bcc67d8f6b7a316d4e55835cd3c8a2c1adc","15","27bc852605ded077e64f17b657166668b54965f518701fea4515afe2ab42ba8c"
"/subjects/math/calculus/derivative-applications/optimization-modeling/","lesson","200","text/html; charset=utf-8","https://bettergrades.net/subjects/math/calculus/derivative-applications/optimization-modeling/","index, follow","Optimization Modeling | Unit 2B | Better Grades","Learn optimization modeling with clear exposition, guided derivations, worked examples, visuals, checks, and interpretation. Part of Calculus I Unit 2B: Applications of Derivatives.","1","1","1","0","9800","87ec07df152ff3e3ae100d215d40b0fe3f71407ee5dae196fdab802024c54338","15","27bc852605ded077e64f17b657166668b54965f518701fea4515afe2ab42ba8c"
"/subjects/math/calculus/derivative-applications/anatomy-of-optimization/","lesson","200","text/html; charset=utf-8","https://bettergrades.net/subjects/math/calculus/derivative-applications/anatomy-of-optimization/","index, follow","The Anatomy of an Optimization Problem | Unit 2B | Better Grades","Learn the anatomy of an optimization problem with clear exposition, guided derivations, worked examples, visuals, checks, and interpretation. Part of Calculus I Unit 2B: Applications of Derivatives.","1","1","0","0","7044","807d303979cd0307c0694f4e9b25ba46f2adcc538326623b74d961c41e50d807","15","27bc852605ded077e64f17b657166668b54965f518701fea4515afe2ab42ba8c"
"/subjects/math/calculus/derivative-applications/optimization-closed-interval/","lesson","200","text/html; charset=utf-8","https://bettergrades.net/subjects/math/calculus/derivative-applications/optimization-closed-interval/","index, follow","Closed-Interval Optimization | Unit 2B | Better Grades","Learn closed-interval optimization with clear exposition, guided derivations, worked examples, visuals, checks, and interpretation. Part of Calculus I Unit 2B: Applications of Derivatives.","1","1","0","0","7417","bafb1b4a288ff9de7f12209a0a153b3a35b4a79ea9c216bf2399feef6c9f2dd0","15","27bc852605ded077e64f17b657166668b54965f518701fea4515afe2ab42ba8c"
"/subjects/math/calculus/derivative-applications/optimization-geometry/","lesson","200","text/html; charset=utf-8","https://bettergrades.net/subjects/math/calculus/derivative-applications/optimization-geometry/","index, follow","Geometric Optimization | Unit 2B | Better Grades","Learn geometric optimization with clear exposition, guided derivations, worked examples, visuals, checks, and interpretation. Part of Calculus I Unit 2B: Applications of Derivatives.","1","1","1","0","8318","2053d4cc8243a0cb03df4554d1d4890211155163d5f7c0b6d735cae6b913d51f","15","27bc852605ded077e64f17b657166668b54965f518701fea4515afe2ab42ba8c"
"/subjects/math/calculus/derivative-applications/optimization-business-science/","lesson","200","text/html; charset=utf-8","https://bettergrades.net/subjects/math/calculus/derivative-applications/optimization-business-science/","index, follow","Business and Scientific Optimization | Unit 2B | Better Grades","Learn business and scientific optimization with clear exposition, guided derivations, worked examples, visuals, checks, and interpretation. Part of Calculus I Unit 2B: Applications of Derivatives.","1","1","1","0","9129","93e866f4943189ff5bcd3eaa33cb8472c2211cca4a7731d4921bee7b8f707d26","15","27bc852605ded077e64f17b657166668b54965f518701fea4515afe2ab42ba8c"
"/subjects/math/calculus/derivative-applications/optimization-review/","lesson","200","text/html; charset=utf-8","https://bettergrades.net/subjects/math/calculus/derivative-applications/optimization-review/","index, follow","Optimization Review | Unit 2B | Better Grades","Review optimization review with mixed practice and links back to the exact lessons behind each skill. Part of Calculus I Unit 2B: Applications of Derivatives.","1","1","0","0","6354","bdd83d1275055bd2a59f34570fed9ea4ec8dcce3dc0ede6c47901f6779a13403","15","27bc852605ded077e64f17b657166668b54965f518701fea4515afe2ab42ba8c"
"/subjects/math/calculus/derivative-applications/optimization-concept-quiz/","lesson","200","text/html; charset=utf-8","https://bettergrades.net/subjects/math/calculus/derivative-applications/optimization-concept-quiz/","index, follow","Optimization Concept Quiz | Unit 2B | Better Grades","Test conceptual understanding of optimization concept quiz with a short self-check and model responses. Part of Calculus I Unit 2B: Applications of Derivatives.","1","1","0","0","6690","f2a9ae45751443a34b0da659288a68e7f3cfffbdc26baa9cd5c33a80c4f78b61","15","27bc852605ded077e64f17b657166668b54965f518701fea4515afe2ab42ba8c"
"/subjects/math/calculus/derivative-applications/lhopital-rule/","lesson","200","text/html; charset=utf-8","https://bettergrades.net/subjects/math/calculus/derivative-applications/lhopital-rule/","index, follow","L'Hopital's Rule | Unit 2B | Better Grades","Learn l'hopital's rule with clear exposition, guided derivations, worked examples, visuals, checks, and interpretation. Part of Calculus I Unit 2B: Applications of Derivatives.","1","1","1","0","9177","db749988977e84eb7fd3e425f7f264a93c9dd585f3346a7cfcea3614ce08eefd","15","27bc852605ded077e64f17b657166668b54965f518701fea4515afe2ab42ba8c"
"/subjects/math/calculus/derivative-applications/lhopital-is-not-cancellation/","lesson","200","text/html; charset=utf-8","https://bettergrades.net/subjects/math/calculus/derivative-applications/lhopital-is-not-cancellation/","index, follow","L'Hopital's Rule Is Not Quotient Cancellation | Unit 2B | Better Grades","Learn l'hopital's rule is not quotient cancellation with clear exposition, guided derivations, worked examples, visuals, checks, and interpretation. Part of Calculus I Unit 2B: Applications of Derivatives.","1","1","0","0","6827","360dc1d4031d215e96cf1f0307b74cfa06031c6bdcafb1f4560336dd8ef9b84f","15","27bc852605ded077e64f17b657166668b54965f518701fea4515afe2ab42ba8c"
"/subjects/math/calculus/derivative-applications/lhopital-zero-over-zero/","lesson","200","text/html; charset=utf-8","https://bettergrades.net/subjects/math/calculus/derivative-applications/lhopital-zero-over-zero/","index, follow","L'Hopital's Rule for 0/0 | Unit 2B | Better Grades","Learn l'hopital's rule for 0/0 with clear exposition, guided derivations, worked examples, visuals, checks, and interpretation. Part of Calculus I Unit 2B: Applications of Derivatives.","1","1","0","0","7270","7ffe2c35394b33885ea54b3f9903469b92190422989d5ef73186219dab8150f7","15","27bc852605ded077e64f17b657166668b54965f518701fea4515afe2ab42ba8c"
"/subjects/math/calculus/derivative-applications/lhopital-infinity-over-infinity/","lesson","200","text/html; charset=utf-8","https://bettergrades.net/subjects/math/calculus/derivative-applications/lhopital-infinity-over-infinity/","index, follow","L'Hopital's Rule for infinity/infinity | Unit 2B | Better Grades","Learn l'hopital's rule for infinity/infinity with clear exposition, guided derivations, worked examples, visuals, checks, and interpretation. Part of Calculus I Unit 2B: Applications of Derivatives.","1","1","0","0","7184","241cd8ce7af83f1b5bb1eb462d0f4647358d04b2e7a97f7600e604becc6df052","15","27bc852605ded077e64f17b657166668b54965f518701fea4515afe2ab42ba8c"
"/subjects/math/calculus/derivative-applications/repeated-lhopital/","lesson","200","text/html; charset=utf-8","https://bettergrades.net/subjects/math/calculus/derivative-applications/repeated-lhopital/","index, follow","Repeated L'Hopital Applications | Unit 2B | Better Grades","Learn repeated l'hopital applications with clear exposition, guided derivations, worked examples, visuals, checks, and interpretation. Part of Calculus I Unit 2B: Applications of Derivatives.","1","1","0","0","6677","379b9a3e24ec4336665c0863456486f1e5aa8df195ab541a5870450dc14b3bb7","15","27bc852605ded077e64f17b657166668b54965f518701fea4515afe2ab42ba8c"
"/subjects/math/calculus/derivative-applications/other-indeterminate-forms/","lesson","200","text/html; charset=utf-8","https://bettergrades.net/subjects/math/calculus/derivative-applications/other-indeterminate-forms/","index, follow","Products, Differences, and Powers | Unit 2B | Better Grades","Learn products, differences, and powers with clear exposition, guided derivations, worked examples, visuals, checks, and interpretation. Part of Calculus I Unit 2B: Applications of Derivatives.","1","1","1","0","8794","4c1704044ade08f2aadf56a46366978e4a27908acc9cffb6b5cf83b27a7f0f23","15","27bc852605ded077e64f17b657166668b54965f518701fea4515afe2ab42ba8c"
"/subjects/math/calculus/derivative-applications/when-not-lhopital/","lesson","200","text/html; charset=utf-8","https://bettergrades.net/subjects/math/calculus/derivative-applications/when-not-lhopital/","index, follow","When Not to Use L'Hopital's Rule | Unit 2B | Better Grades","Learn when not to use l'hopital's rule with clear exposition, guided derivations, worked examples, visuals, checks, and interpretation. Part of Calculus I Unit 2B: Applications of Derivatives.","1","1","0","0","7044","50c71e217f978b9e1503410e38ab74855477d149efe66f1992fc0914edc5f126","15","27bc852605ded077e64f17b657166668b54965f518701fea4515afe2ab42ba8c"
"/subjects/math/calculus/derivative-applications/lhopital-review/","lesson","200","text/html; charset=utf-8","https://bettergrades.net/subjects/math/calculus/derivative-applications/lhopital-review/","index, follow","L'Hopital's Rule Review | Unit 2B | Better Grades","Review l'hopital's rule review with mixed practice and links back to the exact lessons behind each skill. Part of Calculus I Unit 2B: Applications of Derivatives.","1","1","0","0","6262","9cb49bc5d76a6f181103873e5c234df14f15d78a4f78baec9be02ccae451553b","15","27bc852605ded077e64f17b657166668b54965f518701fea4515afe2ab42ba8c"
"/subjects/math/calculus/derivative-applications/lhopital-concept-quiz/","lesson","200","text/html; charset=utf-8","https://bettergrades.net/subjects/math/calculus/derivative-applications/lhopital-concept-quiz/","index, follow","L'Hopital Concept Quiz | Unit 2B | Better Grades","Test conceptual understanding of l'hopital concept quiz with a short self-check and model responses. Part of Calculus I Unit 2B: Applications of Derivatives.","1","1","0","0","6511","6e6b5d3ac5d4d05ca78bd9d0857ea014cef45417f36891534dcb19d2f3310896","15","27bc852605ded077e64f17b657166668b54965f518701fea4515afe2ab42ba8c"
"/subjects/math/calculus/derivative-applications/modeling-studio/","lesson","200","text/html; charset=utf-8","https://bettergrades.net/subjects/math/calculus/derivative-applications/modeling-studio/","index, follow","Derivative Applications Modeling Studio | Unit 2B | Better Grades","Practice derivative applications modeling studio with mixed problems, staged guidance, and source-linked solutions. Part of Calculus I Unit 2B: Applications of Derivatives.","1","1","0","0","5487","9eb5ecffcec1d446fe025455f5c34b9db391cb4ea60f755892f5fe0374bb22f1","15","27bc852605ded077e64f17b657166668b54965f518701fea4515afe2ab42ba8c"
"/subjects/math/calculus/derivative-applications/medication-concentration/","lesson","200","text/html; charset=utf-8","https://bettergrades.net/subjects/math/calculus/derivative-applications/medication-concentration/","index, follow","Medication Concentration, Peak Timing, and Model Limits | Unit 2B | Better Grades","Learn medication concentration, peak timing, and model limits with clear exposition, guided derivations, worked examples, visuals, checks, and interpretation. Part of Calculus I Unit 2B: Applications of Derivatives.","1","1","1","0","8487","4109edc8d078e91841ecb03add39acfae45ae1c5f990e3af186fde39295df6f7","15","27bc852605ded077e64f17b657166668b54965f518701fea4515afe2ab42ba8c"
"/subjects/math/calculus/derivative-applications/stopping-distance/","lesson","200","text/html; charset=utf-8","https://bettergrades.net/subjects/math/calculus/derivative-applications/stopping-distance/","index, follow","Reaction Time, Braking, and Vehicle Stopping Distance | Unit 2B | Better Grades","Learn reaction time, braking, and vehicle stopping distance with clear exposition, guided derivations, worked examples, visuals, checks, and interpretation. Part of Calculus I Unit 2B: Applications of Derivatives.","1","1","1","0","8356","7b7cde44e994e018167fae3b63dc7992ea6a166f8f8abe2a45be0ecb97cc1c6a","15","27bc852605ded077e64f17b657166668b54965f518701fea4515afe2ab42ba8c"
"/subjects/math/calculus/derivative-applications/radar-tracking/","lesson","200","text/html; charset=utf-8","https://bettergrades.net/subjects/math/calculus/derivative-applications/radar-tracking/","index, follow","Radar and Camera Tracking with Changing Angles | Unit 2B | Better Grades","Learn radar and camera tracking with changing angles with clear exposition, guided derivations, worked examples, visuals, checks, and interpretation. Part of Calculus I Unit 2B: Applications of Derivatives.","1","1","0","0","6719","cf3b0e68c840b586e89caf586c8cd0d234820988929d314cecccadabf347c439","15","27bc852605ded077e64f17b657166668b54965f518701fea4515afe2ab42ba8c"
"/subjects/math/calculus/derivative-applications/manufacturing-tolerance/","lesson","200","text/html; charset=utf-8","https://bettergrades.net/subjects/math/calculus/derivative-applications/manufacturing-tolerance/","index, follow","Manufacturing Tolerances and Error Propagation | Unit 2B | Better Grades","Learn manufacturing tolerances and error propagation with clear exposition, guided derivations, worked examples, visuals, checks, and interpretation. Part of Calculus I Unit 2B: Applications of Derivatives.","1","1","1","0","7717","868f55c1b1b0e3909b80785bf10562d2bc643870f836febc070bfcd24aa36851","15","27bc852605ded077e64f17b657166668b54965f518701fea4515afe2ab42ba8c"
"/subjects/math/calculus/derivative-applications/marginal-analysis/","lesson","200","text/html; charset=utf-8","https://bettergrades.net/subjects/math/calculus/derivative-applications/marginal-analysis/","index, follow","Marginal Cost, Revenue, Profit, and Elasticity | Unit 2B | Better Grades","Learn marginal cost, revenue, profit, and elasticity with clear exposition, guided derivations, worked examples, visuals, checks, and interpretation. Part of Calculus I Unit 2B: Applications of Derivatives.","1","1","1","0","8193","b833e36a5f3d4949676b4d8391bc06673cfb2a5383a8748a125446799a784460","15","27bc852605ded077e64f17b657166668b54965f518701fea4515afe2ab42ba8c"
"/subjects/math/calculus/derivative-applications/modeling-studio-review/","lesson","200","text/html; charset=utf-8","https://bettergrades.net/subjects/math/calculus/derivative-applications/modeling-studio-review/","index, follow","Derivative Applications Modeling Studio Review | Unit 2B | Better Grades","Review derivative applications modeling studio review with mixed practice and links back to the exact lessons behind each skill. Part of Calculus I Unit 2B: Applications of Derivatives.","1","1","0","0","6701","eec6f5b0999db67d0de63a14496b5506fb5bc2e735ea4bc3ef4da442fb892a25","15","27bc852605ded077e64f17b657166668b54965f518701fea4515afe2ab42ba8c"
"/subjects/math/calculus/derivative-applications/advanced-notes/","lesson","200","text/html; charset=utf-8","https://bettergrades.net/subjects/math/calculus/derivative-applications/advanced-notes/","index, follow","Advanced Notes: Analysis Behind the Applications | Unit 2B | Better Grades","Explore advanced notes: analysis behind the applications in an optional advanced note connecting Calculus I to later analysis and mathematical theory. Part of Calculus I Unit 2B: Applications of Derivatives.","1","1","0","0","4796","e18632ecbe08baaf9556637c8899bc60f6aa66ae450677b0ddd5987dcafff047","15","27bc852605ded077e64f17b657166668b54965f518701fea4515afe2ab42ba8c"
"/subjects/math/calculus/derivative-applications/advanced-sensitivity-elasticity/","lesson","200","text/html; charset=utf-8","https://bettergrades.net/subjects/math/calculus/derivative-applications/advanced-sensitivity-elasticity/","index, follow","Sensitivity, Elasticity, and Condition Numbers | Unit 2B | Better Grades","Explore sensitivity, elasticity, and condition numbers in an optional advanced note connecting Calculus I to later analysis and mathematical theory. Part of Calculus I Unit 2B: Applications of Derivatives.","1","1","1","0","6724","f2951409d5a945e7055222f8cc34fcf154c2bd691126ca92b44d4f78c2a5b5f2","15","27bc852605ded077e64f17b657166668b54965f518701fea4515afe2ab42ba8c"
"/subjects/math/calculus/derivative-applications/advanced-newton-convergence/","lesson","200","text/html; charset=utf-8","https://bettergrades.net/subjects/math/calculus/derivative-applications/advanced-newton-convergence/","index, follow","Newton's Method: Convergence and Failure Modes | Unit 2B | Better Grades","Explore newton's method: convergence and failure modes in an optional advanced note connecting Calculus I to later analysis and mathematical theory. Part of Calculus I Unit 2B: Applications of Derivatives.","1","1","1","0","7576","70297598f65cb08179aa89fe53c21ee4e9c92ae63b68fe57f56cffc2562ce5f4","15","27bc852605ded077e64f17b657166668b54965f518701fea4515afe2ab42ba8c"
"/subjects/math/calculus/derivative-applications/advanced-convexity/","lesson","200","text/html; charset=utf-8","https://bettergrades.net/subjects/math/calculus/derivative-applications/advanced-convexity/","index, follow","Convexity, Tangent Inequalities, and Global Minima | Unit 2B | Better Grades","Explore convexity, tangent inequalities, and global minima in an optional advanced note connecting Calculus I to later analysis and mathematical theory. Part of Calculus I Unit 2B: Applications of Derivatives.","1","1","1","0","7111","b92b7e66a7ba5d187698712e4a14e4e35a63feca377963a66a579a0cfe117dc6","15","27bc852605ded077e64f17b657166668b54965f518701fea4515afe2ab42ba8c"
"/subjects/math/calculus/derivative-applications/advanced-cauchy-mvt/","lesson","200","text/html; charset=utf-8","https://bettergrades.net/subjects/math/calculus/derivative-applications/advanced-cauchy-mvt/","index, follow","Cauchy's Mean Value Theorem and L'Hopital's Rule | Unit 2B | Better Grades","Explore cauchy's mean value theorem and l'hopital's rule in an optional advanced note connecting Calculus I to later analysis and mathematical theory. Part of Calculus I Unit 2B: Applications of Derivatives.","1","1","1","0","6702","65d44007353de5abe41c9cbfdf3a840f4179f407716eef1e940efbe1f4e29ef6","15","27bc852605ded077e64f17b657166668b54965f518701fea4515afe2ab42ba8c"
"/subjects/math/calculus/derivative-applications/unit-2b-review/","lesson","200","text/html; charset=utf-8","https://bettergrades.net/subjects/math/calculus/derivative-applications/unit-2b-review/","index, follow","Unit 2B Review: Applications of Derivatives | Better Grades","Review unit 2b review: applications of derivatives and optimization with mixed practice and links back to the exact lessons behind each skill. Part of Calculus I Unit 2B: Applications of Derivatives.","1","1","0","0","5813","1fc50f5545fb3a0bbb5430680d28a3234687326499993fa9939e38e40faaa689","15","27bc852605ded077e64f17b657166668b54965f518701fea4515afe2ab42ba8c"
"/subjects/math/calculus/derivative-applications/common-errors/","lesson","200","text/html; charset=utf-8","https://bettergrades.net/subjects/math/calculus/derivative-applications/common-errors/","index, follow","Common Derivative Application and Optimization Errors | Unit 2B | Better Grades","Review common derivative application and optimization errors with mixed practice and links back to the exact lessons behind each skill. Part of Calculus I Unit 2B: Applications of Derivatives.","1","1","0","0","5687","702e647ca393f5d126279ad28e9c5838dd2c51b26578eb9d73fe8d2bc95c2b83","15","27bc852605ded077e64f17b657166668b54965f518701fea4515afe2ab42ba8c"
"/subjects/math/calculus/derivative-applications/cumulative-practice/","lesson","200","text/html; charset=utf-8","https://bettergrades.net/subjects/math/calculus/derivative-applications/cumulative-practice/","index, follow","Unit 2B Cumulative Applications Practice | Better Grades","Practice unit 2b cumulative applications practice with mixed problems, staged guidance, and source-linked solutions. Part of Calculus I Unit 2B: Applications of Derivatives.","1","1","0","0","12096","ed3f5b70226ad81ad8d765890b711bb8419f09fa28ea67bf2d8ea28f122af70d","15","27bc852605ded077e64f17b657166668b54965f518701fea4515afe2ab42ba8c"
"/subjects/math/calculus/derivative-applications/practice-exam-a/","lesson","200","text/html; charset=utf-8","https://bettergrades.net/subjects/math/calculus/derivative-applications/practice-exam-a/","index, follow","Unit 2B Practice Exam A | Better Grades","Complete Unit 2B Practice Exam A as a cumulative Calculus I assessment, then use the separately published answer key for review.","1","1","0","0","6524","8d40f73172af210246ea3e927e593b31d6bf7619c4c91603c20067f935693388","15","27bc852605ded077e64f17b657166668b54965f518701fea4515afe2ab42ba8c"
"/subjects/math/calculus/derivative-applications/practice-exam-b/","lesson","200","text/html; charset=utf-8","https://bettergrades.net/subjects/math/calculus/derivative-applications/practice-exam-b/","index, follow","Unit 2B Practice Exam B | Better Grades","Complete Unit 2B Practice Exam B as a cumulative Calculus I assessment, then use the separately published answer key for review.","1","1","0","0","6514","7ba8a51acacbd7fecd3386b296d6c349894cd8cc28775f06c79737ac02acfa63","15","27bc852605ded077e64f17b657166668b54965f518701fea4515afe2ab42ba8c"
"/subjects/math/calculus/derivative-applications/reference/","lesson","200","text/html; charset=utf-8","https://bettergrades.net/subjects/math/calculus/derivative-applications/reference/","index, follow","Unit 2B Formula and Strategy Reference | Better Grades","Use this applications of derivatives reference for formulas, notation, domains, units, and problem-solving strategy. Part of Calculus I Unit 2B: Applications of Derivatives.","1","1","0","0","5547","58859227d9cbff92a5694d9ce62e1993a4406224b04075383e0be56cb0c0f5ee","15","27bc852605ded077e64f17b657166668b54965f518701fea4515afe2ab42ba8c"
"/subjects/math/calculus/derivative-applications/practice-exam-a-answer-key/","lesson","200","text/html; charset=utf-8","https://bettergrades.net/subjects/math/calculus/derivative-applications/practice-exam-a-answer-key/","index, follow","Unit 2B Practice Exam A Answer Key | Better Grades","Review complete source-verified answers and solution guidance for Unit 2B Practice Exam A.","1","1","0","0","5809","e702246a5fe1e0606cd393eea6e11536b1af79e2b4de8452af4a3282cc26eed7","15","27bc852605ded077e64f17b657166668b54965f518701fea4515afe2ab42ba8c"
"/subjects/math/calculus/derivative-applications/practice-exam-b-answer-key/","lesson","200","text/html; charset=utf-8","https://bettergrades.net/subjects/math/calculus/derivative-applications/practice-exam-b-answer-key/","index, follow","Unit 2B Practice Exam B Answer Key | Better Grades","Review complete source-verified answers and solution guidance for Unit 2B Practice Exam B.","1","1","0","0","6383","8689cca0ac9c2339b113596d2055951f165dea8163d39892ac0ef774d482f478","15","27bc852605ded077e64f17b657166668b54965f518701fea4515afe2ab42ba8c"
"/subjects/math/calculus/integrals/","subject-or-article","200","text/html; charset=utf-8","https://bettergrades.net/subjects/math/calculus/integrals/","index, follow","Unit 3A: Integral Foundations and Techniques | Better Grades","Learn Unit 3A: Integral Foundations and Techniques: antiderivatives, definite integrals, techniques, modeling, worked examples, checks, reviews, and practice.","1","1","0","0","12472","e92c98b67931b8dac6fadb69eccff5564d8aa9e46002748a33b649fb95891902","15","27bc852605ded077e64f17b657166668b54965f518701fea4515afe2ab42ba8c"
"/subjects/math/calculus/integrals/antiderivatives/","lesson","200","text/html; charset=utf-8","https://bettergrades.net/subjects/math/calculus/integrals/antiderivatives/","index, follow","Antiderivatives: Reversing a Derivative | Unit 3A | Better Grades","Learn Antiderivatives: Reversing a Derivative through clear explanation, worked examples, visual reasoning, checks, and connected integral-calculus practice. Part of Calculus I Unit 3A: Integral Foundations and Techniques.","1","1","0","0","7560","58ef0c22c5e2084b5cca59a08c36c8a413ec7baa7c06eb1f0c8a65dea547efd3","15","27bc852605ded077e64f17b657166668b54965f518701fea4515afe2ab42ba8c"
"/subjects/math/calculus/integrals/indefinite-integrals-and-c/","lesson","200","text/html; charset=utf-8","https://bettergrades.net/subjects/math/calculus/integrals/indefinite-integrals-and-c/","index, follow","Indefinite Integrals and the Constant of Integration | Unit 3A | Better Grades","Learn Indefinite Integrals and the Constant of Integration through clear explanation, worked examples, visual reasoning, checks, and connected integral-calculus practice. Part of Calculus I Unit 3A: Integral Foundations and Techniques.","1","1","0","0","7141","9d66b0f99f4d7e65a8ed813134709e143eb4cf68625fcc44f8eb3e42b3cbb299","15","27bc852605ded077e64f17b657166668b54965f518701fea4515afe2ab42ba8c"
"/subjects/math/calculus/integrals/initial-value-problems/","lesson","200","text/html; charset=utf-8","https://bettergrades.net/subjects/math/calculus/integrals/initial-value-problems/","index, follow","Initial-Value Problems and Recovering a Function | Unit 3A | Better Grades","Learn Initial-Value Problems and Recovering a Function through clear explanation, worked examples, visual reasoning, checks, and connected integral-calculus practice. Part of Calculus I Unit 3A: Integral Foundations and Techniques.","1","1","0","0","7196","2c98e40da6860867ff0ea536ac57e484f432be6127e8a133e0372ea0fbeb61be","15","27bc852605ded077e64f17b657166668b54965f518701fea4515afe2ab42ba8c"
"/subjects/math/calculus/integrals/rates-to-total-change/","lesson","200","text/html; charset=utf-8","https://bettergrades.net/subjects/math/calculus/integrals/rates-to-total-change/","index, follow","From a Rate to Total Change | Unit 3A | Better Grades","Learn From a Rate to Total Change through clear explanation, worked examples, visual reasoning, checks, and connected integral-calculus practice. Part of Calculus I Unit 3A: Integral Foundations and Techniques.","1","1","1","0","7736","5e4cc70a7911a0750169fd23e76087bf696aee81d0771410b6f27473b49ca4c2","15","27bc852605ded077e64f17b657166668b54965f518701fea4515afe2ab42ba8c"
"/subjects/math/calculus/integrals/displacement-and-distance/","lesson","200","text/html; charset=utf-8","https://bettergrades.net/subjects/math/calculus/integrals/displacement-and-distance/","index, follow","Displacement, Distance, and Signed Accumulation | Unit 3A | Better Grades","Learn Displacement, Distance, and Signed Accumulation through clear explanation, worked examples, visual reasoning, checks, and connected integral-calculus practice. Part of Calculus I Unit 3A: Integral Foundations and Techniques.","1","1","0","0","6728","58cadf2cc806dda5ef296ebf71600b903d74821d38af33dffe50a49a383d0e53","15","27bc852605ded077e64f17b657166668b54965f518701fea4515afe2ab42ba8c"
"/subjects/math/calculus/integrals/partitions-and-sigma-notation/","lesson","200","text/html; charset=utf-8","https://bettergrades.net/subjects/math/calculus/integrals/partitions-and-sigma-notation/","index, follow","Partitions and Sigma Notation | Unit 3A | Better Grades","Learn Partitions and Sigma Notation through clear explanation, worked examples, visual reasoning, checks, and connected integral-calculus practice. Part of Calculus I Unit 3A: Integral Foundations and Techniques.","1","1","0","0","6358","7b4e021721ed0d694a2d5d9153af0fd50723ab18fe46813a4075d86b92f9cd9f","15","27bc852605ded077e64f17b657166668b54965f518701fea4515afe2ab42ba8c"
"/subjects/math/calculus/integrals/left-right-midpoint-riemann-sums/","lesson","200","text/html; charset=utf-8","https://bettergrades.net/subjects/math/calculus/integrals/left-right-midpoint-riemann-sums/","index, follow","Left, Right, and Midpoint Riemann Sums | Unit 3A | Better Grades","Learn Left, Right, and Midpoint Riemann Sums through clear explanation, worked examples, visual reasoning, checks, and connected integral-calculus practice. Part of Calculus I Unit 3A: Integral Foundations and Techniques.","1","1","1","0","6921","37315c4e87b3766487e6c42dcb71e73a024ad4b403f546e76f7b773e3fa58e0d","15","27bc852605ded077e64f17b657166668b54965f518701fea4515afe2ab42ba8c"
"/subjects/math/calculus/integrals/riemann-sum-limit/","lesson","200","text/html; charset=utf-8","https://bettergrades.net/subjects/math/calculus/integrals/riemann-sum-limit/","index, follow","The Riemann-Sum Definition of the Definite Integral | Unit 3A | Better Grades","Learn The Riemann-Sum Definition of the Definite Integral through clear explanation, worked examples, visual reasoning, checks, and connected integral-calculus practice. Part of Calculus I Unit 3A: Integral Foundations and Techniques.","1","1","1","0","7520","359c4bc75465ca14211a5303c2a647e0eba672da67d714e4bf630baa99e7db79","15","27bc852605ded077e64f17b657166668b54965f518701fea4515afe2ab42ba8c"
"/subjects/math/calculus/integrals/definite-integral-signed-area/","lesson","200","text/html; charset=utf-8","https://bettergrades.net/subjects/math/calculus/integrals/definite-integral-signed-area/","index, follow","The Definite Integral as Signed Area | Unit 3A | Better Grades","Learn The Definite Integral as Signed Area through clear explanation, worked examples, visual reasoning, checks, and connected integral-calculus practice. Part of Calculus I Unit 3A: Integral Foundations and Techniques.","1","1","1","0","7231","3c122c303c6c96a45a772bb7ddf0d369bb254a934bd1016e81791d5ab3c73185","15","27bc852605ded077e64f17b657166668b54965f518701fea4515afe2ab42ba8c"
"/subjects/math/calculus/integrals/properties-of-definite-integrals/","lesson","200","text/html; charset=utf-8","https://bettergrades.net/subjects/math/calculus/integrals/properties-of-definite-integrals/","index, follow","Properties and Orientation of Definite Integrals | Unit 3A | Better Grades","Learn Properties and Orientation of Definite Integrals through clear explanation, worked examples, visual reasoning, checks, and connected integral-calculus practice. Part of Calculus I Unit 3A: Integral Foundations and Techniques.","1","1","0","0","6349","78fac4c348718a69b79cbbb4b847db849822ce64a46e37e4d589b1f3d1ad688a","15","27bc852605ded077e64f17b657166668b54965f518701fea4515afe2ab42ba8c"
"/subjects/math/calculus/integrals/average-value-of-a-function/","lesson","200","text/html; charset=utf-8","https://bettergrades.net/subjects/math/calculus/integrals/average-value-of-a-function/","index, follow","Average Value of a Function | Unit 3A | Better Grades","Learn Average Value of a Function through clear explanation, worked examples, visual reasoning, checks, and connected integral-calculus practice. Part of Calculus I Unit 3A: Integral Foundations and Techniques.","1","1","1","0","6834","d89057705efd7c53954b8b085b4a1dcd90edd029b1b24769c0d87b385ee11bab","15","27bc852605ded077e64f17b657166668b54965f518701fea4515afe2ab42ba8c"
"/subjects/math/calculus/integrals/accumulation-functions/","lesson","200","text/html; charset=utf-8","https://bettergrades.net/subjects/math/calculus/integrals/accumulation-functions/","index, follow","Accumulation Functions | Unit 3A | Better Grades","Learn Accumulation Functions through clear explanation, worked examples, visual reasoning, checks, and connected integral-calculus practice. Part of Calculus I Unit 3A: Integral Foundations and Techniques.","1","1","1","0","6697","1c5e8d153d22022147e6aeb61e756786db8fe9f127691101fea5a3b459602809","15","27bc852605ded077e64f17b657166668b54965f518701fea4515afe2ab42ba8c"
"/subjects/math/calculus/integrals/fundamental-theorem-part-one/","lesson","200","text/html; charset=utf-8","https://bettergrades.net/subjects/math/calculus/integrals/fundamental-theorem-part-one/","index, follow","Fundamental Theorem of Calculus, Part I | Unit 3A | Better Grades","Learn Fundamental Theorem of Calculus, Part I through clear explanation, worked examples, visual reasoning, checks, and connected integral-calculus practice. Part of Calculus I Unit 3A: Integral Foundations and Techniques.","1","1","0","0","6679","e4ca9376c78ec836230e53cb55223cffc42b23c24b047cd6d15951a5a757f57f","15","27bc852605ded077e64f17b657166668b54965f518701fea4515afe2ab42ba8c"
"/subjects/math/calculus/integrals/fundamental-theorem-part-two/","lesson","200","text/html; charset=utf-8","https://bettergrades.net/subjects/math/calculus/integrals/fundamental-theorem-part-two/","index, follow","Fundamental Theorem of Calculus, Part II | Unit 3A | Better Grades","Learn Fundamental Theorem of Calculus, Part II through clear explanation, worked examples, visual reasoning, checks, and connected integral-calculus practice. Part of Calculus I Unit 3A: Integral Foundations and Techniques.","1","1","0","0","6330","0d9b3afdf653d936ae87416de6cf33b7a8cb72fe8adf517b42a1656c1a5256bc","15","27bc852605ded077e64f17b657166668b54965f518701fea4515afe2ab42ba8c"
"/subjects/math/calculus/integrals/net-change-theorem/","lesson","200","text/html; charset=utf-8","https://bettergrades.net/subjects/math/calculus/integrals/net-change-theorem/","index, follow","The Net Change Theorem | Unit 3A | Better Grades","Learn The Net Change Theorem through clear explanation, worked examples, visual reasoning, checks, and connected integral-calculus practice. Part of Calculus I Unit 3A: Integral Foundations and Techniques.","1","1","0","0","6103","b9cfd62de8a25ed55a39075710a6c6db6adc2c4fd9fbf8c50eda82643ef3a47f","15","27bc852605ded077e64f17b657166668b54965f518701fea4515afe2ab42ba8c"
"/subjects/math/calculus/integrals/variable-limits-and-chain-rule/","lesson","200","text/html; charset=utf-8","https://bettergrades.net/subjects/math/calculus/integrals/variable-limits-and-chain-rule/","index, follow","Variable Limits and the Chain Rule | Unit 3A | Better Grades","Learn Variable Limits and the Chain Rule through clear explanation, worked examples, visual reasoning, checks, and connected integral-calculus practice. Part of Calculus I Unit 3A: Integral Foundations and Techniques.","1","1","0","0","6223","88a01e85f8c3bab728b8efaceaf979b7111920ba55a3fcd7a8640fecd24853e9","15","27bc852605ded077e64f17b657166668b54965f518701fea4515afe2ab42ba8c"
"/subjects/math/calculus/integrals/basic-antiderivative-rules/","lesson","200","text/html; charset=utf-8","https://bettergrades.net/subjects/math/calculus/integrals/basic-antiderivative-rules/","index, follow","Basic Antiderivative Rules | Unit 3A | Better Grades","Learn Basic Antiderivative Rules through clear explanation, worked examples, visual reasoning, checks, and connected integral-calculus practice. Part of Calculus I Unit 3A: Integral Foundations and Techniques.","1","1","0","0","6251","3669cf65a214ecd4d2f45082313ee0a483200eeb2036195043698f249ec8113a","15","27bc852605ded077e64f17b657166668b54965f518701fea4515afe2ab42ba8c"
"/subjects/math/calculus/integrals/substitution/","lesson","200","text/html; charset=utf-8","https://bettergrades.net/subjects/math/calculus/integrals/substitution/","index, follow","Substitution: Reversing the Chain Rule | Unit 3A | Better Grades","Learn Substitution: Reversing the Chain Rule through clear explanation, worked examples, visual reasoning, checks, and connected integral-calculus practice. Part of Calculus I Unit 3A: Integral Foundations and Techniques.","1","1","1","0","7101","6a2638ef03889994fb2d114c3ea9b156ade2df2460672ef4ea3701b3df0242af","15","27bc852605ded077e64f17b657166668b54965f518701fea4515afe2ab42ba8c"
"/subjects/math/calculus/integrals/definite-integrals-by-substitution/","lesson","200","text/html; charset=utf-8","https://bettergrades.net/subjects/math/calculus/integrals/definite-integrals-by-substitution/","index, follow","Definite Integrals by Substitution | Unit 3A | Better Grades","Learn Definite Integrals by Substitution through clear explanation, worked examples, visual reasoning, checks, and connected integral-calculus practice. Part of Calculus I Unit 3A: Integral Foundations and Techniques.","1","1","0","0","6044","1ea1370951e84ac8a919cc5263ad5884e7202cc6258a44b6dac4df747dfcf4f4","15","27bc852605ded077e64f17b657166668b54965f518701fea4515afe2ab42ba8c"
"/subjects/math/calculus/integrals/integration-by-parts/","lesson","200","text/html; charset=utf-8","https://bettergrades.net/subjects/math/calculus/integrals/integration-by-parts/","index, follow","Integration by Parts | Unit 3A | Better Grades","Learn Integration by Parts through clear explanation, worked examples, visual reasoning, checks, and connected integral-calculus practice. Part of Calculus I Unit 3A: Integral Foundations and Techniques.","1","1","1","0","6813","bc27ef557709b3479d84299a0731699e65fd141202d19971cd955c79ac23d419","15","27bc852605ded077e64f17b657166668b54965f518701fea4515afe2ab42ba8c"
"/subjects/math/calculus/integrals/trigonometric-integrals/","lesson","200","text/html; charset=utf-8","https://bettergrades.net/subjects/math/calculus/integrals/trigonometric-integrals/","index, follow","Trigonometric Integrals | Unit 3A | Better Grades","Learn Trigonometric Integrals through clear explanation, worked examples, visual reasoning, checks, and connected integral-calculus practice. Part of Calculus I Unit 3A: Integral Foundations and Techniques.","1","1","0","0","6165","c77f9ef327db8c4f0c8e11f2a97a159aa8422454574baac4166ad41b7caa783c","15","27bc852605ded077e64f17b657166668b54965f518701fea4515afe2ab42ba8c"
"/subjects/math/calculus/integrals/trigonometric-substitution/","lesson","200","text/html; charset=utf-8","https://bettergrades.net/subjects/math/calculus/integrals/trigonometric-substitution/","index, follow","Trigonometric Substitution | Unit 3A | Better Grades","Learn Trigonometric Substitution through clear explanation, worked examples, visual reasoning, checks, and connected integral-calculus practice. Part of Calculus I Unit 3A: Integral Foundations and Techniques.","1","1","1","0","6918","c999dfe16354be954d726eb7a291c661b1193f79e03256e302aa5aa71a51f539","15","27bc852605ded077e64f17b657166668b54965f518701fea4515afe2ab42ba8c"
"/subjects/math/calculus/integrals/partial-fractions/","lesson","200","text/html; charset=utf-8","https://bettergrades.net/subjects/math/calculus/integrals/partial-fractions/","index, follow","Partial Fractions | Unit 3A | Better Grades","Learn Partial Fractions through clear explanation, worked examples, visual reasoning, checks, and connected integral-calculus practice. Part of Calculus I Unit 3A: Integral Foundations and Techniques.","1","1","0","0","6082","d4da3b14f92dd208cfe1dee5294a2e7a5480dd7f351ab9c5dcbaf37ea5036941","15","27bc852605ded077e64f17b657166668b54965f518701fea4515afe2ab42ba8c"
"/subjects/math/calculus/integrals/integration-strategy/","lesson","200","text/html; charset=utf-8","https://bettergrades.net/subjects/math/calculus/integrals/integration-strategy/","index, follow","Choosing an Integration Strategy | Unit 3A | Better Grades","Learn Choosing an Integration Strategy through clear explanation, worked examples, visual reasoning, checks, and connected integral-calculus practice. Part of Calculus I Unit 3A: Integral Foundations and Techniques.","1","1","0","0","6646","b8c409e8dfb9408167880c9756cd9657ae9f7534a3f0b970066f62cdc7214e30","15","27bc852605ded077e64f17b657166668b54965f518701fea4515afe2ab42ba8c"
"/subjects/math/calculus/integrals/numerical-integration/","lesson","200","text/html; charset=utf-8","https://bettergrades.net/subjects/math/calculus/integrals/numerical-integration/","index, follow","Midpoint and Trapezoidal Rules | Unit 3A | Better Grades","Learn Midpoint and Trapezoidal Rules through clear explanation, worked examples, visual reasoning, checks, and connected integral-calculus practice. Part of Calculus I Unit 3A: Integral Foundations and Techniques.","1","1","1","0","6726","c142b24bb67909cbe70cba5fe5f35f74ff1dc6372fbbcf475db3b3589cd4594b","15","27bc852605ded077e64f17b657166668b54965f518701fea4515afe2ab42ba8c"
"/subjects/math/calculus/integrals/simpsons-rule/","lesson","200","text/html; charset=utf-8","https://bettergrades.net/subjects/math/calculus/integrals/simpsons-rule/","index, follow","Simpson’s Rule | Unit 3A | Better Grades","Learn Simpson’s Rule through clear explanation, worked examples, visual reasoning, checks, and connected integral-calculus practice. Part of Calculus I Unit 3A: Integral Foundations and Techniques.","1","1","0","0","6182","429c1ef3e6f4b497a4ecaa1f380454d33d176928f4ae508202d9f9fc940710b5","15","27bc852605ded077e64f17b657166668b54965f518701fea4515afe2ab42ba8c"
"/subjects/math/calculus/integrals/improper-integrals-infinite-intervals/","lesson","200","text/html; charset=utf-8","https://bettergrades.net/subjects/math/calculus/integrals/improper-integrals-infinite-intervals/","index, follow","Improper Integrals over Infinite Intervals | Unit 3A | Better Grades","Learn Improper Integrals over Infinite Intervals through clear explanation, worked examples, visual reasoning, checks, and connected integral-calculus practice. Part of Calculus I Unit 3A: Integral Foundations and Techniques.","1","1","1","0","6828","49fcb5b2f7db548b172d7bcc7cd0477a170262bf34903444c7bd88d986f0574c","15","27bc852605ded077e64f17b657166668b54965f518701fea4515afe2ab42ba8c"
"/subjects/math/calculus/integrals/improper-integrals-unbounded-functions/","lesson","200","text/html; charset=utf-8","https://bettergrades.net/subjects/math/calculus/integrals/improper-integrals-unbounded-functions/","index, follow","Improper Integrals with Unbounded Integrands | Unit 3A | Better Grades","Learn Improper Integrals with Unbounded Integrands through clear explanation, worked examples, visual reasoning, checks, and connected integral-calculus practice. Part of Calculus I Unit 3A: Integral Foundations and Techniques.","1","1","0","0","6392","7564354e49bc113a6dc24f397424b0fa389bf89edb28b64ccd708455996dff9b","15","27bc852605ded077e64f17b657166668b54965f518701fea4515afe2ab42ba8c"
"/subjects/math/calculus/integrals/review/","lesson","200","text/html; charset=utf-8","https://bettergrades.net/subjects/math/calculus/integrals/review/","index, follow","Unit 3A Review: Integral Foundations and Techniques | Better Grades","Learn Unit 3A Review: Integral Foundations and Techniques through clear explanation, worked examples, visual reasoning, checks, and connected integral-calculus practice.","1","1","0","0","5320","87795ae556b0b46852790c87e25ebea95f641126a8f94cb44370006f518d5cff","15","27bc852605ded077e64f17b657166668b54965f518701fea4515afe2ab42ba8c"
"/subjects/math/calculus/integrals/common-errors/","lesson","200","text/html; charset=utf-8","https://bettergrades.net/subjects/math/calculus/integrals/common-errors/","index, follow","Common Integral Errors and How to Repair Them | Unit 3A | Better Grades","Learn Common Integral Errors and How to Repair Them through clear explanation, worked examples, visual reasoning, checks, and connected integral-calculus practice. Part of Calculus I Unit 3A: Integral Foundations and Techniques.","1","1","0","0","4540","de3468728dc469b7d9fed82a1db4ffc8ea2e9c65d9f1ed0b577df2dd16414bd6","15","27bc852605ded077e64f17b657166668b54965f518701fea4515afe2ab42ba8c"
"/subjects/math/calculus/integrals/cumulative-practice/","lesson","200","text/html; charset=utf-8","https://bettergrades.net/subjects/math/calculus/integrals/cumulative-practice/","index, follow","Unit 3A Cumulative Practice | Better Grades","Practice Unit 3A Cumulative Practice with cumulative integral-calculus problems designed to test setup, computation, units, and interpretation.","1","1","0","0","7058","dad20ecb2597b954f31c81b7484a331bb6e422add55329ac0e3be96d119f1f40","15","27bc852605ded077e64f17b657166668b54965f518701fea4515afe2ab42ba8c"
"/subjects/math/calculus/integrals/practice-exam-a/","lesson","200","text/html; charset=utf-8","https://bettergrades.net/subjects/math/calculus/integrals/practice-exam-a/","index, follow","Unit 3A Practice Exam A | Better Grades","Take Unit 3A Practice Exam A, a comprehensive BetterGrades integral-calculus practice exam with a separately routed worked answer key.","1","1","0","0","5544","08a5f251310e50a707310af3bacd240ce30918cf1678f53ae597f1f71542c199","15","27bc852605ded077e64f17b657166668b54965f518701fea4515afe2ab42ba8c"
"/subjects/math/calculus/integrals/practice-exam-a-answer-key/","lesson","200","text/html; charset=utf-8","https://bettergrades.net/subjects/math/calculus/integrals/practice-exam-a-answer-key/","index, follow","Unit 3A Practice Exam A Answer Key | Better Grades","Review the worked solutions and modeling rubrics for Unit 3A Practice Exam A. Check methods, units, and interpretation.","1","1","0","0","6346","96dae116efc3417d4a54ad58173e51f023f2688742daa5fc46833790a1f4b315","15","27bc852605ded077e64f17b657166668b54965f518701fea4515afe2ab42ba8c"
"/subjects/math/calculus/integrals/practice-exam-b/","lesson","200","text/html; charset=utf-8","https://bettergrades.net/subjects/math/calculus/integrals/practice-exam-b/","index, follow","Unit 3A Practice Exam B | Better Grades","Take Unit 3A Practice Exam B, a comprehensive BetterGrades integral-calculus practice exam with a separately routed worked answer key.","1","1","0","0","5418","ef6d676ecdeefb49cbd796639ac12c262581adc8379f1326a5ac93d54ae1bd01","15","27bc852605ded077e64f17b657166668b54965f518701fea4515afe2ab42ba8c"
"/subjects/math/calculus/integrals/practice-exam-b-answer-key/","lesson","200","text/html; charset=utf-8","https://bettergrades.net/subjects/math/calculus/integrals/practice-exam-b-answer-key/","index, follow","Unit 3A Practice Exam B Answer Key | Better Grades","Review the worked solutions and modeling rubrics for Unit 3A Practice Exam B. Check methods, units, and interpretation.","1","1","0","0","6346","43e653a2797e2bdd2da76f0f1341165ed72316faa0e50cdc4930a187d948503e","15","27bc852605ded077e64f17b657166668b54965f518701fea4515afe2ab42ba8c"
"/subjects/math/calculus/integration-applications/","subject-or-article","200","text/html; charset=utf-8","https://bettergrades.net/subjects/math/calculus/integration-applications/","index, follow","Unit 3B: Applications of Integration | Better Grades","Learn applications of integration through area, volume, length, mass, work, fluids, marginal quantities, probability, worked examples, visual reasoning, practice, and published exam keys. Part of Calculus I Unit 3B: Applications of Integration.","1","1","0","0","10235","03624369c5379847b5a44b0fd81c92846c301ba95480bc5ffa54f3559fa5a6a7","15","27bc852605ded077e64f17b657166668b54965f518701fea4515afe2ab42ba8c"
"/subjects/math/calculus/integration-applications/area-between-curves/","lesson","200","text/html; charset=utf-8","https://bettergrades.net/subjects/math/calculus/integration-applications/area-between-curves/","index, follow","Area Between Curves | Unit 3B | Better Grades","Learn Area Between Curves through clear explanation, worked examples, visual reasoning, checks, and connected integral-calculus practice. Part of Calculus I Unit 3B: Applications of Integration.","1","1","1","0","7282","feb05a76fc6276d0b5b563980e0f68f4d257d109e675312d8be4b9321cacae92","15","27bc852605ded077e64f17b657166668b54965f518701fea4515afe2ab42ba8c"
"/subjects/math/calculus/integration-applications/horizontal-slices/","lesson","200","text/html; charset=utf-8","https://bettergrades.net/subjects/math/calculus/integration-applications/horizontal-slices/","index, follow","Choosing Vertical or Horizontal Slices | Unit 3B | Better Grades","Learn Choosing Vertical or Horizontal Slices through clear explanation, worked examples, visual reasoning, checks, and connected integral-calculus practice. Part of Calculus I Unit 3B: Applications of Integration.","1","1","0","0","6105","950530f03f6ffbb57ea3e23c730bdace459ea0ecdf177098aa957cb2d3dba3b1","15","27bc852605ded077e64f17b657166668b54965f518701fea4515afe2ab42ba8c"
"/subjects/math/calculus/integration-applications/volumes-by-slicing/","lesson","200","text/html; charset=utf-8","https://bettergrades.net/subjects/math/calculus/integration-applications/volumes-by-slicing/","index, follow","Volumes by Slicing | Unit 3B | Better Grades","Learn Volumes by Slicing through clear explanation, worked examples, visual reasoning, checks, and connected integral-calculus practice. Part of Calculus I Unit 3B: Applications of Integration.","1","1","1","0","6658","0294e455776885fe3f63e90d90faca5486e6a71a45d9ec95fac9a99b38ff8cbf","15","27bc852605ded077e64f17b657166668b54965f518701fea4515afe2ab42ba8c"
"/subjects/math/calculus/integration-applications/disks-and-washers/","lesson","200","text/html; charset=utf-8","https://bettergrades.net/subjects/math/calculus/integration-applications/disks-and-washers/","index, follow","Disks and Washers | Unit 3B | Better Grades","Learn Disks and Washers through clear explanation, worked examples, visual reasoning, checks, and connected integral-calculus practice. Part of Calculus I Unit 3B: Applications of Integration.","1","1","1","0","6386","be5d4f6730d3ba6d880b57f621fe61050e020247bf463d7eb8c712fe77f1ecfa","15","27bc852605ded077e64f17b657166668b54965f518701fea4515afe2ab42ba8c"
"/subjects/math/calculus/integration-applications/cylindrical-shells/","lesson","200","text/html; charset=utf-8","https://bettergrades.net/subjects/math/calculus/integration-applications/cylindrical-shells/","index, follow","Cylindrical Shells | Unit 3B | Better Grades","Learn Cylindrical Shells through clear explanation, worked examples, visual reasoning, checks, and connected integral-calculus practice. Part of Calculus I Unit 3B: Applications of Integration.","1","1","1","0","6558","063ccd1e6060c2631e5be5a5633f601746ad1fcc6b5f7fa7888326d242ba21e5","15","27bc852605ded077e64f17b657166668b54965f518701fea4515afe2ab42ba8c"
"/subjects/math/calculus/integration-applications/choosing-a-volume-method/","lesson","200","text/html; charset=utf-8","https://bettergrades.net/subjects/math/calculus/integration-applications/choosing-a-volume-method/","index, follow","Choosing a Volume Method | Unit 3B | Better Grades","Learn Choosing a Volume Method through clear explanation, worked examples, visual reasoning, checks, and connected integral-calculus practice. Part of Calculus I Unit 3B: Applications of Integration.","1","1","0","0","5897","b4749d8699f2b671d514637d4b9b0449db61254b339d7ef64539b70d5f9e8aff","15","27bc852605ded077e64f17b657166668b54965f518701fea4515afe2ab42ba8c"
"/subjects/math/calculus/integration-applications/arc-length/","lesson","200","text/html; charset=utf-8","https://bettergrades.net/subjects/math/calculus/integration-applications/arc-length/","index, follow","Arc Length | Unit 3B | Better Grades","Learn Arc Length through clear explanation, worked examples, visual reasoning, checks, and connected integral-calculus practice. Part of Calculus I Unit 3B: Applications of Integration.","1","1","1","0","7362","e98377a82956ffae04eca854ef33b6c9bd574f7a5eea10b847a56352989d92f1","15","27bc852605ded077e64f17b657166668b54965f518701fea4515afe2ab42ba8c"
"/subjects/math/calculus/integration-applications/surface-area-of-revolution/","lesson","200","text/html; charset=utf-8","https://bettergrades.net/subjects/math/calculus/integration-applications/surface-area-of-revolution/","index, follow","Surface Area of Revolution | Unit 3B | Better Grades","Learn Surface Area of Revolution through clear explanation, worked examples, visual reasoning, checks, and connected integral-calculus practice. Part of Calculus I Unit 3B: Applications of Integration.","1","1","0","0","6802","8df03c656760f2dfbe3a8656b1571725169808073ab1bb4e22c7c930db5bc83e","15","27bc852605ded077e64f17b657166668b54965f518701fea4515afe2ab42ba8c"
"/subjects/math/calculus/integration-applications/density-and-mass/","lesson","200","text/html; charset=utf-8","https://bettergrades.net/subjects/math/calculus/integration-applications/density-and-mass/","index, follow","Density and Mass | Unit 3B | Better Grades","Learn Density and Mass through clear explanation, worked examples, visual reasoning, checks, and connected integral-calculus practice. Part of Calculus I Unit 3B: Applications of Integration.","1","1","0","0","5770","d94c779fec83a3b9ad559d7c7f5b258ca765fce9087cce8bed24b9a5e3d996eb","15","27bc852605ded077e64f17b657166668b54965f518701fea4515afe2ab42ba8c"
"/subjects/math/calculus/integration-applications/moments-and-center-of-mass/","lesson","200","text/html; charset=utf-8","https://bettergrades.net/subjects/math/calculus/integration-applications/moments-and-center-of-mass/","index, follow","Moments and Center of Mass | Unit 3B | Better Grades","Learn Moments and Center of Mass through clear explanation, worked examples, visual reasoning, checks, and connected integral-calculus practice. Part of Calculus I Unit 3B: Applications of Integration.","1","1","1","0","6545","06518f806b2ea4b1732323e645d65372759e9f010e45981be8ab50cd084982cf","15","27bc852605ded077e64f17b657166668b54965f518701fea4515afe2ab42ba8c"
"/subjects/math/calculus/integration-applications/work-and-variable-force/","lesson","200","text/html; charset=utf-8","https://bettergrades.net/subjects/math/calculus/integration-applications/work-and-variable-force/","index, follow","Work and Variable Force | Unit 3B | Better Grades","Learn Work and Variable Force through clear explanation, worked examples, visual reasoning, checks, and connected integral-calculus practice. Part of Calculus I Unit 3B: Applications of Integration.","1","1","1","0","6584","d655f0008f694156fb1b40b6b50e2fc1672c9a382d93343ee24f15fcc420ddd3","15","27bc852605ded077e64f17b657166668b54965f518701fea4515afe2ab42ba8c"
"/subjects/math/calculus/integration-applications/spring-work/","lesson","200","text/html; charset=utf-8","https://bettergrades.net/subjects/math/calculus/integration-applications/spring-work/","index, follow","Work Done on Springs | Unit 3B | Better Grades","Learn Work Done on Springs through clear explanation, worked examples, visual reasoning, checks, and connected integral-calculus practice. Part of Calculus I Unit 3B: Applications of Integration.","1","1","0","0","5936","1d027d0994c79ae6ca720ee6d246cb385e567b8ba87921f27265e0cd4d35d72c","15","27bc852605ded077e64f17b657166668b54965f518701fea4515afe2ab42ba8c"
"/subjects/math/calculus/integration-applications/pumping-liquids/","lesson","200","text/html; charset=utf-8","https://bettergrades.net/subjects/math/calculus/integration-applications/pumping-liquids/","index, follow","Pumping Liquids | Unit 3B | Better Grades","Learn Pumping Liquids through clear explanation, worked examples, visual reasoning, checks, and connected integral-calculus practice. Part of Calculus I Unit 3B: Applications of Integration.","1","1","1","0","6955","7a3b3cb237006c95e3478d1c546ca8211690c3cddabba3e5476265a0e5b3ae09","15","27bc852605ded077e64f17b657166668b54965f518701fea4515afe2ab42ba8c"
"/subjects/math/calculus/integration-applications/fluid-pressure/","lesson","200","text/html; charset=utf-8","https://bettergrades.net/subjects/math/calculus/integration-applications/fluid-pressure/","index, follow","Fluid Pressure and Hydrostatic Force | Unit 3B | Better Grades","Learn Fluid Pressure and Hydrostatic Force through clear explanation, worked examples, visual reasoning, checks, and connected integral-calculus practice. Part of Calculus I Unit 3B: Applications of Integration.","1","1","1","0","6867","486f2ed383caba76ededa6828b5d0b69c060893beba4984f74fa77c03dc36298","15","27bc852605ded077e64f17b657166668b54965f518701fea4515afe2ab42ba8c"
"/subjects/math/calculus/integration-applications/marginal-quantities/","lesson","200","text/html; charset=utf-8","https://bettergrades.net/subjects/math/calculus/integration-applications/marginal-quantities/","index, follow","Recovering Totals from Marginal Quantities | Unit 3B | Better Grades","Learn Recovering Totals from Marginal Quantities through clear explanation, worked examples, visual reasoning, checks, and connected integral-calculus practice. Part of Calculus I Unit 3B: Applications of Integration.","1","1","0","0","6444","7b36b81b874e421d4910a48fe056a34334c24dbe2ed07d048edce8f1d6ad715b","15","27bc852605ded077e64f17b657166668b54965f518701fea4515afe2ab42ba8c"
"/subjects/math/calculus/integration-applications/probability-density/","lesson","200","text/html; charset=utf-8","https://bettergrades.net/subjects/math/calculus/integration-applications/probability-density/","index, follow","Probability Density and Expected Value | Unit 3B | Better Grades","Learn Probability Density and Expected Value through clear explanation, worked examples, visual reasoning, checks, and connected integral-calculus practice. Part of Calculus I Unit 3B: Applications of Integration.","1","1","0","0","6504","4247f3ba73a90ac3d4eb9a95c940528adb3c0cba15cb1ee09b0fa079c72f6783","15","27bc852605ded077e64f17b657166668b54965f518701fea4515afe2ab42ba8c"
"/subjects/math/calculus/integration-applications/physics-application-studio/","lesson","200","text/html; charset=utf-8","https://bettergrades.net/subjects/math/calculus/integration-applications/physics-application-studio/","index, follow","Physics Application Studio | Unit 3B | Better Grades","Practice Physics Application Studio with cumulative integral-calculus problems designed to test setup, computation, units, and interpretation. Part of Calculus I Unit 3B: Applications of Integration.","1","1","0","0","7003","a0eee4d6a06a0ce0eb6c02fda57e0b663e95abf7022e505b84fea585804288dc","15","27bc852605ded077e64f17b657166668b54965f518701fea4515afe2ab42ba8c"
"/subjects/math/calculus/integration-applications/review/","lesson","200","text/html; charset=utf-8","https://bettergrades.net/subjects/math/calculus/integration-applications/review/","index, follow","Unit 3B Review: Applications of Integration | Better Grades","Review Unit 3B Review: Applications of Integration with a structured summary, common-error repair, mixed practice, and links back to the relevant BetterGrades.","1","1","0","0","7528","f853d3a1fa2ae0cbc6d3b7e26548d667750bdcfcd5d4c018d9e86de5e754cb72","15","27bc852605ded077e64f17b657166668b54965f518701fea4515afe2ab42ba8c"
"/subjects/math/calculus/integration-applications/common-errors/","lesson","200","text/html; charset=utf-8","https://bettergrades.net/subjects/math/calculus/integration-applications/common-errors/","index, follow","Common Application Errors and How to Repair Them | Unit 3B | Better Grades","Identify and repair common integration-application errors involving slice orientation, radii, bounds, density, depth, units, and interpretation. Part of Calculus I Unit 3B: Applications of Integration.","1","1","0","0","4623","4bd21527eedc961d5518381d37623a98a5adca2a014381db47164618def5911d","15","27bc852605ded077e64f17b657166668b54965f518701fea4515afe2ab42ba8c"
"/subjects/math/calculus/integration-applications/cumulative-practice/","lesson","200","text/html; charset=utf-8","https://bettergrades.net/subjects/math/calculus/integration-applications/cumulative-practice/","index, follow","Unit 3B Cumulative Practice | Better Grades","Practice Unit 3B Cumulative Practice with cumulative integral-calculus problems designed to test setup, computation, units, and interpretation.","1","1","0","0","7548","d1e84eb71d4179f91daca31744a72acf01f3428777639d1c3c23036ccc4ad2e7","15","27bc852605ded077e64f17b657166668b54965f518701fea4515afe2ab42ba8c"
"/subjects/math/calculus/integration-applications/practice-exam-a/","lesson","200","text/html; charset=utf-8","https://bettergrades.net/subjects/math/calculus/integration-applications/practice-exam-a/","index, follow","Unit 3B Practice Exam A | Better Grades","Take Unit 3B Practice Exam A, a comprehensive BetterGrades integral-calculus practice exam with a separately routed worked answer key.","1","1","0","0","6083","c306ee196a0ba4033f75c532b8714a1fa7043e0224c7d26e2ca58f071000f5f0","15","27bc852605ded077e64f17b657166668b54965f518701fea4515afe2ab42ba8c"
"/subjects/math/calculus/integration-applications/practice-exam-a-answer-key/","lesson","200","text/html; charset=utf-8","https://bettergrades.net/subjects/math/calculus/integration-applications/practice-exam-a-answer-key/","index, follow","Unit 3B Practice Exam A Answer Key | Better Grades","Review the worked solutions and modeling rubrics for Unit 3B Practice Exam A. Check methods, units, and interpretation.","1","1","0","0","6100","9cee9e846f3e0e0e3d6a9d8acc2ab87a169774cb3b89d855f6ab9a960ea3d135","15","27bc852605ded077e64f17b657166668b54965f518701fea4515afe2ab42ba8c"
"/subjects/math/calculus/integration-applications/practice-exam-b/","lesson","200","text/html; charset=utf-8","https://bettergrades.net/subjects/math/calculus/integration-applications/practice-exam-b/","index, follow","Unit 3B Practice Exam B | Better Grades","Take Unit 3B Practice Exam B, a comprehensive BetterGrades integral-calculus practice exam with a separately routed worked answer key.","1","1","0","0","5983","bb1ae01c757bc510d2adaee3b4f8bad367ff4ec974a04787fc385f39415aef4e","15","27bc852605ded077e64f17b657166668b54965f518701fea4515afe2ab42ba8c"
"/subjects/math/calculus/integration-applications/practice-exam-b-answer-key/","lesson","200","text/html; charset=utf-8","https://bettergrades.net/subjects/math/calculus/integration-applications/practice-exam-b-answer-key/","index, follow","Unit 3B Practice Exam B Answer Key | Better Grades","Review the worked solutions and modeling rubrics for Unit 3B Practice Exam B. Check methods, units, and interpretation.","1","1","0","0","6384","ae4dc4ac8eabea35a04c372d8cd3da7891bb22a63c7c86a2058fb4947b391771","15","27bc852605ded077e64f17b657166668b54965f518701fea4515afe2ab42ba8c"
"/subjects/math/calculus/sequences-and-series/","subject-or-article","200","text/html; charset=utf-8","https://bettergrades.net/subjects/math/calculus/sequences-and-series/","index, follow","Unit 4A: Sequences and Infinite Series | Better Grades","Learn sequences, numerical series, convergence tests, and certified error estimates through visual reasoning, rigorous bridges, worked examples, and practice. Part of Calculus II Unit 4A: Sequences and Infinite Series.","1","1","0","0","11071","4f641c7b3537903f52db810af09bf37ac63b5ca5569f7fda94322a429a83ec8c","15","27bc852605ded077e64f17b657166668b54965f518701fea4515afe2ab42ba8c"
"/subjects/math/calculus/sequences-and-series/sequences-as-functions/","lesson","200","text/html; charset=utf-8","https://bettergrades.net/subjects/math/calculus/sequences-and-series/sequences-as-functions/","index, follow","Sequences as Functions on the Integers | Unit 4A | Better Grades","Treat a sequence as a function on integer inputs, read sequence notation, graph discrete terms, and distinguish the terms from a continuous guide curve. Part of Calculus II Unit 4A: Sequences and Infinite Series.","1","1","2","0","9866","56119410747fa3f33c795368e11f5e46bfb9b6434a6a7a341d60fd43199ba1d3","15","27bc852605ded077e64f17b657166668b54965f518701fea4515afe2ab42ba8c"
"/subjects/math/calculus/sequences-and-series/explicit-and-recursive-sequences/","lesson","200","text/html; charset=utf-8","https://bettergrades.net/subjects/math/calculus/sequences-and-series/explicit-and-recursive-sequences/","index, follow","Explicit and Recursive Sequences | Unit 4A | Better Grades","Translate between explicit and recursive sequence rules, identify initial conditions, and analyze how step-by-step definitions generate long-term behavior. Part of Calculus II Unit 4A: Sequences and Infinite Series.","1","1","1","0","8609","64c4a498b8c0e2f07c9a00ee38f4545607d49684b9de22c2f062e406abffa411","15","27bc852605ded077e64f17b657166668b54965f518701fea4515afe2ab42ba8c"
"/subjects/math/calculus/sequences-and-series/limits-of-sequences/","lesson","200","text/html; charset=utf-8","https://bettergrades.net/subjects/math/calculus/sequences-and-series/limits-of-sequences/","index, follow","Limits of Sequences | Unit 4A | Better Grades","Understand sequence convergence numerically, graphically, and through the epsilon-N definition, with complete proofs and common failure patterns. Part of Calculus II Unit 4A: Sequences and Infinite Series.","1","1","2","0","9850","6ce637614b1616c9efdff9fe0d380fc8cda913b4dc6fc403a5a485a0843205ed","15","27bc852605ded077e64f17b657166668b54965f518701fea4515afe2ab42ba8c"
"/subjects/math/calculus/sequences-and-series/sequence-limit-laws/","lesson","200","text/html; charset=utf-8","https://bettergrades.net/subjects/math/calculus/sequences-and-series/sequence-limit-laws/","index, follow","Limit Laws for Sequences | Unit 4A | Better Grades","Apply sequence limit laws safely, check denominators and domains, and understand how algebraic operations preserve eventual behavior. Part of Calculus II Unit 4A: Sequences and Infinite Series.","1","1","0","0","7668","c0424e386929470195bc8d32ce05bcbe2ec785b55ef32f9e6a6a48edd11a4a5b","15","27bc852605ded077e64f17b657166668b54965f518701fea4515afe2ab42ba8c"
"/subjects/math/calculus/sequences-and-series/squeeze-theorem-for-sequences/","lesson","200","text/html; charset=utf-8","https://bettergrades.net/subjects/math/calculus/sequences-and-series/squeeze-theorem-for-sequences/","index, follow","The Squeeze Theorem for Sequences | Unit 4A | Better Grades","Prove limits of bounded oscillating sequences with shrinking envelopes and the sequence form of the Squeeze Theorem. Part of Calculus II Unit 4A: Sequences and Infinite Series.","1","1","0","0","7315","e06cb5d69065cc057d1e371d78f532349fb16c19bf5e94e60be8553976d63c29","15","27bc852605ded077e64f17b657166668b54965f518701fea4515afe2ab42ba8c"
"/subjects/math/calculus/sequences-and-series/monotone-and-bounded-sequences/","lesson","200","text/html; charset=utf-8","https://bettergrades.net/subjects/math/calculus/sequences-and-series/monotone-and-bounded-sequences/","index, follow","Monotone and Bounded Sequences | Unit 4A | Better Grades","Use monotonicity, bounds, induction, and the Monotone Convergence Theorem to analyze recursively defined sequences before solving for a limit. Part of Calculus II Unit 4A: Sequences and Infinite Series.","1","1","1","0","9606","100ccb1271f6f88f5dc6d9e51d6396c949198a8762284e60802125db292eabf4","15","27bc852605ded077e64f17b657166668b54965f518701fea4515afe2ab42ba8c"
"/subjects/math/calculus/sequences-and-series/infinite-series-and-partial-sums/","lesson","200","text/html; charset=utf-8","https://bettergrades.net/subjects/math/calculus/sequences-and-series/infinite-series-and-partial-sums/","index, follow","Infinite Series and Partial Sums | Unit 4A | Better Grades","Define an infinite series through its partial sums and distinguish term behavior from convergence of the running total. Part of Calculus II Unit 4A: Sequences and Infinite Series.","1","1","1","0","8340","90884023c922ffa925594a6b13295a5484e7a4b2de40bd5f68ec009b79df337e","15","27bc852605ded077e64f17b657166668b54965f518701fea4515afe2ab42ba8c"
"/subjects/math/calculus/sequences-and-series/geometric-series/","lesson","200","text/html; charset=utf-8","https://bettergrades.net/subjects/math/calculus/sequences-and-series/geometric-series/","index, follow","Geometric Series | Unit 4A | Better Grades","Derive and use finite and infinite geometric-sum formulas, handle shifted indices, repeating decimals, and convergence conditions. Part of Calculus II Unit 4A: Sequences and Infinite Series.","1","1","2","0","8951","9fd486f36908161cfc022d8ec4edd7f5237878b1d60cc45ae94e974730cd62b2","15","27bc852605ded077e64f17b657166668b54965f518701fea4515afe2ab42ba8c"
"/subjects/math/calculus/sequences-and-series/telescoping-series/","lesson","200","text/html; charset=utf-8","https://bettergrades.net/subjects/math/calculus/sequences-and-series/telescoping-series/","index, follow","Telescoping Series | Unit 4A | Better Grades","Expose cancellation through finite partial sums, track surviving boundary terms, and evaluate one-step and shifted telescoping series. Part of Calculus II Unit 4A: Sequences and Infinite Series.","1","1","1","0","8883","12fb04c078120bbbf0baf73747de4a456e7567be03eb6453d99ea407b3c0bd42","15","27bc852605ded077e64f17b657166668b54965f518701fea4515afe2ab42ba8c"
"/subjects/math/calculus/sequences-and-series/nth-term-divergence-test/","lesson","200","text/html; charset=utf-8","https://bettergrades.net/subjects/math/calculus/sequences-and-series/nth-term-divergence-test/","index, follow","The nth-Term Test for Divergence | Unit 4A | Better Grades","Use the nth-term test correctly as a one-way divergence test and understand why terms approaching zero do not guarantee convergence. Part of Calculus II Unit 4A: Sequences and Infinite Series.","1","1","1","0","8363","1fecbdccaf50dd635a6e3b222b47335985def7dee1abb236337c00094e8a8722","15","27bc852605ded077e64f17b657166668b54965f518701fea4515afe2ab42ba8c"
"/subjects/math/calculus/sequences-and-series/harmonic-and-p-series/","lesson","200","text/html; charset=utf-8","https://bettergrades.net/subjects/math/calculus/sequences-and-series/harmonic-and-p-series/","index, follow","The Harmonic Series and p-Series | Unit 4A | Better Grades","Understand harmonic divergence, the p-series threshold, grouping arguments, and how slowly shrinking terms can still accumulate without bound. Part of Calculus II Unit 4A: Sequences and Infinite Series.","1","1","1","0","8477","85a9d4f7b5da41f22df673552d11e5f8f0fa8073c1ae2ec1b7f6153c2223a474","15","27bc852605ded077e64f17b657166668b54965f518701fea4515afe2ab42ba8c"
"/subjects/math/calculus/sequences-and-series/integral-test/","lesson","200","text/html; charset=utf-8","https://bettergrades.net/subjects/math/calculus/sequences-and-series/integral-test/","index, follow","The Integral Test | Unit 4A | Better Grades","Connect positive decreasing series with improper integrals, verify every hypothesis, and use rectangle inequalities to justify the Integral Test. Part of Calculus II Unit 4A: Sequences and Infinite Series.","1","1","2","0","10554","46a7ad3bf701f1d424c7d27dbf8cf20db16fe375f384bbd77dc559044fbc43c6","15","27bc852605ded077e64f17b657166668b54965f518701fea4515afe2ab42ba8c"
"/subjects/math/calculus/sequences-and-series/integral-test-remainder-estimates/","lesson","200","text/html; charset=utf-8","https://bettergrades.net/subjects/math/calculus/sequences-and-series/integral-test-remainder-estimates/","index, follow","Integral-Test Remainder Estimates | Unit 4A | Better Grades","Bound series tails with improper integrals and convert a requested accuracy into a sufficient number of terms. Part of Calculus II Unit 4A: Sequences and Infinite Series.","1","1","0","0","7878","c6f506643a642ec94baac0442ad38f6f9af4b6047c2db614e65fadf65bbea004","15","27bc852605ded077e64f17b657166668b54965f518701fea4515afe2ab42ba8c"
"/subjects/math/calculus/sequences-and-series/direct-comparison-test/","lesson","200","text/html; charset=utf-8","https://bettergrades.net/subjects/math/calculus/sequences-and-series/direct-comparison-test/","index, follow","The Direct Comparison Test | Unit 4A | Better Grades","Choose comparison inequalities in the useful direction and prove convergence or divergence with familiar benchmark series. Part of Calculus II Unit 4A: Sequences and Infinite Series.","1","1","0","0","7979","d7e0138cf46dce6b1f3ea0da1b5fd3d8bfee1388ec5a090f3dbc2579c9eda6ba","15","27bc852605ded077e64f17b657166668b54965f518701fea4515afe2ab42ba8c"
"/subjects/math/calculus/sequences-and-series/limit-comparison-test/","lesson","200","text/html; charset=utf-8","https://bettergrades.net/subjects/math/calculus/sequences-and-series/limit-comparison-test/","index, follow","The Limit Comparison Test | Unit 4A | Better Grades","Identify dominant term scale, choose an effective benchmark, and use a positive finite ratio limit to transfer convergence behavior. Part of Calculus II Unit 4A: Sequences and Infinite Series.","1","1","0","0","8410","55c3d815ef5913365d257ad63e22c44795eab6ef6e87cec52c5545c13d8742d4","15","27bc852605ded077e64f17b657166668b54965f518701fea4515afe2ab42ba8c"
"/subjects/math/calculus/sequences-and-series/alternating-series-test/","lesson","200","text/html; charset=utf-8","https://bettergrades.net/subjects/math/calculus/sequences-and-series/alternating-series-test/","index, follow","Alternating Series | Unit 4A | Better Grades","Use decreasing magnitudes and a zero term limit to prove convergence through shrinking odd-even partial-sum brackets. Part of Calculus II Unit 4A: Sequences and Infinite Series.","1","1","2","0","9610","000bfc25675fc1da2289f3efba1bb76962c7ddfd4cf84221ec221b7692c6b0f2","15","27bc852605ded077e64f17b657166668b54965f518701fea4515afe2ab42ba8c"
"/subjects/math/calculus/sequences-and-series/alternating-series-error/","lesson","200","text/html; charset=utf-8","https://bettergrades.net/subjects/math/calculus/sequences-and-series/alternating-series-error/","index, follow","Alternating-Series Error Estimates | Unit 4A | Better Grades","Certify alternating-series approximations with the first omitted term and solve for the smallest number of terms meeting a tolerance. Part of Calculus II Unit 4A: Sequences and Infinite Series.","1","1","0","0","7667","542978e3a1650e18994ead43b0005a411dacf6bb69221a119919c4b1b0f3ffa8","15","27bc852605ded077e64f17b657166668b54965f518701fea4515afe2ab42ba8c"
"/subjects/math/calculus/sequences-and-series/absolute-and-conditional-convergence/","lesson","200","text/html; charset=utf-8","https://bettergrades.net/subjects/math/calculus/sequences-and-series/absolute-and-conditional-convergence/","index, follow","Absolute and Conditional Convergence | Unit 4A | Better Grades","Distinguish absolute, conditional, and divergent series by testing magnitude separately from sign cancellation. Part of Calculus II Unit 4A: Sequences and Infinite Series.","1","1","0","0","8441","a98d04dcbdc373fcabe413574899a830b236054e05f3a805b8bc8f12cd2b263e","15","27bc852605ded077e64f17b657166668b54965f518701fea4515afe2ab42ba8c"
"/subjects/math/calculus/sequences-and-series/ratio-test/","lesson","200","text/html; charset=utf-8","https://bettergrades.net/subjects/math/calculus/sequences-and-series/ratio-test/","index, follow","The Ratio Test | Unit 4A | Better Grades","Detect geometric decay in factorial and exponential series, prove the Ratio Test mechanism, and recognize the inconclusive boundary case. Part of Calculus II Unit 4A: Sequences and Infinite Series.","1","1","1","0","8293","5064252fb6380372ece39430068e86d2018e7bfffbd9c561aacfb9bcf0c470af","15","27bc852605ded077e64f17b657166668b54965f518701fea4515afe2ab42ba8c"
"/subjects/math/calculus/sequences-and-series/root-test/","lesson","200","text/html; charset=utf-8","https://bettergrades.net/subjects/math/calculus/sequences-and-series/root-test/","index, follow","The Root Test | Unit 4A | Better Grades","Extract the exponential base hidden in nth powers, apply the Root Test, and interpret limits below, above, or equal to one. Part of Calculus II Unit 4A: Sequences and Infinite Series.","1","1","0","0","7356","2e729542ce8a3b0d5e992395f67b4c9cdc90fbc8435ae0af64ce2ee7a61458a7","15","27bc852605ded077e64f17b657166668b54965f518701fea4515afe2ab42ba8c"
"/subjects/math/calculus/sequences-and-series/choosing-a-convergence-test/","lesson","200","text/html; charset=utf-8","https://bettergrades.net/subjects/math/calculus/sequences-and-series/choosing-a-convergence-test/","index, follow","Choosing a Convergence Test | Unit 4A | Better Grades","Choose convergence tests from structural clues, classify conclusions precisely, and avoid wasting work on tests that cannot decide the series. Part of Calculus II Unit 4A: Sequences and Infinite Series.","1","1","1","0","9252","e265a548c447b409dbfd3e60b6076b7df1fbb676c695949ea0b70b145d0af215","15","27bc852605ded077e64f17b657166668b54965f518701fea4515afe2ab42ba8c"
"/subjects/math/calculus/sequences-and-series/cauchy-criterion-preview/","lesson","200","text/html; charset=utf-8","https://bettergrades.net/subjects/math/calculus/sequences-and-series/cauchy-criterion-preview/","index, follow","Why Convergence Is About Tails: A Cauchy Preview | Unit 4A | Better Grades","Understand convergence through small late tails, state the Cauchy criterion with correct quantifiers, and connect it to completeness of the real numbers. Part of Calculus II Unit 4A: Sequences and Infinite Series.","1","1","0","0","8517","fd3365d4a30d7bf3f05925d68d0b960dd47b48222d15b5bf777235ea3431f91c","15","27bc852605ded077e64f17b657166668b54965f518701fea4515afe2ab42ba8c"
"/subjects/math/calculus/sequences-and-series/prerequisite-diagnostic/","lesson","200","text/html; charset=utf-8","https://bettergrades.net/subjects/math/calculus/sequences-and-series/prerequisite-diagnostic/","index, follow","Unit 4A Prerequisite Diagnostic | Better Grades","Use the Unit 4A Prerequisite Diagnostic to identify prerequisite algebra, limits, integral, and notation skills before starting sequences and series.","1","1","0","0","4809","042d31cd45491dc8f1859b2fdb60ec6bbbadb07e958bbf49cbc0a5da46320a72","15","27bc852605ded077e64f17b657166668b54965f518701fea4515afe2ab42ba8c"
"/subjects/math/calculus/sequences-and-series/sequence-review/","lesson","200","text/html; charset=utf-8","https://bettergrades.net/subjects/math/calculus/sequences-and-series/sequence-review/","index, follow","Sequence Review | Unit 4A | Better Grades","Review sequence review with connected concepts, test-selection guidance, worked reasoning, and exam preparation. Part of Calculus II Unit 4A: Sequences and Infinite Series.","1","1","0","0","4699","9740f5f5d27d38d543f8ccba7ff2be56dde8dd4d5607bc4448896697df85f835","15","27bc852605ded077e64f17b657166668b54965f518701fea4515afe2ab42ba8c"
"/subjects/math/calculus/sequences-and-series/convergence-tests-review/","lesson","200","text/html; charset=utf-8","https://bettergrades.net/subjects/math/calculus/sequences-and-series/convergence-tests-review/","index, follow","Convergence Tests Review | Unit 4A | Better Grades","Review convergence tests review with connected concepts, test-selection guidance, worked reasoning, and exam preparation. Part of Calculus II Unit 4A: Sequences and Infinite Series.","1","1","0","0","4801","1d450f546609a1dcce3e57006ccfe7f2dc8e00f1ece0c8f27ba49bc5da447ee5","15","27bc852605ded077e64f17b657166668b54965f518701fea4515afe2ab42ba8c"
"/subjects/math/calculus/sequences-and-series/test-selection-practice/","lesson","200","text/html; charset=utf-8","https://bettergrades.net/subjects/math/calculus/sequences-and-series/test-selection-practice/","index, follow","Convergence-Test Selection Practice | Unit 4A | Better Grades","Practice convergence-test selection practice with structured problems that require method selection, justification, and error control. Part of Calculus II Unit 4A: Sequences and Infinite Series.","1","1","0","0","5103","2b8829184ce4d68a4e73fb94641d3a6e272b2401ecbefa9a5d179853bedf00a5","15","27bc852605ded077e64f17b657166668b54965f518701fea4515afe2ab42ba8c"
"/subjects/math/calculus/sequences-and-series/concept-quiz/","lesson","200","text/html; charset=utf-8","https://bettergrades.net/subjects/math/calculus/sequences-and-series/concept-quiz/","index, follow","Unit 4A Concept Quiz | Better Grades","Check your understanding with the Unit 4A Concept Quiz, covering definitions, theorem hypotheses, strategy, and common misconceptions.","1","1","0","0","6382","3bd9c900cb1d0b38c5f0f06690720fd657c523245c0f551eaa7699c639fc4706","15","27bc852605ded077e64f17b657166668b54965f518701fea4515afe2ab42ba8c"
"/subjects/math/calculus/sequences-and-series/practice-exam-a/","lesson","200","text/html; charset=utf-8","https://bettergrades.net/subjects/math/calculus/sequences-and-series/practice-exam-a/","index, follow","Unit 4A Practice Exam A | Better Grades","Attempt Unit 4A Practice Exam A under exam conditions, then use the separate worked answer key to diagnose gaps.","1","1","0","0","5285","9a57652d5c16f00ce5f1f2e0ac75e8c8df7d75177f8efcfb5e2b894918d0f0d8","15","27bc852605ded077e64f17b657166668b54965f518701fea4515afe2ab42ba8c"
"/subjects/math/calculus/sequences-and-series/practice-exam-a-answer-key/","lesson","200","text/html; charset=utf-8","https://bettergrades.net/subjects/math/calculus/sequences-and-series/practice-exam-a-answer-key/","index, follow","Unit 4A Practice Exam A Answer Key | Better Grades","Review complete answers and reasoning for Unit 4A Practice Exam A, including theorem choice and error justification.","1","1","0","0","5089","3d061f26dfa902cb9163657e82661f08abaf4e1a0ab5c3e0b8856f73e706a0fb","15","27bc852605ded077e64f17b657166668b54965f518701fea4515afe2ab42ba8c"
"/subjects/math/calculus/sequences-and-series/practice-exam-b/","lesson","200","text/html; charset=utf-8","https://bettergrades.net/subjects/math/calculus/sequences-and-series/practice-exam-b/","index, follow","Unit 4A Practice Exam B | Better Grades","Attempt Unit 4A Practice Exam B under exam conditions, then use the separate worked answer key to diagnose gaps.","1","1","0","0","5315","9b8830bbe958a558eee35cd7916cb5e449512c83846b4eb311b88a200a7bebc4","15","27bc852605ded077e64f17b657166668b54965f518701fea4515afe2ab42ba8c"
"/subjects/math/calculus/sequences-and-series/practice-exam-b-answer-key/","lesson","200","text/html; charset=utf-8","https://bettergrades.net/subjects/math/calculus/sequences-and-series/practice-exam-b-answer-key/","index, follow","Unit 4A Practice Exam B Answer Key | Better Grades","Review complete answers and reasoning for Unit 4A Practice Exam B, including theorem choice and error justification.","1","1","0","0","5739","40a839ab0b457fb3d21020c3bd781d2ef2eb84c87666f90cbc94d01a3689d308","15","27bc852605ded077e64f17b657166668b54965f518701fea4515afe2ab42ba8c"
"/subjects/math/calculus/sequences-and-series/reference-sheet/","lesson","200","text/html; charset=utf-8","https://bettergrades.net/subjects/math/calculus/sequences-and-series/reference-sheet/","index, follow","Unit 4A Reference Sheet | Better Grades","Use Unit 4A Reference Sheet as a concise reference for formulas, theorem hypotheses, decisions, and common errors.","1","1","0","0","4654","c813b060c383ce8788db5595591437c698b665b9806cdaaa8661df319fc85e7d","15","27bc852605ded077e64f17b657166668b54965f518701fea4515afe2ab42ba8c"
"/subjects/math/calculus/sequences-and-series/common-errors/","lesson","200","text/html; charset=utf-8","https://bettergrades.net/subjects/math/calculus/sequences-and-series/common-errors/","index, follow","Common Errors in Sequence and Series Problems | Unit 4A | Better Grades","Use Common Errors in Sequence and Series Problems as a concise reference for formulas, theorem hypotheses, decisions, and common errors. Part of Calculus II Unit 4A: Sequences and Infinite Series.","1","1","0","0","4730","bda40611a6000cf2fe91ce801ffcb9ee6efa60c7f5e4b19861e577765be74672","15","27bc852605ded077e64f17b657166668b54965f518701fea4515afe2ab42ba8c"
"/subjects/math/calculus/power-series-and-taylor-series/","subject-or-article","200","text/html; charset=utf-8","https://bettergrades.net/subjects/math/calculus/power-series-and-taylor-series/","index, follow","Unit 4B: Power Series and Taylor Series | Better Grades","Learn power series, intervals of convergence, Taylor polynomials, Taylor series, remainder bounds, and approximation through rigorous visual lessons. Part of Calculus II Unit 4B: Power Series and Taylor Series.","1","1","0","0","10692","4a808e95cb41c1f7147ae33e7a69281f57de067de2ad9e25b6880866c0d0062c","15","27bc852605ded077e64f17b657166668b54965f518701fea4515afe2ab42ba8c"
"/subjects/math/calculus/power-series-and-taylor-series/power-series-as-functions/","lesson","200","text/html; charset=utf-8","https://bettergrades.net/subjects/math/calculus/power-series-and-taylor-series/power-series-as-functions/","index, follow","Power Series as Functions | Unit 4B | Better Grades","Treat a power series as an input-dependent numerical series and explore how partial sums behave inside, on, and outside its convergence region. Part of Calculus II Unit 4B: Power Series and Taylor Series.","1","1","1","0","8607","a689c481cb79bfdff763cf19d92f8ad7fc5d7919958d16913354232906a335b1","15","27bc852605ded077e64f17b657166668b54965f518701fea4515afe2ab42ba8c"
"/subjects/math/calculus/power-series-and-taylor-series/radius-and-interval-of-convergence/","lesson","200","text/html; charset=utf-8","https://bettergrades.net/subjects/math/calculus/power-series-and-taylor-series/radius-and-interval-of-convergence/","index, follow","Radius and Interval of Convergence | Unit 4B | Better Grades","Find the centered interval structure of power-series convergence and separate automatic interior behavior from endpoint testing. Part of Calculus II Unit 4B: Power Series and Taylor Series.","1","1","2","0","10304","e1c5de4f427734243e2d702aabe25352fb138b8c23b17f31676f55f34facd799","15","27bc852605ded077e64f17b657166668b54965f518701fea4515afe2ab42ba8c"
"/subjects/math/calculus/power-series-and-taylor-series/ratio-test-for-power-series/","lesson","200","text/html; charset=utf-8","https://bettergrades.net/subjects/math/calculus/power-series-and-taylor-series/ratio-test-for-power-series/","index, follow","Using the Ratio Test on Power Series | Unit 4B | Better Grades","Use the Ratio Test to determine power-series radius, simplify coefficient growth, and recognize infinite-radius examples. Part of Calculus II Unit 4B: Power Series and Taylor Series.","1","1","0","0","7511","06a3772a7a86b5b052aeab1c30c397e91437f1d1fdc1147068dc3a95febdfeff","15","27bc852605ded077e64f17b657166668b54965f518701fea4515afe2ab42ba8c"
"/subjects/math/calculus/power-series-and-taylor-series/endpoint-testing/","lesson","200","text/html; charset=utf-8","https://bettergrades.net/subjects/math/calculus/power-series-and-taylor-series/endpoint-testing/","index, follow","Endpoint Testing for Power Series | Unit 4B | Better Grades","Test power-series endpoints independently with ordinary series methods and write the final interval with correct inclusion. Part of Calculus II Unit 4B: Power Series and Taylor Series.","1","1","1","0","8510","84090e7dd34c89b0c7e13868aa000ac02bac940971a75d9a0ea752922f706b21","15","27bc852605ded077e64f17b657166668b54965f518701fea4515afe2ab42ba8c"
"/subjects/math/calculus/power-series-and-taylor-series/algebra-with-power-series/","lesson","200","text/html; charset=utf-8","https://bettergrades.net/subjects/math/calculus/power-series-and-taylor-series/algebra-with-power-series/","index, follow","Algebra with Power Series | Unit 4B | Better Grades","Add, scale, and multiply power series using coefficient logic and the Cauchy product on a shared region of convergence. Part of Calculus II Unit 4B: Power Series and Taylor Series.","1","1","1","0","8702","6f7d1ec9acf55053fdb72a0b5a66bd05edcde428c3bb738ad3cf6c4456b243a6","15","27bc852605ded077e64f17b657166668b54965f518701fea4515afe2ab42ba8c"
"/subjects/math/calculus/power-series-and-taylor-series/differentiating-and-integrating-power-series/","lesson","200","text/html; charset=utf-8","https://bettergrades.net/subjects/math/calculus/power-series-and-taylor-series/differentiating-and-integrating-power-series/","index, follow","Differentiating and Integrating Power Series | Unit 4B | Better Grades","Differentiate and integrate power series term by term inside the radius while tracking coefficient shifts and endpoint caveats. Part of Calculus II Unit 4B: Power Series and Taylor Series.","1","1","1","0","9188","6f98963dd1a415a91325dc7aa7e198c94f6404a707441a67919c747aa5e537ae","15","27bc852605ded077e64f17b657166668b54965f518701fea4515afe2ab42ba8c"
"/subjects/math/calculus/power-series-and-taylor-series/geometric-series-library/","lesson","200","text/html; charset=utf-8","https://bettergrades.net/subjects/math/calculus/power-series-and-taylor-series/geometric-series-library/","index, follow","The Geometric Series as a Function Library | Unit 4B | Better Grades","Generate rational-function, logarithm, and arctangent expansions from the geometric series through substitutions and calculus operations. Part of Calculus II Unit 4B: Power Series and Taylor Series.","1","1","1","0","8155","62e6f9f65e76ad0e6ea7f7dfd474bb2af9211bbdf0d0e455aca6a62d2c86a526","15","27bc852605ded077e64f17b657166668b54965f518701fea4515afe2ab42ba8c"
"/subjects/math/calculus/power-series-and-taylor-series/taylor-polynomials/","lesson","200","text/html; charset=utf-8","https://bettergrades.net/subjects/math/calculus/power-series-and-taylor-series/taylor-polynomials/","index, follow","Taylor Polynomials | Unit 4B | Better Grades","Build Taylor polynomials from derivative data and understand how increasing degree matches more local shape at the center. Part of Calculus II Unit 4B: Power Series and Taylor Series.","1","1","2","0","9742","5ceb0d33da0b93ec2255cc546b801fffa71adda4bc74f882ed55230ede17a482","15","27bc852605ded077e64f17b657166668b54965f518701fea4515afe2ab42ba8c"
"/subjects/math/calculus/power-series-and-taylor-series/maclaurin-series/","lesson","200","text/html; charset=utf-8","https://bettergrades.net/subjects/math/calculus/power-series-and-taylor-series/maclaurin-series/","index, follow","Maclaurin Series | Unit 4B | Better Grades","Construct Maclaurin series from derivative patterns and distinguish a formal coefficient series from a proven function representation. Part of Calculus II Unit 4B: Power Series and Taylor Series.","1","1","1","0","8532","bd49949383d50a25e7f3b752d95e0ac1ff59580472c650b90fd60e7bda1df868","15","27bc852605ded077e64f17b657166668b54965f518701fea4515afe2ab42ba8c"
"/subjects/math/calculus/power-series-and-taylor-series/taylor-series-centered-at-a/","lesson","200","text/html; charset=utf-8","https://bettergrades.net/subjects/math/calculus/power-series-and-taylor-series/taylor-series-centered-at-a/","index, follow","Taylor Series Centered at a | Unit 4B | Better Grades","Build Taylor series at nonzero centers, track powers of x-a, and compare approximation quality near different centers. Part of Calculus II Unit 4B: Power Series and Taylor Series.","1","1","1","0","8266","006067a547b57ecc7a1f93ddbcc7d50e201c862e4a1c129f833d8e9f0fb15f93","15","27bc852605ded077e64f17b657166668b54965f518701fea4515afe2ab42ba8c"
"/subjects/math/calculus/power-series-and-taylor-series/standard-maclaurin-series/","lesson","200","text/html; charset=utf-8","https://bettergrades.net/subjects/math/calculus/power-series-and-taylor-series/standard-maclaurin-series/","index, follow","Standard Maclaurin Series | Unit 4B | Better Grades","Recognize and use the standard exponential, sine, cosine, geometric, logarithm, and arctangent series with their convergence conditions. Part of Calculus II Unit 4B: Power Series and Taylor Series.","1","1","1","0","8469","f8f7e44fa54a065b1c51f11b60fe6dd290a923f1d87dfc2c880f96ce5c80e7a4","15","27bc852605ded077e64f17b657166668b54965f518701fea4515afe2ab42ba8c"
"/subjects/math/calculus/power-series-and-taylor-series/logarithm-and-arctangent-series/","lesson","200","text/html; charset=utf-8","https://bettergrades.net/subjects/math/calculus/power-series-and-taylor-series/logarithm-and-arctangent-series/","index, follow","Logarithm and Arctangent Series | Unit 4B | Better Grades","Derive logarithm and arctangent series by integrating geometric expansions and analyze endpoint convergence. Part of Calculus II Unit 4B: Power Series and Taylor Series.","1","1","0","0","7808","14a93076c98c4666dc1ac04a29c9a67555fd7cfddca1486ecb8108d14b2b03e1","15","27bc852605ded077e64f17b657166668b54965f518701fea4515afe2ab42ba8c"
"/subjects/math/calculus/power-series-and-taylor-series/building-new-series/","lesson","200","text/html; charset=utf-8","https://bettergrades.net/subjects/math/calculus/power-series-and-taylor-series/building-new-series/","index, follow","Building New Series from Known Ones | Unit 4B | Better Grades","Construct new power series through substitution, multiplication, differentiation, and integration while transforming the domain correctly. Part of Calculus II Unit 4B: Power Series and Taylor Series.","1","1","1","0","8383","aafcb93d00cbd851380440651ae3317e6b4bf5addb00b531a5c5f38690c0fdb9","15","27bc852605ded077e64f17b657166668b54965f518701fea4515afe2ab42ba8c"
"/subjects/math/calculus/power-series-and-taylor-series/binomial-series/","lesson","200","text/html; charset=utf-8","https://bettergrades.net/subjects/math/calculus/power-series-and-taylor-series/binomial-series/","index, follow","The Binomial Series | Unit 4B | Better Grades","Use generalized binomial coefficients to approximate noninteger powers and understand the series convergence region. Part of Calculus II Unit 4B: Power Series and Taylor Series.","1","1","1","0","8366","eec27e7b162be39bfab08a32b95b7d602efabd0fa88bee3d431e9e8505862553","15","27bc852605ded077e64f17b657166668b54965f518701fea4515afe2ab42ba8c"
"/subjects/math/calculus/power-series-and-taylor-series/taylor-remainder-theorem/","lesson","200","text/html; charset=utf-8","https://bettergrades.net/subjects/math/calculus/power-series-and-taylor-series/taylor-remainder-theorem/","index, follow","Taylor's Theorem and the Remainder | Unit 4B | Better Grades","Use Taylor’s theorem and the Lagrange remainder to turn polynomial approximation into a certified error bound. Part of Calculus II Unit 4B: Power Series and Taylor Series.","1","1","2","0","10462","0d979a715d77a7d31aa000f1a31b5cf815b4e3341a0eb2ec726efcd8c29357ae","15","27bc852605ded077e64f17b657166668b54965f518701fea4515afe2ab42ba8c"
"/subjects/math/calculus/power-series-and-taylor-series/alternating-series-approximation/","lesson","200","text/html; charset=utf-8","https://bettergrades.net/subjects/math/calculus/power-series-and-taylor-series/alternating-series-approximation/","index, follow","Alternating-Series Approximation for Taylor Series | Unit 4B | Better Grades","Apply alternating-series error estimates to Taylor approximations and determine a sufficient polynomial degree. Part of Calculus II Unit 4B: Power Series and Taylor Series.","1","1","0","0","7684","9cbbed6c92817ba50dcc1af301492e0d3703f08e77a2f23c74c2447cd96f1e8c","15","27bc852605ded077e64f17b657166668b54965f518701fea4515afe2ab42ba8c"
"/subjects/math/calculus/power-series-and-taylor-series/series-for-definite-integrals/","lesson","200","text/html; charset=utf-8","https://bettergrades.net/subjects/math/calculus/power-series-and-taylor-series/series-for-definite-integrals/","index, follow","Using Series to Approximate Definite Integrals | Unit 4B | Better Grades","Approximate nonelementary definite integrals by integrating polynomial series and controlling the first omitted contribution. Part of Calculus II Unit 4B: Power Series and Taylor Series.","1","1","1","0","8703","896c16e1dd1a408f7bf3048c8165d362b4bf5c7c9833500bd9821fdc475dca91","15","27bc852605ded077e64f17b657166668b54965f518701fea4515afe2ab42ba8c"
"/subjects/math/calculus/power-series-and-taylor-series/small-angle-physics/","lesson","200","text/html; charset=utf-8","https://bettergrades.net/subjects/math/calculus/power-series-and-taylor-series/small-angle-physics/","index, follow","Small-Angle Approximations in Physics | Unit 4B | Better Grades","Derive small-angle approximations from Taylor series, quantify error, and apply them carefully to elementary physics models. Part of Calculus II Unit 4B: Power Series and Taylor Series.","1","1","1","0","8276","b1a70adbeb792b66ab179d1cc56f1d1083cc2c95b358117d2a3ff85c42aabbbc","15","27bc852605ded077e64f17b657166668b54965f518701fea4515afe2ab42ba8c"
"/subjects/math/calculus/power-series-and-taylor-series/series-solutions-preview/","lesson","200","text/html; charset=utf-8","https://bettergrades.net/subjects/math/calculus/power-series-and-taylor-series/series-solutions-preview/","index, follow","A Preview of Series Solutions to Differential Equations | Unit 4B | Better Grades","Substitute a power series into a differential equation, match coefficients, and derive a recurrence for the solution. Part of Calculus II Unit 4B: Power Series and Taylor Series.","1","1","1","0","8776","66d38788b2fe0868a518f21db803c4770586493f507b56c5a92240f7dde58e9c","15","27bc852605ded077e64f17b657166668b54965f518701fea4515afe2ab42ba8c"
"/subjects/math/calculus/power-series-and-taylor-series/uniform-convergence-preview/","lesson","200","text/html; charset=utf-8","https://bettergrades.net/subjects/math/calculus/power-series-and-taylor-series/uniform-convergence-preview/","index, follow","Why Termwise Operations Need Uniform Control | Unit 4B | Better Grades","Distinguish pointwise from uniform convergence and understand why one shared tail bound supports termwise calculus operations. Part of Calculus II Unit 4B: Power Series and Taylor Series.","1","1","1","0","9531","52f3f0802464b1dc751be94f0b21f3a7534ef4f44d9529fa11758b95803d5a94","15","27bc852605ded077e64f17b657166668b54965f518701fea4515afe2ab42ba8c"
"/subjects/math/calculus/power-series-and-taylor-series/power-series-review/","lesson","200","text/html; charset=utf-8","https://bettergrades.net/subjects/math/calculus/power-series-and-taylor-series/power-series-review/","index, follow","Power Series Review | Unit 4B | Better Grades","Review power series review with connected concepts, test-selection guidance, worked reasoning, and exam preparation. Part of Calculus II Unit 4B: Power Series and Taylor Series.","1","1","0","0","4408","0cd981f847a27b8300ef0587d5079e9440702b0544c71031961a7e5b23a752fb","15","27bc852605ded077e64f17b657166668b54965f518701fea4515afe2ab42ba8c"
"/subjects/math/calculus/power-series-and-taylor-series/taylor-series-review/","lesson","200","text/html; charset=utf-8","https://bettergrades.net/subjects/math/calculus/power-series-and-taylor-series/taylor-series-review/","index, follow","Taylor Series Review | Unit 4B | Better Grades","Review taylor series review with connected concepts, test-selection guidance, worked reasoning, and exam preparation. Part of Calculus II Unit 4B: Power Series and Taylor Series.","1","1","0","0","4394","e6f00cfaae5bde35bd37c233398fa17fd6c08e8c0a2556574d6d9736c4166b1b","15","27bc852605ded077e64f17b657166668b54965f518701fea4515afe2ab42ba8c"
"/subjects/math/calculus/power-series-and-taylor-series/concept-quiz/","lesson","200","text/html; charset=utf-8","https://bettergrades.net/subjects/math/calculus/power-series-and-taylor-series/concept-quiz/","index, follow","Unit 4B Concept Quiz | Better Grades","Check your understanding with the Unit 4B Concept Quiz, covering definitions, theorem hypotheses, strategy, and common misconceptions.","1","1","0","0","6329","bbd5be0e82dbdfdf4d2713d5a42877593dc83af42318fe3a3db9d21f8b3e64bb","15","27bc852605ded077e64f17b657166668b54965f518701fea4515afe2ab42ba8c"
"/subjects/math/calculus/power-series-and-taylor-series/mixed-practice/","lesson","200","text/html; charset=utf-8","https://bettergrades.net/subjects/math/calculus/power-series-and-taylor-series/mixed-practice/","index, follow","Unit 4B Mixed Practice | Better Grades","Practice unit 4b mixed practice with structured problems that require method selection, justification, and error control. Part of Calculus II Unit 4B: Power Series and Taylor Series.","1","1","0","0","4968","8462631403aa60b5d438bf78c6ff286a1a279cb01e6a6d8236b2a6e2593c5a85","15","27bc852605ded077e64f17b657166668b54965f518701fea4515afe2ab42ba8c"
"/subjects/math/calculus/power-series-and-taylor-series/practice-exam-a/","lesson","200","text/html; charset=utf-8","https://bettergrades.net/subjects/math/calculus/power-series-and-taylor-series/practice-exam-a/","index, follow","Unit 4B Practice Exam A | Better Grades","Attempt Unit 4B Practice Exam A under exam conditions, then use the separate worked answer key to diagnose gaps.","1","1","0","0","5172","b89052728ac626325f6d0a9bc756b8a808e11161230b5931870426a0255e6805","15","27bc852605ded077e64f17b657166668b54965f518701fea4515afe2ab42ba8c"
"/subjects/math/calculus/power-series-and-taylor-series/practice-exam-a-answer-key/","lesson","200","text/html; charset=utf-8","https://bettergrades.net/subjects/math/calculus/power-series-and-taylor-series/practice-exam-a-answer-key/","index, follow","Unit 4B Practice Exam A Answer Key | Better Grades","Review complete answers and reasoning for Unit 4B Practice Exam A, including theorem choice and error justification.","1","1","0","0","5467","525a23a1da1d0e8d240f5204bd3fe4536c0745d3adc5c0ff47bcc69b5819e039","15","27bc852605ded077e64f17b657166668b54965f518701fea4515afe2ab42ba8c"
"/subjects/math/calculus/power-series-and-taylor-series/practice-exam-b/","lesson","200","text/html; charset=utf-8","https://bettergrades.net/subjects/math/calculus/power-series-and-taylor-series/practice-exam-b/","index, follow","Unit 4B Practice Exam B | Better Grades","Attempt Unit 4B Practice Exam B under exam conditions, then use the separate worked answer key to diagnose gaps.","1","1","0","0","5267","0bffadce423c1712a21cd617e85bbc0bf810e1efb87872313cad250b94860191","15","27bc852605ded077e64f17b657166668b54965f518701fea4515afe2ab42ba8c"
"/subjects/math/calculus/power-series-and-taylor-series/practice-exam-b-answer-key/","lesson","200","text/html; charset=utf-8","https://bettergrades.net/subjects/math/calculus/power-series-and-taylor-series/practice-exam-b-answer-key/","index, follow","Unit 4B Practice Exam B Answer Key | Better Grades","Review complete answers and reasoning for Unit 4B Practice Exam B, including theorem choice and error justification.","1","1","0","0","5817","9559e32ef7879b85ff147ee983919ada8e47379c385f0a38ec1695444f6ab569","15","27bc852605ded077e64f17b657166668b54965f518701fea4515afe2ab42ba8c"
"/subjects/math/calculus/power-series-and-taylor-series/reference-sheet/","lesson","200","text/html; charset=utf-8","https://bettergrades.net/subjects/math/calculus/power-series-and-taylor-series/reference-sheet/","index, follow","Unit 4B Reference Sheet | Better Grades","Use Unit 4B Reference Sheet as a concise reference for formulas, theorem hypotheses, decisions, and common errors.","1","1","0","0","4724","3d8b7422f34424865c1eba96c71ed3fb1783df3ade41d212ff5ecee51fab8abe","15","27bc852605ded077e64f17b657166668b54965f518701fea4515afe2ab42ba8c"
"/subjects/math/calculus/power-series-and-taylor-series/common-errors/","lesson","200","text/html; charset=utf-8","https://bettergrades.net/subjects/math/calculus/power-series-and-taylor-series/common-errors/","index, follow","Common Errors in Power and Taylor Series | Unit 4B | Better Grades","Use Common Errors in Power and Taylor Series as a concise reference for formulas, theorem hypotheses, decisions, and common errors. Part of Calculus II Unit 4B: Power Series and Taylor Series.","1","1","0","0","4545","6a891e63984d143cfcca4218cfa6ac629d7401ea17b18fc8007b6ab68a7fc3f2","15","27bc852605ded077e64f17b657166668b54965f518701fea4515afe2ab42ba8c"
"/subjects/math/algebra/expressions-equations/","subject-or-article","200","text/html; charset=utf-8","https://bettergrades.net/subjects/math/algebra/expressions-equations/","index, follow","Expressions & Equations Algebra resources | Better Grades","Translate algebraic structure, simplify without changing value, and solve equations with a reliable sequence of reversible moves.","1","1","0","0","3374","a3549d72a4cb6403bbe05e5184e5d397234cf07cb7633a4973299653166f21fc","2185","43e9500a43b611dfaadd085621199008358719a62772e426e2f0d9c9588e2c20"
"/subjects/math/algebra/linear-relationships/","subject-or-article","200","text/html; charset=utf-8","https://bettergrades.net/subjects/math/algebra/linear-relationships/","index, follow","Linear Relationships Algebra resources | Better Grades","Read slope as a rate, build equations from data, and connect tables, graphs, and formulas without treating them as separate topics.","1","1","0","0","3418","633ed8f6e3ed66fe4a9856077d285379050bcc75c8a7ba6eb11ad70cd233d74a","2232","d71c65a2de6777e948c6f58d3362f40485ee35596c748fb60cd07cfc1b83b196"
"/subjects/math/algebra/systems-inequalities/","subject-or-article","200","text/html; charset=utf-8","https://bettergrades.net/subjects/math/algebra/systems-inequalities/","index, follow","Systems & Inequalities Algebra resources | Better Grades","Solve simultaneous conditions, choose an efficient method, and describe whole solution regions instead of isolated numbers.","1","1","0","0","3347","89235b299cd9f5a6059e10a2620389d8ac87e385514afd7a5c69c85dd5b0bc37","2159","457fe07744b6bc017b0037be34516d38cf11891bf7cb8821826fd87604c30934"
"/subjects/math/algebra/polynomials-factoring/","subject-or-article","200","text/html; charset=utf-8","https://bettergrades.net/subjects/math/algebra/polynomials-factoring/","index, follow","Polynomials & Factoring Algebra resources | Better Grades","Control exponents, multiply cleanly, and recognize the factor patterns that make higher-degree algebra manageable.","1","1","0","0","3346","6b4f6445205b7d05d58e632a2dafca24ab74361b0c10b6c32565f2ecc3aaf98c","2157","f9cdb4d557a02871050a8a0f2b3d1bc905d0995ab68fc5c6424ed4ae05b7352f"
"/subjects/math/algebra/rational-expressions/","subject-or-article","200","text/html; charset=utf-8","https://bettergrades.net/subjects/math/algebra/rational-expressions/","index, follow","Rational Expressions Algebra resources | Better Grades","Track restrictions, simplify factors legally, combine fractions, and solve equations without losing excluded values.","1","1","0","0","3390","7f7b3d6e2eb95c3f482fdbcf5bc1805e8c309dbf3307fbf84ae347f010b87e68","2204","a9f35d48add8a2a2fdf731f4dcdeb0699e439a9fe63fd194d0ce3ddae32bbc3b"
"/subjects/math/algebra/radicals-exponents-functions/","subject-or-article","200","text/html; charset=utf-8","https://bettergrades.net/subjects/math/algebra/radicals-exponents-functions/","index, follow","Radicals, Exponents & Functions Algebra resources | Better Grades","Move between radical and exponent notation, solve carefully, and use function language to describe inputs, outputs, and inverses.","1","1","0","0","3387","31ab52fc04a7b748b8a8a1a98537c6efedb479b445c08e01790d272928023e0c","2190","9f880aedbff75e4d9bb2a472df0d6f4cbf9f3be81ec371e5d1c64f87f2806e10"
"/subjects/math/calculus/limits-continuity/","subject-or-article","200","text/html; charset=utf-8","https://bettergrades.net/subjects/math/calculus/limits-continuity/","index, follow","Limits & Continuity Calculus resources | Better Grades","How functions behave near a point, when substitution is legal, and what continuity actually promises.","1","1","0","0","8082","d0278c92dc90f01b135a53eee83b91469bec84aa4308e22dbb4ec5f34e323a2c","6896","95db3f84ada32a9e91ea2a39be36c0ab47ebe172ba8d744271998b79e5775ae9"
"/subjects/math/calculus/integration-techniques/","subject-or-article","200","text/html; charset=utf-8","https://bettergrades.net/subjects/math/calculus/integration-techniques/","index, follow","Integration Techniques Calculus resources | Better Grades","Choose an antiderivative strategy from the structure of the integrand instead of guessing from a list.","1","1","0","0","4709","9fbdf5b0472fdabc6aca42663076ded38dce536a56a78f93f5a919fc5831005b","3520","7a55a8c41970569fc348c2d4256b150d8180187a5311a00430159cdb6c8f9723"
"/subjects/math/algebra/expressions-equations/order-of-operations-with-variables/","subject-or-article","200","text/html; charset=utf-8","https://bettergrades.net/subjects/math/algebra/expressions-equations/order-of-operations-with-variables/","index, follow","Order of operations with variables: what actually comes first? | Better Grades","Parentheses and exponents set the structure; multiplication, division, addition, and subtraction then move left to right within their own level.","1","1","0","0","4981","12e847eea3d007c5145ef5a361a96cb77f2fa381982435dd5a4eefa1d81b3b6f","3151","719c7d74cefa78f869bbe30882fc344c84061128cfabef2d9957b3d7496b5fe1"
"/subjects/math/algebra/expressions-equations/combining-like-terms/","subject-or-article","200","text/html; charset=utf-8","https://bettergrades.net/subjects/math/algebra/expressions-equations/combining-like-terms/","index, follow","Combining like terms without combining things that only look alike | Better Grades","Terms combine only when their variable parts match exactly. The coefficients change; the variable structure does not.","1","1","0","0","4635","66fbf49a979e4f88ded93cc56c78d94789481959ac01d4b847fc8ab190e228b1","2801","c59ce54f64d4e481c3f32d060803432f8c56dbae9f53a6a341bdf414e6cab575"
"/subjects/math/algebra/expressions-equations/distributive-property/","subject-or-article","200","text/html; charset=utf-8","https://bettergrades.net/subjects/math/algebra/expressions-equations/distributive-property/","index, follow","The distributive property: why the outside factor reaches every term | Better Grades","Distribution is multiplication across a sum. It expands an expression without changing its value—and it works in reverse when factoring.","1","1","0","0","4672","66f527b7d495b8f751a1f10d428bec94632804e0f2d13a22eaa244729bdeabfc","2836","d8517d2c6154e0f175bf5a36b11fca7124d74bc60f2f45c55440a2bb4e463a26"
"/subjects/math/algebra/expressions-equations/solving-linear-equations/","subject-or-article","200","text/html; charset=utf-8","https://bettergrades.net/subjects/math/algebra/expressions-equations/solving-linear-equations/","index, follow","Solving linear equations: keep the balance, not a bag of tricks | Better Grades","An equation stays true when the same legal operation is applied to both sides. Simplify, isolate, and check.","1","1","0","0","4701","63487b83a67c092df4f7c7d35165ed3459dd406e75d28cda976d279b924e510c","2870","25005bfe940d05a20e02310b1c04473a1ffa0c6cc70d5b94c631503b5192400b"
"/subjects/math/algebra/expressions-equations/variables-on-both-sides/","subject-or-article","200","text/html; charset=utf-8","https://bettergrades.net/subjects/math/algebra/expressions-equations/variables-on-both-sides/","index, follow","Variables on both sides: which side should you move them to? | Better Grades","Either side can work. Choose the direction that keeps the variable coefficient positive and the arithmetic easy to audit.","1","1","0","0","4828","537972bd9a2af938563828c805f3db44f2bbb081070128d6149ea0598a40309d","3000","0e6a0cde2cfc206a42e66141ae57938820a3979d4f1e7dfa692fedc8aa53cd29"
"/subjects/math/algebra/linear-relationships/slope-as-rate-of-change/","subject-or-article","200","text/html; charset=utf-8","https://bettergrades.net/subjects/math/algebra/linear-relationships/slope-as-rate-of-change/","index, follow","Slope is a rate of change, not just rise over run | Better Grades","Slope measures how much the output changes for each one-unit change in the input. Its sign, size, and units all carry meaning.","1","1","0","0","4801","d565c383863e63cdf67d23e151b3e53885ba615efd77a7933bdca3cf201b79a2","2911","3304b14b743961f0a639951445df547d07ec39065881c81f9d6a3af2fda27e3e"
"/subjects/math/algebra/linear-relationships/equation-from-two-points/","subject-or-article","200","text/html; charset=utf-8","https://bettergrades.net/subjects/math/algebra/linear-relationships/equation-from-two-points/","index, follow","How to write a line equation from two points | Better Grades","Find the slope first, anchor it to either point, then convert forms only if the problem needs a different presentation.","1","1","0","0","4716","eb35f0f57be36cee31b35788e23d80fab15b84286fcfbe3701fcc6cefac7e16d","2831","3457c6d9a686a83268b2d5fc64d0fea0131380a87942b4321531f6ea7c7001c5"
"/subjects/math/algebra/linear-relationships/point-slope-vs-slope-intercept/","subject-or-article","200","text/html; charset=utf-8","https://bettergrades.net/subjects/math/algebra/linear-relationships/point-slope-vs-slope-intercept/","index, follow","Point-slope or slope-intercept form: which should you use? | Better Grades","Use point-slope form when a point and slope are given; use slope-intercept form when the intercept or a quick graph is the main goal.","1","1","0","0","4849","51c252b6f7533e2e1d719da5326fd15ee019e0e6f24837b92066a3b7f34bc466","2950","5d38132e4be4457ddc5436d6021320f94010da3649648e6cad925c03149acdef"
"/subjects/math/algebra/linear-relationships/parallel-perpendicular-lines/","subject-or-article","200","text/html; charset=utf-8","https://bettergrades.net/subjects/math/algebra/linear-relationships/parallel-perpendicular-lines/","index, follow","Parallel and perpendicular slopes, with the vertical-line exception | Better Grades","Parallel nonvertical lines share a slope. Perpendicular nonvertical lines have slopes whose product is −1—but vertical and horizontal lines need separate language.","1","1","0","0","4797","a375a771b6bf49e5f8f9fa842573d29ae8526c24452ab3c9b4aa796932d9bfd8","2889","ba9d231890bd68a60db6be121bc918a992a29892d3dd1ebecb0fea76eb73594e"
"/subjects/math/algebra/linear-relationships/interpreting-linear-models/","subject-or-article","200","text/html; charset=utf-8","https://bettergrades.net/subjects/math/algebra/linear-relationships/interpreting-linear-models/","index, follow","What do slope and intercept mean in a linear model? | Better Grades","The intercept is the modeled output at input zero; the slope is the predicted change in output per unit of input. Context decides whether either interpretation is sensible.","1","1","0","0","4932","ded59881668428dd286ce8eacd38cfaa245269d9858d049921954b30ff473919","3040","cffd7671066a4fc28a8e56169efa150123f900ba99f4b77d86a6926a4bba7afe"
"/subjects/math/algebra/systems-inequalities/choosing-system-method/","subject-or-article","200","text/html; charset=utf-8","https://bettergrades.net/subjects/math/algebra/systems-inequalities/choosing-system-method/","index, follow","Graphing, substitution, or elimination: which system method fits? | Better Grades","Choose from the equation structure: graph when the intersection matters visually, substitute when a variable is already isolated, and eliminate when coefficients align.","1","1","0","0","5087","25cf83bcef5781798012e6edff7b8a324d7dc0e202e46dc36e1180194c2d0c92","3024","dd625802f806af771d114d7584c19cb595b2bca4ec8f2c4d67f1d631983607b9"
"/subjects/math/algebra/systems-inequalities/substitution-systems/","subject-or-article","200","text/html; charset=utf-8","https://bettergrades.net/subjects/math/algebra/systems-inequalities/substitution-systems/","index, follow","Solving systems by substitution | Better Grades","Replace one variable with an equal expression, solve the resulting one-variable equation, then recover and verify the second coordinate.","1","1","0","0","4827","ec02b8e0064b613b25738721d197796817c7597da3cec641ec5925b60e38dc7d","2798","8902757cc3397e45dedfeacd09fe1fd0127b9aa1b46b56043d3a8ed9a3c6c574"
"/subjects/math/algebra/systems-inequalities/elimination-systems/","subject-or-article","200","text/html; charset=utf-8","https://bettergrades.net/subjects/math/algebra/systems-inequalities/elimination-systems/","index, follow","Solving systems by elimination | Better Grades","Align like terms, create opposite coefficients, add the equations, and recover the variable that was deliberately removed.","1","1","0","0","4829","3e0063863024b6f447fe1b997d41840227e168ca849dc7d1516f89e7125b8bec","2801","0e007b1125977497e6c3c95ea6a0f0fa9bd227145976304045c285ae3a1bb8e2"
"/subjects/math/algebra/systems-inequalities/no-one-infinite-solutions/","subject-or-article","200","text/html; charset=utf-8","https://bettergrades.net/subjects/math/algebra/systems-inequalities/no-one-infinite-solutions/","index, follow","One solution, no solution, or infinitely many? | Better Grades","For two linear equations, the coefficient pattern determines whether the graphs intersect once, never meet, or are actually the same line.","1","1","0","0","4991","28062cd94d7f2917aba07ea1caed347c36f03bdaec103fdd6c8f00d385d49537","2947","8719363505b3469880b61946d82f01b3ec49fed9417337033948ee05ffcd173b"
"/subjects/math/algebra/systems-inequalities/compound-inequalities/","subject-or-article","200","text/html; charset=utf-8","https://bettergrades.net/subjects/math/algebra/systems-inequalities/compound-inequalities/","index, follow","Compound inequalities: and, or, and the sign flip | Better Grades","Solve each condition, reverse the inequality only when multiplying or dividing by a negative, then combine by intersection or union.","1","1","0","0","4535","00b210bedaa0a1c81cf11b6bec5a2e81e43c6331c7cdd3c8bb2ab47b790f9c8c","2488","222bc3e47ca6b073f4adc876764af04c9f0f71fcf979f5a4acd44db45f9f926b"
"/subjects/math/algebra/polynomials-factoring/exponent-rules/","subject-or-article","200","text/html; charset=utf-8","https://bettergrades.net/subjects/math/algebra/polynomials-factoring/exponent-rules/","index, follow","Exponent rules that come from counting factors | Better Grades","The rules are compressed descriptions of repeated multiplication. Knowing where they come from prevents powers from spreading across sums illegally.","1","1","0","0","4837","2b089bb04b1207e91030faddd59790e16a566965eec716fb65bfe216c9309426","2858","cb64e2cafb8ebce5ca6a1462407eca9e5dd8095b55a2bbbd6f56ae7f8db2767f"
"/subjects/math/algebra/polynomials-factoring/multiply-polynomials/","subject-or-article","200","text/html; charset=utf-8","https://bettergrades.net/subjects/math/algebra/polynomials-factoring/multiply-polynomials/","index, follow","Multiplying polynomials without losing a term | Better Grades","Every term in one factor multiplies every term in the other. Organize the products, then combine like terms once.","1","1","0","0","4744","ac0b101463d03ecde6bf4597fc1b50a641fd0f404a9b22eb0fcf4423ec122f08","2766","114bf737d219a9c429c341fd13840ec31e5e2535600498b51ef7411fe0ac5469"
"/subjects/math/algebra/polynomials-factoring/greatest-common-factor/","subject-or-article","200","text/html; charset=utf-8","https://bettergrades.net/subjects/math/algebra/polynomials-factoring/greatest-common-factor/","index, follow","Factor the greatest common factor before anything fancy | Better Grades","The GCF is the largest expression dividing every term. Removing it first exposes the smaller polynomial that actually needs attention.","1","1","0","0","4931","b264073a3035de16aad19be8c9c8ce2fcd4887d7ef44a80ac81c4fbeb480dadd","2943","d6564cb0ce69ae31e50736661af92bc022cff5082e73a5df132363cee715f9a2"
"/subjects/math/algebra/polynomials-factoring/factoring-trinomials/","subject-or-article","200","text/html; charset=utf-8","https://bettergrades.net/subjects/math/algebra/polynomials-factoring/factoring-trinomials/","index, follow","Factoring trinomials: use product and sum, not random guessing | Better Grades","For x² + bx + c, find two numbers with product c and sum b. For ax² + bx + c, split the middle term using product ac.","1","1","0","0","5000","912f0ca13878656ac6fd65f04375c76b07c987acb71fd2246e8e1f4a9c216a93","3005","5e2807810071464b21f0dc9be4cdfc58bcc9a1c236de9c0e53b274ec6d5236ca"
"/subjects/math/algebra/polynomials-factoring/special-factor-patterns/","subject-or-article","200","text/html; charset=utf-8","https://bettergrades.net/subjects/math/algebra/polynomials-factoring/special-factor-patterns/","index, follow","Difference of squares or perfect-square trinomial? | Better Grades","Recognize the pattern from term count, signs, square roots, and the middle coefficient—then expand to confirm rather than trusting appearance alone.","1","1","0","0","5079","da33647ab20d486127c6f6e732a508e2f4eecc5206066eaaac13b5133d80167e","3096","8c2b37ec47cd9c40269a319b576ff70f5a4a3b2ec43734098786e3a41e92590f"
"/subjects/math/algebra/rational-expressions/rational-domain-restrictions/","subject-or-article","200","text/html; charset=utf-8","https://bettergrades.net/subjects/math/algebra/rational-expressions/rational-domain-restrictions/","index, follow","Domain restrictions in rational expressions | Better Grades","A rational expression is undefined wherever its original denominator is zero. Simplifying the formula does not restore an excluded input.","1","1","0","0","4967","365389d950cff72f662b5b6a380cd81054f7be1b56543f4ad8d7b9b20f0d82fd","3035","85d3aa4502680e8d85fafa27b1709611126c84e2a55d6cf968b4862d550b09ac"
"/subjects/math/algebra/rational-expressions/simplifying-rational-expressions/","subject-or-article","200","text/html; charset=utf-8","https://bettergrades.net/subjects/math/algebra/rational-expressions/simplifying-rational-expressions/","index, follow","Simplifying rational expressions by factors, not by terms | Better Grades","Factor completely, record excluded inputs, and cancel common factors. Individual terms separated by addition cannot be canceled.","1","1","0","0","4739","64dc5be0ae6db1802b46b158e897045644de54cf81e7a0b6ab4a8c95ed64a4b8","2793","d270e83a4d0bb3b82fd3d7465aa590b203190da0a378de7eb4eb12349b9f7f4f"
"/subjects/math/algebra/rational-expressions/add-subtract-rational-expressions/","subject-or-article","200","text/html; charset=utf-8","https://bettergrades.net/subjects/math/algebra/rational-expressions/add-subtract-rational-expressions/","index, follow","Adding and subtracting rational expressions | Better Grades","Factor denominators, build the least common denominator, rewrite every numerator, then combine while preserving restrictions.","1","1","0","0","4879","bf5664a6c08b0df53cdf3ec44d1deaf63317f0ee14ba93d1deed41670a23a64d","2947","ee9867128ad4465c6a3d4cb6f8de6a1d099bdee1968618ac3979182e7d66de7d"
"/subjects/math/algebra/rational-expressions/solving-rational-equations/","subject-or-article","200","text/html; charset=utf-8","https://bettergrades.net/subjects/math/algebra/rational-expressions/solving-rational-equations/","index, follow","Solving rational equations without accepting forbidden answers | Better Grades","List restrictions, multiply every term by the least common denominator, solve the resulting equation, and reject candidates outside the original domain.","1","1","0","0","4829","626ee41cc92ff42caccacece1d7f63631b1bc8bbd970cf7284237df6a9e582a8","2878","28648432c91ee72318a6a211f8fda72f64073fe4f6995c3ef547a98ec1e6d8e6"
"/subjects/math/algebra/rational-expressions/direct-inverse-variation/","subject-or-article","200","text/html; charset=utf-8","https://bettergrades.net/subjects/math/algebra/rational-expressions/direct-inverse-variation/","index, follow","Direct or inverse variation: which model matches the relationship? | Better Grades","Direct variation keeps a constant ratio y/x; inverse variation keeps a constant product xy. The data pattern decides the model.","1","1","0","0","4723","65799625bc0aca1cd8f9c98d1adf81e7a28e983a9bbf86478ed490fab8f6619c","2768","4d724a668cabadcd3b9716d4587192eb9b27af09e6108760abc6e84b7080da39"
"/subjects/math/algebra/radicals-exponents-functions/simplifying-radicals/","subject-or-article","200","text/html; charset=utf-8","https://bettergrades.net/subjects/math/algebra/radicals-exponents-functions/simplifying-radicals/","index, follow","Simplifying radicals by pulling out perfect powers | Better Grades","Factor the radicand into a perfect power times what remains. Pull only complete groups through the radical bar.","1","1","0","0","4483","9e58635dc411350a126ea04da52902043209d0dfa93ace72acb182461a4d7f25","2654","c35e3c5589c07c607f7514e38d6be209ff31b1a671d339a889319d918b02cff6"
"/subjects/math/algebra/radicals-exponents-functions/solving-radical-equations/","subject-or-article","200","text/html; charset=utf-8","https://bettergrades.net/subjects/math/algebra/radicals-exponents-functions/solving-radical-equations/","index, follow","Solving radical equations and checking for extraneous roots | Better Grades","Isolate one radical, raise both sides to the matching power, solve, and check every candidate in the original equation.","1","1","0","0","4620","954ac2feee7372fe6d2f36843afbe0b2876b42e7cecc250a9b5014ee8594c016","2782","a76b0ed4825121f473d5fc6f718fd732cc2352d14c15e8443655d8642ef4dd47"
"/subjects/math/algebra/radicals-exponents-functions/rational-exponents/","subject-or-article","200","text/html; charset=utf-8","https://bettergrades.net/subjects/math/algebra/radicals-exponents-functions/rational-exponents/","index, follow","Rational exponents: the bridge between powers and roots | Better Grades","The denominator names the root and the numerator names the power. This notation lets radical expressions use the ordinary exponent rules.","1","1","0","0","4611","5d2b1762d623b9a6a741e480eda0e06f67f7845f2b67a6c9df4153c127bda6b5","2777","82c9bd9500f2fd600aa1ccb50e8e928a8dfb47c2034d729b8ce326f81e17a680"
"/subjects/math/algebra/radicals-exponents-functions/function-notation/","subject-or-article","200","text/html; charset=utf-8","https://bettergrades.net/subjects/math/algebra/radicals-exponents-functions/function-notation/","index, follow","Function notation: inputs, outputs, and what f(x) does not mean | Better Grades","f(x) names the output of function f at input x. The parentheses indicate evaluation, not multiplication.","1","1","0","0","4763","621a29c0f172f0ecbd49c384b08c2eb69ae5a8979b38c881af807d437156e571","2921","2ad2c2a3741e07380de7958b1629cccd0dead2add2d5ded99332674f88eb7a31"
"/subjects/math/algebra/radicals-exponents-functions/inverse-functions-vs-reciprocals/","subject-or-article","200","text/html; charset=utf-8","https://bettergrades.net/subjects/math/algebra/radicals-exponents-functions/inverse-functions-vs-reciprocals/","index, follow","Inverse function or reciprocal? The −1 notation has two different jobs | Better Grades","f⁻¹ reverses a function's input-output pairing; 1/f takes reciprocal outputs. They are generally different operations.","1","1","0","0","4737","6fffa034bd11b018c8a29eb71cffebbcd974b7d0624ed5eebfe161e013ce05d3","2888","f96988fe229ab5e323c8be3b5b1a89aa54c3300b956bf7d55698afa793bfd542"
"/subjects/math/algebra/expressions-equations/evaluating-expressions-by-substitution/","subject-or-article","200","text/html; charset=utf-8","https://bettergrades.net/subjects/math/algebra/expressions-equations/evaluating-expressions-by-substitution/","index, follow","Evaluating algebraic expressions by substitution | Better Grades","Replace every occurrence of the variable, preserve the expression's grouping, and simplify only after the substitution is complete.","1","1","0","0","4906","3a6da693f407fc75d6a4878c1ac794e59a7ee8686bc11e81e555427dd3f5b1c2","3090","b341f6e0756bee9db0ce216f2c40950ccdba8f917d51c8de394f98dd70a5e936"
"/subjects/math/algebra/linear-relationships/graphing-linear-equations-from-standard-form/","subject-or-article","200","text/html; charset=utf-8","https://bettergrades.net/subjects/math/algebra/linear-relationships/graphing-linear-equations-from-standard-form/","index, follow","Graphing a linear equation from standard form | Better Grades","Use intercepts when they are clean, or solve for y when slope and vertical change are more informative.","1","1","0","0","4938","ed827a2e43afed09cdccb21cf53dca6c3b8aba5eeb8c4d89add3168560f97422","3052","abe1d7eed215be95bc164283462e6e9acd7a2245a2e733e63e5236e9e52355ec"
"/subjects/math/algebra/systems-inequalities/graphing-linear-inequalities/","subject-or-article","200","text/html; charset=utf-8","https://bettergrades.net/subjects/math/algebra/systems-inequalities/graphing-linear-inequalities/","index, follow","Graphing linear inequalities in two variables | Better Grades","Draw the boundary, decide whether it belongs to the solution, then test a point to choose the correct half-plane.","1","1","0","0","5121","4499e4bd2bd3c31b98913b1a0617d8ca38d03f74a488296b4465acd1d243fbde","3078","764fafe74beb7fe313f1c48738e3c20da797ffb7549ea8a082689293f988c3fb"
"/subjects/math/algebra/polynomials-factoring/completing-the-square/","subject-or-article","200","text/html; charset=utf-8","https://bettergrades.net/subjects/math/algebra/polynomials-factoring/completing-the-square/","index, follow","Completing the square without guessing | Better Grades","Add the exact term that turns a quadratic expression into a perfect-square trinomial, while preserving the equation's value.","1","1","0","0","4916","270b5ad30c6dcc8180bc6cddd93ee258782a109325603443c410148eb654e3f5","2945","59af09bae91bdcde5246bdec3c128c87e3fe075b9a0df0e78d40a0e68ae1d4b2"
"/subjects/math/algebra/rational-expressions/simplifying-complex-rational-expressions/","subject-or-article","200","text/html; charset=utf-8","https://bettergrades.net/subjects/math/algebra/rational-expressions/simplifying-complex-rational-expressions/","index, follow","Simplifying complex rational expressions | Better Grades","Treat the stacked fraction as division, state every original restriction, and clear the small denominators with one common multiplier.","1","1","0","0","5105","75461dd68d1a99525a12f1301c6a9a2b767fab7d5a6488769dacc64d0cf8ab8f","3176","4bb6fd7bf4a72524ed1d67942827be0ea8b11c23d711e80a1a4931f256273a55"
"/subjects/math/algebra/radicals-exponents-functions/exponential-growth-and-decay/","subject-or-article","200","text/html; charset=utf-8","https://bettergrades.net/subjects/math/algebra/radicals-exponents-functions/exponential-growth-and-decay/","index, follow","Exponential growth and decay: reading the model | Better Grades","Separate the starting amount from the repeated growth factor, then connect each parameter to a real change per time interval.","1","1","0","0","4760","1773a12fc715dd9bd27f1d3808f334e641b7f06ec308e4661301087e3b9897a2","2934","f450bfaefdf19067c0704e6364142def49537d6b2f05a090120df5f9cf532526"
"/subjects/math/calculus/limits-continuity/limit-of-sin-x-over-x/","subject-or-article","200","text/html; charset=utf-8","https://bettergrades.net/subjects/math/calculus/limits-continuity/limit-of-sin-x-over-x/","index, follow","Why is the limit of sin x over x equal to 1? | Better Grades","A foundational limit whose real proof comes from geometry, not from plugging in zero and hoping.","1","1","0","0","4886","05d98809baccf604da5e4d7c38da73057cf04303a453624849b8837f2e5d60bd","2814","11f85ef002639c35cfe11ad43b22376f7a3a1d0c3802aa7eb3166a26ac34e91f"
"/subjects/math/calculus/limits-continuity/evaluating-indeterminate-limits/","subject-or-article","200","text/html; charset=utf-8","https://bettergrades.net/subjects/math/calculus/limits-continuity/evaluating-indeterminate-limits/","index, follow","How to evaluate an indeterminate limit | Better Grades","A decision process for 0/0 and ∞/∞ that starts with algebra before reaching for a theorem.","1","1","0","0","4782","7b1dbbb7d52394c7e96e6795748c90af99be0ad4119b140affa4e08423624573","2716","ee9cae2ee217e14a43c32ae018b9c22c2dddb69dc66aa99e5f4dce4731a016ca"
"/subjects/math/calculus/limits-continuity/continuity-at-a-point/","subject-or-article","200","text/html; charset=utf-8","https://bettergrades.net/subjects/math/calculus/limits-continuity/continuity-at-a-point/","index, follow","What continuity at a point really requires | Better Grades","Three conditions, one precise promise: nearby inputs produce nearby outputs without a break at the point.","1","1","0","0","4758","38feaeb69c79b1e4ff94d147f50f1fb0186783b5747965350bc8e20ebf1d4583","2688","f05b7c640ca7f3abdda8d10031d3b94f70f15b1d587f4fd3bae23a4a21fb0ef4"
"/subjects/math/calculus/limits-continuity/squeeze-theorem/","subject-or-article","200","text/html; charset=utf-8","https://bettergrades.net/subjects/math/calculus/limits-continuity/squeeze-theorem/","index, follow","How and when to use the Squeeze Theorem | Better Grades","Trap a difficult function between two easier functions that are forced to meet at the same limit.","1","1","0","0","4801","2ea76ec06379bc3962732a3fd63b7b2e3d1653997345310f6c0b40d668abae61","2734","c2daf6b8f8fe9063db2a29e08afecdadba12eb3ca76e11db241441b95a1ea093"
"/subjects/math/calculus/limits-continuity/infinite-limits-and-asymptotes/","subject-or-article","200","text/html; charset=utf-8","https://bettergrades.net/subjects/math/calculus/limits-continuity/infinite-limits-and-asymptotes/","index, follow","Infinite limits and vertical asymptotes | Better Grades","Infinity describes unbounded behavior, not a number a function eventually reaches.","1","1","0","0","4806","e02507f586e18ee0f07f83d4be8eddcb93783703f131c5b1ea8db959a4139ff1","2739","7e2649b2f4b91caca9a89e529bbc314451ebddcb2e4cc439b9390d124f1c125f"
"/subjects/math/calculus/derivatives/derivative-of-x-to-the-x/","lesson","200","text/html; charset=utf-8","https://bettergrades.net/subjects/math/calculus/derivatives/derivative-of-x-to-the-x/","index, follow","What is the derivative of x to the x? | Unit 2A | Better Grades","The base and exponent both vary, so neither the ordinary power rule nor the simple exponential rule works alone. Part of Calculus I Unit 2A: Derivative Foundations and Techniques.","1","1","0","0","5779","2eaecf83b40205587e5bdca505bd0aa77826424047e5da458d29fcd0d38feb04","3640","0def50617584dba142c0e5ad960a0efe9dc035a61e5b376f8c71dbc7ffa3966d"
"/subjects/math/calculus/derivatives/chain-rule/","lesson","200","text/html; charset=utf-8","https://bettergrades.net/subjects/math/calculus/derivatives/chain-rule/","index, follow","The Chain Rule as a structure-reading skill | Unit 2A | Better Grades","Differentiate the outside function, keep the inside intact, then multiply by the inside rate. Part of Calculus I Unit 2A: Derivative Foundations and Techniques.","1","1","0","0","5863","91f37ec7eb2e36f39aaefabbc80d5f5ad2fa754b1d80643b5acf21888d1a09b3","3718","7afdeff1ea4173076f8b31352900dd90492afd06dad2b2acc4af1424f18b3623"
"/subjects/math/calculus/derivatives/product-rule-vs-quotient-rule/","lesson","200","text/html; charset=utf-8","https://bettergrades.net/subjects/math/calculus/derivatives/product-rule-vs-quotient-rule/","index, follow","Product Rule or Quotient Rule? | Unit 2A | Better Grades","Choose the derivative rule from the top-level operation—and simplify first when algebra can remove the choice entirely. Part of Calculus I Unit 2A: Derivative Foundations and Techniques.","1","1","0","0","5904","61812a4c035a3321b859b027e17e5d06cd43b92e4c33a84bc8e5bab2ebdbaa89","3772","c37e2a1c944d941cefc101161c20cbd1ae27746e9abae1bdbba080260e678112"
"/subjects/math/calculus/derivative-applications/related-rates/","lesson","200","text/html; charset=utf-8","https://bettergrades.net/subjects/math/calculus/derivative-applications/related-rates/","index, follow","Related rates: translate the geometry before differentiating | Unit 2B | Better Grades","Connect changing quantities with one equation, differentiate with respect to time, and substitute only after the rates appear. Part of Calculus I Unit 2B: Applications of Derivatives.","1","1","0","0","6119","757eedf5fc8baf6a0df527fa7adf58c439f79e259fceffe4c18d1b2743f7c968","4000","12d50ebb7468cc12a4db2636d9c6aa25a4b1b9ecf5fc29ca79c6cbcfcfeb7754"
"/subjects/math/calculus/derivative-applications/optimization/","lesson","200","text/html; charset=utf-8","https://bettergrades.net/subjects/math/calculus/derivative-applications/optimization/","index, follow","A calculus optimization workflow that does not skip the model | Unit 2B | Better Grades","Turn a word problem into one objective function, then use calculus and endpoint checks to justify the best feasible value. Part of Calculus I Unit 2B: Applications of Derivatives.","1","1","0","0","6113","b1194b9b8a3c883214ef4ef3e46a6f6058d191c422d53263c855b8c247c25674","3993","57977a1d6249eb4e85c9860da0d84ecd62a2852fedd804d9c844d64a4156e93f"
"/subjects/math/calculus/derivative-applications/linear-approximation/","lesson","200","text/html; charset=utf-8","https://bettergrades.net/subjects/math/calculus/derivative-applications/linear-approximation/","index, follow","Linear approximation: use the tangent line as a local calculator | Unit 2B | Better Grades","Near a known input, a smooth function behaves like its tangent line—and the derivative measures the approximation’s sensitivity. Part of Calculus I Unit 2B: Applications of Derivatives.","1","1","0","0","5990","3596f62d7b552dcc8d2319bdc72e2c75c98abe254448a9170df9fa425b0cb4a9","3867","fec066178af2eb907412ce30cfa214f1e24067718fab5f17445cbad4e3165542"
"/subjects/math/calculus/derivative-applications/curve-sketching-from-derivatives/","lesson","200","text/html; charset=utf-8","https://bettergrades.net/subjects/math/calculus/derivative-applications/curve-sketching-from-derivatives/","index, follow","Curve sketching from first and second derivatives | Unit 2B | Better Grades","Build a graph from domain, intercepts, asymptotes, monotonicity, extrema, concavity, and end behavior—in that order. Part of Calculus I Unit 2B: Applications of Derivatives.","1","1","0","0","6088","cead7a64f6dd3b464b16adba1ef9ad8e2543d076dd0ab429b820e2089974ad2f","3980","f1748ef71f4f0ff1e7eec3c5ce557f4ef6bf360dc6765bfcf426386027a1546e"
"/subjects/math/calculus/integration-techniques/u-substitution/","subject-or-article","200","text/html; charset=utf-8","https://bettergrades.net/subjects/math/calculus/integration-techniques/u-substitution/","index, follow","u-substitution as the reverse Chain Rule | Better Grades","Replace a repeated inner expression and its derivative with one variable so the antiderivative’s structure becomes visible.","1","1","0","0","5597","3827cf6fc9f885a179ad356ac6fba0c793d5ecfde196b4c1d3dbf1b1605e4e28","3527","906a17388ff7eafd56a83e1f99dc0d3771bb9cab6a2bf5b3a7d51ecff463a30f"
"/subjects/math/calculus/integration-techniques/trigonometric-integrals/","subject-or-article","200","text/html; charset=utf-8","https://bettergrades.net/subjects/math/calculus/integration-techniques/trigonometric-integrals/","index, follow","How to choose an identity for a trigonometric integral | Better Grades","The parity of sine, cosine, secant, and tangent powers tells you what to save and what to convert.","1","1","0","0","5704","b80e36d6ecb02b3797a132fee37ef1cbf7a3bdbdde841d51e595fb752d2ab282","3620","6659e1ea63c7c3402503df7c5eb9e7bb575e4cf7a96c74c09beeef198ee571f3"
"/subjects/math/calculus/integration-techniques/partial-fractions/","subject-or-article","200","text/html; charset=utf-8","https://bettergrades.net/subjects/math/calculus/integration-techniques/partial-fractions/","index, follow","Partial fractions: decompose before integrating | Better Grades","Turn a proper rational function into simpler fractions whose antiderivatives are logarithmic or inverse-trigonometric.","1","1","0","0","5776","9848c15683db10bc2fba0cb1ae080bb9e9bc9cab89d2e1e6b41b3cedd5fe93f7","3699","463b1cfd5b76a82f4bcae11c4cb33f31479abdbb9e8d9834f638e2ee7d27726b"
"/subjects/math/calculus/integration-techniques/trigonometric-substitution/","subject-or-article","200","text/html; charset=utf-8","https://bettergrades.net/subjects/math/calculus/integration-techniques/trigonometric-substitution/","index, follow","Choosing the right trigonometric substitution | Better Grades","Match a quadratic radical to a Pythagorean identity so the square root simplifies instead of becoming worse.","1","1","0","0","5588","d0ab0ab385a39fb298caae5df742b09f1071cc98bedd41f11157aeaf574a22ee","3513","1aa9f704656c594747db157760e9c7abb0778d5b0d158656e1393fc78c661423"
"/subjects/math/calculus/integration-techniques/improper-integrals/","subject-or-article","200","text/html; charset=utf-8","https://bettergrades.net/subjects/math/calculus/integration-techniques/improper-integrals/","index, follow","Improper integrals are limits, not unusual notation | Better Grades","Replace infinite bounds or unbounded integrands with limits before evaluating, then decide whether the result converges.","1","1","0","0","5698","027614d7f02b3e95b4d4f07f1583698cfa5f403ff401b8649cb236d467d707ce","3617","0cc6b7515bf36a87b662ef22896bc2ea2f0f3cf044f0fdb336efaea21e77990e"
"/subjects/math/calculus/integration-applications/washer-vs-shell/","lesson","200","text/html; charset=utf-8","https://bettergrades.net/subjects/math/calculus/integration-applications/washer-vs-shell/","index, follow","Washer method or shell method? | Unit 3B | Better Grades","Choose slices by geometry: perpendicular slices create washers, parallel slices create cylindrical shells. Part of Calculus I Unit 3B: Applications of Integration.","1","1","0","0","5518","931b0377156515c1069797a13f54bf9e244ef94c4159748c4eed512cb304fddb","3497","9c86c2ae14752f538fa292df1ad75273e98fe6fbbd9b8e5c546b75be7db3212a"
"/subjects/math/calculus/integration-applications/average-value-of-a-function/","lesson","200","text/html; charset=utf-8","https://bettergrades.net/subjects/math/calculus/integration-applications/average-value-of-a-function/","index, follow","Average value of a function on an interval | Unit 3B | Better Grades","Total accumulated output divided by interval length—the continuous counterpart of an arithmetic mean. Part of Calculus I Unit 3B: Applications of Integration.","1","1","0","0","5468","c2448f61fcd22fd802a3eeba1ad84d45aff0dbf9aed5e0164bc1985b22a7117d","3435","e747fcb30ff6f04a7f1b1771e6f5f5dd298436ff69df69412dca57950de85eda"
"/subjects/math/calculus/integration-applications/work-and-fluid-force/","lesson","200","text/html; charset=utf-8","https://bettergrades.net/subjects/math/calculus/integration-applications/work-and-fluid-force/","index, follow","Setting up work and fluid-force integrals | Unit 3B | Better Grades","Slice the changing force into small contributions, express every dimension in one variable, and integrate with units attached. Part of Calculus I Unit 3B: Applications of Integration.","1","1","0","0","5553","8068c1303bb1094745aa7fa6b1b30c5c9f4873ba54cd7624e0eed6d559b17551","3521","0af8ecd70aeaebf08471a87f6b64f5af936dc9fdce9ec8b6413ac362da24a979"
"/subjects/math/calculus/sequences-series/harmonic-series-diverges/","subject-or-article","200","text/html; charset=utf-8","https://bettergrades.net/subjects/math/calculus/sequences-series/harmonic-series-diverges/","index, follow","Why does the harmonic series diverge? | Better Grades","Its terms approach zero, but they do so too slowly for the accumulated sum to settle.","1","1","0","0","4563","955ce6e29f823fb09dd9f5a22594e05c4c96ef96e53646ca9fa82874374a61ce","2664","b179e77263587bfe5fa0a2c4ae4dafe8c0e1fd489ad57e750bb26c9abb2e6e7b"
"/subjects/math/calculus/limits-continuity/one-sided-limits-and-jump-discontinuities/","subject-or-article","200","text/html; charset=utf-8","https://bettergrades.net/subjects/math/calculus/limits-continuity/one-sided-limits-and-jump-discontinuities/","index, follow","One-sided limits and jump discontinuities | Better Grades","A two-sided limit exists only when the function approaches the same value from the left and from the right.","1","1","0","0","5177","f7d1d11abec5a0ec1801d6c1f88b2e23f1b82674df648ef896b27d336499f3e1","3108","b201fd34b5911b66c01dcfbcabc9dcee2f18283d94b11113986a8c65de477968"
"/subjects/math/calculus/derivatives/derivatives-of-inverse-trig-functions/","lesson","200","text/html; charset=utf-8","https://bettergrades.net/subjects/math/calculus/derivatives/derivatives-of-inverse-trig-functions/","index, follow","Derivatives of inverse trigonometric functions | Unit 2A | Better Grades","Recognize the inverse-trig outer function, differentiate its input, and keep the domain restrictions visible. Part of Calculus I Unit 2A: Derivative Foundations and Techniques.","1","1","0","0","6308","f0b3dba0d0f9f1615114cfc1787ed4dddbbe2b5fbaca5a86b8b955f375cd011a","4160","f67dc364321b1888e686bce3933d31ce878e6d95e52e674c1672aa25fd7ed941"
"/subjects/math/calculus/integration-techniques/integration-by-parts-strategy/","subject-or-article","200","text/html; charset=utf-8","https://bettergrades.net/subjects/math/calculus/integration-techniques/integration-by-parts-strategy/","index, follow","Integration by parts: choosing u and knowing when to repeat | Better Grades","Reverse the product rule, choose the factor that simplifies under differentiation, and recognize when the method should be repeated or abandoned.","1","1","0","0","6133","2e6c23fed8aea7e7729303e3fc2b213547fa3554d331e5a15a0786096d3ea53b","4044","78a422f97e3c9c8bc836325b300bbb1392e4e08abe1393692f2efe5b9f4a2e45"
"/subjects/math/calculus/sequences-series/ratio-test-vs-root-test/","subject-or-article","200","text/html; charset=utf-8","https://bettergrades.net/subjects/math/calculus/sequences-series/ratio-test-vs-root-test/","index, follow","Ratio test or root test? Choose from the series structure | Better Grades","Use ratios for factorial and product growth, roots for whole expressions raised to n, and recognize when either test returns no decision.","1","1","0","0","5139","090d48d557553ed4637b644516a58e7ecc4c22795124d12f07d12d06b4380a9e","3220","9312763b0606b6b96f973855dddb953b4774041f82732f3e1d5d6c70bb9c8e91"
"/learn/calculus/integration-by-parts/","policy-or-directory","200","text/html; charset=utf-8","https://bettergrades.net/learn/calculus/integration-by-parts/","index, follow","Integration by parts: recognition, setup, and examples | Better Grades","Recognize integration by parts, choose u and dv, and know when another method is better.","1","1","0","0","3708","16b449fb940f474970c8e3bc958c62b82396ef390fc492e7bd0b8fa01c748a31","1770","28a5e3c2f3668c0a61434983017fbbee298e7906196a664751ffe11a8cd4f6e5"
"/subjects/math/calculus/limits-continuity/unit/","lesson","200","text/html; charset=utf-8","https://bettergrades.net/subjects/math/calculus/limits-continuity/unit/","index, follow","Limits and Continuity Course Overview | Better Grades","Study limits and continuity from the beginning with a sequential Calculus I textbook, guided examples, quizzes, reviews, and practice exams.","1","1","0","0","15700","cd945d07ad42c2a7ccc078b9c935f8e9b1ebf7e49b050b3ef486f73298d74fa7","15","27bc852605ded077e64f17b657166668b54965f518701fea4515afe2ab42ba8c"
"/subjects/math/calculus/limits-continuity/unit/limits/prerequisite-diagnostic/","lesson","200","text/html; charset=utf-8","https://bettergrades.net/subjects/math/calculus/limits-continuity/unit/limits/prerequisite-diagnostic/","index, follow","Calculus Limits Prerequisite Diagnostic | Better Grades","Check the algebra and function skills needed for limits and continuity, then follow targeted review links before starting Calculus I.","1","1","0","0","8144","53f6cc6c6f3341768fd0a6c22ed7bf00a8805ef3c9228f96a82cd8d3b94f334d","15","27bc852605ded077e64f17b657166668b54965f518701fea4515afe2ab42ba8c"
"/subjects/math/calculus/limits-continuity/unit/limits/notation-guide/","lesson","200","text/html; charset=utf-8","https://bettergrades.net/subjects/math/calculus/limits-continuity/unit/limits/notation-guide/","index, follow","Limit Notation Guide | Better Grades","Use this Limit Notation Guide reference to choose methods, review notation, and solve Calculus I limits and continuity problems.","1","1","0","0","5527","9800580dd50f15fc5f41f65af2df5f6a35b06650eeff5ab56aa452173730fe79","15","27bc852605ded077e64f17b657166668b54965f518701fea4515afe2ab42ba8c"
"/subjects/math/calculus/limits-continuity/unit/limits/why-limits-matter/","lesson","200","text/html; charset=utf-8","https://bettergrades.net/subjects/math/calculus/limits-continuity/unit/limits/why-limits-matter/","index, follow","Why Limits Matter in Calculus | Better Grades","Learn Why Limits Matter in Calculus with plain-language explanations, guided examples, worked homework methods, interactive checks, and exam-style practice.","1","1","1","0","10337","eeb245d267894887ebc7cbe762a69acaeb0bf43441eee33f6f6ceaecf75293f5","15","27bc852605ded077e64f17b657166668b54965f518701fea4515afe2ab42ba8c"
"/subjects/math/calculus/limits-continuity/unit/limits/what-a-limit-means/","lesson","200","text/html; charset=utf-8","https://bettergrades.net/subjects/math/calculus/limits-continuity/unit/limits/what-a-limit-means/","index, follow","What a Limit Means | Better Grades","Learn What a Limit Means with plain-language explanations, guided examples, worked homework methods, interactive checks, and exam-style practice.","1","1","1","0","6868","dcc2556c34fd03ac39e0fd4d106ed78752ff6c18d8c504b8f389a76f94919259","15","27bc852605ded077e64f17b657166668b54965f518701fea4515afe2ab42ba8c"
"/subjects/math/calculus/limits-continuity/unit/limits/limit-at-a-hole/","lesson","200","text/html; charset=utf-8","https://bettergrades.net/subjects/math/calculus/limits-continuity/unit/limits/limit-at-a-hole/","index, follow","Limits at Holes and Undefined Points | Better Grades","Learn Limits at Holes and Undefined Points with plain-language explanations, guided examples, worked homework methods, interactive checks, and exam-style practice.","1","1","1","0","6359","40f6e839820d8f9511cb2002589939f32f834f2f6b26639e474d3db757d1770d","15","27bc852605ded077e64f17b657166668b54965f518701fea4515afe2ab42ba8c"
"/subjects/math/calculus/limits-continuity/unit/limits/function-value-vs-limit/","lesson","200","text/html; charset=utf-8","https://bettergrades.net/subjects/math/calculus/limits-continuity/unit/limits/function-value-vs-limit/","index, follow","Function Value vs. Limit | Better Grades","Learn Function Value vs. Limit with plain-language explanations, guided examples, worked homework methods, interactive checks, and exam-style practice.","1","1","1","0","7204","72ee44c8e72aeac86019b1fa02b47795d31e43a887bee6f2fb1898a215a828a5","15","27bc852605ded077e64f17b657166668b54965f518701fea4515afe2ab42ba8c"
"/subjects/math/calculus/limits-continuity/unit/limits/one-sided-limits/","lesson","200","text/html; charset=utf-8","https://bettergrades.net/subjects/math/calculus/limits-continuity/unit/limits/one-sided-limits/","index, follow","One-Sided Limits From the Left and Right | Better Grades","Learn One-Sided Limits From the Left and Right with plain-language explanations, guided examples, worked homework methods, interactive checks, and exam-style practice.","1","1","1","0","8202","dd61e01f05c05f56d715de41e97176109e63b4e1955d1cb0add581249e1cd438","15","27bc852605ded077e64f17b657166668b54965f518701fea4515afe2ab42ba8c"
"/subjects/math/calculus/limits-continuity/unit/limits/when-a-limit-does-not-exist/","lesson","200","text/html; charset=utf-8","https://bettergrades.net/subjects/math/calculus/limits-continuity/unit/limits/when-a-limit-does-not-exist/","index, follow","When a Limit Does Not Exist | Better Grades","Learn When a Limit Does Not Exist with plain-language explanations, guided examples, worked homework methods, interactive checks, and exam-style practice.","1","1","1","0","6818","ffd792ee842993baa5a14c5b462d59340e96bacaa7b04d6817ad11db66f1eb6d","15","27bc852605ded077e64f17b657166668b54965f518701fea4515afe2ab42ba8c"
"/subjects/math/calculus/limits-continuity/unit/limits/read-limits-from-graphs/","lesson","200","text/html; charset=utf-8","https://bettergrades.net/subjects/math/calculus/limits-continuity/unit/limits/read-limits-from-graphs/","index, follow","How to Read Limits From a Graph | Better Grades","Learn How to Read Limits From a Graph with plain-language explanations, guided examples, worked homework methods, interactive checks, and exam-style practice.","1","1","0","0","5334","10db1a300f6fc2a18c21d93a05db103f5a0317f861e1df7dedb7d3864f477907","15","27bc852605ded077e64f17b657166668b54965f518701fea4515afe2ab42ba8c"
"/subjects/math/calculus/limits-continuity/unit/limits/meaning-review/","lesson","200","text/html; charset=utf-8","https://bettergrades.net/subjects/math/calculus/limits-continuity/unit/limits/meaning-review/","index, follow","Limit Meaning Review | Better Grades","Review Limit Meaning Review with a concise concept summary, common errors, and links to targeted practice.","1","1","0","0","4482","38c17df94fa4c9c6bbbf395b109bdb0a62c9b047af9d1153d7825b711c58bb6c","15","27bc852605ded077e64f17b657166668b54965f518701fea4515afe2ab42ba8c"
"/subjects/math/calculus/limits-continuity/unit/limits/meaning-concept-quiz/","lesson","200","text/html; charset=utf-8","https://bettergrades.net/subjects/math/calculus/limits-continuity/unit/limits/meaning-concept-quiz/","index, follow","Limit Meaning Concept Quiz | Better Grades","Test Limit Meaning Concept Quiz with short answer checks, hints, worked feedback, and links back to the exact lessons you need.","1","1","0","0","6117","f8cc92e67094891eb65a457cdba14908b57fee7e912671845bd4ff8b6fad0e60","15","27bc852605ded077e64f17b657166668b54965f518701fea4515afe2ab42ba8c"
"/subjects/math/calculus/limits-continuity/unit/limits/meaning-practice/","lesson","200","text/html; charset=utf-8","https://bettergrades.net/subjects/math/calculus/limits-continuity/unit/limits/meaning-practice/","index, follow","Limit Meaning Practice Problems | Better Grades","Practice Limit Meaning Practice Problems with warm-up, homework-level, reasoning, and exam-style problems plus answer support.","1","1","1","0","15879","13ffd899f10d1ce120cc70fbd1219af93a60d638fa1b6b0057b45c153a1b19d1","15","27bc852605ded077e64f17b657166668b54965f518701fea4515afe2ab42ba8c"
"/subjects/math/calculus/limits-continuity/unit/limits/direct-substitution/","lesson","200","text/html; charset=utf-8","https://bettergrades.net/subjects/math/calculus/limits-continuity/unit/limits/direct-substitution/","index, follow","Direct Substitution for Limits | Better Grades","Learn Direct Substitution for Limits with plain-language explanations, guided examples, worked homework methods, interactive checks, and exam-style practice.","1","1","0","0","7376","35b4f3cb701a3368624b9807b99f015fe10fefbd0185894ce275a2d2519c3e76","15","27bc852605ded077e64f17b657166668b54965f518701fea4515afe2ab42ba8c"
"/subjects/math/calculus/limits-continuity/unit/limits/limit-laws/","lesson","200","text/html; charset=utf-8","https://bettergrades.net/subjects/math/calculus/limits-continuity/unit/limits/limit-laws/","index, follow","Limit Laws and How to Use Them | Better Grades","Learn Limit Laws and How to Use Them with plain-language explanations, guided examples, worked homework methods, interactive checks, and exam-style practice.","1","1","0","0","6871","9f84f0eaf10cd94b6df772e4e0e46b3d610642ee81cb95211812069f5fa97a46","15","27bc852605ded077e64f17b657166668b54965f518701fea4515afe2ab42ba8c"
"/subjects/math/calculus/limits-continuity/unit/limits/zero-over-zero/","lesson","200","text/html; charset=utf-8","https://bettergrades.net/subjects/math/calculus/limits-continuity/unit/limits/zero-over-zero/","index, follow","What 0/0 Means in a Limit | Better Grades","Learn What 0/0 Means in a Limit with plain-language explanations, guided examples, worked homework methods, interactive checks, and exam-style practice.","1","1","0","0","6075","9d2b33fb53b36f5f9b0dd4c107f010de7449073479b6061beb6e0722e8213002","15","27bc852605ded077e64f17b657166668b54965f518701fea4515afe2ab42ba8c"
"/subjects/math/calculus/limits-continuity/unit/limits/factoring-limits/","lesson","200","text/html; charset=utf-8","https://bettergrades.net/subjects/math/calculus/limits-continuity/unit/limits/factoring-limits/","index, follow","Evaluating Limits by Factoring | Better Grades","Learn Evaluating Limits by Factoring with plain-language explanations, guided examples, worked homework methods, interactive checks, and exam-style practice.","1","1","0","0","7378","2f79dfe94dd80c39570f8f65f798725bf91b51cacbb24b7929c5bba206142d5a","15","27bc852605ded077e64f17b657166668b54965f518701fea4515afe2ab42ba8c"
"/subjects/math/calculus/limits-continuity/unit/limits/rationalizing-radicals/","lesson","200","text/html; charset=utf-8","https://bettergrades.net/subjects/math/calculus/limits-continuity/unit/limits/rationalizing-radicals/","index, follow","Evaluating Radical Limits With Conjugates | Better Grades","Learn Evaluating Radical Limits With Conjugates with plain-language explanations, guided examples, worked homework methods, interactive checks, and exam-style practice.","1","1","0","0","6877","25b23be88f5e432caaaeaf02b6b0d62a592918297246087f04fb2303001ae6e7","15","27bc852605ded077e64f17b657166668b54965f518701fea4515afe2ab42ba8c"
"/subjects/math/calculus/limits-continuity/unit/limits/complex-fractions/","lesson","200","text/html; charset=utf-8","https://bettergrades.net/subjects/math/calculus/limits-continuity/unit/limits/complex-fractions/","index, follow","Limits With Complex Fractions | Better Grades","Learn Limits With Complex Fractions with plain-language explanations, guided examples, worked homework methods, interactive checks, and exam-style practice.","1","1","0","0","6345","636da0aba841e1e7802c1b28b29c17d32d6a732217a8ced335d121102613973b","15","27bc852605ded077e64f17b657166668b54965f518701fea4515afe2ab42ba8c"
"/subjects/math/calculus/limits-continuity/unit/limits/absolute-value-piecewise/","lesson","200","text/html; charset=utf-8","https://bettergrades.net/subjects/math/calculus/limits-continuity/unit/limits/absolute-value-piecewise/","index, follow","Limits With Absolute Values and Piecewise Functions | Better Grades","Learn Limits With Absolute Values and Piecewise Functions with plain-language explanations, guided examples, worked homework methods, interactive checks, and exam-style practice.","1","1","0","0","6358","8dd83da99137d9d15cdc41262ba4c5f73d243608cf50eb98f2ec56ee2aa5954e","15","27bc852605ded077e64f17b657166668b54965f518701fea4515afe2ab42ba8c"
"/subjects/math/calculus/limits-continuity/unit/limits/finite-limit-decision-tree/","lesson","200","text/html; charset=utf-8","https://bettergrades.net/subjects/math/calculus/limits-continuity/unit/limits/finite-limit-decision-tree/","index, follow","Finite Limit Decision Tree | Better Grades","Use this Finite Limit Decision Tree reference to choose methods, review notation, and solve Calculus I limits and continuity problems.","1","1","0","0","4852","6b94e998a1a24e1bbbf67b5bfe19d2ffc58a9fa0761eaf563ebd7f86d666074b","15","27bc852605ded077e64f17b657166668b54965f518701fea4515afe2ab42ba8c"
"/subjects/math/calculus/limits-continuity/unit/limits/finite-limits-review/","lesson","200","text/html; charset=utf-8","https://bettergrades.net/subjects/math/calculus/limits-continuity/unit/limits/finite-limits-review/","index, follow","Finite Limits Review | Better Grades","Review Finite Limits Review with a concise concept summary, common errors, and links to targeted practice.","1","1","0","0","4668","90cecfabf276c96a8712a6fdce3df422f6a6fed973c29cd3df1593621474a77a","15","27bc852605ded077e64f17b657166668b54965f518701fea4515afe2ab42ba8c"
"/subjects/math/calculus/limits-continuity/unit/limits/finite-limits-concept-quiz/","lesson","200","text/html; charset=utf-8","https://bettergrades.net/subjects/math/calculus/limits-continuity/unit/limits/finite-limits-concept-quiz/","index, follow","Finite Limits Concept Quiz | Better Grades","Test Finite Limits Concept Quiz with short answer checks, hints, worked feedback, and links back to the exact lessons you need.","1","1","0","0","6070","6107fba7d5e75507397be84bfd6600a6122f0ca2d294767442b2167d184f7f19","15","27bc852605ded077e64f17b657166668b54965f518701fea4515afe2ab42ba8c"
"/subjects/math/calculus/limits-continuity/unit/limits/finite-limits-practice/","lesson","200","text/html; charset=utf-8","https://bettergrades.net/subjects/math/calculus/limits-continuity/unit/limits/finite-limits-practice/","index, follow","Finite Limit Practice Problems | Better Grades","Practice Finite Limit Practice Problems with warm-up, homework-level, reasoning, and exam-style problems plus answer support.","1","1","1","0","14850","f8dd4ce64141dcaad44606a8b9f8eb147a9d30d0d00364c5945138104639769d","15","27bc852605ded077e64f17b657166668b54965f518701fea4515afe2ab42ba8c"
"/subjects/math/calculus/limits-continuity/unit/limits/squeeze-theorem/","lesson","200","text/html; charset=utf-8","https://bettergrades.net/subjects/math/calculus/limits-continuity/unit/limits/squeeze-theorem/","index, follow","The Squeeze Theorem | Better Grades","Learn The Squeeze Theorem with plain-language explanations, guided examples, worked homework methods, interactive checks, and exam-style practice.","1","1","1","0","9117","0bcb0578769bf9fff0167644afcdee9be3d808cd1d01c9338f15fe02aa6502c1","15","27bc852605ded077e64f17b657166668b54965f518701fea4515afe2ab42ba8c"
"/subjects/math/calculus/limits-continuity/unit/limits/sin-x-over-x/","lesson","200","text/html; charset=utf-8","https://bettergrades.net/subjects/math/calculus/limits-continuity/unit/limits/sin-x-over-x/","index, follow","Why sin(x)/x Approaches 1 | Better Grades","Learn Why sin(x)/x Approaches 1 with plain-language explanations, guided examples, worked homework methods, interactive checks, and exam-style practice.","1","1","0","0","4906","e6c87e91cc546a2b42fdd729b4b4df8c57caec88b840a748f2cb7e845cb00751","15","27bc852605ded077e64f17b657166668b54965f518701fea4515afe2ab42ba8c"
"/subjects/math/calculus/limits-continuity/unit/limits/sin-x-over-x-proof/","lesson","200","text/html; charset=utf-8","https://bettergrades.net/subjects/math/calculus/limits-continuity/unit/limits/sin-x-over-x-proof/","index, follow","Geometric Proof of the sin(x)/x Limit | Better Grades","Learn Geometric Proof of the sin(x)/x Limit with plain-language explanations, guided examples, worked homework methods, interactive checks, and exam-style practice.","1","1","2","0","7631","23cb12cf1d8668c80f290eeae6beaa30f95e863148e6511bde41b952f95f1da6","15","27bc852605ded077e64f17b657166668b54965f518701fea4515afe2ab42ba8c"
"/subjects/math/calculus/limits-continuity/unit/limits/scaled-sine-tangent/","lesson","200","text/html; charset=utf-8","https://bettergrades.net/subjects/math/calculus/limits-continuity/unit/limits/scaled-sine-tangent/","index, follow","Scaled Sine and Tangent Limits | Better Grades","Learn Scaled Sine and Tangent Limits with plain-language explanations, guided examples, worked homework methods, interactive checks, and exam-style practice.","1","1","0","0","5337","caab0b87db46a1d74328e9b84a50b5dec4971291783f4fef5472518ec1d39d93","15","27bc852605ded077e64f17b657166668b54965f518701fea4515afe2ab42ba8c"
"/subjects/math/calculus/limits-continuity/unit/limits/ratio-of-sines/","lesson","200","text/html; charset=utf-8","https://bettergrades.net/subjects/math/calculus/limits-continuity/unit/limits/ratio-of-sines/","index, follow","Limits of Ratios of Sine Functions | Better Grades","Learn Limits of Ratios of Sine Functions with plain-language explanations, guided examples, worked homework methods, interactive checks, and exam-style practice.","1","1","0","0","5266","9e762f205adafd4c3d11db4064135956e626c8aef076f1902cbab2dd7251bca4","15","27bc852605ded077e64f17b657166668b54965f518701fea4515afe2ab42ba8c"
"/subjects/math/calculus/limits-continuity/unit/limits/cosine-limits/","lesson","200","text/html; charset=utf-8","https://bettergrades.net/subjects/math/calculus/limits-continuity/unit/limits/cosine-limits/","index, follow","Cosine Limits and Trigonometric Identities | Better Grades","Learn Cosine Limits and Trigonometric Identities with plain-language explanations, guided examples, worked homework methods, interactive checks, and exam-style practice.","1","1","0","0","6995","8963a8859dcbd309857609672f3eb9ed89893982274c9a91fbf654474713e8c4","15","27bc852605ded077e64f17b657166668b54965f518701fea4515afe2ab42ba8c"
"/subjects/math/calculus/limits-continuity/unit/limits/trig-limit-decision-guide/","lesson","200","text/html; charset=utf-8","https://bettergrades.net/subjects/math/calculus/limits-continuity/unit/limits/trig-limit-decision-guide/","index, follow","Trigonometric Limit Decision Guide | Better Grades","Use this Trigonometric Limit Decision Guide reference to choose methods, review notation, and solve Calculus I limits and continuity problems.","1","1","0","0","4749","19f4c760b3f2d9ac72e97735402f6c9a4e41f1683f5ae791dca1151149c626e2","15","27bc852605ded077e64f17b657166668b54965f518701fea4515afe2ab42ba8c"
"/subjects/math/calculus/limits-continuity/unit/limits/trig-limits-review/","lesson","200","text/html; charset=utf-8","https://bettergrades.net/subjects/math/calculus/limits-continuity/unit/limits/trig-limits-review/","index, follow","Squeeze and Trigonometric Limits Review | Better Grades","Review Squeeze and Trigonometric Limits Review with a concise concept summary, common errors, and links to targeted practice.","1","1","0","0","4712","83369908a6740460b2e5b5acec61ab1a0ce55d4fcd1f34766792ac6813fe8ddf","15","27bc852605ded077e64f17b657166668b54965f518701fea4515afe2ab42ba8c"
"/subjects/math/calculus/limits-continuity/unit/limits/trig-limits-concept-quiz/","lesson","200","text/html; charset=utf-8","https://bettergrades.net/subjects/math/calculus/limits-continuity/unit/limits/trig-limits-concept-quiz/","index, follow","Trigonometric Limits Concept Quiz | Better Grades","Test Trigonometric Limits Concept Quiz with short answer checks, hints, worked feedback, and links back to the exact lessons you need.","1","1","0","0","6180","f4afe2d13f7695c1be2a449cda1835ea84e2a1beedb2f5a8ec0ff752c5b40b1b","15","27bc852605ded077e64f17b657166668b54965f518701fea4515afe2ab42ba8c"
"/subjects/math/calculus/limits-continuity/unit/limits/trig-limits-practice/","lesson","200","text/html; charset=utf-8","https://bettergrades.net/subjects/math/calculus/limits-continuity/unit/limits/trig-limits-practice/","index, follow","Trigonometric Limit Practice Problems | Better Grades","Practice Trigonometric Limit Practice Problems with warm-up, homework-level, reasoning, and exam-style problems plus answer support.","1","1","1","0","11879","a9ff41603697e5e519b5705c509d052830ecff09a5dbbdc847000fcd5dbc5bf5","15","27bc852605ded077e64f17b657166668b54965f518701fea4515afe2ab42ba8c"
"/subjects/math/calculus/limits-continuity/unit/limits/infinite-limits/","lesson","200","text/html; charset=utf-8","https://bettergrades.net/subjects/math/calculus/limits-continuity/unit/limits/infinite-limits/","index, follow","Infinite Limits Explained | Better Grades","Learn Infinite Limits Explained with plain-language explanations, guided examples, worked homework methods, interactive checks, and exam-style practice.","1","1","1","0","6597","1fedd9e4d5b0ac813e6f5321fd2f3a6286a2c075eec1612fabca3af9a797ffea","15","27bc852605ded077e64f17b657166668b54965f518701fea4515afe2ab42ba8c"
"/subjects/math/calculus/limits-continuity/unit/limits/vertical-asymptotes/","lesson","200","text/html; charset=utf-8","https://bettergrades.net/subjects/math/calculus/limits-continuity/unit/limits/vertical-asymptotes/","index, follow","Vertical Asymptotes and One-Sided Sign Analysis | Better Grades","Learn Vertical Asymptotes and One-Sided Sign Analysis with plain-language explanations, guided examples, worked homework methods, interactive checks, and exam-style practice.","1","1","0","0","8437","5346b8872bb4d27fddc47e7e1815b26ea61cb968566cc60441d0837c1700a55d","15","27bc852605ded077e64f17b657166668b54965f518701fea4515afe2ab42ba8c"
"/subjects/math/calculus/limits-continuity/unit/limits/limits-at-infinity/","lesson","200","text/html; charset=utf-8","https://bettergrades.net/subjects/math/calculus/limits-continuity/unit/limits/limits-at-infinity/","index, follow","Limits at Infinity and Horizontal Asymptotes | Better Grades","Learn Limits at Infinity and Horizontal Asymptotes with plain-language explanations, guided examples, worked homework methods, interactive checks, and exam-style practice.","1","1","1","0","8382","f276d2cf29807728ad88affcd925430a88f9ecf5afc5a37fb342d18abc17e65a","15","27bc852605ded077e64f17b657166668b54965f518701fea4515afe2ab42ba8c"
"/subjects/math/calculus/limits-continuity/unit/limits/slant-asymptotes/","lesson","200","text/html; charset=utf-8","https://bettergrades.net/subjects/math/calculus/limits-continuity/unit/limits/slant-asymptotes/","index, follow","Polynomial and Slant Asymptotes | Better Grades","Learn Polynomial and Slant Asymptotes with plain-language explanations, guided examples, worked homework methods, interactive checks, and exam-style practice.","1","1","0","0","5300","26a3f6d0d7e04365956e8a2b9a9dc65f5fcc9d4e0d90eddbf940f874b93ffe21","15","27bc852605ded077e64f17b657166668b54965f518701fea4515afe2ab42ba8c"
"/subjects/math/calculus/limits-continuity/unit/limits/radicals-at-infinity/","lesson","200","text/html; charset=utf-8","https://bettergrades.net/subjects/math/calculus/limits-continuity/unit/limits/radicals-at-infinity/","index, follow","Radical Limits at Infinity | Better Grades","Learn Radical Limits at Infinity with plain-language explanations, guided examples, worked homework methods, interactive checks, and exam-style practice.","1","1","0","0","5410","8d39862b8c7d058e3399f283f6b62211b590fc8386291de40036fa2231bc63d0","15","27bc852605ded077e64f17b657166668b54965f518701fea4515afe2ab42ba8c"
"/subjects/math/calculus/limits-continuity/unit/limits/infinity-minus-infinity/","lesson","200","text/html; charset=utf-8","https://bettergrades.net/subjects/math/calculus/limits-continuity/unit/limits/infinity-minus-infinity/","index, follow","Infinity Minus Infinity Limits | Better Grades","Learn Infinity Minus Infinity Limits with plain-language explanations, guided examples, worked homework methods, interactive checks, and exam-style practice.","1","1","0","0","5610","cab183b26af5585d6fde10d89e36393260d1fc3ba203953ec292f88c40602a04","15","27bc852605ded077e64f17b657166668b54965f518701fea4515afe2ab42ba8c"
"/subjects/math/calculus/limits-continuity/unit/limits/complete-asymptote-analysis/","lesson","200","text/html; charset=utf-8","https://bettergrades.net/subjects/math/calculus/limits-continuity/unit/limits/complete-asymptote-analysis/","index, follow","Complete Rational Function Asymptote Analysis | Better Grades","Learn Complete Rational Function Asymptote Analysis with plain-language explanations, guided examples, worked homework methods, interactive checks, and exam-style practice.","1","1","0","0","4766","88ccf7aa033ec65601ea7531a025514efd8b9ed1aac59edbda99e7a6f6f9e364","15","27bc852605ded077e64f17b657166668b54965f518701fea4515afe2ab42ba8c"
"/subjects/math/calculus/limits-continuity/unit/limits/infinite-behavior-review/","lesson","200","text/html; charset=utf-8","https://bettergrades.net/subjects/math/calculus/limits-continuity/unit/limits/infinite-behavior-review/","index, follow","Infinite Limits and Asymptotes Review | Better Grades","Review Infinite Limits and Asymptotes Review with a concise concept summary, common errors, and links to targeted practice.","1","1","0","0","4735","0a1d078ad8c177014e535b5fe2a86e85b950496e67d578a115e09038773fcd31","15","27bc852605ded077e64f17b657166668b54965f518701fea4515afe2ab42ba8c"
"/subjects/math/calculus/limits-continuity/unit/limits/infinite-behavior-concept-quiz/","lesson","200","text/html; charset=utf-8","https://bettergrades.net/subjects/math/calculus/limits-continuity/unit/limits/infinite-behavior-concept-quiz/","index, follow","Infinite Limits Concept Quiz | Better Grades","Test Infinite Limits Concept Quiz with short answer checks, hints, worked feedback, and links back to the exact lessons you need.","1","1","0","0","6127","e567e436c58ab158ab2d87053425795145e571d6d4d9cf8d0f451ffc92f91f7a","15","27bc852605ded077e64f17b657166668b54965f518701fea4515afe2ab42ba8c"
"/subjects/math/calculus/limits-continuity/unit/limits/infinite-behavior-practice/","lesson","200","text/html; charset=utf-8","https://bettergrades.net/subjects/math/calculus/limits-continuity/unit/limits/infinite-behavior-practice/","index, follow","Infinite Limits and Asymptote Practice | Better Grades","Practice Infinite Limits and Asymptote Practice with warm-up, homework-level, reasoning, and exam-style problems plus answer support.","1","1","2","0","13559","6389b2d30c1a9a2374350a5d11f1c08c379064572530758ee4e132da604bd51b","15","27bc852605ded077e64f17b657166668b54965f518701fea4515afe2ab42ba8c"
"/subjects/math/calculus/limits-continuity/unit/continuity/continuity-at-a-point/","lesson","200","text/html; charset=utf-8","https://bettergrades.net/subjects/math/calculus/limits-continuity/unit/continuity/continuity-at-a-point/","index, follow","Continuity at a Point | Better Grades","Learn Continuity at a Point with plain-language explanations, guided examples, worked homework methods, interactive checks, and exam-style practice.","1","1","1","0","7937","222cb91eb3d331f29c5d5f78dfb5c50fd0ed40aae0d472ad0d37a87005d840f8","15","27bc852605ded077e64f17b657166668b54965f518701fea4515afe2ab42ba8c"
"/subjects/math/calculus/limits-continuity/unit/continuity/intervals-endpoints/","lesson","200","text/html; charset=utf-8","https://bettergrades.net/subjects/math/calculus/limits-continuity/unit/continuity/intervals-endpoints/","index, follow","Continuity on Intervals and at Endpoints | Better Grades","Learn Continuity on Intervals and at Endpoints with plain-language explanations, guided examples, worked homework methods, interactive checks, and exam-style practice.","1","1","0","0","5450","a9acb39a6e07e0b27c9ca568091d2e0f35d12091c6f379729d4d69ff295fb6a4","15","27bc852605ded077e64f17b657166668b54965f518701fea4515afe2ab42ba8c"
"/subjects/math/calculus/limits-continuity/unit/continuity/continuous-functions/","lesson","200","text/html; charset=utf-8","https://bettergrades.net/subjects/math/calculus/limits-continuity/unit/continuity/continuous-functions/","index, follow","Which Functions Are Continuous? | Better Grades","Use this Which Functions Are Continuous? reference to choose methods, review notation, and solve Calculus I limits and continuity problems.","1","1","0","0","5740","416c5093f3a766dd05a58dc7b9f7bb7e6c9fbf839eff6f4be8fa4a048999e49d","15","27bc852605ded077e64f17b657166668b54965f518701fea4515afe2ab42ba8c"
"/subjects/math/calculus/limits-continuity/unit/continuity/types-of-discontinuity/","lesson","200","text/html; charset=utf-8","https://bettergrades.net/subjects/math/calculus/limits-continuity/unit/continuity/types-of-discontinuity/","index, follow","Types of Discontinuity | Better Grades","Learn Types of Discontinuity with plain-language explanations, guided examples, worked homework methods, interactive checks, and exam-style practice.","1","1","1","0","6323","3bdfe64aa8280fd566752a68d8a25d48d620bd3fa216032d50760315682265bd","15","27bc852605ded077e64f17b657166668b54965f518701fea4515afe2ab42ba8c"
"/subjects/math/calculus/limits-continuity/unit/continuity/repair-removable-discontinuity/","lesson","200","text/html; charset=utf-8","https://bettergrades.net/subjects/math/calculus/limits-continuity/unit/continuity/repair-removable-discontinuity/","index, follow","How to Repair a Removable Discontinuity | Better Grades","Learn How to Repair a Removable Discontinuity with plain-language explanations, guided examples, worked homework methods, interactive checks, and exam-style practice.","1","1","0","0","6149","6e5c6dd4295fb26d41d06ee81199fc5ef13542bcde56635f436676059f67f424","15","27bc852605ded077e64f17b657166668b54965f518701fea4515afe2ab42ba8c"
"/subjects/math/calculus/limits-continuity/unit/continuity/piecewise-parameters/","lesson","200","text/html; charset=utf-8","https://bettergrades.net/subjects/math/calculus/limits-continuity/unit/continuity/piecewise-parameters/","index, follow","Choosing Parameters for Piecewise Continuity | Better Grades","Learn Choosing Parameters for Piecewise Continuity with plain-language explanations, guided examples, worked homework methods, interactive checks, and exam-style practice.","1","1","0","0","6284","477ec0c354ef7578392a0e446975a2401dd34172d268a60bb6eaa303ae86bed3","15","27bc852605ded077e64f17b657166668b54965f518701fea4515afe2ab42ba8c"
"/subjects/math/calculus/limits-continuity/unit/continuity/two-parameter-continuity/","lesson","200","text/html; charset=utf-8","https://bettergrades.net/subjects/math/calculus/limits-continuity/unit/continuity/two-parameter-continuity/","index, follow","Two-Parameter Continuity Problems | Better Grades","Learn Two-Parameter Continuity Problems with plain-language explanations, guided examples, worked homework methods, interactive checks, and exam-style practice.","1","1","0","0","4893","b7fe672e3676df2147f4149c08ddfd5629076e47aedc7a55c261ffd6af9a6f5b","15","27bc852605ded077e64f17b657166668b54965f518701fea4515afe2ab42ba8c"
"/subjects/math/calculus/limits-continuity/unit/continuity/intermediate-value-theorem/","lesson","200","text/html; charset=utf-8","https://bettergrades.net/subjects/math/calculus/limits-continuity/unit/continuity/intermediate-value-theorem/","index, follow","Intermediate Value Theorem | Better Grades","Learn Intermediate Value Theorem with plain-language explanations, guided examples, worked homework methods, interactive checks, and exam-style practice.","1","1","1","0","7315","6fe0ed77b9e1275570e0b5e8aeb5cf6d6a035685b7ab6055c6b658523bbbd2ce","15","27bc852605ded077e64f17b657166668b54965f518701fea4515afe2ab42ba8c"
"/subjects/math/calculus/limits-continuity/unit/continuity/bisection-method/","lesson","200","text/html; charset=utf-8","https://bettergrades.net/subjects/math/calculus/limits-continuity/unit/continuity/bisection-method/","index, follow","Bisection Method After the IVT | Better Grades","Learn Bisection Method After the IVT with plain-language explanations, guided examples, worked homework methods, interactive checks, and exam-style practice.","1","1","1","0","6600","97b77283e314b71b3b7ee5df21b8ee2ce20fe480ab981d0be7c3eb7cc117f0ef","15","27bc852605ded077e64f17b657166668b54965f518701fea4515afe2ab42ba8c"
"/subjects/math/calculus/limits-continuity/unit/continuity/continuity-review/","lesson","200","text/html; charset=utf-8","https://bettergrades.net/subjects/math/calculus/limits-continuity/unit/continuity/continuity-review/","index, follow","Continuity and IVT Review | Better Grades","Review Continuity and IVT Review with a concise concept summary, common errors, and links to targeted practice.","1","1","0","0","4715","70cc9ccbfe9b124f042027ee65a4ead555886d7dda8a6e7dbbd0417e117e2812","15","27bc852605ded077e64f17b657166668b54965f518701fea4515afe2ab42ba8c"
"/subjects/math/calculus/limits-continuity/unit/continuity/continuity-concept-quiz/","lesson","200","text/html; charset=utf-8","https://bettergrades.net/subjects/math/calculus/limits-continuity/unit/continuity/continuity-concept-quiz/","index, follow","Continuity Concept Quiz | Better Grades","Test Continuity Concept Quiz with short answer checks, hints, worked feedback, and links back to the exact lessons you need.","1","1","0","0","6168","25d3d1043af52c0af17ea88dd78534d97cce867f4a6c65016ab448e73fbfe191","15","27bc852605ded077e64f17b657166668b54965f518701fea4515afe2ab42ba8c"
"/subjects/math/calculus/limits-continuity/unit/continuity/continuity-practice/","lesson","200","text/html; charset=utf-8","https://bettergrades.net/subjects/math/calculus/limits-continuity/unit/continuity/continuity-practice/","index, follow","Continuity and IVT Practice Problems | Better Grades","Practice Continuity and IVT Practice Problems with warm-up, homework-level, reasoning, and exam-style problems plus answer support.","1","1","2","0","16449","48be17af2a107d63cc1978a36738e70379302ce2ed1e16f77dfda99d90a98815","15","27bc852605ded077e64f17b657166668b54965f518701fea4515afe2ab42ba8c"
"/subjects/math/calculus/limits-continuity/unit/limits/epsilon-delta-introduction/","lesson","200","text/html; charset=utf-8","https://bettergrades.net/subjects/math/calculus/limits-continuity/unit/limits/epsilon-delta-introduction/","index, follow","Epsilon-Delta Definition: An Introduction | Better Grades","Learn Epsilon-Delta Definition: An Introduction with plain-language explanations, guided examples, worked homework methods, interactive checks, and exam-style practice.","1","1","1","0","7116","0e05bd4a4232a5b38f280a1f3fa6fcfb9d7e5d6a5e3c6b31705ec50619a0646d","15","27bc852605ded077e64f17b657166668b54965f518701fea4515afe2ab42ba8c"
"/subjects/math/calculus/limits-continuity/unit/limits/epsilon-delta-linear/","lesson","200","text/html; charset=utf-8","https://bettergrades.net/subjects/math/calculus/limits-continuity/unit/limits/epsilon-delta-linear/","index, follow","Epsilon-Delta Proofs for Linear Functions | Better Grades","Learn Epsilon-Delta Proofs for Linear Functions with plain-language explanations, guided examples, worked homework methods, interactive checks, and exam-style practice.","1","1","0","0","6446","a52d11f7cb72525f49996a4429e69e75e5336a6282ef54217c884e7259fd3c14","15","27bc852605ded077e64f17b657166668b54965f518701fea4515afe2ab42ba8c"
"/subjects/math/calculus/limits-continuity/unit/limits/epsilon-delta-quadratic/","lesson","200","text/html; charset=utf-8","https://bettergrades.net/subjects/math/calculus/limits-continuity/unit/limits/epsilon-delta-quadratic/","index, follow","Epsilon-Delta Proofs for Quadratic Functions | Better Grades","Learn Epsilon-Delta Proofs for Quadratic Functions with plain-language explanations, guided examples, worked homework methods, interactive checks, and exam-style practice.","1","1","0","0","6292","7589f896bf7630e5a975a82b0652d4d5fac016ec10a96ec56cc956931488b7a7","15","27bc852605ded077e64f17b657166668b54965f518701fea4515afe2ab42ba8c"
"/subjects/math/calculus/limits-continuity/unit/limits/epsilon-delta-graph/","lesson","200","text/html; charset=utf-8","https://bettergrades.net/subjects/math/calculus/limits-continuity/unit/limits/epsilon-delta-graph/","index, follow","Reading Epsilon and Delta From a Graph | Better Grades","Learn Reading Epsilon and Delta From a Graph with plain-language explanations, guided examples, worked homework methods, interactive checks, and exam-style practice.","1","1","1","0","5549","0c11ec6b074eff2e28a94d2c6b9528e87b2879c7ea5f7a4f6e14f84739695710","15","27bc852605ded077e64f17b657166668b54965f518701fea4515afe2ab42ba8c"
"/subjects/math/calculus/limits-continuity/unit/limits/disprove-limit-epsilon-delta/","lesson","200","text/html; charset=utf-8","https://bettergrades.net/subjects/math/calculus/limits-continuity/unit/limits/disprove-limit-epsilon-delta/","index, follow","How to Disprove a Claimed Limit | Better Grades","Learn How to Disprove a Claimed Limit with plain-language explanations, guided examples, worked homework methods, interactive checks, and exam-style practice.","1","1","0","0","5276","3245d91facb3198bc63e86a66fefb5f32cd3597701f1f145199d470047edd187","15","27bc852605ded077e64f17b657166668b54965f518701fea4515afe2ab42ba8c"
"/subjects/math/calculus/limits-continuity/unit/limits/formal-infinite-limits/","lesson","200","text/html; charset=utf-8","https://bettergrades.net/subjects/math/calculus/limits-continuity/unit/limits/formal-infinite-limits/","index, follow","Formal Definition of an Infinite Limit | Better Grades","Go beyond the standard unit with Formal Definition of an Infinite Limit, including formal definitions, worked reasoning, and optional proof practice.","1","1","0","0","5127","9ce726b9d98a245e730a94a0f653dd2c40bab225666ee4b940819a51657415c1","15","27bc852605ded077e64f17b657166668b54965f518701fea4515afe2ab42ba8c"
"/subjects/math/calculus/limits-continuity/unit/limits/epsilon-delta-review/","lesson","200","text/html; charset=utf-8","https://bettergrades.net/subjects/math/calculus/limits-continuity/unit/limits/epsilon-delta-review/","index, follow","Epsilon-Delta Review | Better Grades","Review Epsilon-Delta Review with a concise concept summary, common errors, and links to targeted practice.","1","1","0","0","4576","73d180dda21319c64ef2051c156a4d8f432f51c261b874bb8d17cdd84ed98322","15","27bc852605ded077e64f17b657166668b54965f518701fea4515afe2ab42ba8c"
"/subjects/math/calculus/limits-continuity/unit/limits/epsilon-delta-concept-quiz/","lesson","200","text/html; charset=utf-8","https://bettergrades.net/subjects/math/calculus/limits-continuity/unit/limits/epsilon-delta-concept-quiz/","index, follow","Epsilon-Delta Concept Quiz | Better Grades","Test Epsilon-Delta Concept Quiz with short answer checks, hints, worked feedback, and links back to the exact lessons you need.","1","1","0","0","6218","209305e59b474b8e6de2c8fcbabd7080b9970f7793347fdf66e58ec2f35e6d78","15","27bc852605ded077e64f17b657166668b54965f518701fea4515afe2ab42ba8c"
"/subjects/math/calculus/limits-continuity/unit/limits/epsilon-delta-practice/","lesson","200","text/html; charset=utf-8","https://bettergrades.net/subjects/math/calculus/limits-continuity/unit/limits/epsilon-delta-practice/","index, follow","Epsilon-Delta Practice Problems | Better Grades","Practice Epsilon-Delta Practice Problems with warm-up, homework-level, reasoning, and exam-style problems plus answer support.","1","1","1","0","9210","17ffcf59e2626aba8e283d2340ee2797c140d91fd5ab0dec481447b079b1110b","15","27bc852605ded077e64f17b657166668b54965f518701fea4515afe2ab42ba8c"
"/subjects/math/calculus/limits-continuity/unit/limits/unit-review/","lesson","200","text/html; charset=utf-8","https://bettergrades.net/subjects/math/calculus/limits-continuity/unit/limits/unit-review/","index, follow","Limits and Continuity Unit Review | Better Grades","Review Limits and Continuity Unit Review with a concise concept summary, common errors, and links to targeted practice.","1","1","0","0","5239","647cfb6ba99b839123b43e84e7fd56c537988f2e3e97c7ec50345a291908ea7d","15","27bc852605ded077e64f17b657166668b54965f518701fea4515afe2ab42ba8c"
"/subjects/math/calculus/limits-continuity/unit/limits/common-exam-errors/","lesson","200","text/html; charset=utf-8","https://bettergrades.net/subjects/math/calculus/limits-continuity/unit/limits/common-exam-errors/","index, follow","Common Limits Exam Errors | Better Grades","Review Common Limits Exam Errors with a concise concept summary, common errors, and links to targeted practice.","1","1","0","0","5255","a73e2956673255b1e40a27b011769892b1a2c40e01355f7b9ce0da6ff63f7c40","15","27bc852605ded077e64f17b657166668b54965f518701fea4515afe2ab42ba8c"
"/subjects/math/calculus/limits-continuity/unit/study/correct-practice-test/","lesson","200","text/html; charset=utf-8","https://bettergrades.net/subjects/math/calculus/limits-continuity/unit/study/correct-practice-test/","index, follow","How to Correct a Calculus Practice Test | Better Grades","Use How to Correct a Calculus Practice Test to turn missed calculus questions into a concrete study plan instead of merely rereading solutions.","1","1","0","0","4875","d0c9c38ad65f900dd91a94098674f7e87f8929804a4e44e5df53356a3f03da01","15","27bc852605ded077e64f17b657166668b54965f518701fea4515afe2ab42ba8c"
"/subjects/math/calculus/limits-continuity/unit/limits/cumulative-practice/","lesson","200","text/html; charset=utf-8","https://bettergrades.net/subjects/math/calculus/limits-continuity/unit/limits/cumulative-practice/","index, follow","Cumulative Limits and Continuity Practice | Better Grades","Practice Cumulative Limits and Continuity Practice with warm-up, homework-level, reasoning, and exam-style problems plus answer support.","1","1","1","0","14350","797890d4db7615f8da4ac8af02c25715dcea7ae69cb13a00e50b7779a596db99","15","27bc852605ded077e64f17b657166668b54965f518701fea4515afe2ab42ba8c"
"/subjects/math/calculus/limits-continuity/unit/limits/practice-exam-a/","lesson","200","text/html; charset=utf-8","https://bettergrades.net/subjects/math/calculus/limits-continuity/unit/limits/practice-exam-a/","index, follow","Limits and Continuity Practice Exam A | Better Grades","Take Limits and Continuity Practice Exam A as a realistic first-unit Calculus I assessment covering limits, asymptotes, continuity, and the IVT.","1","1","0","0","8624","5d911054d2bc043024e4f783e95030e2f6d6c4f2f5842f6eb44866855b032643","15","27bc852605ded077e64f17b657166668b54965f518701fea4515afe2ab42ba8c"
"/subjects/math/calculus/limits-continuity/unit/limits/practice-exam-b/","lesson","200","text/html; charset=utf-8","https://bettergrades.net/subjects/math/calculus/limits-continuity/unit/limits/practice-exam-b/","index, follow","Limits and Continuity Practice Exam B | Better Grades","Take Limits and Continuity Practice Exam B as a realistic first-unit Calculus I assessment covering limits, asymptotes, continuity, and the IVT.","1","1","0","0","8620","c634e0a891192a30d5822de1187ad591c4044a2a7f5078d4ba5ed4e3329ce2cd","15","27bc852605ded077e64f17b657166668b54965f518701fea4515afe2ab42ba8c"
"/subjects/math/calculus/limits-continuity/unit/limits/practice-exam-a/answer-key/","lesson","200","text/html; charset=utf-8","https://bettergrades.net/subjects/math/calculus/limits-continuity/unit/limits/practice-exam-a/answer-key/","index, follow","Limits and Continuity Practice Exam A Answer Key | Better Grades","Check all 18 answers for Limits and Continuity Practice Exam A, with concise reasoning and source-traced solutions.","1","1","0","0","4764","0bb8739e7455f4c9b924b58da7af88ed1ac212f5992df6ac54f8529c3b826969","15","27bc852605ded077e64f17b657166668b54965f518701fea4515afe2ab42ba8c"
"/subjects/math/calculus/limits-continuity/unit/limits/practice-exam-b/answer-key/","lesson","200","text/html; charset=utf-8","https://bettergrades.net/subjects/math/calculus/limits-continuity/unit/limits/practice-exam-b/answer-key/","index, follow","Limits and Continuity Practice Exam B Answer Key | Better Grades","Check all 14 answers for Limits and Continuity Practice Exam B, with concise reasoning and source-traced solutions.","1","1","0","0","4782","51c59fc1ee45855cd48d731022e4688083a2415c4f4e699b87e1b5bf9f0fa0e6","15","27bc852605ded077e64f17b657166668b54965f518701fea4515afe2ab42ba8c"
"/practice/math/calculus/quizzes/integration-method-selection/","practice","200","text/html; charset=utf-8","https://bettergrades.net/practice/math/calculus/quizzes/integration-method-selection/","index, follow","Integration method selection | Better Grades","Choose the best first move before the algebra begins.","1","1","0","0","2174","5516d41439b97a80160edce656c7201e20d58a27c5cbe824ceedf9969afd9e1b","289","89e4f338aa1a5b4598605e1003a1963fd0131741f173e0000aecae537e30c3dd"
"/practice/math/calculus/diagnostics/calculus-readiness/","practice","200","text/html; charset=utf-8","https://bettergrades.net/practice/math/calculus/diagnostics/calculus-readiness/","index, follow","Calculus readiness diagnostic | Better Grades","Find algebra, functions, and trigonometry gaps before calculus makes them louder.","1","1","0","0","2246","525a656541278a89c39fecfbc8f0a32163251aa86130f76b8d6cab8880242754","360","afc258c55bffd35b2d4908f83d79b52f0783ea6c599d33c5d5a487ef8d51f29f"
"/practice/math/calculus/exams/calculus-foundations/","practice","200","text/html; charset=utf-8","https://bettergrades.net/practice/math/calculus/exams/calculus-foundations/","index, follow","Calculus foundations practice exam | Better Grades","A mixed, no-account practice exam covering prerequisites and integration-method recognition.","1","1","0","0","2275","aaceee53e4872153650878ec0ae36f41079b189a2adba029f7135a3cc0fe1993","384","b4a9a511d33b25f6b97d6efe68b3e103bf6597535ec0900f7228226a0d4ad693"
"/practice/math/calculus/challenges/integration-bee/","practice","200","text/html; charset=utf-8","https://bettergrades.net/practice/math/calculus/challenges/integration-bee/","index, follow","Integration Bee | Better Grades","Twenty reviewed integrals in timed or untimed mode, with explanations after each answer.","1","1","0","0","2116","7f3326c6f68812e860f5a5f85432eef832a36a20257627431109d1b66b02d89c","244","3cf4ee5e48708d4bdfc87defa4af3d8b12a1c833a916a9ab25249f997ee5392f"
"/tools/math/algebra/expression-checker/","tool","200","text/html; charset=utf-8","https://bettergrades.net/tools/math/algebra/expression-checker/","index, follow","Algebra Expression Checker | Better Grades","Enter keyboard math or raw LaTeX, simplify it, and check equivalent algebraic answers in the browser.","1","1","0","0","3269","481bffeb0ba4d7468c691517d7ac2741816ad242cfc0254bcf3847a245d9fee2","1454","4c78a551f4243bd91638df308cb38cad4c5f63a8b43db2adaa5a2884064e6613"
"/tools/math/calculus/integration-method-finder/","tool","200","text/html; charset=utf-8","https://bettergrades.net/tools/math/calculus/integration-method-finder/","index, follow","Integration Method Finder | Better Grades","Describe the structure of an integral and get a ranked first move with an honest explanation.","1","1","0","0","2874","1e1f940e98490c142d65ae3ceb340fe332ce9c60a94a27454949e8bfcad5104a","835","d964c8fc2212f29374b104cf691d7e904e0e4094cdb2583442b2d024081c08fc"
