route,description,length,unique,useful
"/","Find free academic answers, complete explanations, practical tools, and focused practice.","89","true","true"
"/about/","Better Grades publishing and product standards.","47","false","false"
"/accessibility/","Better Grades publishing and product standards.","47","false","false"
"/answers/","Find specific problems, immediate answers, complete solutions, and related practice.","84","true","true"
"/answers/calculus/integral-of-sec-cubed/","See the full integration-by-parts derivation, verification, and common mistakes.","80","true","true"
"/corrections/","Better Grades publishing and product standards.","47","false","false"
"/editorial-policy/","Better Grades publishing and product standards.","47","false","false"
"/glossary/","Browse subject-specific definitions, symbols, and notation conventions.","71","true","true"
"/glossary/math/","Look up mathematics terms and symbols with visual notation and concise definitions.","83","true","true"
"/glossary/math/absolute-convergence/","Learn the definition, notation, interpretation, and use of absolute convergence in calculus.","92","true","true"
"/glossary/math/antiderivative/","Learn the definition, notation, interpretation, and use of antiderivative in calculus.","86","true","true"
"/glossary/math/chain-rule/","Learn the definition, notation, interpretation, and use of chain rule in calculus.","82","true","true"
"/glossary/math/continuity/","Learn the definition, notation, interpretation, and use of continuity in calculus.","82","true","true"
"/glossary/math/conventions/","See the variable, naming, and notation rules used throughout Better Grades mathematics content.","95","true","true"
"/glossary/math/critical-number/","Learn the definition, notation, interpretation, and use of critical number in calculus.","87","true","true"
"/glossary/math/definite-integral/","Learn the definition, notation, interpretation, and use of definite integral in calculus.","89","true","true"
"/glossary/math/derivative/","Learn the definition, notation, interpretation, and use of derivative in calculus.","82","true","true"
"/glossary/math/fundamental-theorem-calculus/","Learn the definition, notation, interpretation, and use of fundamental theorem calculus in calculus.","100","true","true"
"/glossary/math/geometric-series/","Learn the definition, notation, interpretation, and use of geometric series in calculus.","88","true","true"
"/glossary/math/implicit-differentiation/","Learn the definition, notation, interpretation, and use of implicit differentiation in calculus.","96","true","true"
"/glossary/math/improper-integral/","Learn the definition, notation, interpretation, and use of improper integral in calculus.","89","true","true"
"/glossary/math/integration-by-parts/","Learn the definition, notation, interpretation, and use of integration by parts in calculus.","92","true","true"
"/glossary/math/limit/","Learn the definition, notation, interpretation, and use of limit in calculus.","77","true","true"
"/glossary/math/local-maximum/","Learn the definition, notation, interpretation, and use of local maximum in calculus.","85","true","true"
"/glossary/math/local-minimum/","Learn the definition, notation, interpretation, and use of local minimum in calculus.","85","true","true"
"/glossary/math/one-sided-limit/","Learn the definition, notation, interpretation, and use of one sided limit in calculus.","87","true","true"
"/glossary/math/optimization/","Learn the definition, notation, interpretation, and use of optimization in calculus.","84","true","true"
"/glossary/math/power-series/","Learn the definition, notation, interpretation, and use of power series in calculus.","84","true","true"
"/glossary/math/radius-of-convergence/","Learn the definition, notation, interpretation, and use of radius of convergence in calculus.","93","true","true"
"/glossary/math/related-rates/","Learn the definition, notation, interpretation, and use of related rates in calculus.","85","true","true"
"/glossary/math/sequence/","Learn the definition, notation, interpretation, and use of sequence in calculus.","80","true","true"
"/glossary/math/series/","Learn the definition, notation, interpretation, and use of series in calculus.","78","true","true"
"/glossary/math/taylor-series/","Learn the definition, notation, interpretation, and use of taylor series in calculus.","85","true","true"
"/glossary/math/u-substitution/","Learn the definition, notation, interpretation, and use of u substitution in calculus.","86","true","true"
"/how-we-verify/","Better Grades publishing and product standards.","47","false","false"
"/learn/calculus/integration-by-parts/","Recognize integration by parts, choose u and dv, and know when another method is better.","88","true","true"
"/practice/","Use focused quizzes, diagnostics, practice exams, and challenges with explanations.","83","true","true"
"/practice/math/","Browse free mathematics quizzes, diagnostics, practice exams, and challenges.","77","true","true"
"/practice/math/calculus/","Choose a calculus quiz, diagnostic, practice exam, or challenge.","64","true","true"
"/practice/math/calculus/challenges/integration-bee/","Twenty reviewed integrals in timed or untimed mode, with explanations after each answer.","88","true","true"
"/practice/math/calculus/diagnostics/calculus-readiness/","Find algebra, functions, and trigonometry gaps before calculus makes them louder.","81","true","true"
"/practice/math/calculus/exams/calculus-foundations/","A mixed, no-account practice exam covering prerequisites and integration-method recognition.","92","true","true"
"/practice/math/calculus/quizzes/integration-method-selection/","Choose the best first move before the algebra begins.","53","true","true"
"/privacy/","Better Grades publishing and product standards.","47","false","false"
"/resources/","Browse every published Better Grades worksheet, practice exam, formula sheet, visual guide, worked problem, and glossary reference.","131","true","true"
"/search/","Search free answers, complete topic guides, practice, tools, and visual mathematics definitions.","96","true","true"
"/source-policy/","Better Grades publishing and product standards.","47","false","false"
"/subjects/","Explore Better Grades resources by subject and course.","54","true","true"
"/subjects/math/","Clear explanations, worked examples, tools, and practice organized by the mathematics you are learning.","103","true","true"
"/subjects/math/algebra/","Equations, linear relationships, systems, polynomials, rational expressions, radicals, and functions—built as one connected toolkit.","132","true","true"
"/subjects/math/algebra/expressions-equations/","Translate algebraic structure, simplify without changing value, and solve equations with a reliable sequence of reversible moves.","129","true","true"
"/subjects/math/algebra/expressions-equations/combining-like-terms/","Terms combine only when their variable parts match exactly. The coefficients change; the variable structure does not.","117","true","true"
"/subjects/math/algebra/expressions-equations/distributive-property/","Distribution is multiplication across a sum. It expands an expression without changing its value—and it works in reverse when factoring.","136","true","true"
"/subjects/math/algebra/expressions-equations/evaluating-expressions-by-substitution/","Replace every occurrence of the variable, preserve the expression&#x27;s grouping, and simplify only after the substitution is complete.","136","true","true"
"/subjects/math/algebra/expressions-equations/order-of-operations-with-variables/","Parentheses and exponents set the structure; multiplication, division, addition, and subtraction then move left to right within their own level.","144","true","true"
"/subjects/math/algebra/expressions-equations/solving-linear-equations/","An equation stays true when the same legal operation is applied to both sides. Simplify, isolate, and check.","108","true","true"
"/subjects/math/algebra/expressions-equations/variables-on-both-sides/","Either side can work. Choose the direction that keeps the variable coefficient positive and the arithmetic easy to audit.","121","true","true"
"/subjects/math/algebra/linear-relationships/","Read slope as a rate, build equations from data, and connect tables, graphs, and formulas without treating them as separate topics.","131","true","true"
"/subjects/math/algebra/linear-relationships/equation-from-two-points/","Find the slope first, anchor it to either point, then convert forms only if the problem needs a different presentation.","119","true","true"
"/subjects/math/algebra/linear-relationships/graphing-linear-equations-from-standard-form/","Use intercepts when they are clean, or solve for y when slope and vertical change are more informative.","103","true","true"
"/subjects/math/algebra/linear-relationships/interpreting-linear-models/","The intercept is the modeled output at input zero; the slope is the predicted change in output per unit of input. Context decides whether either interpretation is sensible.","172","true","true"
"/subjects/math/algebra/linear-relationships/parallel-perpendicular-lines/","Parallel nonvertical lines share a slope. Perpendicular nonvertical lines have slopes whose product is −1—but vertical and horizontal lines need separate language.","163","true","true"
"/subjects/math/algebra/linear-relationships/point-slope-vs-slope-intercept/","Use point-slope form when a point and slope are given; use slope-intercept form when the intercept or a quick graph is the main goal.","133","true","true"
"/subjects/math/algebra/linear-relationships/slope-as-rate-of-change/","Slope measures how much the output changes for each one-unit change in the input. Its sign, size, and units all carry meaning.","126","true","true"
"/subjects/math/algebra/polynomials-factoring/","Control exponents, multiply cleanly, and recognize the factor patterns that make higher-degree algebra manageable.","114","true","true"
"/subjects/math/algebra/polynomials-factoring/completing-the-square/","Add the exact term that turns a quadratic expression into a perfect-square trinomial, while preserving the equation&#x27;s value.","129","true","true"
"/subjects/math/algebra/polynomials-factoring/exponent-rules/","The rules are compressed descriptions of repeated multiplication. Knowing where they come from prevents powers from spreading across sums illegally.","148","true","true"
"/subjects/math/algebra/polynomials-factoring/factoring-trinomials/","For x² + bx + c, find two numbers with product c and sum b. For ax² + bx + c, split the middle term using product ac.","117","true","true"
"/subjects/math/algebra/polynomials-factoring/greatest-common-factor/","The GCF is the largest expression dividing every term. Removing it first exposes the smaller polynomial that actually needs attention.","134","true","true"
"/subjects/math/algebra/polynomials-factoring/multiply-polynomials/","Every term in one factor multiplies every term in the other. Organize the products, then combine like terms once.","113","true","true"
"/subjects/math/algebra/polynomials-factoring/special-factor-patterns/","Recognize the pattern from term count, signs, square roots, and the middle coefficient—then expand to confirm rather than trusting appearance alone.","148","true","true"
"/subjects/math/algebra/radicals-exponents-functions/","Move between radical and exponent notation, solve carefully, and use function language to describe inputs, outputs, and inverses.","129","true","true"
"/subjects/math/algebra/radicals-exponents-functions/exponential-growth-and-decay/","Separate the starting amount from the repeated growth factor, then connect each parameter to a real change per time interval.","125","true","true"
"/subjects/math/algebra/radicals-exponents-functions/function-notation/","f(x) names the output of function f at input x. The parentheses indicate evaluation, not multiplication.","104","true","true"
"/subjects/math/algebra/radicals-exponents-functions/inverse-functions-vs-reciprocals/","f⁻¹ reverses a function&#x27;s input-output pairing; 1/f takes reciprocal outputs. They are generally different operations.","123","true","true"
"/subjects/math/algebra/radicals-exponents-functions/rational-exponents/","The denominator names the root and the numerator names the power. This notation lets radical expressions use the ordinary exponent rules.","137","true","true"
"/subjects/math/algebra/radicals-exponents-functions/simplifying-radicals/","Factor the radicand into a perfect power times what remains. Pull only complete groups through the radical bar.","111","true","true"
"/subjects/math/algebra/radicals-exponents-functions/solving-radical-equations/","Isolate one radical, raise both sides to the matching power, solve, and check every candidate in the original equation.","119","true","true"
"/subjects/math/algebra/rational-expressions/","Track restrictions, simplify factors legally, combine fractions, and solve equations without losing excluded values.","116","true","true"
"/subjects/math/algebra/rational-expressions/add-subtract-rational-expressions/","Factor denominators, build the least common denominator, rewrite every numerator, then combine while preserving restrictions.","125","true","true"
"/subjects/math/algebra/rational-expressions/direct-inverse-variation/","Direct variation keeps a constant ratio y/x; inverse variation keeps a constant product xy. The data pattern decides the model.","127","true","true"
"/subjects/math/algebra/rational-expressions/rational-domain-restrictions/","A rational expression is undefined wherever its original denominator is zero. Simplifying the formula does not restore an excluded input.","137","true","true"
"/subjects/math/algebra/rational-expressions/simplifying-complex-rational-expressions/","Treat the stacked fraction as division, state every original restriction, and clear the small denominators with one common multiplier.","134","true","true"
"/subjects/math/algebra/rational-expressions/simplifying-rational-expressions/","Factor completely, record excluded inputs, and cancel common factors. Individual terms separated by addition cannot be canceled.","128","true","true"
"/subjects/math/algebra/rational-expressions/solving-rational-equations/","List restrictions, multiply every term by the least common denominator, solve the resulting equation, and reject candidates outside the original domain.","152","true","true"
"/subjects/math/algebra/systems-inequalities/","Solve simultaneous conditions, choose an efficient method, and describe whole solution regions instead of isolated numbers.","123","true","true"
"/subjects/math/algebra/systems-inequalities/choosing-system-method/","Choose from the equation structure: graph when the intersection matters visually, substitute when a variable is already isolated, and eliminate when coefficients align.","168","true","true"
"/subjects/math/algebra/systems-inequalities/compound-inequalities/","Solve each condition, reverse the inequality only when multiplying or dividing by a negative, then combine by intersection or union.","132","true","true"
"/subjects/math/algebra/systems-inequalities/elimination-systems/","Align like terms, create opposite coefficients, add the equations, and recover the variable that was deliberately removed.","122","true","true"
"/subjects/math/algebra/systems-inequalities/graphing-linear-inequalities/","Draw the boundary, decide whether it belongs to the solution, then test a point to choose the correct half-plane.","113","true","true"
"/subjects/math/algebra/systems-inequalities/no-one-infinite-solutions/","For two linear equations, the coefficient pattern determines whether the graphs intersect once, never meet, or are actually the same line.","138","true","true"
"/subjects/math/algebra/systems-inequalities/substitution-systems/","Replace one variable with an equal expression, solve the resulting one-variable equation, then recover and verify the second coordinate.","136","true","true"
"/subjects/math/calculus/","Limits, derivatives, integrals, applications, sequences, and series in one connected course map.","96","true","true"
"/subjects/math/calculus/derivative-applications/","Study Unit 2B: Applications of Derivatives through a complete sequential course with explanations, visuals, checks, reviews, practice exams, and answer keys.","157","true","true"
"/subjects/math/calculus/derivative-applications/advanced-cauchy-mvt/","Explore cauchy&#x27;s mean value theorem and l&#x27;hopital&#x27;s rule in an optional advanced note connecting Calculus I to later analysis and mathematical theory. Part of Calculus I Unit 2B: Applications of Derivatives.","222","true","true"
"/subjects/math/calculus/derivative-applications/advanced-convexity/","Explore convexity, tangent inequalities, and global minima in an optional advanced note connecting Calculus I to later analysis and mathematical theory. Part of Calculus I Unit 2B: Applications of Derivatives.","209","true","true"
"/subjects/math/calculus/derivative-applications/advanced-newton-convergence/","Explore newton&#x27;s method: convergence and failure modes in an optional advanced note connecting Calculus I to later analysis and mathematical theory. Part of Calculus I Unit 2B: Applications of Derivatives.","210","true","true"
"/subjects/math/calculus/derivative-applications/advanced-notes/","Explore advanced notes: analysis behind the applications in an optional advanced note connecting Calculus I to later analysis and mathematical theory. Part of Calculus I Unit 2B: Applications of Derivatives.","207","true","true"
"/subjects/math/calculus/derivative-applications/advanced-sensitivity-elasticity/","Explore sensitivity, elasticity, and condition numbers in an optional advanced note connecting Calculus I to later analysis and mathematical theory. Part of Calculus I Unit 2B: Applications of Derivatives.","205","true","true"
"/subjects/math/calculus/derivative-applications/anatomy-of-optimization/","Learn the anatomy of an optimization problem with clear exposition, guided derivations, worked examples, visuals, checks, and interpretation. Part of Calculus I Unit 2B: Applications of Derivatives.","198","true","true"
"/subjects/math/calculus/derivative-applications/approximation-concept-quiz/","Test conceptual understanding of approximation concept quiz with a short self-check and model responses. Part of Calculus I Unit 2B: Applications of Derivatives.","161","true","true"
"/subjects/math/calculus/derivative-applications/approximation-review/","Review approximation and newton&#x27;s method review with mixed practice and links back to the exact lessons behind each skill. Part of Calculus I Unit 2B: Applications of Derivatives.","184","true","true"
"/subjects/math/calculus/derivative-applications/bridge-diagnostic/","Check the prerequisite skills needed for Applications of Derivatives and follow targeted review links before beginning the unit. Part of Calculus I Unit 2B: Applications of Derivatives.","185","true","true"
"/subjects/math/calculus/derivative-applications/closed-interval-method/","Learn the closed interval method with clear exposition, guided derivations, worked examples, visuals, checks, and interpretation. Part of Calculus I Unit 2B: Applications of Derivatives.","186","true","true"
"/subjects/math/calculus/derivative-applications/common-errors/","Review common derivative application and optimization errors with mixed practice and links back to the exact lessons behind each skill. Part of Calculus I Unit 2B: Applications of Derivatives.","192","true","true"
"/subjects/math/calculus/derivative-applications/concavity/","Learn concavity and inflection points with clear exposition, guided derivations, worked examples, visuals, checks, and interpretation. Part of Calculus I Unit 2B: Applications of Derivatives.","191","true","true"
"/subjects/math/calculus/derivative-applications/cumulative-practice/","Practice unit 2b cumulative applications practice with mixed problems, staged guidance, and source-linked solutions. Part of Calculus I Unit 2B: Applications of Derivatives.","173","true","true"
"/subjects/math/calculus/derivative-applications/curve-sketching-from-derivatives/","Build a graph from domain, intercepts, asymptotes, monotonicity, extrema, concavity, and end behavior—in that order. Part of Calculus I Unit 2B: Applications of Derivatives.","173","true","true"
"/subjects/math/calculus/derivative-applications/curve-sketching/","Learn complete curve sketching with clear exposition, guided derivations, worked examples, visuals, checks, and interpretation. Part of Calculus I Unit 2B: Applications of Derivatives.","184","true","true"
"/subjects/math/calculus/derivative-applications/derivative-graphs/","Learn reading function and derivative graphs with clear exposition, guided derivations, worked examples, visuals, checks, and interpretation. Part of Calculus I Unit 2B: Applications of Derivatives.","198","true","true"
"/subjects/math/calculus/derivative-applications/differentials/","Learn differentials with clear exposition, guided derivations, worked examples, visuals, checks, and interpretation. Part of Calculus I Unit 2B: Applications of Derivatives.","173","true","true"
"/subjects/math/calculus/derivative-applications/error-estimation/","Learn error estimation with differentials with clear exposition, guided derivations, worked examples, visuals, checks, and interpretation. Part of Calculus I Unit 2B: Applications of Derivatives.","195","true","true"
"/subjects/math/calculus/derivative-applications/extrema-and-critical-numbers/","Learn extrema and critical numbers with clear exposition, guided derivations, worked examples, visuals, checks, and interpretation. Part of Calculus I Unit 2B: Applications of Derivatives.","188","true","true"
"/subjects/math/calculus/derivative-applications/first-derivative-test/","Learn the first derivative test with clear exposition, guided derivations, worked examples, visuals, checks, and interpretation. Part of Calculus I Unit 2B: Applications of Derivatives.","185","true","true"
"/subjects/math/calculus/derivative-applications/graph-analysis-story/","Learn graph analysis as a coherent story with clear exposition, guided derivations, worked examples, visuals, checks, and interpretation. Part of Calculus I Unit 2B: Applications of Derivatives.","194","true","true"
"/subjects/math/calculus/derivative-applications/how-to-translate-word-problems/","Learn how to translate derivative word problems with clear exposition, guided derivations, worked examples, visuals, checks, and interpretation. Part of Calculus I Unit 2B: Applications of Derivatives.","201","true","true"
"/subjects/math/calculus/derivative-applications/increasing-decreasing/","Learn increasing and decreasing intervals with clear exposition, guided derivations, worked examples, visuals, checks, and interpretation. Part of Calculus I Unit 2B: Applications of Derivatives.","195","true","true"
"/subjects/math/calculus/derivative-applications/interpretation-concept-quiz/","Test conceptual understanding of interpretation and motion concept quiz with a short self-check and model responses. Part of Calculus I Unit 2B: Applications of Derivatives.","173","true","true"
"/subjects/math/calculus/derivative-applications/interpretation-review/","Review higher derivatives and motion review with mixed practice and links back to the exact lessons behind each skill. Part of Calculus I Unit 2B: Applications of Derivatives.","175","true","true"
"/subjects/math/calculus/derivative-applications/interpreting-derivatives/","Learn how to interpret a derivative in context with clear exposition, guided derivations, worked examples, visuals, checks, and interpretation. Part of Calculus I Unit 2B: Applications of Derivatives.","200","true","true"
"/subjects/math/calculus/derivative-applications/interpreting-higher-derivatives/","Learn interpreting higher derivatives with clear exposition, guided derivations, worked examples, visuals, checks, and interpretation. Part of Calculus I Unit 2B: Applications of Derivatives.","191","true","true"
"/subjects/math/calculus/derivative-applications/lhopital-concept-quiz/","Test conceptual understanding of l&#x27;hopital concept quiz with a short self-check and model responses. Part of Calculus I Unit 2B: Applications of Derivatives.","162","true","true"
"/subjects/math/calculus/derivative-applications/lhopital-infinity-over-infinity/","Learn l&#x27;hopital&#x27;s rule for infinity/infinity with clear exposition, guided derivations, worked examples, visuals, checks, and interpretation. Part of Calculus I Unit 2B: Applications of Derivatives.","208","true","true"
"/subjects/math/calculus/derivative-applications/lhopital-is-not-cancellation/","Learn l&#x27;hopital&#x27;s rule is not quotient cancellation with clear exposition, guided derivations, worked examples, visuals, checks, and interpretation. Part of Calculus I Unit 2B: Applications of Derivatives.","215","true","true"
"/subjects/math/calculus/derivative-applications/lhopital-review/","Review l&#x27;hopital&#x27;s rule review with mixed practice and links back to the exact lessons behind each skill. Part of Calculus I Unit 2B: Applications of Derivatives.","172","true","true"
"/subjects/math/calculus/derivative-applications/lhopital-rule/","Learn l&#x27;hopital&#x27;s rule with clear exposition, guided derivations, worked examples, visuals, checks, and interpretation. Part of Calculus I Unit 2B: Applications of Derivatives.","186","true","true"
"/subjects/math/calculus/derivative-applications/lhopital-zero-over-zero/","Learn l&#x27;hopital&#x27;s rule for 0/0 with clear exposition, guided derivations, worked examples, visuals, checks, and interpretation. Part of Calculus I Unit 2B: Applications of Derivatives.","194","true","true"
"/subjects/math/calculus/derivative-applications/linear-approximation/","Near a known input, a smooth function behaves like its tangent line—and the derivative measures the approximation’s sensitivity. Part of Calculus I Unit 2B: Applications of Derivatives.","185","true","true"
"/subjects/math/calculus/derivative-applications/linearization-practice/","Learn using linearization with clear exposition, guided derivations, worked examples, visuals, checks, and interpretation. Part of Calculus I Unit 2B: Applications of Derivatives.","179","true","true"
"/subjects/math/calculus/derivative-applications/local-linearity/","Learn local linearity with clear exposition, guided derivations, worked examples, visuals, checks, and interpretation. Part of Calculus I Unit 2B: Applications of Derivatives.","175","true","true"
"/subjects/math/calculus/derivative-applications/manufacturing-tolerance/","Learn manufacturing tolerances and error propagation with clear exposition, guided derivations, worked examples, visuals, checks, and interpretation. Part of Calculus I Unit 2B: Applications of Derivatives.","206","true","true"
"/subjects/math/calculus/derivative-applications/marginal-analysis/","Learn marginal cost, revenue, profit, and elasticity with clear exposition, guided derivations, worked examples, visuals, checks, and interpretation. Part of Calculus I Unit 2B: Applications of Derivatives.","206","true","true"
"/subjects/math/calculus/derivative-applications/mean-value-theorem/","Learn the mean value theorem with clear exposition, guided derivations, worked examples, visuals, checks, and interpretation. Part of Calculus I Unit 2B: Applications of Derivatives.","182","true","true"
"/subjects/math/calculus/derivative-applications/medication-concentration/","Learn medication concentration, peak timing, and model limits with clear exposition, guided derivations, worked examples, visuals, checks, and interpretation. Part of Calculus I Unit 2B: Applications of Derivatives.","215","true","true"
"/subjects/math/calculus/derivative-applications/modeling-studio-review/","Review derivative applications modeling studio review with mixed practice and links back to the exact lessons behind each skill. Part of Calculus I Unit 2B: Applications of Derivatives.","185","true","true"
"/subjects/math/calculus/derivative-applications/modeling-studio/","Practice derivative applications modeling studio with mixed problems, staged guidance, and source-linked solutions. Part of Calculus I Unit 2B: Applications of Derivatives.","172","true","true"
"/subjects/math/calculus/derivative-applications/newtons-method/","Learn newton&#x27;s method with clear exposition, guided derivations, worked examples, visuals, checks, and interpretation. Part of Calculus I Unit 2B: Applications of Derivatives.","180","true","true"
"/subjects/math/calculus/derivative-applications/optimization-business-science/","Learn business and scientific optimization with clear exposition, guided derivations, worked examples, visuals, checks, and interpretation. Part of Calculus I Unit 2B: Applications of Derivatives.","196","true","true"
"/subjects/math/calculus/derivative-applications/optimization-closed-interval/","Learn closed-interval optimization with clear exposition, guided derivations, worked examples, visuals, checks, and interpretation. Part of Calculus I Unit 2B: Applications of Derivatives.","188","true","true"
"/subjects/math/calculus/derivative-applications/optimization-concept-quiz/","Test conceptual understanding of optimization concept quiz with a short self-check and model responses. Part of Calculus I Unit 2B: Applications of Derivatives.","160","true","true"
"/subjects/math/calculus/derivative-applications/optimization-geometry/","Learn geometric optimization with clear exposition, guided derivations, worked examples, visuals, checks, and interpretation. Part of Calculus I Unit 2B: Applications of Derivatives.","182","true","true"
"/subjects/math/calculus/derivative-applications/optimization-modeling/","Learn optimization modeling with clear exposition, guided derivations, worked examples, visuals, checks, and interpretation. Part of Calculus I Unit 2B: Applications of Derivatives.","181","true","true"
"/subjects/math/calculus/derivative-applications/optimization-review/","Review optimization review with mixed practice and links back to the exact lessons behind each skill. Part of Calculus I Unit 2B: Applications of Derivatives.","158","true","true"
"/subjects/math/calculus/derivative-applications/optimization/","Turn a word problem into one objective function, then use calculus and endpoint checks to justify the best feasible value. Part of Calculus I Unit 2B: Applications of Derivatives.","179","true","true"
"/subjects/math/calculus/derivative-applications/other-indeterminate-forms/","Learn products, differences, and powers with clear exposition, guided derivations, worked examples, visuals, checks, and interpretation. Part of Calculus I Unit 2B: Applications of Derivatives.","193","true","true"
"/subjects/math/calculus/derivative-applications/position-velocity-acceleration/","Learn position, velocity, and acceleration with clear exposition, guided derivations, worked examples, visuals, checks, and interpretation. Part of Calculus I Unit 2B: Applications of Derivatives.","196","true","true"
"/subjects/math/calculus/derivative-applications/practice-exam-a-answer-key/","Review complete source-verified answers and solution guidance for Unit 2B Practice Exam A.","90","true","true"
"/subjects/math/calculus/derivative-applications/practice-exam-a/","Complete Unit 2B Practice Exam A as a cumulative Calculus I assessment, then use the separately published answer key for review.","128","true","true"
"/subjects/math/calculus/derivative-applications/practice-exam-b-answer-key/","Review complete source-verified answers and solution guidance for Unit 2B Practice Exam B.","90","true","true"
"/subjects/math/calculus/derivative-applications/practice-exam-b/","Complete Unit 2B Practice Exam B as a cumulative Calculus I assessment, then use the separately published answer key for review.","128","true","true"
"/subjects/math/calculus/derivative-applications/radar-tracking/","Learn radar and camera tracking with changing angles with clear exposition, guided derivations, worked examples, visuals, checks, and interpretation. Part of Calculus I Unit 2B: Applications of Derivatives.","206","true","true"
"/subjects/math/calculus/derivative-applications/rates-from-data/","Learn rates from data and units with clear exposition, guided derivations, worked examples, visuals, checks, and interpretation. Part of Calculus I Unit 2B: Applications of Derivatives.","185","true","true"
"/subjects/math/calculus/derivative-applications/reference/","Use this applications of derivatives reference for formulas, notation, domains, units, and problem-solving strategy. Part of Calculus I Unit 2B: Applications of Derivatives.","173","true","true"
"/subjects/math/calculus/derivative-applications/related-rates-angle/","Learn changing angles with clear exposition, guided derivations, worked examples, visuals, checks, and interpretation. Part of Calculus I Unit 2B: Applications of Derivatives.","175","true","true"
"/subjects/math/calculus/derivative-applications/related-rates-concept-quiz/","Test conceptual understanding of related rates concept quiz with a short self-check and model responses. Part of Calculus I Unit 2B: Applications of Derivatives.","161","true","true"
"/subjects/math/calculus/derivative-applications/related-rates-mixed/","Learn mixed related-rates problems with clear exposition, guided derivations, worked examples, visuals, checks, and interpretation. Part of Calculus I Unit 2B: Applications of Derivatives.","188","true","true"
"/subjects/math/calculus/derivative-applications/related-rates-pythagorean/","Learn pythagorean related rates with clear exposition, guided derivations, worked examples, visuals, checks, and interpretation. Part of Calculus I Unit 2B: Applications of Derivatives.","185","true","true"
"/subjects/math/calculus/derivative-applications/related-rates-review/","Review related rates review with mixed practice and links back to the exact lessons behind each skill. Part of Calculus I Unit 2B: Applications of Derivatives.","159","true","true"
"/subjects/math/calculus/derivative-applications/related-rates-shadows/","Learn shadows and similar triangles with clear exposition, guided derivations, worked examples, visuals, checks, and interpretation. Part of Calculus I Unit 2B: Applications of Derivatives.","189","true","true"
"/subjects/math/calculus/derivative-applications/related-rates-volume/","Learn volume and filling problems with clear exposition, guided derivations, worked examples, visuals, checks, and interpretation. Part of Calculus I Unit 2B: Applications of Derivatives.","187","true","true"
"/subjects/math/calculus/derivative-applications/related-rates-workflow/","Learn related rates workflow with clear exposition, guided derivations, worked examples, visuals, checks, and interpretation. Part of Calculus I Unit 2B: Applications of Derivatives.","182","true","true"
"/subjects/math/calculus/derivative-applications/related-rates/","Connect changing quantities with one equation, differentiate with respect to time, and substitute only after the rates appear. Part of Calculus I Unit 2B: Applications of Derivatives.","183","true","true"
"/subjects/math/calculus/derivative-applications/repeated-lhopital/","Learn repeated l&#x27;hopital applications with clear exposition, guided derivations, worked examples, visuals, checks, and interpretation. Part of Calculus I Unit 2B: Applications of Derivatives.","196","true","true"
"/subjects/math/calculus/derivative-applications/rolles-theorem/","Learn rolle&#x27;s theorem with clear exposition, guided derivations, worked examples, visuals, checks, and interpretation. Part of Calculus I Unit 2B: Applications of Derivatives.","180","true","true"
"/subjects/math/calculus/derivative-applications/second-derivative-test/","Learn the second derivative test with clear exposition, guided derivations, worked examples, visuals, checks, and interpretation. Part of Calculus I Unit 2B: Applications of Derivatives.","186","true","true"
"/subjects/math/calculus/derivative-applications/speeding-up-slowing-down/","Learn speeding up and slowing down with clear exposition, guided derivations, worked examples, visuals, checks, and interpretation. Part of Calculus I Unit 2B: Applications of Derivatives.","188","true","true"
"/subjects/math/calculus/derivative-applications/stopping-distance/","Learn reaction time, braking, and vehicle stopping distance with clear exposition, guided derivations, worked examples, visuals, checks, and interpretation. Part of Calculus I Unit 2B: Applications of Derivatives.","213","true","true"
"/subjects/math/calculus/derivative-applications/theorems-shape-concept-quiz/","Test conceptual understanding of derivative theorems and shape concept quiz with a short self-check and model responses. Part of Calculus I Unit 2B: Applications of Derivatives.","177","true","true"
"/subjects/math/calculus/derivative-applications/theorems-shape-review/","Review derivative theorems and shape review with mixed practice and links back to the exact lessons behind each skill. Part of Calculus I Unit 2B: Applications of Derivatives.","175","true","true"
"/subjects/math/calculus/derivative-applications/unit-2b-review/","Review unit 2b review: applications of derivatives and optimization with mixed practice and links back to the exact lessons behind each skill. Part of Calculus I Unit 2B: Applications of Derivatives.","199","true","true"
"/subjects/math/calculus/derivative-applications/when-not-lhopital/","Learn when not to use l&#x27;hopital&#x27;s rule with clear exposition, guided derivations, worked examples, visuals, checks, and interpretation. Part of Calculus I Unit 2B: Applications of Derivatives.","202","true","true"
"/subjects/math/calculus/derivative-applications/why-linear-approximation-works/","Learn why a tangent line can approximate a curve with clear exposition, guided derivations, worked examples, visuals, checks, and interpretation. Part of Calculus I Unit 2B: Applications of Derivatives.","202","true","true"
"/subjects/math/calculus/derivative-applications/why-related-rates-feel-hard/","Learn why related-rates problems feel hard with clear exposition, guided derivations, worked examples, visuals, checks, and interpretation. Part of Calculus I Unit 2B: Applications of Derivatives.","196","true","true"
"/subjects/math/calculus/derivatives/","Study Unit 2A: Derivative Foundations and Differentiation Techniques through a complete sequential course with explanations, visuals, checks, reviews, practice exams, and answer keys.","183","true","true"
"/subjects/math/calculus/derivatives/advanced-chain-rule-linear-maps/","Explore the chain rule as composition of local linear maps in an optional advanced note connecting Calculus I to later analysis and mathematical theory. Part of Calculus I Unit 2A: Derivative Foundations and Techniques.","219","true","true"
"/subjects/math/calculus/derivatives/advanced-darboux-derivatives/","Explore darboux&#x27;s theorem: derivatives cannot jump in an optional advanced note connecting Calculus I to later analysis and mathematical theory. Part of Calculus I Unit 2A: Derivative Foundations and Techniques.","216","true","true"
"/subjects/math/calculus/derivatives/advanced-implicit-function-theorem/","Explore a preview of the implicit function theorem in an optional advanced note connecting Calculus I to later analysis and mathematical theory. Part of Calculus I Unit 2A: Derivative Foundations and Techniques.","211","true","true"
"/subjects/math/calculus/derivatives/advanced-local-linearity-little-o/","Explore differentiability, little-o notation, and the best local linear model in an optional advanced note connecting Calculus I to later analysis and mathematical theory. Part of Calculus I Unit 2A: Derivative Foundations and Techniques.","238","true","true"
"/subjects/math/calculus/derivatives/advanced-notes-2a/","Explore advanced notes: what differentiability is really saying in an optional advanced note connecting Calculus I to later analysis and mathematical theory. Part of Calculus I Unit 2A: Derivative Foundations and Techniques.","224","true","true"
"/subjects/math/calculus/derivatives/chain-exp-log/","Learn chain rule with exponentials and logarithms with clear exposition, guided derivations, worked examples, visuals, checks, and interpretation. Part of Calculus I Unit 2A: Derivative Foundations and Techniques.","213","true","true"
"/subjects/math/calculus/derivatives/chain-rule-basic/","Learn the basic chain rule with clear exposition, guided derivations, worked examples, visuals, checks, and interpretation. Part of Calculus I Unit 2A: Derivative Foundations and Techniques.","190","true","true"
"/subjects/math/calculus/derivatives/chain-rule-concept-quiz/","Test conceptual understanding of chain rule concept quiz with a short self-check and model responses. Part of Calculus I Unit 2A: Derivative Foundations and Techniques.","168","true","true"
"/subjects/math/calculus/derivatives/chain-rule-map/","Learn a visual and verbal map of the chain rule with clear exposition, guided derivations, worked examples, visuals, checks, and interpretation. Part of Calculus I Unit 2A: Derivative Foundations and Techniques.","211","true","true"
"/subjects/math/calculus/derivatives/chain-rule-review/","Review chain rule review with mixed practice and links back to the exact lessons behind each skill. Part of Calculus I Unit 2A: Derivative Foundations and Techniques.","166","true","true"
"/subjects/math/calculus/derivatives/chain-rule/","Differentiate the outside function, keep the inside intact, then multiply by the inside rate. Part of Calculus I Unit 2A: Derivative Foundations and Techniques.","160","true","true"
"/subjects/math/calculus/derivatives/chain-trig/","Learn chain rule with trigonometric functions with clear exposition, guided derivations, worked examples, visuals, checks, and interpretation. Part of Calculus I Unit 2A: Derivative Foundations and Techniques.","209","true","true"
"/subjects/math/calculus/derivatives/combined-rules/","Learn combining product, quotient, and chain rules with clear exposition, guided derivations, worked examples, visuals, checks, and interpretation. Part of Calculus I Unit 2A: Derivative Foundations and Techniques.","214","true","true"
"/subjects/math/calculus/derivatives/composition/","Learn composition and the need for the chain rule with clear exposition, guided derivations, worked examples, visuals, checks, and interpretation. Part of Calculus I Unit 2A: Derivative Foundations and Techniques.","213","true","true"
"/subjects/math/calculus/derivatives/core-rules-concept-quiz/","Test conceptual understanding of core rules concept quiz with a short self-check and model responses. Part of Calculus I Unit 2A: Derivative Foundations and Techniques.","168","true","true"
"/subjects/math/calculus/derivatives/core-rules-review/","Review core differentiation rules review with mixed practice and links back to the exact lessons behind each skill. Part of Calculus I Unit 2A: Derivative Foundations and Techniques.","182","true","true"
"/subjects/math/calculus/derivatives/derivative-at-a-point/","Learn the derivative at a point with clear exposition, guided derivations, worked examples, visuals, checks, and interpretation. Part of Calculus I Unit 2A: Derivative Foundations and Techniques.","195","true","true"
"/subjects/math/calculus/derivatives/derivative-computation-strategy/","Learn a complete derivative computation strategy with clear exposition, guided derivations, worked examples, visuals, checks, and interpretation. Part of Calculus I Unit 2A: Derivative Foundations and Techniques.","212","true","true"
"/subjects/math/calculus/derivatives/derivative-function/","Learn the derivative as a function with clear exposition, guided derivations, worked examples, visuals, checks, and interpretation. Part of Calculus I Unit 2A: Derivative Foundations and Techniques.","198","true","true"
"/subjects/math/calculus/derivatives/derivative-of-x-to-the-x/","The base and exponent both vary, so neither the ordinary power rule nor the simple exponential rule works alone. Part of Calculus I Unit 2A: Derivative Foundations and Techniques.","179","true","true"
"/subjects/math/calculus/derivatives/derivatives-of-inverse-trig-functions/","Recognize the inverse-trig outer function, differentiate its input, and keep the domain restrictions visible. Part of Calculus I Unit 2A: Derivative Foundations and Techniques.","176","true","true"
"/subjects/math/calculus/derivatives/difference-quotient-algebra/","Learn difference quotient algebra without skipped steps with clear exposition, guided derivations, worked examples, visuals, checks, and interpretation. Part of Calculus I Unit 2A: Derivative Foundations and Techniques.","219","true","true"
"/subjects/math/calculus/derivatives/differentiability-and-continuity/","Learn differentiability and continuity with clear exposition, guided derivations, worked examples, visuals, checks, and interpretation. Part of Calculus I Unit 2A: Derivative Foundations and Techniques.","202","true","true"
"/subjects/math/calculus/derivatives/exponential-e/","Learn the derivative of the natural exponential with clear exposition, guided derivations, worked examples, visuals, checks, and interpretation. Part of Calculus I Unit 2A: Derivative Foundations and Techniques.","211","true","true"
"/subjects/math/calculus/derivatives/foundations-concept-quiz/","Test conceptual understanding of derivative foundations concept quiz with a short self-check and model responses. Part of Calculus I Unit 2A: Derivative Foundations and Techniques.","180","true","true"
"/subjects/math/calculus/derivatives/foundations-review/","Review derivative foundations review with mixed practice and links back to the exact lessons behind each skill. Part of Calculus I Unit 2A: Derivative Foundations and Techniques.","178","true","true"
"/subjects/math/calculus/derivatives/from-graphs-and-tables/","Learn estimating derivatives from graphs and tables with clear exposition, guided derivations, worked examples, visuals, checks, and interpretation. Part of Calculus I Unit 2A: Derivative Foundations and Techniques.","215","true","true"
"/subjects/math/calculus/derivatives/general-exponential/","Learn derivatives of general exponential functions with clear exposition, guided derivations, worked examples, visuals, checks, and interpretation. Part of Calculus I Unit 2A: Derivative Foundations and Techniques.","214","true","true"
"/subjects/math/calculus/derivatives/general-logarithms/","Learn derivatives of general logarithms with clear exposition, guided derivations, worked examples, visuals, checks, and interpretation. Part of Calculus I Unit 2A: Derivative Foundations and Techniques.","203","true","true"
"/subjects/math/calculus/derivatives/higher-derivative-techniques/","Learn how to compute higher derivatives reliably with clear exposition, guided derivations, worked examples, visuals, checks, and interpretation. Part of Calculus I Unit 2A: Derivative Foundations and Techniques.","212","true","true"
"/subjects/math/calculus/derivatives/higher-derivatives/","Learn higher derivatives with clear exposition, guided derivations, worked examples, visuals, checks, and interpretation. Part of Calculus I Unit 2A: Derivative Foundations and Techniques.","188","true","true"
"/subjects/math/calculus/derivatives/implicit-differentiation/","Learn implicit differentiation with clear exposition, guided derivations, worked examples, visuals, checks, and interpretation. Part of Calculus I Unit 2A: Derivative Foundations and Techniques.","194","true","true"
"/subjects/math/calculus/derivatives/implicit-inverse-concept-quiz/","Test conceptual understanding of implicit and inverse concept quiz with a short self-check and model responses. Part of Calculus I Unit 2A: Derivative Foundations and Techniques.","178","true","true"
"/subjects/math/calculus/derivatives/implicit-inverse-review/","Review implicit, inverse, and logarithmic differentiation review with mixed practice and links back to the exact lessons behind each skill. Part of Calculus I Unit 2A: Derivative Foundations and Techniques.","206","true","true"
"/subjects/math/calculus/derivatives/implicit-second-derivative/","Learn second derivatives from implicit equations with clear exposition, guided derivations, worked examples, visuals, checks, and interpretation. Part of Calculus I Unit 2A: Derivative Foundations and Techniques.","212","true","true"
"/subjects/math/calculus/derivatives/implicit-tangent-lines/","Learn tangent lines to implicit curves with clear exposition, guided derivations, worked examples, visuals, checks, and interpretation. Part of Calculus I Unit 2A: Derivative Foundations and Techniques.","202","true","true"
"/subjects/math/calculus/derivatives/inverse-function-rule/","Learn derivative of an inverse function with clear exposition, guided derivations, worked examples, visuals, checks, and interpretation. Part of Calculus I Unit 2A: Derivative Foundations and Techniques.","203","true","true"
"/subjects/math/calculus/derivatives/inverse-trig/","Learn inverse trigonometric derivatives with clear exposition, guided derivations, worked examples, visuals, checks, and interpretation. Part of Calculus I Unit 2A: Derivative Foundations and Techniques.","203","true","true"
"/subjects/math/calculus/derivatives/logarithmic-differentiation/","Learn logarithmic differentiation with clear exposition, guided derivations, worked examples, visuals, checks, and interpretation. Part of Calculus I Unit 2A: Derivative Foundations and Techniques.","197","true","true"
"/subjects/math/calculus/derivatives/multiple-chain-layers/","Learn multiple chain-rule layers with clear exposition, guided derivations, worked examples, visuals, checks, and interpretation. Part of Calculus I Unit 2A: Derivative Foundations and Techniques.","196","true","true"
"/subjects/math/calculus/derivatives/natural-log/","Learn the derivative of the natural logarithm with clear exposition, guided derivations, worked examples, visuals, checks, and interpretation. Part of Calculus I Unit 2A: Derivative Foundations and Techniques.","209","true","true"
"/subjects/math/calculus/derivatives/negative-fractional-powers/","Learn negative and fractional powers with clear exposition, guided derivations, worked examples, visuals, checks, and interpretation. Part of Calculus I Unit 2A: Derivative Foundations and Techniques.","200","true","true"
"/subjects/math/calculus/derivatives/notation-and-units/","Learn derivative notation and units with clear exposition, guided derivations, worked examples, visuals, checks, and interpretation. Part of Calculus I Unit 2A: Derivative Foundations and Techniques.","199","true","true"
"/subjects/math/calculus/derivatives/notation-guide/","Use this derivative foundations and techniques reference for formulas, notation, domains, units, and problem-solving strategy. Part of Calculus I Unit 2A: Derivative Foundations and Techniques.","193","false","true"
"/subjects/math/calculus/derivatives/other-trig-functions/","Learn derivatives of the other trigonometric functions with clear exposition, guided derivations, worked examples, visuals, checks, and interpretation. Part of Calculus I Unit 2A: Derivative Foundations and Techniques.","218","true","true"
"/subjects/math/calculus/derivatives/power-rule/","Learn the constant and power rules with clear exposition, guided derivations, worked examples, visuals, checks, and interpretation. Part of Calculus I Unit 2A: Derivative Foundations and Techniques.","198","true","true"
"/subjects/math/calculus/derivatives/practice-exam-a-answer-key/","Review complete source-verified answers and solution guidance for Unit 2A Practice Exam A.","90","true","true"
"/subjects/math/calculus/derivatives/practice-exam-b-answer-key/","Review complete source-verified answers and solution guidance for Unit 2A Practice Exam B.","90","true","true"
"/subjects/math/calculus/derivatives/prerequisite-diagnostic/","Check the prerequisite skills needed for Derivative Foundations and Techniques and follow targeted review links before beginning the unit. Part of Calculus I Unit 2A: Derivative Foundations and Techniques.","205","true","true"
"/subjects/math/calculus/derivatives/product-rule-vs-quotient-rule/","Choose the derivative rule from the top-level operation—and simplify first when algebra can remove the choice entirely. Part of Calculus I Unit 2A: Derivative Foundations and Techniques.","186","true","true"
"/subjects/math/calculus/derivatives/product-rule/","Learn the product rule with clear exposition, guided derivations, worked examples, visuals, checks, and interpretation. Part of Calculus I Unit 2A: Derivative Foundations and Techniques.","186","true","true"
"/subjects/math/calculus/derivatives/quotient-rule/","Learn the quotient rule with clear exposition, guided derivations, worked examples, visuals, checks, and interpretation. Part of Calculus I Unit 2A: Derivative Foundations and Techniques.","187","true","true"
"/subjects/math/calculus/derivatives/rule-selection/","Learn how to choose a differentiation rule with clear exposition, guided derivations, worked examples, visuals, checks, and interpretation. Part of Calculus I Unit 2A: Derivative Foundations and Techniques.","206","true","true"
"/subjects/math/calculus/derivatives/sine-and-cosine/","Learn derivatives of sine and cosine with clear exposition, guided derivations, worked examples, visuals, checks, and interpretation. Part of Calculus I Unit 2A: Derivative Foundations and Techniques.","200","true","true"
"/subjects/math/calculus/derivatives/special-functions-concept-quiz/","Test conceptual understanding of special functions concept quiz with a short self-check and model responses. Part of Calculus I Unit 2A: Derivative Foundations and Techniques.","175","true","true"
"/subjects/math/calculus/derivatives/special-functions-review/","Review trigonometric, exponential, and logarithmic review with mixed practice and links back to the exact lessons behind each skill. Part of Calculus I Unit 2A: Derivative Foundations and Techniques.","199","true","true"
"/subjects/math/calculus/derivatives/sum-and-constant-multiple-rules/","Learn sums and constant multiples with clear exposition, guided derivations, worked examples, visuals, checks, and interpretation. Part of Calculus I Unit 2A: Derivative Foundations and Techniques.","197","true","true"
"/subjects/math/calculus/derivatives/tangent-line-equation/","Learn tangent and normal lines with clear exposition, guided derivations, worked examples, visuals, checks, and interpretation. Part of Calculus I Unit 2A: Derivative Foundations and Techniques.","194","true","true"
"/subjects/math/calculus/derivatives/unit-2a-common-errors/","Review common derivative computation errors and how to repair them with mixed practice and links back to the exact lessons behind each skill. Part of Calculus I Unit 2A: Derivative Foundations and Techniques.","208","true","true"
"/subjects/math/calculus/derivatives/unit-2a-cumulative-practice/","Practice unit 2a cumulative derivative practice with mixed problems, staged guidance, and source-linked solutions. Part of Calculus I Unit 2A: Derivative Foundations and Techniques.","181","true","true"
"/subjects/math/calculus/derivatives/unit-2a-practice-exam-a/","Complete Unit 2A Practice Exam A as a cumulative Calculus I assessment, then use the separately published answer key for review.","128","true","true"
"/subjects/math/calculus/derivatives/unit-2a-practice-exam-b/","Complete Unit 2A Practice Exam B as a cumulative Calculus I assessment, then use the separately published answer key for review.","128","true","true"
"/subjects/math/calculus/derivatives/unit-2a-reference/","Use this derivative foundations and techniques reference for formulas, notation, domains, units, and problem-solving strategy. Part of Calculus I Unit 2A: Derivative Foundations and Techniques.","193","false","true"
"/subjects/math/calculus/derivatives/unit-2a-review/","Review unit 2a review: derivative meaning and computation with mixed practice and links back to the exact lessons behind each skill. Part of Calculus I Unit 2A: Derivative Foundations and Techniques.","199","true","true"
"/subjects/math/calculus/derivatives/variable-exponents/","Learn variable bases and exponents with clear exposition, guided derivations, worked examples, visuals, checks, and interpretation. Part of Calculus I Unit 2A: Derivative Foundations and Techniques.","198","true","true"
"/subjects/math/calculus/derivatives/what-does-derivative-mean/","Learn what does the word derivative mean in calculus? with clear exposition, guided derivations, worked examples, visuals, checks, and interpretation. Part of Calculus I Unit 2A: Derivative Foundations and Techniques.","217","true","true"
"/subjects/math/calculus/derivatives/what-implicit-means/","Learn what “implicit” means and why it matters with clear exposition, guided derivations, worked examples, visuals, checks, and interpretation. Part of Calculus I Unit 2A: Derivative Foundations and Techniques.","210","true","true"
"/subjects/math/calculus/derivatives/why-derivative-rules-work/","Learn derivative rules are shortcuts, not new definitions with clear exposition, guided derivations, worked examples, visuals, checks, and interpretation. Part of Calculus I Unit 2A: Derivative Foundations and Techniques.","221","true","true"
"/subjects/math/calculus/derivatives/why-derivatives-matter/","Learn why derivatives matter with clear exposition, guided derivations, worked examples, visuals, checks, and interpretation. Part of Calculus I Unit 2A: Derivative Foundations and Techniques.","192","true","true"
"/subjects/math/calculus/derivatives/why-special-derivatives-are-not-random/","Learn why special-function derivatives are not random with clear exposition, guided derivations, worked examples, visuals, checks, and interpretation. Part of Calculus I Unit 2A: Derivative Foundations and Techniques.","217","true","true"
"/subjects/math/calculus/formula-sheets/","Compact printable calculus references that explain when a formula applies and which errors to avoid.","100","true","true"
"/subjects/math/calculus/formula-sheets/derivative-rules/","Review power, product, quotient, chain, exponential, logarithmic, trigonometric, and inverse-trigonometric derivative rules.","124","true","true"
"/subjects/math/calculus/integrals/","Learn Unit 3A: Integral Foundations and Techniques: antiderivatives, definite integrals, techniques, modeling, worked examples, checks, reviews, and practice.","158","true","true"
"/subjects/math/calculus/integrals/accumulation-functions/","Learn Accumulation Functions through clear explanation, worked examples, visual reasoning, checks, and connected integral-calculus practice. Part of Calculus I Unit 3A: Integral Foundations and Techniques.","205","true","true"
"/subjects/math/calculus/integrals/antiderivatives/","Learn Antiderivatives: Reversing a Derivative through clear explanation, worked examples, visual reasoning, checks, and connected integral-calculus practice. Part of Calculus I Unit 3A: Integral Foundations and Techniques.","222","true","true"
"/subjects/math/calculus/integrals/average-value-of-a-function/","Learn Average Value of a Function through clear explanation, worked examples, visual reasoning, checks, and connected integral-calculus practice. Part of Calculus I Unit 3A: Integral Foundations and Techniques.","210","true","true"
"/subjects/math/calculus/integrals/basic-antiderivative-rules/","Learn Basic Antiderivative Rules through clear explanation, worked examples, visual reasoning, checks, and connected integral-calculus practice. Part of Calculus I Unit 3A: Integral Foundations and Techniques.","209","true","true"
"/subjects/math/calculus/integrals/common-errors/","Learn Common Integral Errors and How to Repair Them through clear explanation, worked examples, visual reasoning, checks, and connected integral-calculus practice. Part of Calculus I Unit 3A: Integral Foundations and Techniques.","228","true","true"
"/subjects/math/calculus/integrals/cumulative-practice/","Practice Unit 3A Cumulative Practice with cumulative integral-calculus problems designed to test setup, computation, units, and interpretation.","143","true","true"
"/subjects/math/calculus/integrals/definite-integral-signed-area/","Learn The Definite Integral as Signed Area through clear explanation, worked examples, visual reasoning, checks, and connected integral-calculus practice. Part of Calculus I Unit 3A: Integral Foundations and Techniques.","219","true","true"
"/subjects/math/calculus/integrals/definite-integrals-by-substitution/","Learn Definite Integrals by Substitution through clear explanation, worked examples, visual reasoning, checks, and connected integral-calculus practice. Part of Calculus I Unit 3A: Integral Foundations and Techniques.","217","true","true"
"/subjects/math/calculus/integrals/displacement-and-distance/","Learn Displacement, Distance, and Signed Accumulation through clear explanation, worked examples, visual reasoning, checks, and connected integral-calculus practice. Part of Calculus I Unit 3A: Integral Foundations and Techniques.","230","true","true"
"/subjects/math/calculus/integrals/fundamental-theorem-part-one/","Learn Fundamental Theorem of Calculus, Part I through clear explanation, worked examples, visual reasoning, checks, and connected integral-calculus practice. Part of Calculus I Unit 3A: Integral Foundations and Techniques.","222","true","true"
"/subjects/math/calculus/integrals/fundamental-theorem-part-two/","Learn Fundamental Theorem of Calculus, Part II through clear explanation, worked examples, visual reasoning, checks, and connected integral-calculus practice. Part of Calculus I Unit 3A: Integral Foundations and Techniques.","223","true","true"
"/subjects/math/calculus/integrals/improper-integrals-infinite-intervals/","Learn Improper Integrals over Infinite Intervals through clear explanation, worked examples, visual reasoning, checks, and connected integral-calculus practice. Part of Calculus I Unit 3A: Integral Foundations and Techniques.","225","true","true"
"/subjects/math/calculus/integrals/improper-integrals-unbounded-functions/","Learn Improper Integrals with Unbounded Integrands through clear explanation, worked examples, visual reasoning, checks, and connected integral-calculus practice. Part of Calculus I Unit 3A: Integral Foundations and Techniques.","227","true","true"
"/subjects/math/calculus/integrals/indefinite-integrals-and-c/","Learn Indefinite Integrals and the Constant of Integration through clear explanation, worked examples, visual reasoning, checks, and connected integral-calculus practice. Part of Calculus I Unit 3A: Integral Foundations and Techniques.","235","true","true"
"/subjects/math/calculus/integrals/initial-value-problems/","Learn Initial-Value Problems and Recovering a Function through clear explanation, worked examples, visual reasoning, checks, and connected integral-calculus practice. Part of Calculus I Unit 3A: Integral Foundations and Techniques.","231","true","true"
"/subjects/math/calculus/integrals/integration-by-parts/","Learn Integration by Parts through clear explanation, worked examples, visual reasoning, checks, and connected integral-calculus practice. Part of Calculus I Unit 3A: Integral Foundations and Techniques.","203","true","true"
"/subjects/math/calculus/integrals/integration-strategy/","Learn Choosing an Integration Strategy through clear explanation, worked examples, visual reasoning, checks, and connected integral-calculus practice. Part of Calculus I Unit 3A: Integral Foundations and Techniques.","215","true","true"
"/subjects/math/calculus/integrals/left-right-midpoint-riemann-sums/","Learn Left, Right, and Midpoint Riemann Sums through clear explanation, worked examples, visual reasoning, checks, and connected integral-calculus practice. Part of Calculus I Unit 3A: Integral Foundations and Techniques.","221","true","true"
"/subjects/math/calculus/integrals/net-change-theorem/","Learn The Net Change Theorem through clear explanation, worked examples, visual reasoning, checks, and connected integral-calculus practice. Part of Calculus I Unit 3A: Integral Foundations and Techniques.","205","true","true"
"/subjects/math/calculus/integrals/numerical-integration/","Learn Midpoint and Trapezoidal Rules through clear explanation, worked examples, visual reasoning, checks, and connected integral-calculus practice. Part of Calculus I Unit 3A: Integral Foundations and Techniques.","213","true","true"
"/subjects/math/calculus/integrals/partial-fractions/","Learn Partial Fractions through clear explanation, worked examples, visual reasoning, checks, and connected integral-calculus practice. Part of Calculus I Unit 3A: Integral Foundations and Techniques.","200","true","true"
"/subjects/math/calculus/integrals/partitions-and-sigma-notation/","Learn Partitions and Sigma Notation through clear explanation, worked examples, visual reasoning, checks, and connected integral-calculus practice. Part of Calculus I Unit 3A: Integral Foundations and Techniques.","212","true","true"
"/subjects/math/calculus/integrals/practice-exam-a-answer-key/","Review the worked solutions and modeling rubrics for Unit 3A Practice Exam A. Check methods, units, and interpretation.","119","true","true"
"/subjects/math/calculus/integrals/practice-exam-a/","Take Unit 3A Practice Exam A, a comprehensive BetterGrades integral-calculus practice exam with a separately routed worked answer key.","134","true","true"
"/subjects/math/calculus/integrals/practice-exam-b-answer-key/","Review the worked solutions and modeling rubrics for Unit 3A Practice Exam B. Check methods, units, and interpretation.","119","true","true"
"/subjects/math/calculus/integrals/practice-exam-b/","Take Unit 3A Practice Exam B, a comprehensive BetterGrades integral-calculus practice exam with a separately routed worked answer key.","134","true","true"
"/subjects/math/calculus/integrals/properties-of-definite-integrals/","Learn Properties and Orientation of Definite Integrals through clear explanation, worked examples, visual reasoning, checks, and connected integral-calculus practice. Part of Calculus I Unit 3A: Integral Foundations and Techniques.","231","true","true"
"/subjects/math/calculus/integrals/rates-to-total-change/","Learn From a Rate to Total Change through clear explanation, worked examples, visual reasoning, checks, and connected integral-calculus practice. Part of Calculus I Unit 3A: Integral Foundations and Techniques.","210","true","true"
"/subjects/math/calculus/integrals/review/","Learn Unit 3A Review: Integral Foundations and Techniques through clear explanation, worked examples, visual reasoning, checks, and connected integral-calculus practice.","169","true","true"
"/subjects/math/calculus/integrals/riemann-sum-limit/","Learn The Riemann-Sum Definition of the Definite Integral through clear explanation, worked examples, visual reasoning, checks, and connected integral-calculus practice. Part of Calculus I Unit 3A: Integral Foundations and Techniques.","234","true","true"
"/subjects/math/calculus/integrals/simpsons-rule/","Learn Simpson’s Rule through clear explanation, worked examples, visual reasoning, checks, and connected integral-calculus practice. Part of Calculus I Unit 3A: Integral Foundations and Techniques.","197","true","true"
"/subjects/math/calculus/integrals/substitution/","Learn Substitution: Reversing the Chain Rule through clear explanation, worked examples, visual reasoning, checks, and connected integral-calculus practice. Part of Calculus I Unit 3A: Integral Foundations and Techniques.","221","true","true"
"/subjects/math/calculus/integrals/trigonometric-integrals/","Learn Trigonometric Integrals through clear explanation, worked examples, visual reasoning, checks, and connected integral-calculus practice. Part of Calculus I Unit 3A: Integral Foundations and Techniques.","206","true","true"
"/subjects/math/calculus/integrals/trigonometric-substitution/","Learn Trigonometric Substitution through clear explanation, worked examples, visual reasoning, checks, and connected integral-calculus practice. Part of Calculus I Unit 3A: Integral Foundations and Techniques.","209","true","true"
"/subjects/math/calculus/integrals/variable-limits-and-chain-rule/","Learn Variable Limits and the Chain Rule through clear explanation, worked examples, visual reasoning, checks, and connected integral-calculus practice. Part of Calculus I Unit 3A: Integral Foundations and Techniques.","217","true","true"
"/subjects/math/calculus/integration-applications/","Learn applications of integration through area, volume, length, mass, work, fluids, marginal quantities, probability, worked examples, visual reasoning, practice, and published exam keys. Part of Calculus I Unit 3B: Applications of Integration.","244","true","true"
"/subjects/math/calculus/integration-applications/arc-length/","Learn Arc Length through clear explanation, worked examples, visual reasoning, checks, and connected integral-calculus practice. Part of Calculus I Unit 3B: Applications of Integration.","185","true","true"
"/subjects/math/calculus/integration-applications/area-between-curves/","Learn Area Between Curves through clear explanation, worked examples, visual reasoning, checks, and connected integral-calculus practice. Part of Calculus I Unit 3B: Applications of Integration.","194","true","true"
"/subjects/math/calculus/integration-applications/average-value-of-a-function/","Total accumulated output divided by interval length—the continuous counterpart of an arithmetic mean. Part of Calculus I Unit 3B: Applications of Integration.","158","true","true"
"/subjects/math/calculus/integration-applications/choosing-a-volume-method/","Learn Choosing a Volume Method through clear explanation, worked examples, visual reasoning, checks, and connected integral-calculus practice. Part of Calculus I Unit 3B: Applications of Integration.","199","true","true"
"/subjects/math/calculus/integration-applications/common-errors/","Identify and repair common integration-application errors involving slice orientation, radii, bounds, density, depth, units, and interpretation. Part of Calculus I Unit 3B: Applications of Integration.","201","true","true"
"/subjects/math/calculus/integration-applications/cumulative-practice/","Practice Unit 3B Cumulative Practice with cumulative integral-calculus problems designed to test setup, computation, units, and interpretation.","143","true","true"
"/subjects/math/calculus/integration-applications/cylindrical-shells/","Learn Cylindrical Shells through clear explanation, worked examples, visual reasoning, checks, and connected integral-calculus practice. Part of Calculus I Unit 3B: Applications of Integration.","193","true","true"
"/subjects/math/calculus/integration-applications/density-and-mass/","Learn Density and Mass through clear explanation, worked examples, visual reasoning, checks, and connected integral-calculus practice. Part of Calculus I Unit 3B: Applications of Integration.","191","true","true"
"/subjects/math/calculus/integration-applications/disks-and-washers/","Learn Disks and Washers through clear explanation, worked examples, visual reasoning, checks, and connected integral-calculus practice. Part of Calculus I Unit 3B: Applications of Integration.","192","true","true"
"/subjects/math/calculus/integration-applications/fluid-pressure/","Learn Fluid Pressure and Hydrostatic Force through clear explanation, worked examples, visual reasoning, checks, and connected integral-calculus practice. Part of Calculus I Unit 3B: Applications of Integration.","211","true","true"
"/subjects/math/calculus/integration-applications/horizontal-slices/","Learn Choosing Vertical or Horizontal Slices through clear explanation, worked examples, visual reasoning, checks, and connected integral-calculus practice. Part of Calculus I Unit 3B: Applications of Integration.","213","true","true"
"/subjects/math/calculus/integration-applications/marginal-quantities/","Learn Recovering Totals from Marginal Quantities through clear explanation, worked examples, visual reasoning, checks, and connected integral-calculus practice. Part of Calculus I Unit 3B: Applications of Integration.","217","true","true"
"/subjects/math/calculus/integration-applications/moments-and-center-of-mass/","Learn Moments and Center of Mass through clear explanation, worked examples, visual reasoning, checks, and connected integral-calculus practice. Part of Calculus I Unit 3B: Applications of Integration.","201","true","true"
"/subjects/math/calculus/integration-applications/physics-application-studio/","Practice Physics Application Studio with cumulative integral-calculus problems designed to test setup, computation, units, and interpretation. Part of Calculus I Unit 3B: Applications of Integration.","199","true","true"
"/subjects/math/calculus/integration-applications/practice-exam-a-answer-key/","Review the worked solutions and modeling rubrics for Unit 3B Practice Exam A. Check methods, units, and interpretation.","119","true","true"
"/subjects/math/calculus/integration-applications/practice-exam-a/","Take Unit 3B Practice Exam A, a comprehensive BetterGrades integral-calculus practice exam with a separately routed worked answer key.","134","true","true"
"/subjects/math/calculus/integration-applications/practice-exam-b-answer-key/","Review the worked solutions and modeling rubrics for Unit 3B Practice Exam B. Check methods, units, and interpretation.","119","true","true"
"/subjects/math/calculus/integration-applications/practice-exam-b/","Take Unit 3B Practice Exam B, a comprehensive BetterGrades integral-calculus practice exam with a separately routed worked answer key.","134","true","true"
"/subjects/math/calculus/integration-applications/probability-density/","Learn Probability Density and Expected Value through clear explanation, worked examples, visual reasoning, checks, and connected integral-calculus practice. Part of Calculus I Unit 3B: Applications of Integration.","213","true","true"
"/subjects/math/calculus/integration-applications/pumping-liquids/","Learn Pumping Liquids through clear explanation, worked examples, visual reasoning, checks, and connected integral-calculus practice. Part of Calculus I Unit 3B: Applications of Integration.","190","true","true"
"/subjects/math/calculus/integration-applications/review/","Review Unit 3B Review: Applications of Integration with a structured summary, common-error repair, mixed practice, and links back to the relevant BetterGrades.","159","true","true"
"/subjects/math/calculus/integration-applications/spring-work/","Learn Work Done on Springs through clear explanation, worked examples, visual reasoning, checks, and connected integral-calculus practice. Part of Calculus I Unit 3B: Applications of Integration.","195","true","true"
"/subjects/math/calculus/integration-applications/surface-area-of-revolution/","Learn Surface Area of Revolution through clear explanation, worked examples, visual reasoning, checks, and connected integral-calculus practice. Part of Calculus I Unit 3B: Applications of Integration.","201","true","true"
"/subjects/math/calculus/integration-applications/volumes-by-slicing/","Learn Volumes by Slicing through clear explanation, worked examples, visual reasoning, checks, and connected integral-calculus practice. Part of Calculus I Unit 3B: Applications of Integration.","193","true","true"
"/subjects/math/calculus/integration-applications/washer-vs-shell/","Choose slices by geometry: perpendicular slices create washers, parallel slices create cylindrical shells. Part of Calculus I Unit 3B: Applications of Integration.","163","true","true"
"/subjects/math/calculus/integration-applications/work-and-fluid-force/","Slice the changing force into small contributions, express every dimension in one variable, and integrate with units attached. Part of Calculus I Unit 3B: Applications of Integration.","183","true","true"
"/subjects/math/calculus/integration-applications/work-and-variable-force/","Learn Work and Variable Force through clear explanation, worked examples, visual reasoning, checks, and connected integral-calculus practice. Part of Calculus I Unit 3B: Applications of Integration.","198","true","true"
"/subjects/math/calculus/integration-techniques/","Choose an antiderivative strategy from the structure of the integrand instead of guessing from a list.","102","true","true"
"/subjects/math/calculus/integration-techniques/improper-integrals/","Replace infinite bounds or unbounded integrands with limits before evaluating, then decide whether the result converges.","120","true","true"
"/subjects/math/calculus/integration-techniques/integration-by-parts-strategy/","Reverse the product rule, choose the factor that simplifies under differentiation, and recognize when the method should be repeated or abandoned.","145","true","true"
"/subjects/math/calculus/integration-techniques/partial-fractions/","Turn a proper rational function into simpler fractions whose antiderivatives are logarithmic or inverse-trigonometric.","118","true","true"
"/subjects/math/calculus/integration-techniques/trigonometric-integrals/","The parity of sine, cosine, secant, and tangent powers tells you what to save and what to convert.","98","true","true"
"/subjects/math/calculus/integration-techniques/trigonometric-substitution/","Match a quadratic radical to a Pythagorean identity so the square root simplifies instead of becoming worse.","108","true","true"
"/subjects/math/calculus/integration-techniques/u-substitution/","Replace a repeated inner expression and its derivative with one variable so the antiderivative’s structure becomes visible.","123","true","true"
"/subjects/math/calculus/limits-continuity/","How functions behave near a point, when substitution is legal, and what continuity actually promises.","101","true","true"
"/subjects/math/calculus/limits-continuity/continuity-at-a-point/","Three conditions, one precise promise: nearby inputs produce nearby outputs without a break at the point.","105","true","true"
"/subjects/math/calculus/limits-continuity/evaluating-indeterminate-limits/","A decision process for 0/0 and ∞/∞ that starts with algebra before reaching for a theorem.","90","true","true"
"/subjects/math/calculus/limits-continuity/infinite-limits-and-asymptotes/","Infinity describes unbounded behavior, not a number a function eventually reaches.","82","true","true"
"/subjects/math/calculus/limits-continuity/limit-of-sin-x-over-x/","A foundational limit whose real proof comes from geometry, not from plugging in zero and hoping.","96","true","true"
"/subjects/math/calculus/limits-continuity/one-sided-limits-and-jump-discontinuities/","A two-sided limit exists only when the function approaches the same value from the left and from the right.","107","true","true"
"/subjects/math/calculus/limits-continuity/squeeze-theorem/","Trap a difficult function between two easier functions that are forced to meet at the same limit.","97","true","true"
"/subjects/math/calculus/limits-continuity/unit/","Study limits and continuity from the beginning with a sequential Calculus I textbook, guided examples, quizzes, reviews, and practice exams.","140","true","true"
"/subjects/math/calculus/limits-continuity/unit/continuity/bisection-method/","Learn Bisection Method After the IVT with plain-language explanations, guided examples, worked homework methods, interactive checks, and exam-style practice.","157","true","true"
"/subjects/math/calculus/limits-continuity/unit/continuity/continuity-at-a-point/","Learn Continuity at a Point with plain-language explanations, guided examples, worked homework methods, interactive checks, and exam-style practice.","148","true","true"
"/subjects/math/calculus/limits-continuity/unit/continuity/continuity-concept-quiz/","Test Continuity Concept Quiz with short answer checks, hints, worked feedback, and links back to the exact lessons you need.","124","true","true"
"/subjects/math/calculus/limits-continuity/unit/continuity/continuity-practice/","Practice Continuity and IVT Practice Problems with warm-up, homework-level, reasoning, and exam-style problems plus answer support.","131","true","true"
"/subjects/math/calculus/limits-continuity/unit/continuity/continuity-review/","Review Continuity and IVT Review with a concise concept summary, common errors, and links to targeted practice.","111","true","true"
"/subjects/math/calculus/limits-continuity/unit/continuity/continuous-functions/","Use this Which Functions Are Continuous? reference to choose methods, review notation, and solve Calculus I limits and continuity problems.","139","true","true"
"/subjects/math/calculus/limits-continuity/unit/continuity/intermediate-value-theorem/","Learn Intermediate Value Theorem with plain-language explanations, guided examples, worked homework methods, interactive checks, and exam-style practice.","153","true","true"
"/subjects/math/calculus/limits-continuity/unit/continuity/intervals-endpoints/","Learn Continuity on Intervals and at Endpoints with plain-language explanations, guided examples, worked homework methods, interactive checks, and exam-style practice.","167","true","true"
"/subjects/math/calculus/limits-continuity/unit/continuity/piecewise-parameters/","Learn Choosing Parameters for Piecewise Continuity with plain-language explanations, guided examples, worked homework methods, interactive checks, and exam-style practice.","171","true","true"
"/subjects/math/calculus/limits-continuity/unit/continuity/repair-removable-discontinuity/","Learn How to Repair a Removable Discontinuity with plain-language explanations, guided examples, worked homework methods, interactive checks, and exam-style practice.","166","true","true"
"/subjects/math/calculus/limits-continuity/unit/continuity/two-parameter-continuity/","Learn Two-Parameter Continuity Problems with plain-language explanations, guided examples, worked homework methods, interactive checks, and exam-style practice.","160","true","true"
"/subjects/math/calculus/limits-continuity/unit/continuity/types-of-discontinuity/","Learn Types of Discontinuity with plain-language explanations, guided examples, worked homework methods, interactive checks, and exam-style practice.","149","true","true"
"/subjects/math/calculus/limits-continuity/unit/limits/absolute-value-piecewise/","Learn Limits With Absolute Values and Piecewise Functions with plain-language explanations, guided examples, worked homework methods, interactive checks, and exam-style practice.","178","true","true"
"/subjects/math/calculus/limits-continuity/unit/limits/common-exam-errors/","Review Common Limits Exam Errors with a concise concept summary, common errors, and links to targeted practice.","111","true","true"
"/subjects/math/calculus/limits-continuity/unit/limits/complete-asymptote-analysis/","Learn Complete Rational Function Asymptote Analysis with plain-language explanations, guided examples, worked homework methods, interactive checks, and exam-style practice.","172","true","true"
"/subjects/math/calculus/limits-continuity/unit/limits/complex-fractions/","Learn Limits With Complex Fractions with plain-language explanations, guided examples, worked homework methods, interactive checks, and exam-style practice.","156","true","true"
"/subjects/math/calculus/limits-continuity/unit/limits/cosine-limits/","Learn Cosine Limits and Trigonometric Identities with plain-language explanations, guided examples, worked homework methods, interactive checks, and exam-style practice.","169","true","true"
"/subjects/math/calculus/limits-continuity/unit/limits/cumulative-practice/","Practice Cumulative Limits and Continuity Practice with warm-up, homework-level, reasoning, and exam-style problems plus answer support.","136","true","true"
"/subjects/math/calculus/limits-continuity/unit/limits/direct-substitution/","Learn Direct Substitution for Limits with plain-language explanations, guided examples, worked homework methods, interactive checks, and exam-style practice.","157","true","true"
"/subjects/math/calculus/limits-continuity/unit/limits/disprove-limit-epsilon-delta/","Learn How to Disprove a Claimed Limit with plain-language explanations, guided examples, worked homework methods, interactive checks, and exam-style practice.","158","true","true"
"/subjects/math/calculus/limits-continuity/unit/limits/epsilon-delta-concept-quiz/","Test Epsilon-Delta Concept Quiz with short answer checks, hints, worked feedback, and links back to the exact lessons you need.","127","true","true"
"/subjects/math/calculus/limits-continuity/unit/limits/epsilon-delta-graph/","Learn Reading Epsilon and Delta From a Graph with plain-language explanations, guided examples, worked homework methods, interactive checks, and exam-style practice.","165","true","true"
"/subjects/math/calculus/limits-continuity/unit/limits/epsilon-delta-introduction/","Learn Epsilon-Delta Definition: An Introduction with plain-language explanations, guided examples, worked homework methods, interactive checks, and exam-style practice.","168","true","true"
"/subjects/math/calculus/limits-continuity/unit/limits/epsilon-delta-linear/","Learn Epsilon-Delta Proofs for Linear Functions with plain-language explanations, guided examples, worked homework methods, interactive checks, and exam-style practice.","168","true","true"
"/subjects/math/calculus/limits-continuity/unit/limits/epsilon-delta-practice/","Practice Epsilon-Delta Practice Problems with warm-up, homework-level, reasoning, and exam-style problems plus answer support.","126","true","true"
"/subjects/math/calculus/limits-continuity/unit/limits/epsilon-delta-quadratic/","Learn Epsilon-Delta Proofs for Quadratic Functions with plain-language explanations, guided examples, worked homework methods, interactive checks, and exam-style practice.","171","true","true"
"/subjects/math/calculus/limits-continuity/unit/limits/epsilon-delta-review/","Review Epsilon-Delta Review with a concise concept summary, common errors, and links to targeted practice.","106","true","true"
"/subjects/math/calculus/limits-continuity/unit/limits/factoring-limits/","Learn Evaluating Limits by Factoring with plain-language explanations, guided examples, worked homework methods, interactive checks, and exam-style practice.","157","true","true"
"/subjects/math/calculus/limits-continuity/unit/limits/finite-limit-decision-tree/","Use this Finite Limit Decision Tree reference to choose methods, review notation, and solve Calculus I limits and continuity problems.","134","true","true"
"/subjects/math/calculus/limits-continuity/unit/limits/finite-limits-concept-quiz/","Test Finite Limits Concept Quiz with short answer checks, hints, worked feedback, and links back to the exact lessons you need.","127","true","true"
"/subjects/math/calculus/limits-continuity/unit/limits/finite-limits-practice/","Practice Finite Limit Practice Problems with warm-up, homework-level, reasoning, and exam-style problems plus answer support.","125","true","true"
"/subjects/math/calculus/limits-continuity/unit/limits/finite-limits-review/","Review Finite Limits Review with a concise concept summary, common errors, and links to targeted practice.","106","true","true"
"/subjects/math/calculus/limits-continuity/unit/limits/formal-infinite-limits/","Go beyond the standard unit with Formal Definition of an Infinite Limit, including formal definitions, worked reasoning, and optional proof practice.","149","true","true"
"/subjects/math/calculus/limits-continuity/unit/limits/function-value-vs-limit/","Learn Function Value vs. Limit with plain-language explanations, guided examples, worked homework methods, interactive checks, and exam-style practice.","151","true","true"
"/subjects/math/calculus/limits-continuity/unit/limits/infinite-behavior-concept-quiz/","Test Infinite Limits Concept Quiz with short answer checks, hints, worked feedback, and links back to the exact lessons you need.","129","true","true"
"/subjects/math/calculus/limits-continuity/unit/limits/infinite-behavior-practice/","Practice Infinite Limits and Asymptote Practice with warm-up, homework-level, reasoning, and exam-style problems plus answer support.","133","true","true"
"/subjects/math/calculus/limits-continuity/unit/limits/infinite-behavior-review/","Review Infinite Limits and Asymptotes Review with a concise concept summary, common errors, and links to targeted practice.","123","true","true"
"/subjects/math/calculus/limits-continuity/unit/limits/infinite-limits/","Learn Infinite Limits Explained with plain-language explanations, guided examples, worked homework methods, interactive checks, and exam-style practice.","152","true","true"
"/subjects/math/calculus/limits-continuity/unit/limits/infinity-minus-infinity/","Learn Infinity Minus Infinity Limits with plain-language explanations, guided examples, worked homework methods, interactive checks, and exam-style practice.","157","true","true"
"/subjects/math/calculus/limits-continuity/unit/limits/limit-at-a-hole/","Learn Limits at Holes and Undefined Points with plain-language explanations, guided examples, worked homework methods, interactive checks, and exam-style practice.","163","true","true"
"/subjects/math/calculus/limits-continuity/unit/limits/limit-laws/","Learn Limit Laws and How to Use Them with plain-language explanations, guided examples, worked homework methods, interactive checks, and exam-style practice.","157","true","true"
"/subjects/math/calculus/limits-continuity/unit/limits/limits-at-infinity/","Learn Limits at Infinity and Horizontal Asymptotes with plain-language explanations, guided examples, worked homework methods, interactive checks, and exam-style practice.","171","true","true"
"/subjects/math/calculus/limits-continuity/unit/limits/meaning-concept-quiz/","Test Limit Meaning Concept Quiz with short answer checks, hints, worked feedback, and links back to the exact lessons you need.","127","true","true"
"/subjects/math/calculus/limits-continuity/unit/limits/meaning-practice/","Practice Limit Meaning Practice Problems with warm-up, homework-level, reasoning, and exam-style problems plus answer support.","126","true","true"
"/subjects/math/calculus/limits-continuity/unit/limits/meaning-review/","Review Limit Meaning Review with a concise concept summary, common errors, and links to targeted practice.","106","true","true"
"/subjects/math/calculus/limits-continuity/unit/limits/notation-guide/","Use this Limit Notation Guide reference to choose methods, review notation, and solve Calculus I limits and continuity problems.","128","true","true"
"/subjects/math/calculus/limits-continuity/unit/limits/one-sided-limits/","Learn One-Sided Limits From the Left and Right with plain-language explanations, guided examples, worked homework methods, interactive checks, and exam-style practice.","167","true","true"
"/subjects/math/calculus/limits-continuity/unit/limits/practice-exam-a/","Take Limits and Continuity Practice Exam A as a realistic first-unit Calculus I assessment covering limits, asymptotes, continuity, and the IVT.","144","true","true"
"/subjects/math/calculus/limits-continuity/unit/limits/practice-exam-a/answer-key/","Check all 18 answers for Limits and Continuity Practice Exam A, with concise reasoning and source-traced solutions.","115","true","true"
"/subjects/math/calculus/limits-continuity/unit/limits/practice-exam-b/","Take Limits and Continuity Practice Exam B as a realistic first-unit Calculus I assessment covering limits, asymptotes, continuity, and the IVT.","144","true","true"
"/subjects/math/calculus/limits-continuity/unit/limits/practice-exam-b/answer-key/","Check all 14 answers for Limits and Continuity Practice Exam B, with concise reasoning and source-traced solutions.","115","true","true"
"/subjects/math/calculus/limits-continuity/unit/limits/prerequisite-diagnostic/","Check the algebra and function skills needed for limits and continuity, then follow targeted review links before starting Calculus I.","133","true","true"
"/subjects/math/calculus/limits-continuity/unit/limits/radicals-at-infinity/","Learn Radical Limits at Infinity with plain-language explanations, guided examples, worked homework methods, interactive checks, and exam-style practice.","153","true","true"
"/subjects/math/calculus/limits-continuity/unit/limits/ratio-of-sines/","Learn Limits of Ratios of Sine Functions with plain-language explanations, guided examples, worked homework methods, interactive checks, and exam-style practice.","161","true","true"
"/subjects/math/calculus/limits-continuity/unit/limits/rationalizing-radicals/","Learn Evaluating Radical Limits With Conjugates with plain-language explanations, guided examples, worked homework methods, interactive checks, and exam-style practice.","168","true","true"
"/subjects/math/calculus/limits-continuity/unit/limits/read-limits-from-graphs/","Learn How to Read Limits From a Graph with plain-language explanations, guided examples, worked homework methods, interactive checks, and exam-style practice.","158","true","true"
"/subjects/math/calculus/limits-continuity/unit/limits/scaled-sine-tangent/","Learn Scaled Sine and Tangent Limits with plain-language explanations, guided examples, worked homework methods, interactive checks, and exam-style practice.","157","true","true"
"/subjects/math/calculus/limits-continuity/unit/limits/sin-x-over-x-proof/","Learn Geometric Proof of the sin(x)/x Limit with plain-language explanations, guided examples, worked homework methods, interactive checks, and exam-style practice.","164","true","true"
"/subjects/math/calculus/limits-continuity/unit/limits/sin-x-over-x/","Learn Why sin(x)/x Approaches 1 with plain-language explanations, guided examples, worked homework methods, interactive checks, and exam-style practice.","152","true","true"
"/subjects/math/calculus/limits-continuity/unit/limits/slant-asymptotes/","Learn Polynomial and Slant Asymptotes with plain-language explanations, guided examples, worked homework methods, interactive checks, and exam-style practice.","158","true","true"
"/subjects/math/calculus/limits-continuity/unit/limits/squeeze-theorem/","Learn The Squeeze Theorem with plain-language explanations, guided examples, worked homework methods, interactive checks, and exam-style practice.","146","true","true"
"/subjects/math/calculus/limits-continuity/unit/limits/trig-limit-decision-guide/","Use this Trigonometric Limit Decision Guide reference to choose methods, review notation, and solve Calculus I limits and continuity problems.","142","true","true"
"/subjects/math/calculus/limits-continuity/unit/limits/trig-limits-concept-quiz/","Test Trigonometric Limits Concept Quiz with short answer checks, hints, worked feedback, and links back to the exact lessons you need.","134","true","true"
"/subjects/math/calculus/limits-continuity/unit/limits/trig-limits-practice/","Practice Trigonometric Limit Practice Problems with warm-up, homework-level, reasoning, and exam-style problems plus answer support.","132","true","true"
"/subjects/math/calculus/limits-continuity/unit/limits/trig-limits-review/","Review Squeeze and Trigonometric Limits Review with a concise concept summary, common errors, and links to targeted practice.","125","true","true"
"/subjects/math/calculus/limits-continuity/unit/limits/unit-review/","Review Limits and Continuity Unit Review with a concise concept summary, common errors, and links to targeted practice.","119","true","true"
"/subjects/math/calculus/limits-continuity/unit/limits/vertical-asymptotes/","Learn Vertical Asymptotes and One-Sided Sign Analysis with plain-language explanations, guided examples, worked homework methods, interactive checks, and exam-style practice.","174","true","true"
"/subjects/math/calculus/limits-continuity/unit/limits/what-a-limit-means/","Learn What a Limit Means with plain-language explanations, guided examples, worked homework methods, interactive checks, and exam-style practice.","145","true","true"
"/subjects/math/calculus/limits-continuity/unit/limits/when-a-limit-does-not-exist/","Learn When a Limit Does Not Exist with plain-language explanations, guided examples, worked homework methods, interactive checks, and exam-style practice.","154","true","true"
"/subjects/math/calculus/limits-continuity/unit/limits/why-limits-matter/","Learn Why Limits Matter in Calculus with plain-language explanations, guided examples, worked homework methods, interactive checks, and exam-style practice.","156","true","true"
"/subjects/math/calculus/limits-continuity/unit/limits/zero-over-zero/","Learn What 0/0 Means in a Limit with plain-language explanations, guided examples, worked homework methods, interactive checks, and exam-style practice.","152","true","true"
"/subjects/math/calculus/limits-continuity/unit/study/correct-practice-test/","Use How to Correct a Calculus Practice Test to turn missed calculus questions into a concrete study plan instead of merely rereading solutions.","143","true","true"
"/subjects/math/calculus/power-series-and-taylor-series/","Learn power series, intervals of convergence, Taylor polynomials, Taylor series, remainder bounds, and approximation through rigorous visual lessons. Part of Calculus II Unit 4B: Power Series and Taylor Series.","210","true","true"
"/subjects/math/calculus/power-series-and-taylor-series/algebra-with-power-series/","Add, scale, and multiply power series using coefficient logic and the Cauchy product on a shared region of convergence. Part of Calculus II Unit 4B: Power Series and Taylor Series.","180","true","true"
"/subjects/math/calculus/power-series-and-taylor-series/alternating-series-approximation/","Apply alternating-series error estimates to Taylor approximations and determine a sufficient polynomial degree. Part of Calculus II Unit 4B: Power Series and Taylor Series.","172","true","true"
"/subjects/math/calculus/power-series-and-taylor-series/binomial-series/","Use generalized binomial coefficients to approximate noninteger powers and understand the series convergence region. Part of Calculus II Unit 4B: Power Series and Taylor Series.","177","true","true"
"/subjects/math/calculus/power-series-and-taylor-series/building-new-series/","Construct new power series through substitution, multiplication, differentiation, and integration while transforming the domain correctly. Part of Calculus II Unit 4B: Power Series and Taylor Series.","199","true","true"
"/subjects/math/calculus/power-series-and-taylor-series/common-errors/","Use Common Errors in Power and Taylor Series as a concise reference for formulas, theorem hypotheses, decisions, and common errors. Part of Calculus II Unit 4B: Power Series and Taylor Series.","192","true","true"
"/subjects/math/calculus/power-series-and-taylor-series/concept-quiz/","Check your understanding with the Unit 4B Concept Quiz, covering definitions, theorem hypotheses, strategy, and common misconceptions.","134","true","true"
"/subjects/math/calculus/power-series-and-taylor-series/differentiating-and-integrating-power-series/","Differentiate and integrate power series term by term inside the radius while tracking coefficient shifts and endpoint caveats. Part of Calculus II Unit 4B: Power Series and Taylor Series.","188","true","true"
"/subjects/math/calculus/power-series-and-taylor-series/endpoint-testing/","Test power-series endpoints independently with ordinary series methods and write the final interval with correct inclusion. Part of Calculus II Unit 4B: Power Series and Taylor Series.","184","true","true"
"/subjects/math/calculus/power-series-and-taylor-series/geometric-series-library/","Generate rational-function, logarithm, and arctangent expansions from the geometric series through substitutions and calculus operations. Part of Calculus II Unit 4B: Power Series and Taylor Series.","198","true","true"
"/subjects/math/calculus/power-series-and-taylor-series/logarithm-and-arctangent-series/","Derive logarithm and arctangent series by integrating geometric expansions and analyze endpoint convergence. Part of Calculus II Unit 4B: Power Series and Taylor Series.","169","true","true"
"/subjects/math/calculus/power-series-and-taylor-series/maclaurin-series/","Construct Maclaurin series from derivative patterns and distinguish a formal coefficient series from a proven function representation. Part of Calculus II Unit 4B: Power Series and Taylor Series.","195","true","true"
"/subjects/math/calculus/power-series-and-taylor-series/mixed-practice/","Practice unit 4b mixed practice with structured problems that require method selection, justification, and error control. Part of Calculus II Unit 4B: Power Series and Taylor Series.","182","true","true"
"/subjects/math/calculus/power-series-and-taylor-series/power-series-as-functions/","Treat a power series as an input-dependent numerical series and explore how partial sums behave inside, on, and outside its convergence region. Part of Calculus II Unit 4B: Power Series and Taylor Series.","204","true","true"
"/subjects/math/calculus/power-series-and-taylor-series/power-series-review/","Review power series review with connected concepts, test-selection guidance, worked reasoning, and exam preparation. Part of Calculus II Unit 4B: Power Series and Taylor Series.","177","true","true"
"/subjects/math/calculus/power-series-and-taylor-series/practice-exam-a-answer-key/","Review complete answers and reasoning for Unit 4B Practice Exam A, including theorem choice and error justification.","116","true","true"
"/subjects/math/calculus/power-series-and-taylor-series/practice-exam-a/","Attempt Unit 4B Practice Exam A under exam conditions, then use the separate worked answer key to diagnose gaps.","112","true","true"
"/subjects/math/calculus/power-series-and-taylor-series/practice-exam-b-answer-key/","Review complete answers and reasoning for Unit 4B Practice Exam B, including theorem choice and error justification.","116","true","true"
"/subjects/math/calculus/power-series-and-taylor-series/practice-exam-b/","Attempt Unit 4B Practice Exam B under exam conditions, then use the separate worked answer key to diagnose gaps.","112","true","true"
"/subjects/math/calculus/power-series-and-taylor-series/radius-and-interval-of-convergence/","Find the centered interval structure of power-series convergence and separate automatic interior behavior from endpoint testing. Part of Calculus II Unit 4B: Power Series and Taylor Series.","189","true","true"
"/subjects/math/calculus/power-series-and-taylor-series/ratio-test-for-power-series/","Use the Ratio Test to determine power-series radius, simplify coefficient growth, and recognize infinite-radius examples. Part of Calculus II Unit 4B: Power Series and Taylor Series.","182","true","true"
"/subjects/math/calculus/power-series-and-taylor-series/reference-sheet/","Use Unit 4B Reference Sheet as a concise reference for formulas, theorem hypotheses, decisions, and common errors.","114","true","true"
"/subjects/math/calculus/power-series-and-taylor-series/series-for-definite-integrals/","Approximate nonelementary definite integrals by integrating polynomial series and controlling the first omitted contribution. Part of Calculus II Unit 4B: Power Series and Taylor Series.","186","true","true"
"/subjects/math/calculus/power-series-and-taylor-series/series-solutions-preview/","Substitute a power series into a differential equation, match coefficients, and derive a recurrence for the solution. Part of Calculus II Unit 4B: Power Series and Taylor Series.","178","true","true"
"/subjects/math/calculus/power-series-and-taylor-series/small-angle-physics/","Derive small-angle approximations from Taylor series, quantify error, and apply them carefully to elementary physics models. Part of Calculus II Unit 4B: Power Series and Taylor Series.","185","true","true"
"/subjects/math/calculus/power-series-and-taylor-series/standard-maclaurin-series/","Recognize and use the standard exponential, sine, cosine, geometric, logarithm, and arctangent series with their convergence conditions. Part of Calculus II Unit 4B: Power Series and Taylor Series.","197","true","true"
"/subjects/math/calculus/power-series-and-taylor-series/taylor-polynomials/","Build Taylor polynomials from derivative data and understand how increasing degree matches more local shape at the center. Part of Calculus II Unit 4B: Power Series and Taylor Series.","183","true","true"
"/subjects/math/calculus/power-series-and-taylor-series/taylor-remainder-theorem/","Use Taylor’s theorem and the Lagrange remainder to turn polynomial approximation into a certified error bound. Part of Calculus II Unit 4B: Power Series and Taylor Series.","171","true","true"
"/subjects/math/calculus/power-series-and-taylor-series/taylor-series-centered-at-a/","Build Taylor series at nonzero centers, track powers of x-a, and compare approximation quality near different centers. Part of Calculus II Unit 4B: Power Series and Taylor Series.","179","true","true"
"/subjects/math/calculus/power-series-and-taylor-series/taylor-series-review/","Review taylor series review with connected concepts, test-selection guidance, worked reasoning, and exam preparation. Part of Calculus II Unit 4B: Power Series and Taylor Series.","178","true","true"
"/subjects/math/calculus/power-series-and-taylor-series/uniform-convergence-preview/","Distinguish pointwise from uniform convergence and understand why one shared tail bound supports termwise calculus operations. Part of Calculus II Unit 4B: Power Series and Taylor Series.","187","true","true"
"/subjects/math/calculus/practice-exams/","Timed cumulative Calculus I and Calculus II practice finals with study maps, point values, and printable keys.","110","true","true"
"/subjects/math/calculus/practice-exams/calculus-1-final/","Prepare for a Calculus I final with a timed BetterGrades practice exam covering limits through integral foundations.","116","true","true"
"/subjects/math/calculus/practice-exams/calculus-2-final/","Prepare for a Calculus II final with integration methods, applications, convergence, power series, and Taylor series.","117","true","true"
"/subjects/math/calculus/sequences-and-series/","Learn sequences, numerical series, convergence tests, and certified error estimates through visual reasoning, rigorous bridges, worked examples, and practice. Part of Calculus II Unit 4A: Sequences and Infinite Series.","218","true","true"
"/subjects/math/calculus/sequences-and-series/absolute-and-conditional-convergence/","Distinguish absolute, conditional, and divergent series by testing magnitude separately from sign cancellation. Part of Calculus II Unit 4A: Sequences and Infinite Series.","171","true","true"
"/subjects/math/calculus/sequences-and-series/alternating-series-error/","Certify alternating-series approximations with the first omitted term and solve for the smallest number of terms meeting a tolerance. Part of Calculus II Unit 4A: Sequences and Infinite Series.","193","true","true"
"/subjects/math/calculus/sequences-and-series/alternating-series-test/","Use decreasing magnitudes and a zero term limit to prove convergence through shrinking odd-even partial-sum brackets. Part of Calculus II Unit 4A: Sequences and Infinite Series.","177","true","true"
"/subjects/math/calculus/sequences-and-series/cauchy-criterion-preview/","Understand convergence through small late tails, state the Cauchy criterion with correct quantifiers, and connect it to completeness of the real numbers. Part of Calculus II Unit 4A: Sequences and Infinite Series.","213","true","true"
"/subjects/math/calculus/sequences-and-series/choosing-a-convergence-test/","Choose convergence tests from structural clues, classify conclusions precisely, and avoid wasting work on tests that cannot decide the series. Part of Calculus II Unit 4A: Sequences and Infinite Series.","202","true","true"
"/subjects/math/calculus/sequences-and-series/common-errors/","Use Common Errors in Sequence and Series Problems as a concise reference for formulas, theorem hypotheses, decisions, and common errors. Part of Calculus II Unit 4A: Sequences and Infinite Series.","196","true","true"
"/subjects/math/calculus/sequences-and-series/concept-quiz/","Check your understanding with the Unit 4A Concept Quiz, covering definitions, theorem hypotheses, strategy, and common misconceptions.","134","true","true"
"/subjects/math/calculus/sequences-and-series/convergence-tests-review/","Review convergence tests review with connected concepts, test-selection guidance, worked reasoning, and exam preparation. Part of Calculus II Unit 4A: Sequences and Infinite Series.","181","true","true"
"/subjects/math/calculus/sequences-and-series/direct-comparison-test/","Choose comparison inequalities in the useful direction and prove convergence or divergence with familiar benchmark series. Part of Calculus II Unit 4A: Sequences and Infinite Series.","182","true","true"
"/subjects/math/calculus/sequences-and-series/explicit-and-recursive-sequences/","Translate between explicit and recursive sequence rules, identify initial conditions, and analyze how step-by-step definitions generate long-term behavior. Part of Calculus II Unit 4A: Sequences and Infinite Series.","215","true","true"
"/subjects/math/calculus/sequences-and-series/geometric-series/","Derive and use finite and infinite geometric-sum formulas, handle shifted indices, repeating decimals, and convergence conditions. Part of Calculus II Unit 4A: Sequences and Infinite Series.","190","true","true"
"/subjects/math/calculus/sequences-and-series/harmonic-and-p-series/","Understand harmonic divergence, the p-series threshold, grouping arguments, and how slowly shrinking terms can still accumulate without bound. Part of Calculus II Unit 4A: Sequences and Infinite Series.","202","true","true"
"/subjects/math/calculus/sequences-and-series/infinite-series-and-partial-sums/","Define an infinite series through its partial sums and distinguish term behavior from convergence of the running total. Part of Calculus II Unit 4A: Sequences and Infinite Series.","179","true","true"
"/subjects/math/calculus/sequences-and-series/integral-test-remainder-estimates/","Bound series tails with improper integrals and convert a requested accuracy into a sufficient number of terms. Part of Calculus II Unit 4A: Sequences and Infinite Series.","170","true","true"
"/subjects/math/calculus/sequences-and-series/integral-test/","Connect positive decreasing series with improper integrals, verify every hypothesis, and use rectangle inequalities to justify the Integral Test. Part of Calculus II Unit 4A: Sequences and Infinite Series.","205","true","true"
"/subjects/math/calculus/sequences-and-series/limit-comparison-test/","Identify dominant term scale, choose an effective benchmark, and use a positive finite ratio limit to transfer convergence behavior. Part of Calculus II Unit 4A: Sequences and Infinite Series.","192","true","true"
"/subjects/math/calculus/sequences-and-series/limits-of-sequences/","Understand sequence convergence numerically, graphically, and through the epsilon-N definition, with complete proofs and common failure patterns. Part of Calculus II Unit 4A: Sequences and Infinite Series.","205","true","true"
"/subjects/math/calculus/sequences-and-series/monotone-and-bounded-sequences/","Use monotonicity, bounds, induction, and the Monotone Convergence Theorem to analyze recursively defined sequences before solving for a limit. Part of Calculus II Unit 4A: Sequences and Infinite Series.","202","true","true"
"/subjects/math/calculus/sequences-and-series/nth-term-divergence-test/","Use the nth-term test correctly as a one-way divergence test and understand why terms approaching zero do not guarantee convergence. Part of Calculus II Unit 4A: Sequences and Infinite Series.","192","true","true"
"/subjects/math/calculus/sequences-and-series/practice-exam-a-answer-key/","Review complete answers and reasoning for Unit 4A Practice Exam A, including theorem choice and error justification.","116","true","true"
"/subjects/math/calculus/sequences-and-series/practice-exam-a/","Attempt Unit 4A Practice Exam A under exam conditions, then use the separate worked answer key to diagnose gaps.","112","true","true"
"/subjects/math/calculus/sequences-and-series/practice-exam-b-answer-key/","Review complete answers and reasoning for Unit 4A Practice Exam B, including theorem choice and error justification.","116","true","true"
"/subjects/math/calculus/sequences-and-series/practice-exam-b/","Attempt Unit 4A Practice Exam B under exam conditions, then use the separate worked answer key to diagnose gaps.","112","true","true"
"/subjects/math/calculus/sequences-and-series/prerequisite-diagnostic/","Use the Unit 4A Prerequisite Diagnostic to identify prerequisite algebra, limits, integral, and notation skills before starting sequences and series.","149","true","true"
"/subjects/math/calculus/sequences-and-series/ratio-test/","Detect geometric decay in factorial and exponential series, prove the Ratio Test mechanism, and recognize the inconclusive boundary case. Part of Calculus II Unit 4A: Sequences and Infinite Series.","197","true","true"
"/subjects/math/calculus/sequences-and-series/reference-sheet/","Use Unit 4A Reference Sheet as a concise reference for formulas, theorem hypotheses, decisions, and common errors.","114","true","true"
"/subjects/math/calculus/sequences-and-series/root-test/","Extract the exponential base hidden in nth powers, apply the Root Test, and interpret limits below, above, or equal to one. Part of Calculus II Unit 4A: Sequences and Infinite Series.","183","true","true"
"/subjects/math/calculus/sequences-and-series/sequence-limit-laws/","Apply sequence limit laws safely, check denominators and domains, and understand how algebraic operations preserve eventual behavior. Part of Calculus II Unit 4A: Sequences and Infinite Series.","193","true","true"
"/subjects/math/calculus/sequences-and-series/sequence-review/","Review sequence review with connected concepts, test-selection guidance, worked reasoning, and exam preparation. Part of Calculus II Unit 4A: Sequences and Infinite Series.","172","true","true"
"/subjects/math/calculus/sequences-and-series/sequences-as-functions/","Treat a sequence as a function on integer inputs, read sequence notation, graph discrete terms, and distinguish the terms from a continuous guide curve. Part of Calculus II Unit 4A: Sequences and Infinite Series.","212","true","true"
"/subjects/math/calculus/sequences-and-series/squeeze-theorem-for-sequences/","Prove limits of bounded oscillating sequences with shrinking envelopes and the sequence form of the Squeeze Theorem. Part of Calculus II Unit 4A: Sequences and Infinite Series.","176","true","true"
"/subjects/math/calculus/sequences-and-series/telescoping-series/","Expose cancellation through finite partial sums, track surviving boundary terms, and evaluate one-step and shifted telescoping series. Part of Calculus II Unit 4A: Sequences and Infinite Series.","194","true","true"
"/subjects/math/calculus/sequences-and-series/test-selection-practice/","Practice convergence-test selection practice with structured problems that require method selection, justification, and error control. Part of Calculus II Unit 4A: Sequences and Infinite Series.","194","true","true"
"/subjects/math/calculus/sequences-series/harmonic-series-diverges/","Its terms approach zero, but they do so too slowly for the accumulated sum to settle.","85","true","true"
"/subjects/math/calculus/sequences-series/ratio-test-vs-root-test/","Use ratios for factorial and product growth, roots for whole expressions raised to n, and recognize when either test returns no decision.","137","true","true"
"/subjects/math/calculus/visuals/","Accessible SVG, PNG, and printable visual guides for derivative, integral, convergence, and Taylor-series reasoning.","116","true","true"
"/subjects/math/calculus/visuals/convergence-tests-flowchart/","Compare nth-term, geometric, p-series, comparison, integral, alternating, ratio, and root tests with cautions.","110","true","true"
"/subjects/math/calculus/visuals/derivative-rules-map/","Use a downloadable derivative-rules map to identify the outer algebraic structure before differentiating.","105","true","true"
"/subjects/math/calculus/visuals/riemann-sum-progression/","See how increasingly fine Riemann sums approximate signed accumulation and lead to a definite integral.","103","true","true"
"/subjects/math/calculus/visuals/taylor-approximation-visual/","Compare Taylor polynomial degrees, centers, intervals, and remainder behavior in an accessible visual guide.","108","true","true"
"/subjects/math/calculus/worked-problems/","Editorially selected calculus problems with concise answers, complete derivations, method choice, and common wrong approaches.","126","true","true"
"/subjects/math/calculus/worked-problems/absolute-versus-conditional-convergence/","See a concise answer and full derivation for classify sum from n equals 1 to infinity (minus 1) to the power (n) / n squared.","125","true","true"
"/subjects/math/calculus/worked-problems/alternating-series-test-example/","See a concise answer and full derivation for test sum from n equals 1 to infinity (minus 1) to the power (n minus 1) / n.","121","true","true"
"/subjects/math/calculus/worked-problems/basic-chain-rule/","See a concise answer and full derivation for differentiate y equals (3 x plus 2) to the power (5).","98","true","true"
"/subjects/math/calculus/worked-problems/fencing-optimization/","See a concise answer and full derivation for use 240 m of fence for three sides of a riverside rectangle. maximize area.","120","true","true"
"/subjects/math/calculus/worked-problems/finite-geometric-sum/","See a concise answer and full derivation for evaluate sum from k equals 0 to 5 3 (2) to the power (k).","102","true","true"
"/subjects/math/calculus/worked-problems/fundamental-theorem-derivative/","See a concise answer and full derivation for differentiate f (x) equals integral from 1 to x cosine (t squared) d t.","116","true","true"
"/subjects/math/calculus/worked-problems/infinite-geometric-sum/","See a concise answer and full derivation for evaluate sum from k equals 0 to infinity 1 2 (1 / 3) to the power (k).","115","true","true"
"/subjects/math/calculus/worked-problems/integration-by-parts-log-x/","See a concise answer and full derivation for evaluate integral natural log x d x.","81","true","true"
"/subjects/math/calculus/worked-problems/integration-by-parts-x-e-x/","See a concise answer and full derivation for evaluate integral x e to the power (x) d x.","88","true","true"
"/subjects/math/calculus/worked-problems/interval-of-convergence-example/","See a concise answer and full derivation for find the interval of convergence of sum from n equals 1 to infinity x to the power (n) / n.","136","true","true"
"/subjects/math/calculus/worked-problems/limit-by-factoring/","See a concise answer and full derivation for evaluate limit as x approaches 3 x squared minus 9 over x minus 3.","111","true","true"
"/subjects/math/calculus/worked-problems/limit-by-rationalization/","See a concise answer and full derivation for evaluate limit as x approaches 9 the square root of (x) minus 3 over x minus 9.","124","true","true"
"/subjects/math/calculus/worked-problems/limit-comparison-example/","See a concise answer and full derivation for test sum from n equals 1 to infinity (3 n plus 1) / (n squared plus 2).","116","true","true"
"/subjects/math/calculus/worked-problems/nested-chain-rule/","See a concise answer and full derivation for differentiate y equals (1 plus (2 x minus 3) squared) to the power (4).","116","true","true"
"/subjects/math/calculus/worked-problems/one-sided-piecewise-limit/","See a concise answer and full derivation for for f (x) equals piecewise function: row 1: x plus 2,, x less than 1; row 2: 4 minus x,, x greater than or equal to 1, evaluate the limit as x approaches 1 to the power (minus).","222","true","true"
"/subjects/math/calculus/worked-problems/open-top-box-optimization/","See a concise answer and full derivation for squares of side x are cut from a 12 by 12 sheet. maximize the open box volume.","123","true","true"
"/subjects/math/calculus/worked-problems/product-plus-chain-rule/","See a concise answer and full derivation for differentiate y equals x squared e to the power (3 x).","99","true","true"
"/subjects/math/calculus/worked-problems/quotient-plus-chain-rule/","See a concise answer and full derivation for differentiate y equals natural log x over x squared.","97","true","true"
"/subjects/math/calculus/worked-problems/ratio-test-example/","See a concise answer and full derivation for test sum from n equals 1 to infinity n ! / 4 to the power (n).","107","true","true"
"/subjects/math/calculus/worked-problems/repeated-integration-by-parts/","See a concise answer and full derivation for evaluate integral x squared e to the power (x) d x.","96","true","true"
"/subjects/math/calculus/worked-problems/repeating-decimal-as-a-series/","See a concise answer and full derivation for write 0.272727… as a fraction.","75","true","true"
"/subjects/math/calculus/worked-problems/root-test-example/","See a concise answer and full derivation for test sum from n equals 1 to infinity (2 n / (3 n plus 1)) to the power (n).","120","true","true"
"/subjects/math/calculus/worked-problems/shifted-geometric-series/","See a concise answer and full derivation for evaluate sum from n equals 3 to infinity 2 (1 / 4) to the power (n).","113","true","true"
"/subjects/math/calculus/worked-problems/taylor-approximation-error/","See a concise answer and full derivation for bound the error of the degree-3 maclaurin approximation to e^{0.2}.","112","true","true"
"/subjects/math/calculus/worked-problems/taylor-polynomial-from-derivatives/","See a concise answer and full derivation for if f^(n)(0)=2^n, find the maclaurin series.","88","true","true"
"/subjects/math/calculus/worked-problems/taylor-series-from-known-series/","See a concise answer and full derivation for expand 1/(1+x^2) as a power series.","80","true","true"
"/subjects/math/calculus/worksheets/","Printable Calculus I and II worksheets with complete accessible solutions and separate student and answer-key PDFs.","115","true","true"
"/subjects/math/calculus/worksheets/chain-rule/","Build chain-rule fluency with a printable worksheet, complete key, error analysis, and worked HTML solutions.","109","true","true"
"/subjects/math/calculus/worksheets/evaluating-limits/","Practice evaluating limits with a printable student worksheet, answer key, and accessible worked solutions.","107","true","true"
"/subjects/math/calculus/worksheets/geometric-series/","Practice geometric sequences and series with complete HTML solutions and separate student and key PDFs.","103","true","true"
"/subjects/math/calculus/worksheets/integration-by-parts/","Practice choosing u and dv, repeated integration by parts, and cyclic integrals with a printable key.","101","true","true"
"/subjects/math/calculus/worksheets/optimization/","Practice open-box, fencing, geometry, distance, cost, and revenue optimization with complete derivations.","105","true","true"
"/subjects/math/calculus/worksheets/taylor-series/","Practice Maclaurin and Taylor series with complete solutions, interval checks, and error estimates.","99","true","true"
"/tools/","Use practical academic tools that explain what they do and where they may fail.","79","true","true"
"/tools/math/algebra/expression-checker/","Enter keyboard math or raw LaTeX, simplify it, and check equivalent algebraic answers in the browser.","101","true","true"
"/tools/math/calculus/integration-method-finder/","Describe the structure of an integral and get a ranked first move with an honest explanation.","93","true","true"
