lessonId,lessonPath,category,decision,targetId,targetPath,relationshipType,placement,anchorText,approvalBasis,confidence,deferReason
textbook-lesson.math.algebra.a0-6,/subjects/math/algebra/arithmetic-readiness/adding-subtracting-and-complex-fractions/,practice,NO_CANDIDATE,,,,,,,,No candidate was produced for this lesson and role.
textbook-lesson.math.algebra.a0-6,/subjects/math/algebra/arithmetic-readiness/adding-subtracting-and-complex-fractions/,quick-explanation,NO_CANDIDATE,,,,,,,,No candidate was produced for this lesson and role.
textbook-lesson.math.algebra.a0-6,/subjects/math/algebra/arithmetic-readiness/adding-subtracting-and-complex-fractions/,worked-example,NO_CANDIDATE,,,,,,,,No candidate was produced for this lesson and role.
textbook-lesson.math.algebra.a0-6,/subjects/math/algebra/arithmetic-readiness/adding-subtracting-and-complex-fractions/,reference,NO_CANDIDATE,,,,,,,,No candidate was produced for this lesson and role.
textbook-lesson.math.algebra.a0-6,/subjects/math/algebra/arithmetic-readiness/adding-subtracting-and-complex-fractions/,tool-or-visual,NO_CANDIDATE,,,,,,,,No candidate was produced for this lesson and role.
textbook-lesson.math.algebra.a0-3,/subjects/math/algebra/arithmetic-readiness/factors-primes-gcf-and-lcm/,practice,NO_CANDIDATE,,,,,,,,No candidate was produced for this lesson and role.
textbook-lesson.math.algebra.a0-3,/subjects/math/algebra/arithmetic-readiness/factors-primes-gcf-and-lcm/,quick-explanation,NO_CANDIDATE,,,,,,,,No candidate was produced for this lesson and role.
textbook-lesson.math.algebra.a0-3,/subjects/math/algebra/arithmetic-readiness/factors-primes-gcf-and-lcm/,worked-example,NO_CANDIDATE,,,,,,,,No candidate was produced for this lesson and role.
textbook-lesson.math.algebra.a0-3,/subjects/math/algebra/arithmetic-readiness/factors-primes-gcf-and-lcm/,reference,NO_CANDIDATE,,,,,,,,No candidate was produced for this lesson and role.
textbook-lesson.math.algebra.a0-3,/subjects/math/algebra/arithmetic-readiness/factors-primes-gcf-and-lcm/,tool-or-visual,NO_CANDIDATE,,,,,,,,No candidate was produced for this lesson and role.
textbook-lesson.math.algebra.a0-4,/subjects/math/algebra/arithmetic-readiness/fractions-as-numbers/,practice,NO_CANDIDATE,,,,,,,,No candidate was produced for this lesson and role.
textbook-lesson.math.algebra.a0-4,/subjects/math/algebra/arithmetic-readiness/fractions-as-numbers/,quick-explanation,NO_CANDIDATE,,,,,,,,No candidate was produced for this lesson and role.
textbook-lesson.math.algebra.a0-4,/subjects/math/algebra/arithmetic-readiness/fractions-as-numbers/,worked-example,NO_CANDIDATE,,,,,,,,No candidate was produced for this lesson and role.
textbook-lesson.math.algebra.a0-4,/subjects/math/algebra/arithmetic-readiness/fractions-as-numbers/,reference,NO_CANDIDATE,,,,,,,,No candidate was produced for this lesson and role.
textbook-lesson.math.algebra.a0-4,/subjects/math/algebra/arithmetic-readiness/fractions-as-numbers/,tool-or-visual,NO_CANDIDATE,,,,,,,,No candidate was produced for this lesson and role.
textbook-lesson.math.algebra.a0-7,/subjects/math/algebra/arithmetic-readiness/fractions-decimals-and-percents/,practice,NO_CANDIDATE,,,,,,,,No candidate was produced for this lesson and role.
textbook-lesson.math.algebra.a0-7,/subjects/math/algebra/arithmetic-readiness/fractions-decimals-and-percents/,quick-explanation,NO_CANDIDATE,,,,,,,,No candidate was produced for this lesson and role.
textbook-lesson.math.algebra.a0-7,/subjects/math/algebra/arithmetic-readiness/fractions-decimals-and-percents/,worked-example,NO_CANDIDATE,,,,,,,,No candidate was produced for this lesson and role.
textbook-lesson.math.algebra.a0-7,/subjects/math/algebra/arithmetic-readiness/fractions-decimals-and-percents/,reference,NO_CANDIDATE,,,,,,,,No candidate was produced for this lesson and role.
textbook-lesson.math.algebra.a0-7,/subjects/math/algebra/arithmetic-readiness/fractions-decimals-and-percents/,tool-or-visual,NO_CANDIDATE,,,,,,,,No candidate was produced for this lesson and role.
textbook-lesson.math.algebra.a0-5,/subjects/math/algebra/arithmetic-readiness/multiplying-and-dividing-fractions/,practice,NO_CANDIDATE,,,,,,,,No candidate was produced for this lesson and role.
textbook-lesson.math.algebra.a0-5,/subjects/math/algebra/arithmetic-readiness/multiplying-and-dividing-fractions/,quick-explanation,NO_CANDIDATE,,,,,,,,No candidate was produced for this lesson and role.
textbook-lesson.math.algebra.a0-5,/subjects/math/algebra/arithmetic-readiness/multiplying-and-dividing-fractions/,worked-example,NO_CANDIDATE,,,,,,,,No candidate was produced for this lesson and role.
textbook-lesson.math.algebra.a0-5,/subjects/math/algebra/arithmetic-readiness/multiplying-and-dividing-fractions/,reference,NO_CANDIDATE,,,,,,,,No candidate was produced for this lesson and role.
textbook-lesson.math.algebra.a0-5,/subjects/math/algebra/arithmetic-readiness/multiplying-and-dividing-fractions/,tool-or-visual,NO_CANDIDATE,,,,,,,,No candidate was produced for this lesson and role.
textbook-lesson.math.algebra.a0-1,/subjects/math/algebra/arithmetic-readiness/number-lines-and-signed-quantities/,practice,NO_CANDIDATE,,,,,,,,No candidate was produced for this lesson and role.
textbook-lesson.math.algebra.a0-1,/subjects/math/algebra/arithmetic-readiness/number-lines-and-signed-quantities/,quick-explanation,NO_CANDIDATE,,,,,,,,No candidate was produced for this lesson and role.
textbook-lesson.math.algebra.a0-1,/subjects/math/algebra/arithmetic-readiness/number-lines-and-signed-quantities/,worked-example,NO_CANDIDATE,,,,,,,,No candidate was produced for this lesson and role.
textbook-lesson.math.algebra.a0-1,/subjects/math/algebra/arithmetic-readiness/number-lines-and-signed-quantities/,reference,NO_CANDIDATE,,,,,,,,No candidate was produced for this lesson and role.
textbook-lesson.math.algebra.a0-1,/subjects/math/algebra/arithmetic-readiness/number-lines-and-signed-quantities/,tool-or-visual,NO_CANDIDATE,,,,,,,,No candidate was produced for this lesson and role.
textbook-lesson.math.algebra.a0-10,/subjects/math/algebra/arithmetic-readiness/powers-roots-and-scientific-notation/,practice,NO_CANDIDATE,,,,,,,,No candidate was produced for this lesson and role.
textbook-lesson.math.algebra.a0-10,/subjects/math/algebra/arithmetic-readiness/powers-roots-and-scientific-notation/,quick-explanation,NO_CANDIDATE,,,,,,,,No candidate was produced for this lesson and role.
textbook-lesson.math.algebra.a0-10,/subjects/math/algebra/arithmetic-readiness/powers-roots-and-scientific-notation/,worked-example,NO_CANDIDATE,,,,,,,,No candidate was produced for this lesson and role.
textbook-lesson.math.algebra.a0-10,/subjects/math/algebra/arithmetic-readiness/powers-roots-and-scientific-notation/,reference,NO_CANDIDATE,,,,,,,,No candidate was produced for this lesson and role.
textbook-lesson.math.algebra.a0-10,/subjects/math/algebra/arithmetic-readiness/powers-roots-and-scientific-notation/,tool-or-visual,NO_CANDIDATE,,,,,,,,No candidate was produced for this lesson and role.
textbook-lesson.math.algebra.a0-8,/subjects/math/algebra/arithmetic-readiness/ratios-rates-proportions-and-percent-change/,practice,NO_CANDIDATE,,,,,,,,No candidate was produced for this lesson and role.
textbook-lesson.math.algebra.a0-8,/subjects/math/algebra/arithmetic-readiness/ratios-rates-proportions-and-percent-change/,quick-explanation,NO_CANDIDATE,,,,,,,,No candidate was produced for this lesson and role.
textbook-lesson.math.algebra.a0-8,/subjects/math/algebra/arithmetic-readiness/ratios-rates-proportions-and-percent-change/,worked-example,NO_CANDIDATE,,,,,,,,No candidate was produced for this lesson and role.
textbook-lesson.math.algebra.a0-8,/subjects/math/algebra/arithmetic-readiness/ratios-rates-proportions-and-percent-change/,reference,NO_CANDIDATE,,,,,,,,No candidate was produced for this lesson and role.
textbook-lesson.math.algebra.a0-8,/subjects/math/algebra/arithmetic-readiness/ratios-rates-proportions-and-percent-change/,tool-or-visual,NO_CANDIDATE,,,,,,,,No candidate was produced for this lesson and role.
textbook-lesson.math.algebra.a0-9,/subjects/math/algebra/arithmetic-readiness/units-and-dimensional-reasoning/,practice,NO_CANDIDATE,,,,,,,,No candidate was produced for this lesson and role.
textbook-lesson.math.algebra.a0-9,/subjects/math/algebra/arithmetic-readiness/units-and-dimensional-reasoning/,quick-explanation,NO_CANDIDATE,,,,,,,,No candidate was produced for this lesson and role.
textbook-lesson.math.algebra.a0-9,/subjects/math/algebra/arithmetic-readiness/units-and-dimensional-reasoning/,worked-example,NO_CANDIDATE,,,,,,,,No candidate was produced for this lesson and role.
textbook-lesson.math.algebra.a0-9,/subjects/math/algebra/arithmetic-readiness/units-and-dimensional-reasoning/,reference,NO_CANDIDATE,,,,,,,,No candidate was produced for this lesson and role.
textbook-lesson.math.algebra.a0-9,/subjects/math/algebra/arithmetic-readiness/units-and-dimensional-reasoning/,tool-or-visual,NO_CANDIDATE,,,,,,,,No candidate was produced for this lesson and role.
textbook-lesson.math.algebra.a0-2,/subjects/math/algebra/arithmetic-readiness/whole-number-operations-and-estimation/,practice,NO_CANDIDATE,,,,,,,,No candidate was produced for this lesson and role.
textbook-lesson.math.algebra.a0-2,/subjects/math/algebra/arithmetic-readiness/whole-number-operations-and-estimation/,quick-explanation,NO_CANDIDATE,,,,,,,,No candidate was produced for this lesson and role.
textbook-lesson.math.algebra.a0-2,/subjects/math/algebra/arithmetic-readiness/whole-number-operations-and-estimation/,worked-example,NO_CANDIDATE,,,,,,,,No candidate was produced for this lesson and role.
textbook-lesson.math.algebra.a0-2,/subjects/math/algebra/arithmetic-readiness/whole-number-operations-and-estimation/,reference,NO_CANDIDATE,,,,,,,,No candidate was produced for this lesson and role.
textbook-lesson.math.algebra.a0-2,/subjects/math/algebra/arithmetic-readiness/whole-number-operations-and-estimation/,tool-or-visual,NO_CANDIDATE,,,,,,,,No candidate was produced for this lesson and role.
textbook-lesson.math.algebra.a13-1,/subjects/math/algebra/exponential-logarithmic/additive-versus-multiplicative-patterns/,practice,NO_CANDIDATE,,,,,,,,No candidate was produced for this lesson and role.
textbook-lesson.math.algebra.a13-1,/subjects/math/algebra/exponential-logarithmic/additive-versus-multiplicative-patterns/,quick-explanation,NO_CANDIDATE,,,,,,,,No candidate was produced for this lesson and role.
textbook-lesson.math.algebra.a13-1,/subjects/math/algebra/exponential-logarithmic/additive-versus-multiplicative-patterns/,worked-example,NO_CANDIDATE,,,,,,,,No candidate was produced for this lesson and role.
textbook-lesson.math.algebra.a13-1,/subjects/math/algebra/exponential-logarithmic/additive-versus-multiplicative-patterns/,reference,NO_CANDIDATE,,,,,,,,No candidate was produced for this lesson and role.
textbook-lesson.math.algebra.a13-1,/subjects/math/algebra/exponential-logarithmic/additive-versus-multiplicative-patterns/,tool-or-visual,NO_CANDIDATE,,,,,,,,No candidate was produced for this lesson and role.
textbook-lesson.math.algebra.a13-6,/subjects/math/algebra/exponential-logarithmic/compound-interest/,practice,NO_CANDIDATE,,,,,,,,No candidate was produced for this lesson and role.
textbook-lesson.math.algebra.a13-6,/subjects/math/algebra/exponential-logarithmic/compound-interest/,quick-explanation,NO_CANDIDATE,,,,,,,,No candidate was produced for this lesson and role.
textbook-lesson.math.algebra.a13-6,/subjects/math/algebra/exponential-logarithmic/compound-interest/,worked-example,NO_CANDIDATE,,,,,,,,No candidate was produced for this lesson and role.
textbook-lesson.math.algebra.a13-6,/subjects/math/algebra/exponential-logarithmic/compound-interest/,reference,NO_CANDIDATE,,,,,,,,No candidate was produced for this lesson and role.
textbook-lesson.math.algebra.a13-6,/subjects/math/algebra/exponential-logarithmic/compound-interest/,tool-or-visual,NO_CANDIDATE,,,,,,,,No candidate was produced for this lesson and role.
textbook-lesson.math.algebra.a13-7,/subjects/math/algebra/exponential-logarithmic/continuous-growth-and-e/,practice,NO_CANDIDATE,,,,,,,,No candidate was produced for this lesson and role.
textbook-lesson.math.algebra.a13-7,/subjects/math/algebra/exponential-logarithmic/continuous-growth-and-e/,quick-explanation,NO_CANDIDATE,,,,,,,,No candidate was produced for this lesson and role.
textbook-lesson.math.algebra.a13-7,/subjects/math/algebra/exponential-logarithmic/continuous-growth-and-e/,worked-example,NO_CANDIDATE,,,,,,,,No candidate was produced for this lesson and role.
textbook-lesson.math.algebra.a13-7,/subjects/math/algebra/exponential-logarithmic/continuous-growth-and-e/,reference,NO_CANDIDATE,,,,,,,,No candidate was produced for this lesson and role.
textbook-lesson.math.algebra.a13-7,/subjects/math/algebra/exponential-logarithmic/continuous-growth-and-e/,tool-or-visual,NO_CANDIDATE,,,,,,,,No candidate was produced for this lesson and role.
textbook-lesson.math.algebra.a13-3,/subjects/math/algebra/exponential-logarithmic/exponential-functions/,practice,NO_CANDIDATE,,,,,,,,No candidate was produced for this lesson and role.
textbook-lesson.math.algebra.a13-3,/subjects/math/algebra/exponential-logarithmic/exponential-functions/,quick-explanation,NO_CANDIDATE,,,,,,,,No candidate was produced for this lesson and role.
textbook-lesson.math.algebra.a13-3,/subjects/math/algebra/exponential-logarithmic/exponential-functions/,worked-example,NO_CANDIDATE,,,,,,,,No candidate was produced for this lesson and role.
textbook-lesson.math.algebra.a13-3,/subjects/math/algebra/exponential-logarithmic/exponential-functions/,reference,NO_CANDIDATE,,,,,,,,No candidate was produced for this lesson and role.
textbook-lesson.math.algebra.a13-3,/subjects/math/algebra/exponential-logarithmic/exponential-functions/,tool-or-visual,NO_CANDIDATE,,,,,,,,No candidate was produced for this lesson and role.
textbook-lesson.math.algebra.a13-2,/subjects/math/algebra/exponential-logarithmic/geometric-sequences-and-repeated-percent-change/,practice,NO_CANDIDATE,,,,,,,,No candidate was produced for this lesson and role.
textbook-lesson.math.algebra.a13-2,/subjects/math/algebra/exponential-logarithmic/geometric-sequences-and-repeated-percent-change/,quick-explanation,NO_CANDIDATE,,,,,,,,No candidate was produced for this lesson and role.
textbook-lesson.math.algebra.a13-2,/subjects/math/algebra/exponential-logarithmic/geometric-sequences-and-repeated-percent-change/,worked-example,NO_CANDIDATE,,,,,,,,No candidate was produced for this lesson and role.
textbook-lesson.math.algebra.a13-2,/subjects/math/algebra/exponential-logarithmic/geometric-sequences-and-repeated-percent-change/,reference,NO_CANDIDATE,,,,,,,,No candidate was produced for this lesson and role.
textbook-lesson.math.algebra.a13-2,/subjects/math/algebra/exponential-logarithmic/geometric-sequences-and-repeated-percent-change/,tool-or-visual,NO_CANDIDATE,,,,,,,,No candidate was produced for this lesson and role.
textbook-lesson.math.algebra.a13-4,/subjects/math/algebra/exponential-logarithmic/graphs-and-transformations-of-exponentials/,practice,NO_CANDIDATE,,,,,,,,No candidate was produced for this lesson and role.
textbook-lesson.math.algebra.a13-4,/subjects/math/algebra/exponential-logarithmic/graphs-and-transformations-of-exponentials/,quick-explanation,NO_CANDIDATE,,,,,,,,No candidate was produced for this lesson and role.
textbook-lesson.math.algebra.a13-4,/subjects/math/algebra/exponential-logarithmic/graphs-and-transformations-of-exponentials/,worked-example,NO_CANDIDATE,,,,,,,,No candidate was produced for this lesson and role.
textbook-lesson.math.algebra.a13-4,/subjects/math/algebra/exponential-logarithmic/graphs-and-transformations-of-exponentials/,reference,NO_CANDIDATE,,,,,,,,No candidate was produced for this lesson and role.
textbook-lesson.math.algebra.a13-4,/subjects/math/algebra/exponential-logarithmic/graphs-and-transformations-of-exponentials/,tool-or-visual,NO_CANDIDATE,,,,,,,,No candidate was produced for this lesson and role.
textbook-lesson.math.algebra.a13-5,/subjects/math/algebra/exponential-logarithmic/growth-and-decay-models/,practice,NO_CANDIDATE,,,,,,,,No candidate was produced for this lesson and role.
textbook-lesson.math.algebra.a13-5,/subjects/math/algebra/exponential-logarithmic/growth-and-decay-models/,quick-explanation,NO_CANDIDATE,,,,,,,,No candidate was produced for this lesson and role.
textbook-lesson.math.algebra.a13-5,/subjects/math/algebra/exponential-logarithmic/growth-and-decay-models/,worked-example,NO_CANDIDATE,,,,,,,,No candidate was produced for this lesson and role.
textbook-lesson.math.algebra.a13-5,/subjects/math/algebra/exponential-logarithmic/growth-and-decay-models/,reference,NO_CANDIDATE,,,,,,,,No candidate was produced for this lesson and role.
textbook-lesson.math.algebra.a13-5,/subjects/math/algebra/exponential-logarithmic/growth-and-decay-models/,tool-or-visual,NO_CANDIDATE,,,,,,,,No candidate was produced for this lesson and role.
textbook-lesson.math.algebra.a13-9,/subjects/math/algebra/exponential-logarithmic/logarithm-laws/,practice,NO_CANDIDATE,,,,,,,,No candidate was produced for this lesson and role.
textbook-lesson.math.algebra.a13-9,/subjects/math/algebra/exponential-logarithmic/logarithm-laws/,quick-explanation,NO_CANDIDATE,,,,,,,,No candidate was produced for this lesson and role.
textbook-lesson.math.algebra.a13-9,/subjects/math/algebra/exponential-logarithmic/logarithm-laws/,worked-example,NO_CANDIDATE,,,,,,,,No candidate was produced for this lesson and role.
textbook-lesson.math.algebra.a13-9,/subjects/math/algebra/exponential-logarithmic/logarithm-laws/,reference,NO_CANDIDATE,,,,,,,,No candidate was produced for this lesson and role.
textbook-lesson.math.algebra.a13-9,/subjects/math/algebra/exponential-logarithmic/logarithm-laws/,tool-or-visual,NO_CANDIDATE,,,,,,,,No candidate was produced for this lesson and role.
textbook-lesson.math.algebra.a13-8,/subjects/math/algebra/exponential-logarithmic/logarithms-as-inverse-operations/,practice,NO_CANDIDATE,,,,,,,,No candidate was produced for this lesson and role.
textbook-lesson.math.algebra.a13-8,/subjects/math/algebra/exponential-logarithmic/logarithms-as-inverse-operations/,quick-explanation,NO_CANDIDATE,,,,,,,,No candidate was produced for this lesson and role.
textbook-lesson.math.algebra.a13-8,/subjects/math/algebra/exponential-logarithmic/logarithms-as-inverse-operations/,worked-example,NO_CANDIDATE,,,,,,,,No candidate was produced for this lesson and role.
textbook-lesson.math.algebra.a13-8,/subjects/math/algebra/exponential-logarithmic/logarithms-as-inverse-operations/,reference,NO_CANDIDATE,,,,,,,,No candidate was produced for this lesson and role.
textbook-lesson.math.algebra.a13-8,/subjects/math/algebra/exponential-logarithmic/logarithms-as-inverse-operations/,tool-or-visual,NO_CANDIDATE,,,,,,,,No candidate was produced for this lesson and role.
textbook-lesson.math.algebra.a13-10,/subjects/math/algebra/exponential-logarithmic/solving-exponential-equations/,practice,NO_CANDIDATE,,,,,,,,No candidate was produced for this lesson and role.
textbook-lesson.math.algebra.a13-10,/subjects/math/algebra/exponential-logarithmic/solving-exponential-equations/,quick-explanation,NO_CANDIDATE,,,,,,,,No candidate was produced for this lesson and role.
textbook-lesson.math.algebra.a13-10,/subjects/math/algebra/exponential-logarithmic/solving-exponential-equations/,worked-example,NO_CANDIDATE,,,,,,,,No candidate was produced for this lesson and role.
textbook-lesson.math.algebra.a13-10,/subjects/math/algebra/exponential-logarithmic/solving-exponential-equations/,reference,NO_CANDIDATE,,,,,,,,No candidate was produced for this lesson and role.
textbook-lesson.math.algebra.a13-10,/subjects/math/algebra/exponential-logarithmic/solving-exponential-equations/,tool-or-visual,NO_CANDIDATE,,,,,,,,No candidate was produced for this lesson and role.
textbook-lesson.math.algebra.a13-11,/subjects/math/algebra/exponential-logarithmic/solving-logarithmic-equations-and-logarithmic-models/,practice,NO_CANDIDATE,,,,,,,,No candidate was produced for this lesson and role.
textbook-lesson.math.algebra.a13-11,/subjects/math/algebra/exponential-logarithmic/solving-logarithmic-equations-and-logarithmic-models/,quick-explanation,NO_CANDIDATE,,,,,,,,No candidate was produced for this lesson and role.
textbook-lesson.math.algebra.a13-11,/subjects/math/algebra/exponential-logarithmic/solving-logarithmic-equations-and-logarithmic-models/,worked-example,NO_CANDIDATE,,,,,,,,No candidate was produced for this lesson and role.
textbook-lesson.math.algebra.a13-11,/subjects/math/algebra/exponential-logarithmic/solving-logarithmic-equations-and-logarithmic-models/,reference,NO_CANDIDATE,,,,,,,,No candidate was produced for this lesson and role.
textbook-lesson.math.algebra.a13-11,/subjects/math/algebra/exponential-logarithmic/solving-logarithmic-equations-and-logarithmic-models/,tool-or-visual,NO_CANDIDATE,,,,,,,,No candidate was produced for this lesson and role.
textbook-lesson.math.algebra.a6-1,/subjects/math/algebra/exponents-roots/exponents-as-repeated-multiplication/,practice,NO_CANDIDATE,,,,,,,,No candidate was produced for this lesson and role.
textbook-lesson.math.algebra.a6-1,/subjects/math/algebra/exponents-roots/exponents-as-repeated-multiplication/,quick-explanation,NO_CANDIDATE,,,,,,,,No candidate was produced for this lesson and role.
textbook-lesson.math.algebra.a6-1,/subjects/math/algebra/exponents-roots/exponents-as-repeated-multiplication/,worked-example,NO_CANDIDATE,,,,,,,,No candidate was produced for this lesson and role.
textbook-lesson.math.algebra.a6-1,/subjects/math/algebra/exponents-roots/exponents-as-repeated-multiplication/,reference,NO_CANDIDATE,,,,,,,,No candidate was produced for this lesson and role.
textbook-lesson.math.algebra.a6-1,/subjects/math/algebra/exponents-roots/exponents-as-repeated-multiplication/,tool-or-visual,NO_CANDIDATE,,,,,,,,No candidate was produced for this lesson and role.
textbook-lesson.math.algebra.a6-2,/subjects/math/algebra/exponents-roots/negative-bases-and-grouping/,practice,NO_CANDIDATE,,,,,,,,No candidate was produced for this lesson and role.
textbook-lesson.math.algebra.a6-2,/subjects/math/algebra/exponents-roots/negative-bases-and-grouping/,quick-explanation,NO_CANDIDATE,,,,,,,,No candidate was produced for this lesson and role.
textbook-lesson.math.algebra.a6-2,/subjects/math/algebra/exponents-roots/negative-bases-and-grouping/,worked-example,NO_CANDIDATE,,,,,,,,No candidate was produced for this lesson and role.
textbook-lesson.math.algebra.a6-2,/subjects/math/algebra/exponents-roots/negative-bases-and-grouping/,reference,NO_CANDIDATE,,,,,,,,No candidate was produced for this lesson and role.
textbook-lesson.math.algebra.a6-2,/subjects/math/algebra/exponents-roots/negative-bases-and-grouping/,tool-or-visual,NO_CANDIDATE,,,,,,,,No candidate was produced for this lesson and role.
textbook-lesson.math.algebra.a6-9,/subjects/math/algebra/exponents-roots/power-function-preview/,practice,NO_CANDIDATE,,,,,,,,No candidate was produced for this lesson and role.
textbook-lesson.math.algebra.a6-9,/subjects/math/algebra/exponents-roots/power-function-preview/,quick-explanation,NO_CANDIDATE,,,,,,,,No candidate was produced for this lesson and role.
textbook-lesson.math.algebra.a6-9,/subjects/math/algebra/exponents-roots/power-function-preview/,worked-example,NO_CANDIDATE,,,,,,,,No candidate was produced for this lesson and role.
textbook-lesson.math.algebra.a6-9,/subjects/math/algebra/exponents-roots/power-function-preview/,reference,NO_CANDIDATE,,,,,,,,No candidate was produced for this lesson and role.
textbook-lesson.math.algebra.a6-9,/subjects/math/algebra/exponents-roots/power-function-preview/,tool-or-visual,NO_CANDIDATE,,,,,,,,No candidate was produced for this lesson and role.
textbook-lesson.math.algebra.a6-4,/subjects/math/algebra/exponents-roots/power-of-a-power-product-and-quotient/,practice,NO_CANDIDATE,,,,,,,,No candidate was produced for this lesson and role.
textbook-lesson.math.algebra.a6-4,/subjects/math/algebra/exponents-roots/power-of-a-power-product-and-quotient/,quick-explanation,NO_CANDIDATE,,,,,,,,No candidate was produced for this lesson and role.
textbook-lesson.math.algebra.a6-4,/subjects/math/algebra/exponents-roots/power-of-a-power-product-and-quotient/,worked-example,NO_CANDIDATE,,,,,,,,No candidate was produced for this lesson and role.
textbook-lesson.math.algebra.a6-4,/subjects/math/algebra/exponents-roots/power-of-a-power-product-and-quotient/,reference,NO_CANDIDATE,,,,,,,,No candidate was produced for this lesson and role.
textbook-lesson.math.algebra.a6-4,/subjects/math/algebra/exponents-roots/power-of-a-power-product-and-quotient/,tool-or-visual,NO_CANDIDATE,,,,,,,,No candidate was produced for this lesson and role.
textbook-lesson.math.algebra.a6-3,/subjects/math/algebra/exponents-roots/product-and-quotient-laws/,practice,NO_CANDIDATE,,,,,,,,No candidate was produced for this lesson and role.
textbook-lesson.math.algebra.a6-3,/subjects/math/algebra/exponents-roots/product-and-quotient-laws/,quick-explanation,NO_CANDIDATE,,,,,,,,No candidate was produced for this lesson and role.
textbook-lesson.math.algebra.a6-3,/subjects/math/algebra/exponents-roots/product-and-quotient-laws/,worked-example,NO_CANDIDATE,,,,,,,,No candidate was produced for this lesson and role.
textbook-lesson.math.algebra.a6-3,/subjects/math/algebra/exponents-roots/product-and-quotient-laws/,reference,NO_CANDIDATE,,,,,,,,No candidate was produced for this lesson and role.
textbook-lesson.math.algebra.a6-3,/subjects/math/algebra/exponents-roots/product-and-quotient-laws/,tool-or-visual,NO_CANDIDATE,,,,,,,,No candidate was produced for this lesson and role.
textbook-lesson.math.algebra.a6-6,/subjects/math/algebra/exponents-roots/scientific-notation/,practice,NO_CANDIDATE,,,,,,,,No candidate was produced for this lesson and role.
textbook-lesson.math.algebra.a6-6,/subjects/math/algebra/exponents-roots/scientific-notation/,quick-explanation,NO_CANDIDATE,,,,,,,,No candidate was produced for this lesson and role.
textbook-lesson.math.algebra.a6-6,/subjects/math/algebra/exponents-roots/scientific-notation/,worked-example,NO_CANDIDATE,,,,,,,,No candidate was produced for this lesson and role.
textbook-lesson.math.algebra.a6-6,/subjects/math/algebra/exponents-roots/scientific-notation/,reference,NO_CANDIDATE,,,,,,,,No candidate was produced for this lesson and role.
textbook-lesson.math.algebra.a6-6,/subjects/math/algebra/exponents-roots/scientific-notation/,tool-or-visual,NO_CANDIDATE,,,,,,,,No candidate was produced for this lesson and role.
textbook-lesson.math.algebra.a6-8,/subjects/math/algebra/exponents-roots/simple-power-and-root-equations/,practice,NO_CANDIDATE,,,,,,,,No candidate was produced for this lesson and role.
textbook-lesson.math.algebra.a6-8,/subjects/math/algebra/exponents-roots/simple-power-and-root-equations/,quick-explanation,NO_CANDIDATE,,,,,,,,No candidate was produced for this lesson and role.
textbook-lesson.math.algebra.a6-8,/subjects/math/algebra/exponents-roots/simple-power-and-root-equations/,worked-example,NO_CANDIDATE,,,,,,,,No candidate was produced for this lesson and role.
textbook-lesson.math.algebra.a6-8,/subjects/math/algebra/exponents-roots/simple-power-and-root-equations/,reference,NO_CANDIDATE,,,,,,,,No candidate was produced for this lesson and role.
textbook-lesson.math.algebra.a6-8,/subjects/math/algebra/exponents-roots/simple-power-and-root-equations/,tool-or-visual,NO_CANDIDATE,,,,,,,,No candidate was produced for this lesson and role.
textbook-lesson.math.algebra.a6-7,/subjects/math/algebra/exponents-roots/square-roots-and-nth-roots/,practice,NO_CANDIDATE,,,,,,,,No candidate was produced for this lesson and role.
textbook-lesson.math.algebra.a6-7,/subjects/math/algebra/exponents-roots/square-roots-and-nth-roots/,quick-explanation,NO_CANDIDATE,,,,,,,,No candidate was produced for this lesson and role.
textbook-lesson.math.algebra.a6-7,/subjects/math/algebra/exponents-roots/square-roots-and-nth-roots/,worked-example,NO_CANDIDATE,,,,,,,,No candidate was produced for this lesson and role.
textbook-lesson.math.algebra.a6-7,/subjects/math/algebra/exponents-roots/square-roots-and-nth-roots/,reference,NO_CANDIDATE,,,,,,,,No candidate was produced for this lesson and role.
textbook-lesson.math.algebra.a6-7,/subjects/math/algebra/exponents-roots/square-roots-and-nth-roots/,tool-or-visual,NO_CANDIDATE,,,,,,,,No candidate was produced for this lesson and role.
textbook-lesson.math.algebra.a6-5,/subjects/math/algebra/exponents-roots/zero-and-negative-exponents/,practice,NO_CANDIDATE,,,,,,,,No candidate was produced for this lesson and role.
textbook-lesson.math.algebra.a6-5,/subjects/math/algebra/exponents-roots/zero-and-negative-exponents/,quick-explanation,NO_CANDIDATE,,,,,,,,No candidate was produced for this lesson and role.
textbook-lesson.math.algebra.a6-5,/subjects/math/algebra/exponents-roots/zero-and-negative-exponents/,worked-example,NO_CANDIDATE,,,,,,,,No candidate was produced for this lesson and role.
textbook-lesson.math.algebra.a6-5,/subjects/math/algebra/exponents-roots/zero-and-negative-exponents/,reference,NO_CANDIDATE,,,,,,,,No candidate was produced for this lesson and role.
textbook-lesson.math.algebra.a6-5,/subjects/math/algebra/exponents-roots/zero-and-negative-exponents/,tool-or-visual,NO_CANDIDATE,,,,,,,,No candidate was produced for this lesson and role.
textbook-lesson.math.algebra.a8-11,/subjects/math/algebra/factoring-quadratics/completing-the-square-algebraically/,practice,NO_CANDIDATE,,,,,,,,No candidate was produced for this lesson and role.
textbook-lesson.math.algebra.a8-11,/subjects/math/algebra/factoring-quadratics/completing-the-square-algebraically/,quick-explanation,NO_CANDIDATE,,,,,,,,No candidate was produced for this lesson and role.
textbook-lesson.math.algebra.a8-11,/subjects/math/algebra/factoring-quadratics/completing-the-square-algebraically/,worked-example,NO_CANDIDATE,,,,,,,,No candidate was produced for this lesson and role.
textbook-lesson.math.algebra.a8-11,/subjects/math/algebra/factoring-quadratics/completing-the-square-algebraically/,reference,NO_CANDIDATE,,,,,,,,No candidate was produced for this lesson and role.
textbook-lesson.math.algebra.a8-11,/subjects/math/algebra/factoring-quadratics/completing-the-square-algebraically/,tool-or-visual,NO_CANDIDATE,,,,,,,,No candidate was produced for this lesson and role.
textbook-lesson.math.algebra.a8-10,/subjects/math/algebra/factoring-quadratics/completing-the-square-geometrically/,practice,NO_CANDIDATE,,,,,,,,No candidate was produced for this lesson and role.
textbook-lesson.math.algebra.a8-10,/subjects/math/algebra/factoring-quadratics/completing-the-square-geometrically/,quick-explanation,NO_CANDIDATE,,,,,,,,No candidate was produced for this lesson and role.
textbook-lesson.math.algebra.a8-10,/subjects/math/algebra/factoring-quadratics/completing-the-square-geometrically/,worked-example,NO_CANDIDATE,,,,,,,,No candidate was produced for this lesson and role.
textbook-lesson.math.algebra.a8-10,/subjects/math/algebra/factoring-quadratics/completing-the-square-geometrically/,reference,NO_CANDIDATE,,,,,,,,No candidate was produced for this lesson and role.
textbook-lesson.math.algebra.a8-10,/subjects/math/algebra/factoring-quadratics/completing-the-square-geometrically/,tool-or-visual,NO_CANDIDATE,,,,,,,,No candidate was produced for this lesson and role.
textbook-lesson.math.algebra.a8-1,/subjects/math/algebra/factoring-quadratics/factoring-as-reverse-distribution-and-gcf/,practice,NO_CANDIDATE,,,,,,,,No candidate was produced for this lesson and role.
textbook-lesson.math.algebra.a8-1,/subjects/math/algebra/factoring-quadratics/factoring-as-reverse-distribution-and-gcf/,quick-explanation,NO_CANDIDATE,,,,,,,,No candidate was produced for this lesson and role.
textbook-lesson.math.algebra.a8-1,/subjects/math/algebra/factoring-quadratics/factoring-as-reverse-distribution-and-gcf/,worked-example,NO_CANDIDATE,,,,,,,,No candidate was produced for this lesson and role.
textbook-lesson.math.algebra.a8-1,/subjects/math/algebra/factoring-quadratics/factoring-as-reverse-distribution-and-gcf/,reference,NO_CANDIDATE,,,,,,,,No candidate was produced for this lesson and role.
textbook-lesson.math.algebra.a8-1,/subjects/math/algebra/factoring-quadratics/factoring-as-reverse-distribution-and-gcf/,tool-or-visual,NO_CANDIDATE,,,,,,,,No candidate was produced for this lesson and role.
textbook-lesson.math.algebra.a8-4,/subjects/math/algebra/factoring-quadratics/factoring-ax-2-bx-c/,practice,NO_CANDIDATE,,,,,,,,No candidate was produced for this lesson and role.
textbook-lesson.math.algebra.a8-4,/subjects/math/algebra/factoring-quadratics/factoring-ax-2-bx-c/,quick-explanation,NO_CANDIDATE,,,,,,,,No candidate was produced for this lesson and role.
textbook-lesson.math.algebra.a8-4,/subjects/math/algebra/factoring-quadratics/factoring-ax-2-bx-c/,worked-example,NO_CANDIDATE,,,,,,,,No candidate was produced for this lesson and role.
textbook-lesson.math.algebra.a8-4,/subjects/math/algebra/factoring-quadratics/factoring-ax-2-bx-c/,reference,NO_CANDIDATE,,,,,,,,No candidate was produced for this lesson and role.
textbook-lesson.math.algebra.a8-4,/subjects/math/algebra/factoring-quadratics/factoring-ax-2-bx-c/,tool-or-visual,NO_CANDIDATE,,,,,,,,No candidate was produced for this lesson and role.
textbook-lesson.math.algebra.a8-2,/subjects/math/algebra/factoring-quadratics/factoring-by-grouping/,practice,NO_CANDIDATE,,,,,,,,No candidate was produced for this lesson and role.
textbook-lesson.math.algebra.a8-2,/subjects/math/algebra/factoring-quadratics/factoring-by-grouping/,quick-explanation,NO_CANDIDATE,,,,,,,,No candidate was produced for this lesson and role.
textbook-lesson.math.algebra.a8-2,/subjects/math/algebra/factoring-quadratics/factoring-by-grouping/,worked-example,NO_CANDIDATE,,,,,,,,No candidate was produced for this lesson and role.
textbook-lesson.math.algebra.a8-2,/subjects/math/algebra/factoring-quadratics/factoring-by-grouping/,reference,NO_CANDIDATE,,,,,,,,No candidate was produced for this lesson and role.
textbook-lesson.math.algebra.a8-2,/subjects/math/algebra/factoring-quadratics/factoring-by-grouping/,tool-or-visual,NO_CANDIDATE,,,,,,,,No candidate was produced for this lesson and role.
textbook-lesson.math.algebra.a8-3,/subjects/math/algebra/factoring-quadratics/factoring-x-2-bx-c/,practice,NO_CANDIDATE,,,,,,,,No candidate was produced for this lesson and role.
textbook-lesson.math.algebra.a8-3,/subjects/math/algebra/factoring-quadratics/factoring-x-2-bx-c/,quick-explanation,NO_CANDIDATE,,,,,,,,No candidate was produced for this lesson and role.
textbook-lesson.math.algebra.a8-3,/subjects/math/algebra/factoring-quadratics/factoring-x-2-bx-c/,worked-example,NO_CANDIDATE,,,,,,,,No candidate was produced for this lesson and role.
textbook-lesson.math.algebra.a8-3,/subjects/math/algebra/factoring-quadratics/factoring-x-2-bx-c/,reference,NO_CANDIDATE,,,,,,,,No candidate was produced for this lesson and role.
textbook-lesson.math.algebra.a8-3,/subjects/math/algebra/factoring-quadratics/factoring-x-2-bx-c/,tool-or-visual,NO_CANDIDATE,,,,,,,,No candidate was produced for this lesson and role.
textbook-lesson.math.algebra.a8-6,/subjects/math/algebra/factoring-quadratics/general-factoring-strategy-and-irreducibility/,practice,NO_CANDIDATE,,,,,,,,No candidate was produced for this lesson and role.
textbook-lesson.math.algebra.a8-6,/subjects/math/algebra/factoring-quadratics/general-factoring-strategy-and-irreducibility/,quick-explanation,NO_CANDIDATE,,,,,,,,No candidate was produced for this lesson and role.
textbook-lesson.math.algebra.a8-6,/subjects/math/algebra/factoring-quadratics/general-factoring-strategy-and-irreducibility/,worked-example,NO_CANDIDATE,,,,,,,,No candidate was produced for this lesson and role.
textbook-lesson.math.algebra.a8-6,/subjects/math/algebra/factoring-quadratics/general-factoring-strategy-and-irreducibility/,reference,NO_CANDIDATE,,,,,,,,No candidate was produced for this lesson and role.
textbook-lesson.math.algebra.a8-6,/subjects/math/algebra/factoring-quadratics/general-factoring-strategy-and-irreducibility/,tool-or-visual,NO_CANDIDATE,,,,,,,,No candidate was produced for this lesson and role.
textbook-lesson.math.algebra.a8-12,/subjects/math/algebra/factoring-quadratics/quadratic-formula-and-discriminant/,practice,NO_CANDIDATE,,,,,,,,No candidate was produced for this lesson and role.
textbook-lesson.math.algebra.a8-12,/subjects/math/algebra/factoring-quadratics/quadratic-formula-and-discriminant/,quick-explanation,NO_CANDIDATE,,,,,,,,No candidate was produced for this lesson and role.
textbook-lesson.math.algebra.a8-12,/subjects/math/algebra/factoring-quadratics/quadratic-formula-and-discriminant/,worked-example,NO_CANDIDATE,,,,,,,,No candidate was produced for this lesson and role.
textbook-lesson.math.algebra.a8-12,/subjects/math/algebra/factoring-quadratics/quadratic-formula-and-discriminant/,reference,NO_CANDIDATE,,,,,,,,No candidate was produced for this lesson and role.
textbook-lesson.math.algebra.a8-12,/subjects/math/algebra/factoring-quadratics/quadratic-formula-and-discriminant/,tool-or-visual,NO_CANDIDATE,,,,,,,,No candidate was produced for this lesson and role.
textbook-lesson.math.algebra.a8-8,/subjects/math/algebra/factoring-quadratics/solving-quadratics-by-factoring/,practice,NO_CANDIDATE,,,,,,,,No candidate was produced for this lesson and role.
textbook-lesson.math.algebra.a8-8,/subjects/math/algebra/factoring-quadratics/solving-quadratics-by-factoring/,quick-explanation,NO_CANDIDATE,,,,,,,,No candidate was produced for this lesson and role.
textbook-lesson.math.algebra.a8-8,/subjects/math/algebra/factoring-quadratics/solving-quadratics-by-factoring/,worked-example,NO_CANDIDATE,,,,,,,,No candidate was produced for this lesson and role.
textbook-lesson.math.algebra.a8-8,/subjects/math/algebra/factoring-quadratics/solving-quadratics-by-factoring/,reference,NO_CANDIDATE,,,,,,,,No candidate was produced for this lesson and role.
textbook-lesson.math.algebra.a8-8,/subjects/math/algebra/factoring-quadratics/solving-quadratics-by-factoring/,tool-or-visual,NO_CANDIDATE,,,,,,,,No candidate was produced for this lesson and role.
textbook-lesson.math.algebra.a8-5,/subjects/math/algebra/factoring-quadratics/special-factoring-patterns/,practice,NO_CANDIDATE,,,,,,,,No candidate was produced for this lesson and role.
textbook-lesson.math.algebra.a8-5,/subjects/math/algebra/factoring-quadratics/special-factoring-patterns/,quick-explanation,NO_CANDIDATE,,,,,,,,No candidate was produced for this lesson and role.
textbook-lesson.math.algebra.a8-5,/subjects/math/algebra/factoring-quadratics/special-factoring-patterns/,worked-example,NO_CANDIDATE,,,,,,,,No candidate was produced for this lesson and role.
textbook-lesson.math.algebra.a8-5,/subjects/math/algebra/factoring-quadratics/special-factoring-patterns/,reference,NO_CANDIDATE,,,,,,,,No candidate was produced for this lesson and role.
textbook-lesson.math.algebra.a8-5,/subjects/math/algebra/factoring-quadratics/special-factoring-patterns/,tool-or-visual,NO_CANDIDATE,,,,,,,,No candidate was produced for this lesson and role.
textbook-lesson.math.algebra.a8-9,/subjects/math/algebra/factoring-quadratics/square-root-method/,practice,NO_CANDIDATE,,,,,,,,No candidate was produced for this lesson and role.
textbook-lesson.math.algebra.a8-9,/subjects/math/algebra/factoring-quadratics/square-root-method/,quick-explanation,NO_CANDIDATE,,,,,,,,No candidate was produced for this lesson and role.
textbook-lesson.math.algebra.a8-9,/subjects/math/algebra/factoring-quadratics/square-root-method/,worked-example,NO_CANDIDATE,,,,,,,,No candidate was produced for this lesson and role.
textbook-lesson.math.algebra.a8-9,/subjects/math/algebra/factoring-quadratics/square-root-method/,reference,NO_CANDIDATE,,,,,,,,No candidate was produced for this lesson and role.
textbook-lesson.math.algebra.a8-9,/subjects/math/algebra/factoring-quadratics/square-root-method/,tool-or-visual,NO_CANDIDATE,,,,,,,,No candidate was produced for this lesson and role.
textbook-lesson.math.algebra.a8-7,/subjects/math/algebra/factoring-quadratics/zero-product-property/,practice,NO_CANDIDATE,,,,,,,,No candidate was produced for this lesson and role.
textbook-lesson.math.algebra.a8-7,/subjects/math/algebra/factoring-quadratics/zero-product-property/,quick-explanation,NO_CANDIDATE,,,,,,,,No candidate was produced for this lesson and role.
textbook-lesson.math.algebra.a8-7,/subjects/math/algebra/factoring-quadratics/zero-product-property/,worked-example,NO_CANDIDATE,,,,,,,,No candidate was produced for this lesson and role.
textbook-lesson.math.algebra.a8-7,/subjects/math/algebra/factoring-quadratics/zero-product-property/,reference,NO_CANDIDATE,,,,,,,,No candidate was produced for this lesson and role.
textbook-lesson.math.algebra.a8-7,/subjects/math/algebra/factoring-quadratics/zero-product-property/,tool-or-visual,NO_CANDIDATE,,,,,,,,No candidate was produced for this lesson and role.
textbook-lesson.math.algebra.a12-7,/subjects/math/algebra/functions/arithmetic-with-functions/,practice,NO_CANDIDATE,,,,,,,,No candidate was produced for this lesson and role.
textbook-lesson.math.algebra.a12-7,/subjects/math/algebra/functions/arithmetic-with-functions/,quick-explanation,NO_CANDIDATE,,,,,,,,No candidate was produced for this lesson and role.
textbook-lesson.math.algebra.a12-7,/subjects/math/algebra/functions/arithmetic-with-functions/,worked-example,NO_CANDIDATE,,,,,,,,No candidate was produced for this lesson and role.
textbook-lesson.math.algebra.a12-7,/subjects/math/algebra/functions/arithmetic-with-functions/,reference,NO_CANDIDATE,,,,,,,,No candidate was produced for this lesson and role.
textbook-lesson.math.algebra.a12-7,/subjects/math/algebra/functions/arithmetic-with-functions/,tool-or-visual,NO_CANDIDATE,,,,,,,,No candidate was produced for this lesson and role.
textbook-lesson.math.algebra.a12-8,/subjects/math/algebra/functions/comparing-algebraic-families/,practice,NO_CANDIDATE,,,,,,,,No candidate was produced for this lesson and role.
textbook-lesson.math.algebra.a12-8,/subjects/math/algebra/functions/comparing-algebraic-families/,quick-explanation,NO_CANDIDATE,,,,,,,,No candidate was produced for this lesson and role.
textbook-lesson.math.algebra.a12-8,/subjects/math/algebra/functions/comparing-algebraic-families/,worked-example,NO_CANDIDATE,,,,,,,,No candidate was produced for this lesson and role.
textbook-lesson.math.algebra.a12-8,/subjects/math/algebra/functions/comparing-algebraic-families/,reference,NO_CANDIDATE,,,,,,,,No candidate was produced for this lesson and role.
textbook-lesson.math.algebra.a12-8,/subjects/math/algebra/functions/comparing-algebraic-families/,tool-or-visual,NO_CANDIDATE,,,,,,,,No candidate was produced for this lesson and role.
textbook-lesson.math.algebra.a12-4,/subjects/math/algebra/functions/domain/,practice,NO_CANDIDATE,,,,,,,,No candidate was produced for this lesson and role.
textbook-lesson.math.algebra.a12-4,/subjects/math/algebra/functions/domain/,quick-explanation,NO_CANDIDATE,,,,,,,,No candidate was produced for this lesson and role.
textbook-lesson.math.algebra.a12-4,/subjects/math/algebra/functions/domain/,worked-example,NO_CANDIDATE,,,,,,,,No candidate was produced for this lesson and role.
textbook-lesson.math.algebra.a12-4,/subjects/math/algebra/functions/domain/,reference,NO_CANDIDATE,,,,,,,,No candidate was produced for this lesson and role.
textbook-lesson.math.algebra.a12-4,/subjects/math/algebra/functions/domain/,tool-or-visual,NO_CANDIDATE,,,,,,,,No candidate was produced for this lesson and role.
textbook-lesson.math.algebra.a12-2,/subjects/math/algebra/functions/function-notation-and-evaluation/,practice,NO_CANDIDATE,,,,,,,,No candidate was produced for this lesson and role.
textbook-lesson.math.algebra.a12-2,/subjects/math/algebra/functions/function-notation-and-evaluation/,quick-explanation,NO_CANDIDATE,,,,,,,,No candidate was produced for this lesson and role.
textbook-lesson.math.algebra.a12-2,/subjects/math/algebra/functions/function-notation-and-evaluation/,worked-example,NO_CANDIDATE,,,,,,,,No candidate was produced for this lesson and role.
textbook-lesson.math.algebra.a12-2,/subjects/math/algebra/functions/function-notation-and-evaluation/,reference,NO_CANDIDATE,,,,,,,,No candidate was produced for this lesson and role.
textbook-lesson.math.algebra.a12-2,/subjects/math/algebra/functions/function-notation-and-evaluation/,tool-or-visual,NO_CANDIDATE,,,,,,,,No candidate was produced for this lesson and role.
textbook-lesson.math.algebra.a12-6,/subjects/math/algebra/functions/piecewise-defined-functions/,practice,NO_CANDIDATE,,,,,,,,No candidate was produced for this lesson and role.
textbook-lesson.math.algebra.a12-6,/subjects/math/algebra/functions/piecewise-defined-functions/,quick-explanation,NO_CANDIDATE,,,,,,,,No candidate was produced for this lesson and role.
textbook-lesson.math.algebra.a12-6,/subjects/math/algebra/functions/piecewise-defined-functions/,worked-example,NO_CANDIDATE,,,,,,,,No candidate was produced for this lesson and role.
textbook-lesson.math.algebra.a12-6,/subjects/math/algebra/functions/piecewise-defined-functions/,reference,NO_CANDIDATE,,,,,,,,No candidate was produced for this lesson and role.
textbook-lesson.math.algebra.a12-6,/subjects/math/algebra/functions/piecewise-defined-functions/,tool-or-visual,NO_CANDIDATE,,,,,,,,No candidate was produced for this lesson and role.
textbook-lesson.math.algebra.a12-5,/subjects/math/algebra/functions/range-and-graph-behavior/,practice,NO_CANDIDATE,,,,,,,,No candidate was produced for this lesson and role.
textbook-lesson.math.algebra.a12-5,/subjects/math/algebra/functions/range-and-graph-behavior/,quick-explanation,NO_CANDIDATE,,,,,,,,No candidate was produced for this lesson and role.
textbook-lesson.math.algebra.a12-5,/subjects/math/algebra/functions/range-and-graph-behavior/,worked-example,NO_CANDIDATE,,,,,,,,No candidate was produced for this lesson and role.
textbook-lesson.math.algebra.a12-5,/subjects/math/algebra/functions/range-and-graph-behavior/,reference,NO_CANDIDATE,,,,,,,,No candidate was produced for this lesson and role.
textbook-lesson.math.algebra.a12-5,/subjects/math/algebra/functions/range-and-graph-behavior/,tool-or-visual,NO_CANDIDATE,,,,,,,,No candidate was produced for this lesson and role.
textbook-lesson.math.algebra.a12-1,/subjects/math/algebra/functions/relations-and-functions/,practice,NO_CANDIDATE,,,,,,,,No candidate was produced for this lesson and role.
textbook-lesson.math.algebra.a12-1,/subjects/math/algebra/functions/relations-and-functions/,quick-explanation,NO_CANDIDATE,,,,,,,,No candidate was produced for this lesson and role.
textbook-lesson.math.algebra.a12-1,/subjects/math/algebra/functions/relations-and-functions/,worked-example,NO_CANDIDATE,,,,,,,,No candidate was produced for this lesson and role.
textbook-lesson.math.algebra.a12-1,/subjects/math/algebra/functions/relations-and-functions/,reference,NO_CANDIDATE,,,,,,,,No candidate was produced for this lesson and role.
textbook-lesson.math.algebra.a12-1,/subjects/math/algebra/functions/relations-and-functions/,tool-or-visual,NO_CANDIDATE,,,,,,,,No candidate was produced for this lesson and role.
textbook-lesson.math.algebra.a12-3,/subjects/math/algebra/functions/solving-f-x-k/,practice,NO_CANDIDATE,,,,,,,,No candidate was produced for this lesson and role.
textbook-lesson.math.algebra.a12-3,/subjects/math/algebra/functions/solving-f-x-k/,quick-explanation,NO_CANDIDATE,,,,,,,,No candidate was produced for this lesson and role.
textbook-lesson.math.algebra.a12-3,/subjects/math/algebra/functions/solving-f-x-k/,worked-example,NO_CANDIDATE,,,,,,,,No candidate was produced for this lesson and role.
textbook-lesson.math.algebra.a12-3,/subjects/math/algebra/functions/solving-f-x-k/,reference,NO_CANDIDATE,,,,,,,,No candidate was produced for this lesson and role.
textbook-lesson.math.algebra.a12-3,/subjects/math/algebra/functions/solving-f-x-k/,tool-or-visual,NO_CANDIDATE,,,,,,,,No candidate was produced for this lesson and role.
textbook-lesson.math.algebra.a3-6,/subjects/math/algebra/inequalities-absolute-value/absolute-value-as-distance/,practice,NO_CANDIDATE,,,,,,,,No candidate was produced for this lesson and role.
textbook-lesson.math.algebra.a3-6,/subjects/math/algebra/inequalities-absolute-value/absolute-value-as-distance/,quick-explanation,NO_CANDIDATE,,,,,,,,No candidate was produced for this lesson and role.
textbook-lesson.math.algebra.a3-6,/subjects/math/algebra/inequalities-absolute-value/absolute-value-as-distance/,worked-example,NO_CANDIDATE,,,,,,,,No candidate was produced for this lesson and role.
textbook-lesson.math.algebra.a3-6,/subjects/math/algebra/inequalities-absolute-value/absolute-value-as-distance/,reference,NO_CANDIDATE,,,,,,,,No candidate was produced for this lesson and role.
textbook-lesson.math.algebra.a3-6,/subjects/math/algebra/inequalities-absolute-value/absolute-value-as-distance/,tool-or-visual,NO_CANDIDATE,,,,,,,,No candidate was produced for this lesson and role.
textbook-lesson.math.algebra.a3-7,/subjects/math/algebra/inequalities-absolute-value/absolute-value-equations-and-inequalities/,practice,NO_CANDIDATE,,,,,,,,No candidate was produced for this lesson and role.
textbook-lesson.math.algebra.a3-7,/subjects/math/algebra/inequalities-absolute-value/absolute-value-equations-and-inequalities/,quick-explanation,NO_CANDIDATE,,,,,,,,No candidate was produced for this lesson and role.
textbook-lesson.math.algebra.a3-7,/subjects/math/algebra/inequalities-absolute-value/absolute-value-equations-and-inequalities/,worked-example,NO_CANDIDATE,,,,,,,,No candidate was produced for this lesson and role.
textbook-lesson.math.algebra.a3-7,/subjects/math/algebra/inequalities-absolute-value/absolute-value-equations-and-inequalities/,reference,NO_CANDIDATE,,,,,,,,No candidate was produced for this lesson and role.
textbook-lesson.math.algebra.a3-7,/subjects/math/algebra/inequalities-absolute-value/absolute-value-equations-and-inequalities/,tool-or-visual,NO_CANDIDATE,,,,,,,,No candidate was produced for this lesson and role.
textbook-lesson.math.algebra.a3-5,/subjects/math/algebra/inequalities-absolute-value/compound-inequalities/,practice,NO_CANDIDATE,,,,,,,,No candidate was produced for this lesson and role.
textbook-lesson.math.algebra.a3-5,/subjects/math/algebra/inequalities-absolute-value/compound-inequalities/,quick-explanation,NO_CANDIDATE,,,,,,,,No candidate was produced for this lesson and role.
textbook-lesson.math.algebra.a3-5,/subjects/math/algebra/inequalities-absolute-value/compound-inequalities/,worked-example,NO_CANDIDATE,,,,,,,,No candidate was produced for this lesson and role.
textbook-lesson.math.algebra.a3-5,/subjects/math/algebra/inequalities-absolute-value/compound-inequalities/,reference,NO_CANDIDATE,,,,,,,,No candidate was produced for this lesson and role.
textbook-lesson.math.algebra.a3-5,/subjects/math/algebra/inequalities-absolute-value/compound-inequalities/,tool-or-visual,NO_CANDIDATE,,,,,,,,No candidate was produced for this lesson and role.
textbook-lesson.math.algebra.a3-1,/subjects/math/algebra/inequalities-absolute-value/inequalities-and-truth-sets/,practice,NO_CANDIDATE,,,,,,,,No candidate was produced for this lesson and role.
textbook-lesson.math.algebra.a3-1,/subjects/math/algebra/inequalities-absolute-value/inequalities-and-truth-sets/,quick-explanation,NO_CANDIDATE,,,,,,,,No candidate was produced for this lesson and role.
textbook-lesson.math.algebra.a3-1,/subjects/math/algebra/inequalities-absolute-value/inequalities-and-truth-sets/,worked-example,NO_CANDIDATE,,,,,,,,No candidate was produced for this lesson and role.
textbook-lesson.math.algebra.a3-1,/subjects/math/algebra/inequalities-absolute-value/inequalities-and-truth-sets/,reference,NO_CANDIDATE,,,,,,,,No candidate was produced for this lesson and role.
textbook-lesson.math.algebra.a3-1,/subjects/math/algebra/inequalities-absolute-value/inequalities-and-truth-sets/,tool-or-visual,NO_CANDIDATE,,,,,,,,No candidate was produced for this lesson and role.
textbook-lesson.math.algebra.a3-4,/subjects/math/algebra/inequalities-absolute-value/interval-notation-and-endpoint-meaning/,practice,NO_CANDIDATE,,,,,,,,No candidate was produced for this lesson and role.
textbook-lesson.math.algebra.a3-4,/subjects/math/algebra/inequalities-absolute-value/interval-notation-and-endpoint-meaning/,quick-explanation,NO_CANDIDATE,,,,,,,,No candidate was produced for this lesson and role.
textbook-lesson.math.algebra.a3-4,/subjects/math/algebra/inequalities-absolute-value/interval-notation-and-endpoint-meaning/,worked-example,NO_CANDIDATE,,,,,,,,No candidate was produced for this lesson and role.
textbook-lesson.math.algebra.a3-4,/subjects/math/algebra/inequalities-absolute-value/interval-notation-and-endpoint-meaning/,reference,NO_CANDIDATE,,,,,,,,No candidate was produced for this lesson and role.
textbook-lesson.math.algebra.a3-4,/subjects/math/algebra/inequalities-absolute-value/interval-notation-and-endpoint-meaning/,tool-or-visual,NO_CANDIDATE,,,,,,,,No candidate was produced for this lesson and role.
textbook-lesson.math.algebra.a3-8,/subjects/math/algebra/inequalities-absolute-value/literal-equations-and-formulas/,practice,NO_CANDIDATE,,,,,,,,No candidate was produced for this lesson and role.
textbook-lesson.math.algebra.a3-8,/subjects/math/algebra/inequalities-absolute-value/literal-equations-and-formulas/,quick-explanation,NO_CANDIDATE,,,,,,,,No candidate was produced for this lesson and role.
textbook-lesson.math.algebra.a3-8,/subjects/math/algebra/inequalities-absolute-value/literal-equations-and-formulas/,worked-example,NO_CANDIDATE,,,,,,,,No candidate was produced for this lesson and role.
textbook-lesson.math.algebra.a3-8,/subjects/math/algebra/inequalities-absolute-value/literal-equations-and-formulas/,reference,NO_CANDIDATE,,,,,,,,No candidate was produced for this lesson and role.
textbook-lesson.math.algebra.a3-8,/subjects/math/algebra/inequalities-absolute-value/literal-equations-and-formulas/,tool-or-visual,NO_CANDIDATE,,,,,,,,No candidate was produced for this lesson and role.
textbook-lesson.math.algebra.a3-2,/subjects/math/algebra/inequalities-absolute-value/solving-linear-inequalities/,practice,NO_CANDIDATE,,,,,,,,No candidate was produced for this lesson and role.
textbook-lesson.math.algebra.a3-2,/subjects/math/algebra/inequalities-absolute-value/solving-linear-inequalities/,quick-explanation,NO_CANDIDATE,,,,,,,,No candidate was produced for this lesson and role.
textbook-lesson.math.algebra.a3-2,/subjects/math/algebra/inequalities-absolute-value/solving-linear-inequalities/,worked-example,NO_CANDIDATE,,,,,,,,No candidate was produced for this lesson and role.
textbook-lesson.math.algebra.a3-2,/subjects/math/algebra/inequalities-absolute-value/solving-linear-inequalities/,reference,NO_CANDIDATE,,,,,,,,No candidate was produced for this lesson and role.
textbook-lesson.math.algebra.a3-2,/subjects/math/algebra/inequalities-absolute-value/solving-linear-inequalities/,tool-or-visual,NO_CANDIDATE,,,,,,,,No candidate was produced for this lesson and role.
textbook-lesson.math.algebra.a3-3,/subjects/math/algebra/inequalities-absolute-value/why-negative-scaling-reverses-order/,practice,NO_CANDIDATE,,,,,,,,No candidate was produced for this lesson and role.
textbook-lesson.math.algebra.a3-3,/subjects/math/algebra/inequalities-absolute-value/why-negative-scaling-reverses-order/,quick-explanation,NO_CANDIDATE,,,,,,,,No candidate was produced for this lesson and role.
textbook-lesson.math.algebra.a3-3,/subjects/math/algebra/inequalities-absolute-value/why-negative-scaling-reverses-order/,worked-example,NO_CANDIDATE,,,,,,,,No candidate was produced for this lesson and role.
textbook-lesson.math.algebra.a3-3,/subjects/math/algebra/inequalities-absolute-value/why-negative-scaling-reverses-order/,reference,NO_CANDIDATE,,,,,,,,No candidate was produced for this lesson and role.
textbook-lesson.math.algebra.a3-3,/subjects/math/algebra/inequalities-absolute-value/why-negative-scaling-reverses-order/,tool-or-visual,NO_CANDIDATE,,,,,,,,No candidate was produced for this lesson and role.
textbook-lesson.math.algebra.a2-2,/subjects/math/algebra/linear-equations/addition-and-subtraction-equations/,practice,NO_CANDIDATE,,,,,,,,No candidate was produced for this lesson and role.
textbook-lesson.math.algebra.a2-2,/subjects/math/algebra/linear-equations/addition-and-subtraction-equations/,quick-explanation,NO_CANDIDATE,,,,,,,,No candidate was produced for this lesson and role.
textbook-lesson.math.algebra.a2-2,/subjects/math/algebra/linear-equations/addition-and-subtraction-equations/,worked-example,NO_CANDIDATE,,,,,,,,No candidate was produced for this lesson and role.
textbook-lesson.math.algebra.a2-2,/subjects/math/algebra/linear-equations/addition-and-subtraction-equations/,reference,NO_CANDIDATE,,,,,,,,No candidate was produced for this lesson and role.
textbook-lesson.math.algebra.a2-2,/subjects/math/algebra/linear-equations/addition-and-subtraction-equations/,tool-or-visual,NO_CANDIDATE,,,,,,,,No candidate was produced for this lesson and role.
textbook-lesson.math.algebra.a2-6,/subjects/math/algebra/linear-equations/equations-with-fractions-and-decimals/,practice,NO_CANDIDATE,,,,,,,,No candidate was produced for this lesson and role.
textbook-lesson.math.algebra.a2-6,/subjects/math/algebra/linear-equations/equations-with-fractions-and-decimals/,quick-explanation,NO_CANDIDATE,,,,,,,,No candidate was produced for this lesson and role.
textbook-lesson.math.algebra.a2-6,/subjects/math/algebra/linear-equations/equations-with-fractions-and-decimals/,worked-example,NO_CANDIDATE,,,,,,,,No candidate was produced for this lesson and role.
textbook-lesson.math.algebra.a2-6,/subjects/math/algebra/linear-equations/equations-with-fractions-and-decimals/,reference,NO_CANDIDATE,,,,,,,,No candidate was produced for this lesson and role.
textbook-lesson.math.algebra.a2-6,/subjects/math/algebra/linear-equations/equations-with-fractions-and-decimals/,tool-or-visual,NO_CANDIDATE,,,,,,,,No candidate was produced for this lesson and role.
textbook-lesson.math.algebra.a2-10,/subjects/math/algebra/linear-equations/linear-equation-strategy-studio/,practice,NO_CANDIDATE,,,,,,,,No candidate was produced for this lesson and role.
textbook-lesson.math.algebra.a2-10,/subjects/math/algebra/linear-equations/linear-equation-strategy-studio/,quick-explanation,NO_CANDIDATE,,,,,,,,No candidate was produced for this lesson and role.
textbook-lesson.math.algebra.a2-10,/subjects/math/algebra/linear-equations/linear-equation-strategy-studio/,worked-example,NO_CANDIDATE,,,,,,,,No candidate was produced for this lesson and role.
textbook-lesson.math.algebra.a2-10,/subjects/math/algebra/linear-equations/linear-equation-strategy-studio/,reference,NO_CANDIDATE,,,,,,,,No candidate was produced for this lesson and role.
textbook-lesson.math.algebra.a2-10,/subjects/math/algebra/linear-equations/linear-equation-strategy-studio/,tool-or-visual,NO_CANDIDATE,,,,,,,,No candidate was produced for this lesson and role.
textbook-lesson.math.algebra.a2-3,/subjects/math/algebra/linear-equations/multiplication-and-division-equations/,practice,NO_CANDIDATE,,,,,,,,No candidate was produced for this lesson and role.
textbook-lesson.math.algebra.a2-3,/subjects/math/algebra/linear-equations/multiplication-and-division-equations/,quick-explanation,NO_CANDIDATE,,,,,,,,No candidate was produced for this lesson and role.
textbook-lesson.math.algebra.a2-3,/subjects/math/algebra/linear-equations/multiplication-and-division-equations/,worked-example,NO_CANDIDATE,,,,,,,,No candidate was produced for this lesson and role.
textbook-lesson.math.algebra.a2-3,/subjects/math/algebra/linear-equations/multiplication-and-division-equations/,reference,NO_CANDIDATE,,,,,,,,No candidate was produced for this lesson and role.
textbook-lesson.math.algebra.a2-3,/subjects/math/algebra/linear-equations/multiplication-and-division-equations/,tool-or-visual,NO_CANDIDATE,,,,,,,,No candidate was produced for this lesson and role.
textbook-lesson.math.algebra.a2-5,/subjects/math/algebra/linear-equations/multistep-linear-equations/,practice,NO_CANDIDATE,,,,,,,,No candidate was produced for this lesson and role.
textbook-lesson.math.algebra.a2-5,/subjects/math/algebra/linear-equations/multistep-linear-equations/,quick-explanation,NO_CANDIDATE,,,,,,,,No candidate was produced for this lesson and role.
textbook-lesson.math.algebra.a2-5,/subjects/math/algebra/linear-equations/multistep-linear-equations/,worked-example,NO_CANDIDATE,,,,,,,,No candidate was produced for this lesson and role.
textbook-lesson.math.algebra.a2-5,/subjects/math/algebra/linear-equations/multistep-linear-equations/,reference,NO_CANDIDATE,,,,,,,,No candidate was produced for this lesson and role.
textbook-lesson.math.algebra.a2-5,/subjects/math/algebra/linear-equations/multistep-linear-equations/,tool-or-visual,NO_CANDIDATE,,,,,,,,No candidate was produced for this lesson and role.
textbook-lesson.math.algebra.a2-8,/subjects/math/algebra/linear-equations/one-solution-no-solution-or-infinitely-many/,practice,NO_CANDIDATE,,,,,,,,No candidate was produced for this lesson and role.
textbook-lesson.math.algebra.a2-8,/subjects/math/algebra/linear-equations/one-solution-no-solution-or-infinitely-many/,quick-explanation,NO_CANDIDATE,,,,,,,,No candidate was produced for this lesson and role.
textbook-lesson.math.algebra.a2-8,/subjects/math/algebra/linear-equations/one-solution-no-solution-or-infinitely-many/,worked-example,NO_CANDIDATE,,,,,,,,No candidate was produced for this lesson and role.
textbook-lesson.math.algebra.a2-8,/subjects/math/algebra/linear-equations/one-solution-no-solution-or-infinitely-many/,reference,NO_CANDIDATE,,,,,,,,No candidate was produced for this lesson and role.
textbook-lesson.math.algebra.a2-8,/subjects/math/algebra/linear-equations/one-solution-no-solution-or-infinitely-many/,tool-or-visual,NO_CANDIDATE,,,,,,,,No candidate was produced for this lesson and role.
textbook-lesson.math.algebra.a2-4,/subjects/math/algebra/linear-equations/simplifying-before-solving/,practice,NO_CANDIDATE,,,,,,,,No candidate was produced for this lesson and role.
textbook-lesson.math.algebra.a2-4,/subjects/math/algebra/linear-equations/simplifying-before-solving/,quick-explanation,NO_CANDIDATE,,,,,,,,No candidate was produced for this lesson and role.
textbook-lesson.math.algebra.a2-4,/subjects/math/algebra/linear-equations/simplifying-before-solving/,worked-example,NO_CANDIDATE,,,,,,,,No candidate was produced for this lesson and role.
textbook-lesson.math.algebra.a2-4,/subjects/math/algebra/linear-equations/simplifying-before-solving/,reference,NO_CANDIDATE,,,,,,,,No candidate was produced for this lesson and role.
textbook-lesson.math.algebra.a2-4,/subjects/math/algebra/linear-equations/simplifying-before-solving/,tool-or-visual,NO_CANDIDATE,,,,,,,,No candidate was produced for this lesson and role.
textbook-lesson.math.algebra.a2-1,/subjects/math/algebra/linear-equations/solutions-solution-sets-and-checking/,practice,NO_CANDIDATE,,,,,,,,No candidate was produced for this lesson and role.
textbook-lesson.math.algebra.a2-1,/subjects/math/algebra/linear-equations/solutions-solution-sets-and-checking/,quick-explanation,NO_CANDIDATE,,,,,,,,No candidate was produced for this lesson and role.
textbook-lesson.math.algebra.a2-1,/subjects/math/algebra/linear-equations/solutions-solution-sets-and-checking/,worked-example,NO_CANDIDATE,,,,,,,,No candidate was produced for this lesson and role.
textbook-lesson.math.algebra.a2-1,/subjects/math/algebra/linear-equations/solutions-solution-sets-and-checking/,reference,NO_CANDIDATE,,,,,,,,No candidate was produced for this lesson and role.
textbook-lesson.math.algebra.a2-1,/subjects/math/algebra/linear-equations/solutions-solution-sets-and-checking/,tool-or-visual,NO_CANDIDATE,,,,,,,,No candidate was produced for this lesson and role.
textbook-lesson.math.algebra.a2-9,/subjects/math/algebra/linear-equations/translating-one-variable-models/,practice,NO_CANDIDATE,,,,,,,,No candidate was produced for this lesson and role.
textbook-lesson.math.algebra.a2-9,/subjects/math/algebra/linear-equations/translating-one-variable-models/,quick-explanation,NO_CANDIDATE,,,,,,,,No candidate was produced for this lesson and role.
textbook-lesson.math.algebra.a2-9,/subjects/math/algebra/linear-equations/translating-one-variable-models/,worked-example,NO_CANDIDATE,,,,,,,,No candidate was produced for this lesson and role.
textbook-lesson.math.algebra.a2-9,/subjects/math/algebra/linear-equations/translating-one-variable-models/,reference,NO_CANDIDATE,,,,,,,,No candidate was produced for this lesson and role.
textbook-lesson.math.algebra.a2-9,/subjects/math/algebra/linear-equations/translating-one-variable-models/,tool-or-visual,NO_CANDIDATE,,,,,,,,No candidate was produced for this lesson and role.
textbook-lesson.math.algebra.a2-7,/subjects/math/algebra/linear-equations/variables-on-both-sides/,practice,NO_CANDIDATE,,,,,,,,No candidate was produced for this lesson and role.
textbook-lesson.math.algebra.a2-7,/subjects/math/algebra/linear-equations/variables-on-both-sides/,quick-explanation,NO_CANDIDATE,,,,,,,,No candidate was produced for this lesson and role.
textbook-lesson.math.algebra.a2-7,/subjects/math/algebra/linear-equations/variables-on-both-sides/,worked-example,NO_CANDIDATE,,,,,,,,No candidate was produced for this lesson and role.
textbook-lesson.math.algebra.a2-7,/subjects/math/algebra/linear-equations/variables-on-both-sides/,reference,NO_CANDIDATE,,,,,,,,No candidate was produced for this lesson and role.
textbook-lesson.math.algebra.a2-7,/subjects/math/algebra/linear-equations/variables-on-both-sides/,tool-or-visual,NO_CANDIDATE,,,,,,,,No candidate was produced for this lesson and role.
textbook-lesson.math.algebra.a4-5,/subjects/math/algebra/linear-relationships/coordinate-plane-and-equation-solutions/,practice,NO_CANDIDATE,,,,,,,,No candidate was produced for this lesson and role.
textbook-lesson.math.algebra.a4-5,/subjects/math/algebra/linear-relationships/coordinate-plane-and-equation-solutions/,quick-explanation,NO_CANDIDATE,,,,,,,,No candidate was produced for this lesson and role.
textbook-lesson.math.algebra.a4-5,/subjects/math/algebra/linear-relationships/coordinate-plane-and-equation-solutions/,worked-example,NO_CANDIDATE,,,,,,,,No candidate was produced for this lesson and role.
textbook-lesson.math.algebra.a4-5,/subjects/math/algebra/linear-relationships/coordinate-plane-and-equation-solutions/,reference,NO_CANDIDATE,,,,,,,,No candidate was produced for this lesson and role.
textbook-lesson.math.algebra.a4-5,/subjects/math/algebra/linear-relationships/coordinate-plane-and-equation-solutions/,tool-or-visual,NO_CANDIDATE,,,,,,,,No candidate was produced for this lesson and role.
textbook-lesson.math.algebra.a4-9,/subjects/math/algebra/linear-relationships/equations-of-lines/,practice,NO_CANDIDATE,,,,,,,,No candidate was produced for this lesson and role.
textbook-lesson.math.algebra.a4-9,/subjects/math/algebra/linear-relationships/equations-of-lines/,quick-explanation,NO_CANDIDATE,,,,,,,,No candidate was produced for this lesson and role.
textbook-lesson.math.algebra.a4-9,/subjects/math/algebra/linear-relationships/equations-of-lines/,worked-example,NO_CANDIDATE,,,,,,,,No candidate was produced for this lesson and role.
textbook-lesson.math.algebra.a4-9,/subjects/math/algebra/linear-relationships/equations-of-lines/,reference,NO_CANDIDATE,,,,,,,,No candidate was produced for this lesson and role.
textbook-lesson.math.algebra.a4-9,/subjects/math/algebra/linear-relationships/equations-of-lines/,tool-or-visual,NO_CANDIDATE,,,,,,,,No candidate was produced for this lesson and role.
textbook-lesson.math.algebra.a4-6,/subjects/math/algebra/linear-relationships/intercepts/,practice,NO_CANDIDATE,,,,,,,,No candidate was produced for this lesson and role.
textbook-lesson.math.algebra.a4-6,/subjects/math/algebra/linear-relationships/intercepts/,quick-explanation,NO_CANDIDATE,,,,,,,,No candidate was produced for this lesson and role.
textbook-lesson.math.algebra.a4-6,/subjects/math/algebra/linear-relationships/intercepts/,worked-example,NO_CANDIDATE,,,,,,,,No candidate was produced for this lesson and role.
textbook-lesson.math.algebra.a4-6,/subjects/math/algebra/linear-relationships/intercepts/,reference,NO_CANDIDATE,,,,,,,,No candidate was produced for this lesson and role.
textbook-lesson.math.algebra.a4-6,/subjects/math/algebra/linear-relationships/intercepts/,tool-or-visual,NO_CANDIDATE,,,,,,,,No candidate was produced for this lesson and role.
textbook-lesson.math.algebra.a4-11,/subjects/math/algebra/linear-relationships/linear-models-fit-and-residuals/,practice,NO_CANDIDATE,,,,,,,,No candidate was produced for this lesson and role.
textbook-lesson.math.algebra.a4-11,/subjects/math/algebra/linear-relationships/linear-models-fit-and-residuals/,quick-explanation,NO_CANDIDATE,,,,,,,,No candidate was produced for this lesson and role.
textbook-lesson.math.algebra.a4-11,/subjects/math/algebra/linear-relationships/linear-models-fit-and-residuals/,worked-example,NO_CANDIDATE,,,,,,,,No candidate was produced for this lesson and role.
textbook-lesson.math.algebra.a4-11,/subjects/math/algebra/linear-relationships/linear-models-fit-and-residuals/,reference,NO_CANDIDATE,,,,,,,,No candidate was produced for this lesson and role.
textbook-lesson.math.algebra.a4-11,/subjects/math/algebra/linear-relationships/linear-models-fit-and-residuals/,tool-or-visual,NO_CANDIDATE,,,,,,,,No candidate was produced for this lesson and role.
textbook-lesson.math.algebra.a4-10,/subjects/math/algebra/linear-relationships/parallel-and-perpendicular-lines/,practice,NO_CANDIDATE,,,,,,,,No candidate was produced for this lesson and role.
textbook-lesson.math.algebra.a4-10,/subjects/math/algebra/linear-relationships/parallel-and-perpendicular-lines/,quick-explanation,NO_CANDIDATE,,,,,,,,No candidate was produced for this lesson and role.
textbook-lesson.math.algebra.a4-10,/subjects/math/algebra/linear-relationships/parallel-and-perpendicular-lines/,worked-example,NO_CANDIDATE,,,,,,,,No candidate was produced for this lesson and role.
textbook-lesson.math.algebra.a4-10,/subjects/math/algebra/linear-relationships/parallel-and-perpendicular-lines/,reference,NO_CANDIDATE,,,,,,,,No candidate was produced for this lesson and role.
textbook-lesson.math.algebra.a4-10,/subjects/math/algebra/linear-relationships/parallel-and-perpendicular-lines/,tool-or-visual,NO_CANDIDATE,,,,,,,,No candidate was produced for this lesson and role.
textbook-lesson.math.algebra.a4-4,/subjects/math/algebra/linear-relationships/percent-as-a-multiplier/,practice,NO_CANDIDATE,,,,,,,,No candidate was produced for this lesson and role.
textbook-lesson.math.algebra.a4-4,/subjects/math/algebra/linear-relationships/percent-as-a-multiplier/,quick-explanation,NO_CANDIDATE,,,,,,,,No candidate was produced for this lesson and role.
textbook-lesson.math.algebra.a4-4,/subjects/math/algebra/linear-relationships/percent-as-a-multiplier/,worked-example,NO_CANDIDATE,,,,,,,,No candidate was produced for this lesson and role.
textbook-lesson.math.algebra.a4-4,/subjects/math/algebra/linear-relationships/percent-as-a-multiplier/,reference,NO_CANDIDATE,,,,,,,,No candidate was produced for this lesson and role.
textbook-lesson.math.algebra.a4-4,/subjects/math/algebra/linear-relationships/percent-as-a-multiplier/,tool-or-visual,NO_CANDIDATE,,,,,,,,No candidate was produced for this lesson and role.
textbook-lesson.math.algebra.a4-3,/subjects/math/algebra/linear-relationships/proportional-relationships/,practice,NO_CANDIDATE,,,,,,,,No candidate was produced for this lesson and role.
textbook-lesson.math.algebra.a4-3,/subjects/math/algebra/linear-relationships/proportional-relationships/,quick-explanation,NO_CANDIDATE,,,,,,,,No candidate was produced for this lesson and role.
textbook-lesson.math.algebra.a4-3,/subjects/math/algebra/linear-relationships/proportional-relationships/,worked-example,NO_CANDIDATE,,,,,,,,No candidate was produced for this lesson and role.
textbook-lesson.math.algebra.a4-3,/subjects/math/algebra/linear-relationships/proportional-relationships/,reference,NO_CANDIDATE,,,,,,,,No candidate was produced for this lesson and role.
textbook-lesson.math.algebra.a4-3,/subjects/math/algebra/linear-relationships/proportional-relationships/,tool-or-visual,NO_CANDIDATE,,,,,,,,No candidate was produced for this lesson and role.
textbook-lesson.math.algebra.a4-1,/subjects/math/algebra/linear-relationships/ratios-and-equivalent-ratios/,practice,NO_CANDIDATE,,,,,,,,No candidate was produced for this lesson and role.
textbook-lesson.math.algebra.a4-1,/subjects/math/algebra/linear-relationships/ratios-and-equivalent-ratios/,quick-explanation,NO_CANDIDATE,,,,,,,,No candidate was produced for this lesson and role.
textbook-lesson.math.algebra.a4-1,/subjects/math/algebra/linear-relationships/ratios-and-equivalent-ratios/,worked-example,NO_CANDIDATE,,,,,,,,No candidate was produced for this lesson and role.
textbook-lesson.math.algebra.a4-1,/subjects/math/algebra/linear-relationships/ratios-and-equivalent-ratios/,reference,NO_CANDIDATE,,,,,,,,No candidate was produced for this lesson and role.
textbook-lesson.math.algebra.a4-1,/subjects/math/algebra/linear-relationships/ratios-and-equivalent-ratios/,tool-or-visual,NO_CANDIDATE,,,,,,,,No candidate was produced for this lesson and role.
textbook-lesson.math.algebra.a4-7,/subjects/math/algebra/linear-relationships/slope-from-graphs-and-tables/,practice,NO_CANDIDATE,,,,,,,,No candidate was produced for this lesson and role.
textbook-lesson.math.algebra.a4-7,/subjects/math/algebra/linear-relationships/slope-from-graphs-and-tables/,quick-explanation,NO_CANDIDATE,,,,,,,,No candidate was produced for this lesson and role.
textbook-lesson.math.algebra.a4-7,/subjects/math/algebra/linear-relationships/slope-from-graphs-and-tables/,worked-example,NO_CANDIDATE,,,,,,,,No candidate was produced for this lesson and role.
textbook-lesson.math.algebra.a4-7,/subjects/math/algebra/linear-relationships/slope-from-graphs-and-tables/,reference,NO_CANDIDATE,,,,,,,,No candidate was produced for this lesson and role.
textbook-lesson.math.algebra.a4-7,/subjects/math/algebra/linear-relationships/slope-from-graphs-and-tables/,tool-or-visual,NO_CANDIDATE,,,,,,,,No candidate was produced for this lesson and role.
textbook-lesson.math.algebra.a4-8,/subjects/math/algebra/linear-relationships/slope-from-two-points/,practice,NO_CANDIDATE,,,,,,,,No candidate was produced for this lesson and role.
textbook-lesson.math.algebra.a4-8,/subjects/math/algebra/linear-relationships/slope-from-two-points/,quick-explanation,NO_CANDIDATE,,,,,,,,No candidate was produced for this lesson and role.
textbook-lesson.math.algebra.a4-8,/subjects/math/algebra/linear-relationships/slope-from-two-points/,worked-example,NO_CANDIDATE,,,,,,,,No candidate was produced for this lesson and role.
textbook-lesson.math.algebra.a4-8,/subjects/math/algebra/linear-relationships/slope-from-two-points/,reference,NO_CANDIDATE,,,,,,,,No candidate was produced for this lesson and role.
textbook-lesson.math.algebra.a4-8,/subjects/math/algebra/linear-relationships/slope-from-two-points/,tool-or-visual,NO_CANDIDATE,,,,,,,,No candidate was produced for this lesson and role.
textbook-lesson.math.algebra.a4-2,/subjects/math/algebra/linear-relationships/unit-rates/,practice,NO_CANDIDATE,,,,,,,,No candidate was produced for this lesson and role.
textbook-lesson.math.algebra.a4-2,/subjects/math/algebra/linear-relationships/unit-rates/,quick-explanation,NO_CANDIDATE,,,,,,,,No candidate was produced for this lesson and role.
textbook-lesson.math.algebra.a4-2,/subjects/math/algebra/linear-relationships/unit-rates/,worked-example,NO_CANDIDATE,,,,,,,,No candidate was produced for this lesson and role.
textbook-lesson.math.algebra.a4-2,/subjects/math/algebra/linear-relationships/unit-rates/,reference,NO_CANDIDATE,,,,,,,,No candidate was produced for this lesson and role.
textbook-lesson.math.algebra.a4-2,/subjects/math/algebra/linear-relationships/unit-rates/,tool-or-visual,NO_CANDIDATE,,,,,,,,No candidate was produced for this lesson and role.
textbook-lesson.math.algebra.a7-2,/subjects/math/algebra/polynomial-operations/adding-and-subtracting-polynomials/,practice,NO_CANDIDATE,,,,,,,,No candidate was produced for this lesson and role.
textbook-lesson.math.algebra.a7-2,/subjects/math/algebra/polynomial-operations/adding-and-subtracting-polynomials/,quick-explanation,NO_CANDIDATE,,,,,,,,No candidate was produced for this lesson and role.
textbook-lesson.math.algebra.a7-2,/subjects/math/algebra/polynomial-operations/adding-and-subtracting-polynomials/,worked-example,NO_CANDIDATE,,,,,,,,No candidate was produced for this lesson and role.
textbook-lesson.math.algebra.a7-2,/subjects/math/algebra/polynomial-operations/adding-and-subtracting-polynomials/,reference,NO_CANDIDATE,,,,,,,,No candidate was produced for this lesson and role.
textbook-lesson.math.algebra.a7-2,/subjects/math/algebra/polynomial-operations/adding-and-subtracting-polynomials/,tool-or-visual,NO_CANDIDATE,,,,,,,,No candidate was produced for this lesson and role.
textbook-lesson.math.algebra.a7-7,/subjects/math/algebra/polynomial-operations/division-by-a-monomial/,practice,NO_CANDIDATE,,,,,,,,No candidate was produced for this lesson and role.
textbook-lesson.math.algebra.a7-7,/subjects/math/algebra/polynomial-operations/division-by-a-monomial/,quick-explanation,NO_CANDIDATE,,,,,,,,No candidate was produced for this lesson and role.
textbook-lesson.math.algebra.a7-7,/subjects/math/algebra/polynomial-operations/division-by-a-monomial/,worked-example,NO_CANDIDATE,,,,,,,,No candidate was produced for this lesson and role.
textbook-lesson.math.algebra.a7-7,/subjects/math/algebra/polynomial-operations/division-by-a-monomial/,reference,NO_CANDIDATE,,,,,,,,No candidate was produced for this lesson and role.
textbook-lesson.math.algebra.a7-7,/subjects/math/algebra/polynomial-operations/division-by-a-monomial/,tool-or-visual,NO_CANDIDATE,,,,,,,,No candidate was produced for this lesson and role.
textbook-lesson.math.algebra.a7-4,/subjects/math/algebra/polynomial-operations/monomial-times-polynomial/,practice,NO_CANDIDATE,,,,,,,,No candidate was produced for this lesson and role.
textbook-lesson.math.algebra.a7-4,/subjects/math/algebra/polynomial-operations/monomial-times-polynomial/,quick-explanation,NO_CANDIDATE,,,,,,,,No candidate was produced for this lesson and role.
textbook-lesson.math.algebra.a7-4,/subjects/math/algebra/polynomial-operations/monomial-times-polynomial/,worked-example,NO_CANDIDATE,,,,,,,,No candidate was produced for this lesson and role.
textbook-lesson.math.algebra.a7-4,/subjects/math/algebra/polynomial-operations/monomial-times-polynomial/,reference,NO_CANDIDATE,,,,,,,,No candidate was produced for this lesson and role.
textbook-lesson.math.algebra.a7-4,/subjects/math/algebra/polynomial-operations/monomial-times-polynomial/,tool-or-visual,NO_CANDIDATE,,,,,,,,No candidate was produced for this lesson and role.
textbook-lesson.math.algebra.a7-3,/subjects/math/algebra/polynomial-operations/multiplying-monomials/,practice,NO_CANDIDATE,,,,,,,,No candidate was produced for this lesson and role.
textbook-lesson.math.algebra.a7-3,/subjects/math/algebra/polynomial-operations/multiplying-monomials/,quick-explanation,NO_CANDIDATE,,,,,,,,No candidate was produced for this lesson and role.
textbook-lesson.math.algebra.a7-3,/subjects/math/algebra/polynomial-operations/multiplying-monomials/,worked-example,NO_CANDIDATE,,,,,,,,No candidate was produced for this lesson and role.
textbook-lesson.math.algebra.a7-3,/subjects/math/algebra/polynomial-operations/multiplying-monomials/,reference,NO_CANDIDATE,,,,,,,,No candidate was produced for this lesson and role.
textbook-lesson.math.algebra.a7-3,/subjects/math/algebra/polynomial-operations/multiplying-monomials/,tool-or-visual,NO_CANDIDATE,,,,,,,,No candidate was produced for this lesson and role.
textbook-lesson.math.algebra.a7-8,/subjects/math/algebra/polynomial-operations/polynomial-long-division/,practice,NO_CANDIDATE,,,,,,,,No candidate was produced for this lesson and role.
textbook-lesson.math.algebra.a7-8,/subjects/math/algebra/polynomial-operations/polynomial-long-division/,quick-explanation,NO_CANDIDATE,,,,,,,,No candidate was produced for this lesson and role.
textbook-lesson.math.algebra.a7-8,/subjects/math/algebra/polynomial-operations/polynomial-long-division/,worked-example,NO_CANDIDATE,,,,,,,,No candidate was produced for this lesson and role.
textbook-lesson.math.algebra.a7-8,/subjects/math/algebra/polynomial-operations/polynomial-long-division/,reference,NO_CANDIDATE,,,,,,,,No candidate was produced for this lesson and role.
textbook-lesson.math.algebra.a7-8,/subjects/math/algebra/polynomial-operations/polynomial-long-division/,tool-or-visual,NO_CANDIDATE,,,,,,,,No candidate was produced for this lesson and role.
textbook-lesson.math.algebra.a7-9,/subjects/math/algebra/polynomial-operations/polynomial-structure-clinic/,practice,NO_CANDIDATE,,,,,,,,No candidate was produced for this lesson and role.
textbook-lesson.math.algebra.a7-9,/subjects/math/algebra/polynomial-operations/polynomial-structure-clinic/,quick-explanation,NO_CANDIDATE,,,,,,,,No candidate was produced for this lesson and role.
textbook-lesson.math.algebra.a7-9,/subjects/math/algebra/polynomial-operations/polynomial-structure-clinic/,worked-example,NO_CANDIDATE,,,,,,,,No candidate was produced for this lesson and role.
textbook-lesson.math.algebra.a7-9,/subjects/math/algebra/polynomial-operations/polynomial-structure-clinic/,reference,NO_CANDIDATE,,,,,,,,No candidate was produced for this lesson and role.
textbook-lesson.math.algebra.a7-9,/subjects/math/algebra/polynomial-operations/polynomial-structure-clinic/,tool-or-visual,NO_CANDIDATE,,,,,,,,No candidate was produced for this lesson and role.
textbook-lesson.math.algebra.a7-5,/subjects/math/algebra/polynomial-operations/polynomial-times-polynomial/,practice,NO_CANDIDATE,,,,,,,,No candidate was produced for this lesson and role.
textbook-lesson.math.algebra.a7-5,/subjects/math/algebra/polynomial-operations/polynomial-times-polynomial/,quick-explanation,NO_CANDIDATE,,,,,,,,No candidate was produced for this lesson and role.
textbook-lesson.math.algebra.a7-5,/subjects/math/algebra/polynomial-operations/polynomial-times-polynomial/,worked-example,NO_CANDIDATE,,,,,,,,No candidate was produced for this lesson and role.
textbook-lesson.math.algebra.a7-5,/subjects/math/algebra/polynomial-operations/polynomial-times-polynomial/,reference,NO_CANDIDATE,,,,,,,,No candidate was produced for this lesson and role.
textbook-lesson.math.algebra.a7-5,/subjects/math/algebra/polynomial-operations/polynomial-times-polynomial/,tool-or-visual,NO_CANDIDATE,,,,,,,,No candidate was produced for this lesson and role.
textbook-lesson.math.algebra.a7-1,/subjects/math/algebra/polynomial-operations/polynomial-vocabulary-and-evaluation/,practice,NO_CANDIDATE,,,,,,,,No candidate was produced for this lesson and role.
textbook-lesson.math.algebra.a7-1,/subjects/math/algebra/polynomial-operations/polynomial-vocabulary-and-evaluation/,quick-explanation,NO_CANDIDATE,,,,,,,,No candidate was produced for this lesson and role.
textbook-lesson.math.algebra.a7-1,/subjects/math/algebra/polynomial-operations/polynomial-vocabulary-and-evaluation/,worked-example,NO_CANDIDATE,,,,,,,,No candidate was produced for this lesson and role.
textbook-lesson.math.algebra.a7-1,/subjects/math/algebra/polynomial-operations/polynomial-vocabulary-and-evaluation/,reference,NO_CANDIDATE,,,,,,,,No candidate was produced for this lesson and role.
textbook-lesson.math.algebra.a7-1,/subjects/math/algebra/polynomial-operations/polynomial-vocabulary-and-evaluation/,tool-or-visual,NO_CANDIDATE,,,,,,,,No candidate was produced for this lesson and role.
textbook-lesson.math.algebra.a7-6,/subjects/math/algebra/polynomial-operations/special-products/,practice,NO_CANDIDATE,,,,,,,,No candidate was produced for this lesson and role.
textbook-lesson.math.algebra.a7-6,/subjects/math/algebra/polynomial-operations/special-products/,quick-explanation,NO_CANDIDATE,,,,,,,,No candidate was produced for this lesson and role.
textbook-lesson.math.algebra.a7-6,/subjects/math/algebra/polynomial-operations/special-products/,worked-example,NO_CANDIDATE,,,,,,,,No candidate was produced for this lesson and role.
textbook-lesson.math.algebra.a7-6,/subjects/math/algebra/polynomial-operations/special-products/,reference,NO_CANDIDATE,,,,,,,,No candidate was produced for this lesson and role.
textbook-lesson.math.algebra.a7-6,/subjects/math/algebra/polynomial-operations/special-products/,tool-or-visual,NO_CANDIDATE,,,,,,,,No candidate was produced for this lesson and role.
textbook-lesson.math.algebra.a14-3,/subjects/math/algebra/precalculus-readiness/choosing-a-solving-method/,practice,NO_CANDIDATE,,,,,,,,No candidate was produced for this lesson and role.
textbook-lesson.math.algebra.a14-3,/subjects/math/algebra/precalculus-readiness/choosing-a-solving-method/,quick-explanation,NO_CANDIDATE,,,,,,,,No candidate was produced for this lesson and role.
textbook-lesson.math.algebra.a14-3,/subjects/math/algebra/precalculus-readiness/choosing-a-solving-method/,worked-example,NO_CANDIDATE,,,,,,,,No candidate was produced for this lesson and role.
textbook-lesson.math.algebra.a14-3,/subjects/math/algebra/precalculus-readiness/choosing-a-solving-method/,reference,NO_CANDIDATE,,,,,,,,No candidate was produced for this lesson and role.
textbook-lesson.math.algebra.a14-3,/subjects/math/algebra/precalculus-readiness/choosing-a-solving-method/,tool-or-visual,NO_CANDIDATE,,,,,,,,No candidate was produced for this lesson and role.
textbook-lesson.math.algebra.a14-2,/subjects/math/algebra/precalculus-readiness/classifying-equation-families/,practice,NO_CANDIDATE,,,,,,,,No candidate was produced for this lesson and role.
textbook-lesson.math.algebra.a14-2,/subjects/math/algebra/precalculus-readiness/classifying-equation-families/,quick-explanation,NO_CANDIDATE,,,,,,,,No candidate was produced for this lesson and role.
textbook-lesson.math.algebra.a14-2,/subjects/math/algebra/precalculus-readiness/classifying-equation-families/,worked-example,NO_CANDIDATE,,,,,,,,No candidate was produced for this lesson and role.
textbook-lesson.math.algebra.a14-2,/subjects/math/algebra/precalculus-readiness/classifying-equation-families/,reference,NO_CANDIDATE,,,,,,,,No candidate was produced for this lesson and role.
textbook-lesson.math.algebra.a14-2,/subjects/math/algebra/precalculus-readiness/classifying-equation-families/,tool-or-visual,NO_CANDIDATE,,,,,,,,No candidate was produced for this lesson and role.
textbook-lesson.math.algebra.a14-1,/subjects/math/algebra/precalculus-readiness/classifying-mathematical-objects/,practice,NO_CANDIDATE,,,,,,,,No candidate was produced for this lesson and role.
textbook-lesson.math.algebra.a14-1,/subjects/math/algebra/precalculus-readiness/classifying-mathematical-objects/,quick-explanation,NO_CANDIDATE,,,,,,,,No candidate was produced for this lesson and role.
textbook-lesson.math.algebra.a14-1,/subjects/math/algebra/precalculus-readiness/classifying-mathematical-objects/,worked-example,NO_CANDIDATE,,,,,,,,No candidate was produced for this lesson and role.
textbook-lesson.math.algebra.a14-1,/subjects/math/algebra/precalculus-readiness/classifying-mathematical-objects/,reference,NO_CANDIDATE,,,,,,,,No candidate was produced for this lesson and role.
textbook-lesson.math.algebra.a14-1,/subjects/math/algebra/precalculus-readiness/classifying-mathematical-objects/,tool-or-visual,NO_CANDIDATE,,,,,,,,No candidate was produced for this lesson and role.
textbook-lesson.math.algebra.a14-5,/subjects/math/algebra/precalculus-readiness/exact-versus-approximate-answers-and-technology/,practice,NO_CANDIDATE,,,,,,,,No candidate was produced for this lesson and role.
textbook-lesson.math.algebra.a14-5,/subjects/math/algebra/precalculus-readiness/exact-versus-approximate-answers-and-technology/,quick-explanation,NO_CANDIDATE,,,,,,,,No candidate was produced for this lesson and role.
textbook-lesson.math.algebra.a14-5,/subjects/math/algebra/precalculus-readiness/exact-versus-approximate-answers-and-technology/,worked-example,NO_CANDIDATE,,,,,,,,No candidate was produced for this lesson and role.
textbook-lesson.math.algebra.a14-5,/subjects/math/algebra/precalculus-readiness/exact-versus-approximate-answers-and-technology/,reference,NO_CANDIDATE,,,,,,,,No candidate was produced for this lesson and role.
textbook-lesson.math.algebra.a14-5,/subjects/math/algebra/precalculus-readiness/exact-versus-approximate-answers-and-technology/,tool-or-visual,NO_CANDIDATE,,,,,,,,No candidate was produced for this lesson and role.
textbook-lesson.math.algebra.a14-6,/subjects/math/algebra/precalculus-readiness/graphical-and-algebraic-cross-checking/,practice,NO_CANDIDATE,,,,,,,,No candidate was produced for this lesson and role.
textbook-lesson.math.algebra.a14-6,/subjects/math/algebra/precalculus-readiness/graphical-and-algebraic-cross-checking/,quick-explanation,NO_CANDIDATE,,,,,,,,No candidate was produced for this lesson and role.
textbook-lesson.math.algebra.a14-6,/subjects/math/algebra/precalculus-readiness/graphical-and-algebraic-cross-checking/,worked-example,NO_CANDIDATE,,,,,,,,No candidate was produced for this lesson and role.
textbook-lesson.math.algebra.a14-6,/subjects/math/algebra/precalculus-readiness/graphical-and-algebraic-cross-checking/,reference,NO_CANDIDATE,,,,,,,,No candidate was produced for this lesson and role.
textbook-lesson.math.algebra.a14-6,/subjects/math/algebra/precalculus-readiness/graphical-and-algebraic-cross-checking/,tool-or-visual,NO_CANDIDATE,,,,,,,,No candidate was produced for this lesson and role.
textbook-lesson.math.algebra.a14-7,/subjects/math/algebra/precalculus-readiness/precalculus-readiness-capstone/,practice,NO_CANDIDATE,,,,,,,,No candidate was produced for this lesson and role.
textbook-lesson.math.algebra.a14-7,/subjects/math/algebra/precalculus-readiness/precalculus-readiness-capstone/,quick-explanation,NO_CANDIDATE,,,,,,,,No candidate was produced for this lesson and role.
textbook-lesson.math.algebra.a14-7,/subjects/math/algebra/precalculus-readiness/precalculus-readiness-capstone/,worked-example,NO_CANDIDATE,,,,,,,,No candidate was produced for this lesson and role.
textbook-lesson.math.algebra.a14-7,/subjects/math/algebra/precalculus-readiness/precalculus-readiness-capstone/,reference,NO_CANDIDATE,,,,,,,,No candidate was produced for this lesson and role.
textbook-lesson.math.algebra.a14-7,/subjects/math/algebra/precalculus-readiness/precalculus-readiness-capstone/,tool-or-visual,NO_CANDIDATE,,,,,,,,No candidate was produced for this lesson and role.
textbook-lesson.math.algebra.a14-4,/subjects/math/algebra/precalculus-readiness/restrictions-implications-and-candidates/,practice,NO_CANDIDATE,,,,,,,,No candidate was produced for this lesson and role.
textbook-lesson.math.algebra.a14-4,/subjects/math/algebra/precalculus-readiness/restrictions-implications-and-candidates/,quick-explanation,NO_CANDIDATE,,,,,,,,No candidate was produced for this lesson and role.
textbook-lesson.math.algebra.a14-4,/subjects/math/algebra/precalculus-readiness/restrictions-implications-and-candidates/,worked-example,NO_CANDIDATE,,,,,,,,No candidate was produced for this lesson and role.
textbook-lesson.math.algebra.a14-4,/subjects/math/algebra/precalculus-readiness/restrictions-implications-and-candidates/,reference,NO_CANDIDATE,,,,,,,,No candidate was produced for this lesson and role.
textbook-lesson.math.algebra.a14-4,/subjects/math/algebra/precalculus-readiness/restrictions-implications-and-candidates/,tool-or-visual,NO_CANDIDATE,,,,,,,,No candidate was produced for this lesson and role.
textbook-lesson.math.algebra.a9-3,/subjects/math/algebra/quadratic-functions/factored-form-and-zeros/,practice,NO_CANDIDATE,,,,,,,,No candidate was produced for this lesson and role.
textbook-lesson.math.algebra.a9-3,/subjects/math/algebra/quadratic-functions/factored-form-and-zeros/,quick-explanation,NO_CANDIDATE,,,,,,,,No candidate was produced for this lesson and role.
textbook-lesson.math.algebra.a9-3,/subjects/math/algebra/quadratic-functions/factored-form-and-zeros/,worked-example,NO_CANDIDATE,,,,,,,,No candidate was produced for this lesson and role.
textbook-lesson.math.algebra.a9-3,/subjects/math/algebra/quadratic-functions/factored-form-and-zeros/,reference,NO_CANDIDATE,,,,,,,,No candidate was produced for this lesson and role.
textbook-lesson.math.algebra.a9-3,/subjects/math/algebra/quadratic-functions/factored-form-and-zeros/,tool-or-visual,NO_CANDIDATE,,,,,,,,No candidate was produced for this lesson and role.
textbook-lesson.math.algebra.a9-2,/subjects/math/algebra/quadratic-functions/graphing-parabolas/,practice,NO_CANDIDATE,,,,,,,,No candidate was produced for this lesson and role.
textbook-lesson.math.algebra.a9-2,/subjects/math/algebra/quadratic-functions/graphing-parabolas/,quick-explanation,NO_CANDIDATE,,,,,,,,No candidate was produced for this lesson and role.
textbook-lesson.math.algebra.a9-2,/subjects/math/algebra/quadratic-functions/graphing-parabolas/,worked-example,NO_CANDIDATE,,,,,,,,No candidate was produced for this lesson and role.
textbook-lesson.math.algebra.a9-2,/subjects/math/algebra/quadratic-functions/graphing-parabolas/,reference,NO_CANDIDATE,,,,,,,,No candidate was produced for this lesson and role.
textbook-lesson.math.algebra.a9-2,/subjects/math/algebra/quadratic-functions/graphing-parabolas/,tool-or-visual,NO_CANDIDATE,,,,,,,,No candidate was produced for this lesson and role.
textbook-lesson.math.algebra.a9-5,/subjects/math/algebra/quadratic-functions/moving-among-forms/,practice,NO_CANDIDATE,,,,,,,,No candidate was produced for this lesson and role.
textbook-lesson.math.algebra.a9-5,/subjects/math/algebra/quadratic-functions/moving-among-forms/,quick-explanation,NO_CANDIDATE,,,,,,,,No candidate was produced for this lesson and role.
textbook-lesson.math.algebra.a9-5,/subjects/math/algebra/quadratic-functions/moving-among-forms/,worked-example,NO_CANDIDATE,,,,,,,,No candidate was produced for this lesson and role.
textbook-lesson.math.algebra.a9-5,/subjects/math/algebra/quadratic-functions/moving-among-forms/,reference,NO_CANDIDATE,,,,,,,,No candidate was produced for this lesson and role.
textbook-lesson.math.algebra.a9-5,/subjects/math/algebra/quadratic-functions/moving-among-forms/,tool-or-visual,NO_CANDIDATE,,,,,,,,No candidate was produced for this lesson and role.
textbook-lesson.math.algebra.a9-7,/subjects/math/algebra/quadratic-functions/quadratic-inequalities/,practice,NO_CANDIDATE,,,,,,,,No candidate was produced for this lesson and role.
textbook-lesson.math.algebra.a9-7,/subjects/math/algebra/quadratic-functions/quadratic-inequalities/,quick-explanation,NO_CANDIDATE,,,,,,,,No candidate was produced for this lesson and role.
textbook-lesson.math.algebra.a9-7,/subjects/math/algebra/quadratic-functions/quadratic-inequalities/,worked-example,NO_CANDIDATE,,,,,,,,No candidate was produced for this lesson and role.
textbook-lesson.math.algebra.a9-7,/subjects/math/algebra/quadratic-functions/quadratic-inequalities/,reference,NO_CANDIDATE,,,,,,,,No candidate was produced for this lesson and role.
textbook-lesson.math.algebra.a9-7,/subjects/math/algebra/quadratic-functions/quadratic-inequalities/,tool-or-visual,NO_CANDIDATE,,,,,,,,No candidate was produced for this lesson and role.
textbook-lesson.math.algebra.a9-6,/subjects/math/algebra/quadratic-functions/quadratic-models-and-extrema/,practice,NO_CANDIDATE,,,,,,,,No candidate was produced for this lesson and role.
textbook-lesson.math.algebra.a9-6,/subjects/math/algebra/quadratic-functions/quadratic-models-and-extrema/,quick-explanation,NO_CANDIDATE,,,,,,,,No candidate was produced for this lesson and role.
textbook-lesson.math.algebra.a9-6,/subjects/math/algebra/quadratic-functions/quadratic-models-and-extrema/,worked-example,NO_CANDIDATE,,,,,,,,No candidate was produced for this lesson and role.
textbook-lesson.math.algebra.a9-6,/subjects/math/algebra/quadratic-functions/quadratic-models-and-extrema/,reference,NO_CANDIDATE,,,,,,,,No candidate was produced for this lesson and role.
textbook-lesson.math.algebra.a9-6,/subjects/math/algebra/quadratic-functions/quadratic-models-and-extrema/,tool-or-visual,NO_CANDIDATE,,,,,,,,No candidate was produced for this lesson and role.
textbook-lesson.math.algebra.a9-8,/subjects/math/algebra/quadratic-functions/quadratic-regression-and-model-limitations/,practice,NO_CANDIDATE,,,,,,,,No candidate was produced for this lesson and role.
textbook-lesson.math.algebra.a9-8,/subjects/math/algebra/quadratic-functions/quadratic-regression-and-model-limitations/,quick-explanation,NO_CANDIDATE,,,,,,,,No candidate was produced for this lesson and role.
textbook-lesson.math.algebra.a9-8,/subjects/math/algebra/quadratic-functions/quadratic-regression-and-model-limitations/,worked-example,NO_CANDIDATE,,,,,,,,No candidate was produced for this lesson and role.
textbook-lesson.math.algebra.a9-8,/subjects/math/algebra/quadratic-functions/quadratic-regression-and-model-limitations/,reference,NO_CANDIDATE,,,,,,,,No candidate was produced for this lesson and role.
textbook-lesson.math.algebra.a9-8,/subjects/math/algebra/quadratic-functions/quadratic-regression-and-model-limitations/,tool-or-visual,NO_CANDIDATE,,,,,,,,No candidate was produced for this lesson and role.
textbook-lesson.math.algebra.a9-1,/subjects/math/algebra/quadratic-functions/quadratic-relations-and-three-useful-forms/,practice,NO_CANDIDATE,,,,,,,,No candidate was produced for this lesson and role.
textbook-lesson.math.algebra.a9-1,/subjects/math/algebra/quadratic-functions/quadratic-relations-and-three-useful-forms/,quick-explanation,NO_CANDIDATE,,,,,,,,No candidate was produced for this lesson and role.
textbook-lesson.math.algebra.a9-1,/subjects/math/algebra/quadratic-functions/quadratic-relations-and-three-useful-forms/,worked-example,NO_CANDIDATE,,,,,,,,No candidate was produced for this lesson and role.
textbook-lesson.math.algebra.a9-1,/subjects/math/algebra/quadratic-functions/quadratic-relations-and-three-useful-forms/,reference,NO_CANDIDATE,,,,,,,,No candidate was produced for this lesson and role.
textbook-lesson.math.algebra.a9-1,/subjects/math/algebra/quadratic-functions/quadratic-relations-and-three-useful-forms/,tool-or-visual,NO_CANDIDATE,,,,,,,,No candidate was produced for this lesson and role.
textbook-lesson.math.algebra.a9-4,/subjects/math/algebra/quadratic-functions/vertex-form-and-transformations/,practice,NO_CANDIDATE,,,,,,,,No candidate was produced for this lesson and role.
textbook-lesson.math.algebra.a9-4,/subjects/math/algebra/quadratic-functions/vertex-form-and-transformations/,quick-explanation,NO_CANDIDATE,,,,,,,,No candidate was produced for this lesson and role.
textbook-lesson.math.algebra.a9-4,/subjects/math/algebra/quadratic-functions/vertex-form-and-transformations/,worked-example,NO_CANDIDATE,,,,,,,,No candidate was produced for this lesson and role.
textbook-lesson.math.algebra.a9-4,/subjects/math/algebra/quadratic-functions/vertex-form-and-transformations/,reference,NO_CANDIDATE,,,,,,,,No candidate was produced for this lesson and role.
textbook-lesson.math.algebra.a9-4,/subjects/math/algebra/quadratic-functions/vertex-form-and-transformations/,tool-or-visual,NO_CANDIDATE,,,,,,,,No candidate was produced for this lesson and role.
textbook-lesson.math.algebra.a1-7,/subjects/math/algebra/quantities-variables/equivalent-expressions-and-like-terms/,practice,NO_CANDIDATE,,,,,,,,No candidate was produced for this lesson and role.
textbook-lesson.math.algebra.a1-7,/subjects/math/algebra/quantities-variables/equivalent-expressions-and-like-terms/,quick-explanation,NO_CANDIDATE,,,,,,,,No candidate was produced for this lesson and role.
textbook-lesson.math.algebra.a1-7,/subjects/math/algebra/quantities-variables/equivalent-expressions-and-like-terms/,worked-example,NO_CANDIDATE,,,,,,,,No candidate was produced for this lesson and role.
textbook-lesson.math.algebra.a1-7,/subjects/math/algebra/quantities-variables/equivalent-expressions-and-like-terms/,reference,NO_CANDIDATE,,,,,,,,No candidate was produced for this lesson and role.
textbook-lesson.math.algebra.a1-7,/subjects/math/algebra/quantities-variables/equivalent-expressions-and-like-terms/,tool-or-visual,NO_CANDIDATE,,,,,,,,No candidate was produced for this lesson and role.
textbook-lesson.math.algebra.a1-2,/subjects/math/algebra/quantities-variables/expressions-equations-and-inequalities/,practice,NO_CANDIDATE,,,,,,,,No candidate was produced for this lesson and role.
textbook-lesson.math.algebra.a1-2,/subjects/math/algebra/quantities-variables/expressions-equations-and-inequalities/,quick-explanation,NO_CANDIDATE,,,,,,,,No candidate was produced for this lesson and role.
textbook-lesson.math.algebra.a1-2,/subjects/math/algebra/quantities-variables/expressions-equations-and-inequalities/,worked-example,NO_CANDIDATE,,,,,,,,No candidate was produced for this lesson and role.
textbook-lesson.math.algebra.a1-2,/subjects/math/algebra/quantities-variables/expressions-equations-and-inequalities/,reference,NO_CANDIDATE,,,,,,,,No candidate was produced for this lesson and role.
textbook-lesson.math.algebra.a1-2,/subjects/math/algebra/quantities-variables/expressions-equations-and-inequalities/,tool-or-visual,NO_CANDIDATE,,,,,,,,No candidate was produced for this lesson and role.
textbook-lesson.math.algebra.a1-8,/subjects/math/algebra/quantities-variables/formulas-units-and-mathematical-communication/,practice,NO_CANDIDATE,,,,,,,,No candidate was produced for this lesson and role.
textbook-lesson.math.algebra.a1-8,/subjects/math/algebra/quantities-variables/formulas-units-and-mathematical-communication/,quick-explanation,NO_CANDIDATE,,,,,,,,No candidate was produced for this lesson and role.
textbook-lesson.math.algebra.a1-8,/subjects/math/algebra/quantities-variables/formulas-units-and-mathematical-communication/,worked-example,NO_CANDIDATE,,,,,,,,No candidate was produced for this lesson and role.
textbook-lesson.math.algebra.a1-8,/subjects/math/algebra/quantities-variables/formulas-units-and-mathematical-communication/,reference,NO_CANDIDATE,,,,,,,,No candidate was produced for this lesson and role.
textbook-lesson.math.algebra.a1-8,/subjects/math/algebra/quantities-variables/formulas-units-and-mathematical-communication/,tool-or-visual,NO_CANDIDATE,,,,,,,,No candidate was produced for this lesson and role.
textbook-lesson.math.algebra.a1-5,/subjects/math/algebra/quantities-variables/grouping-and-order-of-operations/,practice,NO_CANDIDATE,,,,,,,,No candidate was produced for this lesson and role.
textbook-lesson.math.algebra.a1-5,/subjects/math/algebra/quantities-variables/grouping-and-order-of-operations/,quick-explanation,NO_CANDIDATE,,,,,,,,No candidate was produced for this lesson and role.
textbook-lesson.math.algebra.a1-5,/subjects/math/algebra/quantities-variables/grouping-and-order-of-operations/,worked-example,NO_CANDIDATE,,,,,,,,No candidate was produced for this lesson and role.
textbook-lesson.math.algebra.a1-5,/subjects/math/algebra/quantities-variables/grouping-and-order-of-operations/,reference,NO_CANDIDATE,,,,,,,,No candidate was produced for this lesson and role.
textbook-lesson.math.algebra.a1-5,/subjects/math/algebra/quantities-variables/grouping-and-order-of-operations/,tool-or-visual,NO_CANDIDATE,,,,,,,,No candidate was produced for this lesson and role.
textbook-lesson.math.algebra.a1-6,/subjects/math/algebra/quantities-variables/properties-of-real-number-operations/,practice,NO_CANDIDATE,,,,,,,,No candidate was produced for this lesson and role.
textbook-lesson.math.algebra.a1-6,/subjects/math/algebra/quantities-variables/properties-of-real-number-operations/,quick-explanation,NO_CANDIDATE,,,,,,,,No candidate was produced for this lesson and role.
textbook-lesson.math.algebra.a1-6,/subjects/math/algebra/quantities-variables/properties-of-real-number-operations/,worked-example,NO_CANDIDATE,,,,,,,,No candidate was produced for this lesson and role.
textbook-lesson.math.algebra.a1-6,/subjects/math/algebra/quantities-variables/properties-of-real-number-operations/,reference,NO_CANDIDATE,,,,,,,,No candidate was produced for this lesson and role.
textbook-lesson.math.algebra.a1-6,/subjects/math/algebra/quantities-variables/properties-of-real-number-operations/,tool-or-visual,NO_CANDIDATE,,,,,,,,No candidate was produced for this lesson and role.
textbook-lesson.math.algebra.a1-4,/subjects/math/algebra/quantities-variables/substitution-and-evaluation/,practice,NO_CANDIDATE,,,,,,,,No candidate was produced for this lesson and role.
textbook-lesson.math.algebra.a1-4,/subjects/math/algebra/quantities-variables/substitution-and-evaluation/,quick-explanation,NO_CANDIDATE,,,,,,,,No candidate was produced for this lesson and role.
textbook-lesson.math.algebra.a1-4,/subjects/math/algebra/quantities-variables/substitution-and-evaluation/,worked-example,NO_CANDIDATE,,,,,,,,No candidate was produced for this lesson and role.
textbook-lesson.math.algebra.a1-4,/subjects/math/algebra/quantities-variables/substitution-and-evaluation/,reference,NO_CANDIDATE,,,,,,,,No candidate was produced for this lesson and role.
textbook-lesson.math.algebra.a1-4,/subjects/math/algebra/quantities-variables/substitution-and-evaluation/,tool-or-visual,NO_CANDIDATE,,,,,,,,No candidate was produced for this lesson and role.
textbook-lesson.math.algebra.a1-3,/subjects/math/algebra/quantities-variables/terms-factors-coefficients-and-structure/,practice,NO_CANDIDATE,,,,,,,,No candidate was produced for this lesson and role.
textbook-lesson.math.algebra.a1-3,/subjects/math/algebra/quantities-variables/terms-factors-coefficients-and-structure/,quick-explanation,NO_CANDIDATE,,,,,,,,No candidate was produced for this lesson and role.
textbook-lesson.math.algebra.a1-3,/subjects/math/algebra/quantities-variables/terms-factors-coefficients-and-structure/,worked-example,NO_CANDIDATE,,,,,,,,No candidate was produced for this lesson and role.
textbook-lesson.math.algebra.a1-3,/subjects/math/algebra/quantities-variables/terms-factors-coefficients-and-structure/,reference,NO_CANDIDATE,,,,,,,,No candidate was produced for this lesson and role.
textbook-lesson.math.algebra.a1-3,/subjects/math/algebra/quantities-variables/terms-factors-coefficients-and-structure/,tool-or-visual,NO_CANDIDATE,,,,,,,,No candidate was produced for this lesson and role.
textbook-lesson.math.algebra.a1-1,/subjects/math/algebra/quantities-variables/variables-and-changing-quantities/,practice,NO_CANDIDATE,,,,,,,,No candidate was produced for this lesson and role.
textbook-lesson.math.algebra.a1-1,/subjects/math/algebra/quantities-variables/variables-and-changing-quantities/,quick-explanation,NO_CANDIDATE,,,,,,,,No candidate was produced for this lesson and role.
textbook-lesson.math.algebra.a1-1,/subjects/math/algebra/quantities-variables/variables-and-changing-quantities/,worked-example,NO_CANDIDATE,,,,,,,,No candidate was produced for this lesson and role.
textbook-lesson.math.algebra.a1-1,/subjects/math/algebra/quantities-variables/variables-and-changing-quantities/,reference,NO_CANDIDATE,,,,,,,,No candidate was produced for this lesson and role.
textbook-lesson.math.algebra.a1-1,/subjects/math/algebra/quantities-variables/variables-and-changing-quantities/,tool-or-visual,NO_CANDIDATE,,,,,,,,No candidate was produced for this lesson and role.
textbook-lesson.math.algebra.a11-4,/subjects/math/algebra/radicals-complex-numbers/adding-and-subtracting-radicals/,practice,NO_CANDIDATE,,,,,,,,No candidate was produced for this lesson and role.
textbook-lesson.math.algebra.a11-4,/subjects/math/algebra/radicals-complex-numbers/adding-and-subtracting-radicals/,quick-explanation,NO_CANDIDATE,,,,,,,,No candidate was produced for this lesson and role.
textbook-lesson.math.algebra.a11-4,/subjects/math/algebra/radicals-complex-numbers/adding-and-subtracting-radicals/,worked-example,NO_CANDIDATE,,,,,,,,No candidate was produced for this lesson and role.
textbook-lesson.math.algebra.a11-4,/subjects/math/algebra/radicals-complex-numbers/adding-and-subtracting-radicals/,reference,NO_CANDIDATE,,,,,,,,No candidate was produced for this lesson and role.
textbook-lesson.math.algebra.a11-4,/subjects/math/algebra/radicals-complex-numbers/adding-and-subtracting-radicals/,tool-or-visual,NO_CANDIDATE,,,,,,,,No candidate was produced for this lesson and role.
textbook-lesson.math.algebra.a11-10,/subjects/math/algebra/radicals-complex-numbers/complex-numbers-and-conjugates/,practice,NO_CANDIDATE,,,,,,,,No candidate was produced for this lesson and role.
textbook-lesson.math.algebra.a11-10,/subjects/math/algebra/radicals-complex-numbers/complex-numbers-and-conjugates/,quick-explanation,NO_CANDIDATE,,,,,,,,No candidate was produced for this lesson and role.
textbook-lesson.math.algebra.a11-10,/subjects/math/algebra/radicals-complex-numbers/complex-numbers-and-conjugates/,worked-example,NO_CANDIDATE,,,,,,,,No candidate was produced for this lesson and role.
textbook-lesson.math.algebra.a11-10,/subjects/math/algebra/radicals-complex-numbers/complex-numbers-and-conjugates/,reference,NO_CANDIDATE,,,,,,,,No candidate was produced for this lesson and role.
textbook-lesson.math.algebra.a11-10,/subjects/math/algebra/radicals-complex-numbers/complex-numbers-and-conjugates/,tool-or-visual,NO_CANDIDATE,,,,,,,,No candidate was produced for this lesson and role.
textbook-lesson.math.algebra.a11-6,/subjects/math/algebra/radicals-complex-numbers/conjugates-and-binomial-denominators/,practice,NO_CANDIDATE,,,,,,,,No candidate was produced for this lesson and role.
textbook-lesson.math.algebra.a11-6,/subjects/math/algebra/radicals-complex-numbers/conjugates-and-binomial-denominators/,quick-explanation,NO_CANDIDATE,,,,,,,,No candidate was produced for this lesson and role.
textbook-lesson.math.algebra.a11-6,/subjects/math/algebra/radicals-complex-numbers/conjugates-and-binomial-denominators/,worked-example,NO_CANDIDATE,,,,,,,,No candidate was produced for this lesson and role.
textbook-lesson.math.algebra.a11-6,/subjects/math/algebra/radicals-complex-numbers/conjugates-and-binomial-denominators/,reference,NO_CANDIDATE,,,,,,,,No candidate was produced for this lesson and role.
textbook-lesson.math.algebra.a11-6,/subjects/math/algebra/radicals-complex-numbers/conjugates-and-binomial-denominators/,tool-or-visual,NO_CANDIDATE,,,,,,,,No candidate was produced for this lesson and role.
textbook-lesson.math.algebra.a11-9,/subjects/math/algebra/radicals-complex-numbers/extraneous-solutions-and-domain/,practice,NO_CANDIDATE,,,,,,,,No candidate was produced for this lesson and role.
textbook-lesson.math.algebra.a11-9,/subjects/math/algebra/radicals-complex-numbers/extraneous-solutions-and-domain/,quick-explanation,NO_CANDIDATE,,,,,,,,No candidate was produced for this lesson and role.
textbook-lesson.math.algebra.a11-9,/subjects/math/algebra/radicals-complex-numbers/extraneous-solutions-and-domain/,worked-example,NO_CANDIDATE,,,,,,,,No candidate was produced for this lesson and role.
textbook-lesson.math.algebra.a11-9,/subjects/math/algebra/radicals-complex-numbers/extraneous-solutions-and-domain/,reference,NO_CANDIDATE,,,,,,,,No candidate was produced for this lesson and role.
textbook-lesson.math.algebra.a11-9,/subjects/math/algebra/radicals-complex-numbers/extraneous-solutions-and-domain/,tool-or-visual,NO_CANDIDATE,,,,,,,,No candidate was produced for this lesson and role.
textbook-lesson.math.algebra.a11-1,/subjects/math/algebra/radicals-complex-numbers/general-nth-roots-and-principal-roots/,practice,NO_CANDIDATE,,,,,,,,No candidate was produced for this lesson and role.
textbook-lesson.math.algebra.a11-1,/subjects/math/algebra/radicals-complex-numbers/general-nth-roots-and-principal-roots/,quick-explanation,NO_CANDIDATE,,,,,,,,No candidate was produced for this lesson and role.
textbook-lesson.math.algebra.a11-1,/subjects/math/algebra/radicals-complex-numbers/general-nth-roots-and-principal-roots/,worked-example,NO_CANDIDATE,,,,,,,,No candidate was produced for this lesson and role.
textbook-lesson.math.algebra.a11-1,/subjects/math/algebra/radicals-complex-numbers/general-nth-roots-and-principal-roots/,reference,NO_CANDIDATE,,,,,,,,No candidate was produced for this lesson and role.
textbook-lesson.math.algebra.a11-1,/subjects/math/algebra/radicals-complex-numbers/general-nth-roots-and-principal-roots/,tool-or-visual,NO_CANDIDATE,,,,,,,,No candidate was produced for this lesson and role.
textbook-lesson.math.algebra.a11-3,/subjects/math/algebra/radicals-complex-numbers/products-and-quotients-of-radicals/,practice,NO_CANDIDATE,,,,,,,,No candidate was produced for this lesson and role.
textbook-lesson.math.algebra.a11-3,/subjects/math/algebra/radicals-complex-numbers/products-and-quotients-of-radicals/,quick-explanation,NO_CANDIDATE,,,,,,,,No candidate was produced for this lesson and role.
textbook-lesson.math.algebra.a11-3,/subjects/math/algebra/radicals-complex-numbers/products-and-quotients-of-radicals/,worked-example,NO_CANDIDATE,,,,,,,,No candidate was produced for this lesson and role.
textbook-lesson.math.algebra.a11-3,/subjects/math/algebra/radicals-complex-numbers/products-and-quotients-of-radicals/,reference,NO_CANDIDATE,,,,,,,,No candidate was produced for this lesson and role.
textbook-lesson.math.algebra.a11-3,/subjects/math/algebra/radicals-complex-numbers/products-and-quotients-of-radicals/,tool-or-visual,NO_CANDIDATE,,,,,,,,No candidate was produced for this lesson and role.
textbook-lesson.math.algebra.a11-7,/subjects/math/algebra/radicals-complex-numbers/rational-exponents/,practice,NO_CANDIDATE,,,,,,,,No candidate was produced for this lesson and role.
textbook-lesson.math.algebra.a11-7,/subjects/math/algebra/radicals-complex-numbers/rational-exponents/,quick-explanation,NO_CANDIDATE,,,,,,,,No candidate was produced for this lesson and role.
textbook-lesson.math.algebra.a11-7,/subjects/math/algebra/radicals-complex-numbers/rational-exponents/,worked-example,NO_CANDIDATE,,,,,,,,No candidate was produced for this lesson and role.
textbook-lesson.math.algebra.a11-7,/subjects/math/algebra/radicals-complex-numbers/rational-exponents/,reference,NO_CANDIDATE,,,,,,,,No candidate was produced for this lesson and role.
textbook-lesson.math.algebra.a11-7,/subjects/math/algebra/radicals-complex-numbers/rational-exponents/,tool-or-visual,NO_CANDIDATE,,,,,,,,No candidate was produced for this lesson and role.
textbook-lesson.math.algebra.a11-5,/subjects/math/algebra/radicals-complex-numbers/rationalizing-monomial-denominators/,practice,NO_CANDIDATE,,,,,,,,No candidate was produced for this lesson and role.
textbook-lesson.math.algebra.a11-5,/subjects/math/algebra/radicals-complex-numbers/rationalizing-monomial-denominators/,quick-explanation,NO_CANDIDATE,,,,,,,,No candidate was produced for this lesson and role.
textbook-lesson.math.algebra.a11-5,/subjects/math/algebra/radicals-complex-numbers/rationalizing-monomial-denominators/,worked-example,NO_CANDIDATE,,,,,,,,No candidate was produced for this lesson and role.
textbook-lesson.math.algebra.a11-5,/subjects/math/algebra/radicals-complex-numbers/rationalizing-monomial-denominators/,reference,NO_CANDIDATE,,,,,,,,No candidate was produced for this lesson and role.
textbook-lesson.math.algebra.a11-5,/subjects/math/algebra/radicals-complex-numbers/rationalizing-monomial-denominators/,tool-or-visual,NO_CANDIDATE,,,,,,,,No candidate was produced for this lesson and role.
textbook-lesson.math.algebra.a11-2,/subjects/math/algebra/radicals-complex-numbers/simplifying-radicals/,practice,NO_CANDIDATE,,,,,,,,No candidate was produced for this lesson and role.
textbook-lesson.math.algebra.a11-2,/subjects/math/algebra/radicals-complex-numbers/simplifying-radicals/,quick-explanation,NO_CANDIDATE,,,,,,,,No candidate was produced for this lesson and role.
textbook-lesson.math.algebra.a11-2,/subjects/math/algebra/radicals-complex-numbers/simplifying-radicals/,worked-example,NO_CANDIDATE,,,,,,,,No candidate was produced for this lesson and role.
textbook-lesson.math.algebra.a11-2,/subjects/math/algebra/radicals-complex-numbers/simplifying-radicals/,reference,NO_CANDIDATE,,,,,,,,No candidate was produced for this lesson and role.
textbook-lesson.math.algebra.a11-2,/subjects/math/algebra/radicals-complex-numbers/simplifying-radicals/,tool-or-visual,NO_CANDIDATE,,,,,,,,No candidate was produced for this lesson and role.
textbook-lesson.math.algebra.a11-8,/subjects/math/algebra/radicals-complex-numbers/solving-radical-equations/,practice,NO_CANDIDATE,,,,,,,,No candidate was produced for this lesson and role.
textbook-lesson.math.algebra.a11-8,/subjects/math/algebra/radicals-complex-numbers/solving-radical-equations/,quick-explanation,NO_CANDIDATE,,,,,,,,No candidate was produced for this lesson and role.
textbook-lesson.math.algebra.a11-8,/subjects/math/algebra/radicals-complex-numbers/solving-radical-equations/,worked-example,NO_CANDIDATE,,,,,,,,No candidate was produced for this lesson and role.
textbook-lesson.math.algebra.a11-8,/subjects/math/algebra/radicals-complex-numbers/solving-radical-equations/,reference,NO_CANDIDATE,,,,,,,,No candidate was produced for this lesson and role.
textbook-lesson.math.algebra.a11-8,/subjects/math/algebra/radicals-complex-numbers/solving-radical-equations/,tool-or-visual,NO_CANDIDATE,,,,,,,,No candidate was produced for this lesson and role.
textbook-lesson.math.algebra.a10-6,/subjects/math/algebra/rational-expressions/addition-and-subtraction/,practice,NO_CANDIDATE,,,,,,,,No candidate was produced for this lesson and role.
textbook-lesson.math.algebra.a10-6,/subjects/math/algebra/rational-expressions/addition-and-subtraction/,quick-explanation,NO_CANDIDATE,,,,,,,,No candidate was produced for this lesson and role.
textbook-lesson.math.algebra.a10-6,/subjects/math/algebra/rational-expressions/addition-and-subtraction/,worked-example,NO_CANDIDATE,,,,,,,,No candidate was produced for this lesson and role.
textbook-lesson.math.algebra.a10-6,/subjects/math/algebra/rational-expressions/addition-and-subtraction/,reference,NO_CANDIDATE,,,,,,,,No candidate was produced for this lesson and role.
textbook-lesson.math.algebra.a10-6,/subjects/math/algebra/rational-expressions/addition-and-subtraction/,tool-or-visual,NO_CANDIDATE,,,,,,,,No candidate was produced for this lesson and role.
textbook-lesson.math.algebra.a10-7,/subjects/math/algebra/rational-expressions/complex-rational-expressions/,practice,NO_CANDIDATE,,,,,,,,No candidate was produced for this lesson and role.
textbook-lesson.math.algebra.a10-7,/subjects/math/algebra/rational-expressions/complex-rational-expressions/,quick-explanation,NO_CANDIDATE,,,,,,,,No candidate was produced for this lesson and role.
textbook-lesson.math.algebra.a10-7,/subjects/math/algebra/rational-expressions/complex-rational-expressions/,worked-example,NO_CANDIDATE,,,,,,,,No candidate was produced for this lesson and role.
textbook-lesson.math.algebra.a10-7,/subjects/math/algebra/rational-expressions/complex-rational-expressions/,reference,NO_CANDIDATE,,,,,,,,No candidate was produced for this lesson and role.
textbook-lesson.math.algebra.a10-7,/subjects/math/algebra/rational-expressions/complex-rational-expressions/,tool-or-visual,NO_CANDIDATE,,,,,,,,No candidate was produced for this lesson and role.
textbook-lesson.math.algebra.a10-9,/subjects/math/algebra/rational-expressions/direct-inverse-and-joint-variation/,practice,NO_CANDIDATE,,,,,,,,No candidate was produced for this lesson and role.
textbook-lesson.math.algebra.a10-9,/subjects/math/algebra/rational-expressions/direct-inverse-and-joint-variation/,quick-explanation,NO_CANDIDATE,,,,,,,,No candidate was produced for this lesson and role.
textbook-lesson.math.algebra.a10-9,/subjects/math/algebra/rational-expressions/direct-inverse-and-joint-variation/,worked-example,NO_CANDIDATE,,,,,,,,No candidate was produced for this lesson and role.
textbook-lesson.math.algebra.a10-9,/subjects/math/algebra/rational-expressions/direct-inverse-and-joint-variation/,reference,NO_CANDIDATE,,,,,,,,No candidate was produced for this lesson and role.
textbook-lesson.math.algebra.a10-9,/subjects/math/algebra/rational-expressions/direct-inverse-and-joint-variation/,tool-or-visual,NO_CANDIDATE,,,,,,,,No candidate was produced for this lesson and role.
textbook-lesson.math.algebra.a10-4,/subjects/math/algebra/rational-expressions/division-of-rational-expressions/,practice,NO_CANDIDATE,,,,,,,,No candidate was produced for this lesson and role.
textbook-lesson.math.algebra.a10-4,/subjects/math/algebra/rational-expressions/division-of-rational-expressions/,quick-explanation,NO_CANDIDATE,,,,,,,,No candidate was produced for this lesson and role.
textbook-lesson.math.algebra.a10-4,/subjects/math/algebra/rational-expressions/division-of-rational-expressions/,worked-example,NO_CANDIDATE,,,,,,,,No candidate was produced for this lesson and role.
textbook-lesson.math.algebra.a10-4,/subjects/math/algebra/rational-expressions/division-of-rational-expressions/,reference,NO_CANDIDATE,,,,,,,,No candidate was produced for this lesson and role.
textbook-lesson.math.algebra.a10-4,/subjects/math/algebra/rational-expressions/division-of-rational-expressions/,tool-or-visual,NO_CANDIDATE,,,,,,,,No candidate was produced for this lesson and role.
textbook-lesson.math.algebra.a10-5,/subjects/math/algebra/rational-expressions/least-common-denominators/,practice,NO_CANDIDATE,,,,,,,,No candidate was produced for this lesson and role.
textbook-lesson.math.algebra.a10-5,/subjects/math/algebra/rational-expressions/least-common-denominators/,quick-explanation,NO_CANDIDATE,,,,,,,,No candidate was produced for this lesson and role.
textbook-lesson.math.algebra.a10-5,/subjects/math/algebra/rational-expressions/least-common-denominators/,worked-example,NO_CANDIDATE,,,,,,,,No candidate was produced for this lesson and role.
textbook-lesson.math.algebra.a10-5,/subjects/math/algebra/rational-expressions/least-common-denominators/,reference,NO_CANDIDATE,,,,,,,,No candidate was produced for this lesson and role.
textbook-lesson.math.algebra.a10-5,/subjects/math/algebra/rational-expressions/least-common-denominators/,tool-or-visual,NO_CANDIDATE,,,,,,,,No candidate was produced for this lesson and role.
textbook-lesson.math.algebra.a10-3,/subjects/math/algebra/rational-expressions/multiplication-of-rational-expressions/,practice,NO_CANDIDATE,,,,,,,,No candidate was produced for this lesson and role.
textbook-lesson.math.algebra.a10-3,/subjects/math/algebra/rational-expressions/multiplication-of-rational-expressions/,quick-explanation,NO_CANDIDATE,,,,,,,,No candidate was produced for this lesson and role.
textbook-lesson.math.algebra.a10-3,/subjects/math/algebra/rational-expressions/multiplication-of-rational-expressions/,worked-example,NO_CANDIDATE,,,,,,,,No candidate was produced for this lesson and role.
textbook-lesson.math.algebra.a10-3,/subjects/math/algebra/rational-expressions/multiplication-of-rational-expressions/,reference,NO_CANDIDATE,,,,,,,,No candidate was produced for this lesson and role.
textbook-lesson.math.algebra.a10-3,/subjects/math/algebra/rational-expressions/multiplication-of-rational-expressions/,tool-or-visual,NO_CANDIDATE,,,,,,,,No candidate was produced for this lesson and role.
textbook-lesson.math.algebra.a10-8,/subjects/math/algebra/rational-expressions/rational-equations/,practice,NO_CANDIDATE,,,,,,,,No candidate was produced for this lesson and role.
textbook-lesson.math.algebra.a10-8,/subjects/math/algebra/rational-expressions/rational-equations/,quick-explanation,NO_CANDIDATE,,,,,,,,No candidate was produced for this lesson and role.
textbook-lesson.math.algebra.a10-8,/subjects/math/algebra/rational-expressions/rational-equations/,worked-example,NO_CANDIDATE,,,,,,,,No candidate was produced for this lesson and role.
textbook-lesson.math.algebra.a10-8,/subjects/math/algebra/rational-expressions/rational-equations/,reference,NO_CANDIDATE,,,,,,,,No candidate was produced for this lesson and role.
textbook-lesson.math.algebra.a10-8,/subjects/math/algebra/rational-expressions/rational-equations/,tool-or-visual,NO_CANDIDATE,,,,,,,,No candidate was produced for this lesson and role.
textbook-lesson.math.algebra.a10-1,/subjects/math/algebra/rational-expressions/rational-expressions-and-restrictions/,practice,NO_CANDIDATE,,,,,,,,No candidate was produced for this lesson and role.
textbook-lesson.math.algebra.a10-1,/subjects/math/algebra/rational-expressions/rational-expressions-and-restrictions/,quick-explanation,NO_CANDIDATE,,,,,,,,No candidate was produced for this lesson and role.
textbook-lesson.math.algebra.a10-1,/subjects/math/algebra/rational-expressions/rational-expressions-and-restrictions/,worked-example,NO_CANDIDATE,,,,,,,,No candidate was produced for this lesson and role.
textbook-lesson.math.algebra.a10-1,/subjects/math/algebra/rational-expressions/rational-expressions-and-restrictions/,reference,NO_CANDIDATE,,,,,,,,No candidate was produced for this lesson and role.
textbook-lesson.math.algebra.a10-1,/subjects/math/algebra/rational-expressions/rational-expressions-and-restrictions/,tool-or-visual,NO_CANDIDATE,,,,,,,,No candidate was produced for this lesson and role.
textbook-lesson.math.algebra.a10-10,/subjects/math/algebra/rational-expressions/rational-inequalities-and-introductory-graphs/,practice,NO_CANDIDATE,,,,,,,,No candidate was produced for this lesson and role.
textbook-lesson.math.algebra.a10-10,/subjects/math/algebra/rational-expressions/rational-inequalities-and-introductory-graphs/,quick-explanation,NO_CANDIDATE,,,,,,,,No candidate was produced for this lesson and role.
textbook-lesson.math.algebra.a10-10,/subjects/math/algebra/rational-expressions/rational-inequalities-and-introductory-graphs/,worked-example,NO_CANDIDATE,,,,,,,,No candidate was produced for this lesson and role.
textbook-lesson.math.algebra.a10-10,/subjects/math/algebra/rational-expressions/rational-inequalities-and-introductory-graphs/,reference,NO_CANDIDATE,,,,,,,,No candidate was produced for this lesson and role.
textbook-lesson.math.algebra.a10-10,/subjects/math/algebra/rational-expressions/rational-inequalities-and-introductory-graphs/,tool-or-visual,NO_CANDIDATE,,,,,,,,No candidate was produced for this lesson and role.
textbook-lesson.math.algebra.a10-2,/subjects/math/algebra/rational-expressions/simplifying-rational-expressions-course/,practice,NO_CANDIDATE,,,,,,,,No candidate was produced for this lesson and role.
textbook-lesson.math.algebra.a10-2,/subjects/math/algebra/rational-expressions/simplifying-rational-expressions-course/,quick-explanation,NO_CANDIDATE,,,,,,,,No candidate was produced for this lesson and role.
textbook-lesson.math.algebra.a10-2,/subjects/math/algebra/rational-expressions/simplifying-rational-expressions-course/,worked-example,NO_CANDIDATE,,,,,,,,No candidate was produced for this lesson and role.
textbook-lesson.math.algebra.a10-2,/subjects/math/algebra/rational-expressions/simplifying-rational-expressions-course/,reference,NO_CANDIDATE,,,,,,,,No candidate was produced for this lesson and role.
textbook-lesson.math.algebra.a10-2,/subjects/math/algebra/rational-expressions/simplifying-rational-expressions-course/,tool-or-visual,NO_CANDIDATE,,,,,,,,No candidate was produced for this lesson and role.
textbook-lesson.math.algebra.a5-6,/subjects/math/algebra/systems/applications-of-systems/,practice,NO_CANDIDATE,,,,,,,,No candidate was produced for this lesson and role.
textbook-lesson.math.algebra.a5-6,/subjects/math/algebra/systems/applications-of-systems/,quick-explanation,NO_CANDIDATE,,,,,,,,No candidate was produced for this lesson and role.
textbook-lesson.math.algebra.a5-6,/subjects/math/algebra/systems/applications-of-systems/,worked-example,NO_CANDIDATE,,,,,,,,No candidate was produced for this lesson and role.
textbook-lesson.math.algebra.a5-6,/subjects/math/algebra/systems/applications-of-systems/,reference,NO_CANDIDATE,,,,,,,,No candidate was produced for this lesson and role.
textbook-lesson.math.algebra.a5-6,/subjects/math/algebra/systems/applications-of-systems/,tool-or-visual,NO_CANDIDATE,,,,,,,,No candidate was produced for this lesson and role.
textbook-lesson.math.algebra.a5-5,/subjects/math/algebra/systems/dependent-and-inconsistent-systems/,practice,NO_CANDIDATE,,,,,,,,No candidate was produced for this lesson and role.
textbook-lesson.math.algebra.a5-5,/subjects/math/algebra/systems/dependent-and-inconsistent-systems/,quick-explanation,NO_CANDIDATE,,,,,,,,No candidate was produced for this lesson and role.
textbook-lesson.math.algebra.a5-5,/subjects/math/algebra/systems/dependent-and-inconsistent-systems/,worked-example,NO_CANDIDATE,,,,,,,,No candidate was produced for this lesson and role.
textbook-lesson.math.algebra.a5-5,/subjects/math/algebra/systems/dependent-and-inconsistent-systems/,reference,NO_CANDIDATE,,,,,,,,No candidate was produced for this lesson and role.
textbook-lesson.math.algebra.a5-5,/subjects/math/algebra/systems/dependent-and-inconsistent-systems/,tool-or-visual,NO_CANDIDATE,,,,,,,,No candidate was produced for this lesson and role.
textbook-lesson.math.algebra.a5-4,/subjects/math/algebra/systems/elimination/,practice,NO_CANDIDATE,,,,,,,,No candidate was produced for this lesson and role.
textbook-lesson.math.algebra.a5-4,/subjects/math/algebra/systems/elimination/,quick-explanation,NO_CANDIDATE,,,,,,,,No candidate was produced for this lesson and role.
textbook-lesson.math.algebra.a5-4,/subjects/math/algebra/systems/elimination/,worked-example,NO_CANDIDATE,,,,,,,,No candidate was produced for this lesson and role.
textbook-lesson.math.algebra.a5-4,/subjects/math/algebra/systems/elimination/,reference,NO_CANDIDATE,,,,,,,,No candidate was produced for this lesson and role.
textbook-lesson.math.algebra.a5-4,/subjects/math/algebra/systems/elimination/,tool-or-visual,NO_CANDIDATE,,,,,,,,No candidate was produced for this lesson and role.
textbook-lesson.math.algebra.a5-2,/subjects/math/algebra/systems/graphical-solutions/,practice,NO_CANDIDATE,,,,,,,,No candidate was produced for this lesson and role.
textbook-lesson.math.algebra.a5-2,/subjects/math/algebra/systems/graphical-solutions/,quick-explanation,NO_CANDIDATE,,,,,,,,No candidate was produced for this lesson and role.
textbook-lesson.math.algebra.a5-2,/subjects/math/algebra/systems/graphical-solutions/,worked-example,NO_CANDIDATE,,,,,,,,No candidate was produced for this lesson and role.
textbook-lesson.math.algebra.a5-2,/subjects/math/algebra/systems/graphical-solutions/,reference,NO_CANDIDATE,,,,,,,,No candidate was produced for this lesson and role.
textbook-lesson.math.algebra.a5-2,/subjects/math/algebra/systems/graphical-solutions/,tool-or-visual,NO_CANDIDATE,,,,,,,,No candidate was produced for this lesson and role.
textbook-lesson.math.algebra.a5-3,/subjects/math/algebra/systems/substitution/,practice,NO_CANDIDATE,,,,,,,,No candidate was produced for this lesson and role.
textbook-lesson.math.algebra.a5-3,/subjects/math/algebra/systems/substitution/,quick-explanation,NO_CANDIDATE,,,,,,,,No candidate was produced for this lesson and role.
textbook-lesson.math.algebra.a5-3,/subjects/math/algebra/systems/substitution/,worked-example,NO_CANDIDATE,,,,,,,,No candidate was produced for this lesson and role.
textbook-lesson.math.algebra.a5-3,/subjects/math/algebra/systems/substitution/,reference,NO_CANDIDATE,,,,,,,,No candidate was produced for this lesson and role.
textbook-lesson.math.algebra.a5-3,/subjects/math/algebra/systems/substitution/,tool-or-visual,NO_CANDIDATE,,,,,,,,No candidate was produced for this lesson and role.
textbook-lesson.math.algebra.a5-1,/subjects/math/algebra/systems/systems-as-simultaneous-conditions/,practice,NO_CANDIDATE,,,,,,,,No candidate was produced for this lesson and role.
textbook-lesson.math.algebra.a5-1,/subjects/math/algebra/systems/systems-as-simultaneous-conditions/,quick-explanation,NO_CANDIDATE,,,,,,,,No candidate was produced for this lesson and role.
textbook-lesson.math.algebra.a5-1,/subjects/math/algebra/systems/systems-as-simultaneous-conditions/,worked-example,NO_CANDIDATE,,,,,,,,No candidate was produced for this lesson and role.
textbook-lesson.math.algebra.a5-1,/subjects/math/algebra/systems/systems-as-simultaneous-conditions/,reference,NO_CANDIDATE,,,,,,,,No candidate was produced for this lesson and role.
textbook-lesson.math.algebra.a5-1,/subjects/math/algebra/systems/systems-as-simultaneous-conditions/,tool-or-visual,NO_CANDIDATE,,,,,,,,No candidate was produced for this lesson and role.
textbook-lesson.math.algebra.a5-7,/subjects/math/algebra/systems/systems-of-inequalities/,practice,NO_CANDIDATE,,,,,,,,No candidate was produced for this lesson and role.
textbook-lesson.math.algebra.a5-7,/subjects/math/algebra/systems/systems-of-inequalities/,quick-explanation,NO_CANDIDATE,,,,,,,,No candidate was produced for this lesson and role.
textbook-lesson.math.algebra.a5-7,/subjects/math/algebra/systems/systems-of-inequalities/,worked-example,NO_CANDIDATE,,,,,,,,No candidate was produced for this lesson and role.
textbook-lesson.math.algebra.a5-7,/subjects/math/algebra/systems/systems-of-inequalities/,reference,NO_CANDIDATE,,,,,,,,No candidate was produced for this lesson and role.
textbook-lesson.math.algebra.a5-7,/subjects/math/algebra/systems/systems-of-inequalities/,tool-or-visual,NO_CANDIDATE,,,,,,,,No candidate was produced for this lesson and role.
textbook-lesson.math.algebra.a5-8,/subjects/math/algebra/systems/systems-strategy-studio/,practice,NO_CANDIDATE,,,,,,,,No candidate was produced for this lesson and role.
textbook-lesson.math.algebra.a5-8,/subjects/math/algebra/systems/systems-strategy-studio/,quick-explanation,NO_CANDIDATE,,,,,,,,No candidate was produced for this lesson and role.
textbook-lesson.math.algebra.a5-8,/subjects/math/algebra/systems/systems-strategy-studio/,worked-example,NO_CANDIDATE,,,,,,,,No candidate was produced for this lesson and role.
textbook-lesson.math.algebra.a5-8,/subjects/math/algebra/systems/systems-strategy-studio/,reference,NO_CANDIDATE,,,,,,,,No candidate was produced for this lesson and role.
textbook-lesson.math.algebra.a5-8,/subjects/math/algebra/systems/systems-strategy-studio/,tool-or-visual,NO_CANDIDATE,,,,,,,,No candidate was produced for this lesson and role.
textbook-lesson.calc-1-unit-2b-derivative-applications-advanced-cauchy-mvt,/subjects/math/calculus/derivative-applications/advanced-cauchy-mvt/,practice,NO_CANDIDATE,,,,,,,,No candidate was produced for this lesson and role.
textbook-lesson.calc-1-unit-2b-derivative-applications-advanced-cauchy-mvt,/subjects/math/calculus/derivative-applications/advanced-cauchy-mvt/,quick-explanation,DEFERRED_EDITORIAL_REVIEW,,,,,,,,Candidate remains provisional because broad inferred concept/skill overlap does not prove an exact learner action.
textbook-lesson.calc-1-unit-2b-derivative-applications-advanced-cauchy-mvt,/subjects/math/calculus/derivative-applications/advanced-cauchy-mvt/,worked-example,DEFERRED_EDITORIAL_REVIEW,,,,,,,,Candidate remains provisional because broad inferred concept/skill overlap does not prove an exact learner action.
textbook-lesson.calc-1-unit-2b-derivative-applications-advanced-cauchy-mvt,/subjects/math/calculus/derivative-applications/advanced-cauchy-mvt/,reference,DEFERRED_EDITORIAL_REVIEW,,,,,,,,Candidate remains provisional because broad inferred concept/skill overlap does not prove an exact learner action.
textbook-lesson.calc-1-unit-2b-derivative-applications-advanced-cauchy-mvt,/subjects/math/calculus/derivative-applications/advanced-cauchy-mvt/,tool-or-visual,DEFERRED_EDITORIAL_REVIEW,,,,,,,,Candidate remains provisional because broad inferred concept/skill overlap does not prove an exact learner action.
textbook-lesson.calc-1-unit-2b-derivative-applications-advanced-convexity,/subjects/math/calculus/derivative-applications/advanced-convexity/,practice,NO_CANDIDATE,,,,,,,,No candidate was produced for this lesson and role.
textbook-lesson.calc-1-unit-2b-derivative-applications-advanced-convexity,/subjects/math/calculus/derivative-applications/advanced-convexity/,quick-explanation,DEFERRED_EDITORIAL_REVIEW,,,,,,,,Candidate remains provisional because broad inferred concept/skill overlap does not prove an exact learner action.
textbook-lesson.calc-1-unit-2b-derivative-applications-advanced-convexity,/subjects/math/calculus/derivative-applications/advanced-convexity/,worked-example,DEFERRED_EDITORIAL_REVIEW,,,,,,,,Candidate remains provisional because broad inferred concept/skill overlap does not prove an exact learner action.
textbook-lesson.calc-1-unit-2b-derivative-applications-advanced-convexity,/subjects/math/calculus/derivative-applications/advanced-convexity/,reference,DEFERRED_EDITORIAL_REVIEW,,,,,,,,Candidate remains provisional because broad inferred concept/skill overlap does not prove an exact learner action.
textbook-lesson.calc-1-unit-2b-derivative-applications-advanced-convexity,/subjects/math/calculus/derivative-applications/advanced-convexity/,tool-or-visual,DEFERRED_EDITORIAL_REVIEW,,,,,,,,Candidate remains provisional because broad inferred concept/skill overlap does not prove an exact learner action.
textbook-lesson.calc-1-unit-2b-derivative-applications-advanced-newton-convergence,/subjects/math/calculus/derivative-applications/advanced-newton-convergence/,practice,NO_CANDIDATE,,,,,,,,No candidate was produced for this lesson and role.
textbook-lesson.calc-1-unit-2b-derivative-applications-advanced-newton-convergence,/subjects/math/calculus/derivative-applications/advanced-newton-convergence/,quick-explanation,DEFERRED_EDITORIAL_REVIEW,,,,,,,,Candidate remains provisional because broad inferred concept/skill overlap does not prove an exact learner action.
textbook-lesson.calc-1-unit-2b-derivative-applications-advanced-newton-convergence,/subjects/math/calculus/derivative-applications/advanced-newton-convergence/,worked-example,DEFERRED_EDITORIAL_REVIEW,,,,,,,,Candidate remains provisional because broad inferred concept/skill overlap does not prove an exact learner action.
textbook-lesson.calc-1-unit-2b-derivative-applications-advanced-newton-convergence,/subjects/math/calculus/derivative-applications/advanced-newton-convergence/,reference,DEFERRED_EDITORIAL_REVIEW,,,,,,,,Candidate remains provisional because broad inferred concept/skill overlap does not prove an exact learner action.
textbook-lesson.calc-1-unit-2b-derivative-applications-advanced-newton-convergence,/subjects/math/calculus/derivative-applications/advanced-newton-convergence/,tool-or-visual,DEFERRED_EDITORIAL_REVIEW,,,,,,,,Candidate remains provisional because broad inferred concept/skill overlap does not prove an exact learner action.
textbook-lesson.calc-1-unit-2b-derivative-applications-advanced-notes,/subjects/math/calculus/derivative-applications/advanced-notes/,practice,NO_CANDIDATE,,,,,,,,No candidate was produced for this lesson and role.
textbook-lesson.calc-1-unit-2b-derivative-applications-advanced-notes,/subjects/math/calculus/derivative-applications/advanced-notes/,quick-explanation,DEFERRED_EDITORIAL_REVIEW,,,,,,,,Candidate remains provisional because broad inferred concept/skill overlap does not prove an exact learner action.
textbook-lesson.calc-1-unit-2b-derivative-applications-advanced-notes,/subjects/math/calculus/derivative-applications/advanced-notes/,worked-example,DEFERRED_EDITORIAL_REVIEW,,,,,,,,Candidate remains provisional because broad inferred concept/skill overlap does not prove an exact learner action.
textbook-lesson.calc-1-unit-2b-derivative-applications-advanced-notes,/subjects/math/calculus/derivative-applications/advanced-notes/,reference,DEFERRED_EDITORIAL_REVIEW,,,,,,,,Candidate remains provisional because broad inferred concept/skill overlap does not prove an exact learner action.
textbook-lesson.calc-1-unit-2b-derivative-applications-advanced-notes,/subjects/math/calculus/derivative-applications/advanced-notes/,tool-or-visual,DEFERRED_EDITORIAL_REVIEW,,,,,,,,Candidate remains provisional because broad inferred concept/skill overlap does not prove an exact learner action.
textbook-lesson.calc-1-unit-2b-derivative-applications-advanced-sensitivity-elasticity,/subjects/math/calculus/derivative-applications/advanced-sensitivity-elasticity/,practice,NO_CANDIDATE,,,,,,,,No candidate was produced for this lesson and role.
textbook-lesson.calc-1-unit-2b-derivative-applications-advanced-sensitivity-elasticity,/subjects/math/calculus/derivative-applications/advanced-sensitivity-elasticity/,quick-explanation,DEFERRED_EDITORIAL_REVIEW,,,,,,,,Candidate remains provisional because broad inferred concept/skill overlap does not prove an exact learner action.
textbook-lesson.calc-1-unit-2b-derivative-applications-advanced-sensitivity-elasticity,/subjects/math/calculus/derivative-applications/advanced-sensitivity-elasticity/,worked-example,DEFERRED_EDITORIAL_REVIEW,,,,,,,,Candidate remains provisional because broad inferred concept/skill overlap does not prove an exact learner action.
textbook-lesson.calc-1-unit-2b-derivative-applications-advanced-sensitivity-elasticity,/subjects/math/calculus/derivative-applications/advanced-sensitivity-elasticity/,reference,DEFERRED_EDITORIAL_REVIEW,,,,,,,,Candidate remains provisional because broad inferred concept/skill overlap does not prove an exact learner action.
textbook-lesson.calc-1-unit-2b-derivative-applications-advanced-sensitivity-elasticity,/subjects/math/calculus/derivative-applications/advanced-sensitivity-elasticity/,tool-or-visual,DEFERRED_EDITORIAL_REVIEW,,,,,,,,Candidate remains provisional because broad inferred concept/skill overlap does not prove an exact learner action.
textbook-lesson.calc-1-unit-2b-derivative-applications-anatomy-of-optimization,/subjects/math/calculus/derivative-applications/anatomy-of-optimization/,practice,APPROVED_EXACT_COMPANION,worksheet.calculus-resource-optimization,/subjects/math/calculus/worksheets/optimization/,practices,lesson-intro,Practice this skill,Manually adjudicated exact concept and instructional skill; complementary role; canonical published destination; one selected companion in this category.,high,
textbook-lesson.calc-1-unit-2b-derivative-applications-anatomy-of-optimization,/subjects/math/calculus/derivative-applications/anatomy-of-optimization/,quick-explanation,APPROVED_EXACT_COMPANION,article.resource-math-calculus-derivative-applications-optimization,/subjects/math/calculus/derivative-applications/optimization/,explains,lesson-footer,See a quick explanation,Manually adjudicated exact concept and instructional skill; complementary role; canonical published destination; one selected companion in this category.,high,
textbook-lesson.calc-1-unit-2b-derivative-applications-anatomy-of-optimization,/subjects/math/calculus/derivative-applications/anatomy-of-optimization/,worked-example,APPROVED_EXACT_COMPANION,worked-problem.worked-problem-fencing-optimization,/subjects/math/calculus/worked-problems/fencing-optimization/,explains,lesson-footer,See a worked example,Manually adjudicated exact concept and instructional skill; complementary role; canonical published destination; one selected companion in this category.,high,
textbook-lesson.calc-1-unit-2b-derivative-applications-anatomy-of-optimization,/subjects/math/calculus/derivative-applications/anatomy-of-optimization/,reference,APPROVED_EXACT_COMPANION,glossary-term.glossary-resource-optimization,/glossary/math/optimization/,references,lesson-footer,Review the definition,Manually adjudicated exact concept and instructional skill; complementary role; canonical published destination; one selected companion in this category.,high,
textbook-lesson.calc-1-unit-2b-derivative-applications-anatomy-of-optimization,/subjects/math/calculus/derivative-applications/anatomy-of-optimization/,tool-or-visual,NO_CANDIDATE,,,,,,,,No candidate was produced for this lesson and role.
textbook-lesson.calc-1-unit-2b-derivative-applications-approximation-concept-quiz,/subjects/math/calculus/derivative-applications/approximation-concept-quiz/,practice,NO_CANDIDATE,,,,,,,,No candidate was produced for this lesson and role.
textbook-lesson.calc-1-unit-2b-derivative-applications-approximation-concept-quiz,/subjects/math/calculus/derivative-applications/approximation-concept-quiz/,quick-explanation,DEFERRED_EDITORIAL_REVIEW,,,,,,,,Candidate remains provisional because broad inferred concept/skill overlap does not prove an exact learner action.
textbook-lesson.calc-1-unit-2b-derivative-applications-approximation-concept-quiz,/subjects/math/calculus/derivative-applications/approximation-concept-quiz/,worked-example,DEFERRED_EDITORIAL_REVIEW,,,,,,,,Candidate remains provisional because broad inferred concept/skill overlap does not prove an exact learner action.
textbook-lesson.calc-1-unit-2b-derivative-applications-approximation-concept-quiz,/subjects/math/calculus/derivative-applications/approximation-concept-quiz/,reference,DEFERRED_EDITORIAL_REVIEW,,,,,,,,Candidate remains provisional because broad inferred concept/skill overlap does not prove an exact learner action.
textbook-lesson.calc-1-unit-2b-derivative-applications-approximation-concept-quiz,/subjects/math/calculus/derivative-applications/approximation-concept-quiz/,tool-or-visual,DEFERRED_EDITORIAL_REVIEW,,,,,,,,Candidate remains provisional because broad inferred concept/skill overlap does not prove an exact learner action.
textbook-lesson.calc-1-unit-2b-derivative-applications-approximation-review,/subjects/math/calculus/derivative-applications/approximation-review/,practice,NO_CANDIDATE,,,,,,,,No candidate was produced for this lesson and role.
textbook-lesson.calc-1-unit-2b-derivative-applications-approximation-review,/subjects/math/calculus/derivative-applications/approximation-review/,quick-explanation,DEFERRED_EDITORIAL_REVIEW,,,,,,,,Candidate remains provisional because broad inferred concept/skill overlap does not prove an exact learner action.
textbook-lesson.calc-1-unit-2b-derivative-applications-approximation-review,/subjects/math/calculus/derivative-applications/approximation-review/,worked-example,DEFERRED_EDITORIAL_REVIEW,,,,,,,,Candidate remains provisional because broad inferred concept/skill overlap does not prove an exact learner action.
textbook-lesson.calc-1-unit-2b-derivative-applications-approximation-review,/subjects/math/calculus/derivative-applications/approximation-review/,reference,DEFERRED_EDITORIAL_REVIEW,,,,,,,,Candidate remains provisional because broad inferred concept/skill overlap does not prove an exact learner action.
textbook-lesson.calc-1-unit-2b-derivative-applications-approximation-review,/subjects/math/calculus/derivative-applications/approximation-review/,tool-or-visual,DEFERRED_EDITORIAL_REVIEW,,,,,,,,Candidate remains provisional because broad inferred concept/skill overlap does not prove an exact learner action.
textbook-lesson.calc-1-unit-2b-derivative-applications-bridge-diagnostic,/subjects/math/calculus/derivative-applications/bridge-diagnostic/,practice,NO_CANDIDATE,,,,,,,,No candidate was produced for this lesson and role.
textbook-lesson.calc-1-unit-2b-derivative-applications-bridge-diagnostic,/subjects/math/calculus/derivative-applications/bridge-diagnostic/,quick-explanation,DEFERRED_EDITORIAL_REVIEW,,,,,,,,Candidate remains provisional because broad inferred concept/skill overlap does not prove an exact learner action.
textbook-lesson.calc-1-unit-2b-derivative-applications-bridge-diagnostic,/subjects/math/calculus/derivative-applications/bridge-diagnostic/,worked-example,DEFERRED_EDITORIAL_REVIEW,,,,,,,,Candidate remains provisional because broad inferred concept/skill overlap does not prove an exact learner action.
textbook-lesson.calc-1-unit-2b-derivative-applications-bridge-diagnostic,/subjects/math/calculus/derivative-applications/bridge-diagnostic/,reference,DEFERRED_EDITORIAL_REVIEW,,,,,,,,Candidate remains provisional because broad inferred concept/skill overlap does not prove an exact learner action.
textbook-lesson.calc-1-unit-2b-derivative-applications-bridge-diagnostic,/subjects/math/calculus/derivative-applications/bridge-diagnostic/,tool-or-visual,DEFERRED_EDITORIAL_REVIEW,,,,,,,,Candidate remains provisional because broad inferred concept/skill overlap does not prove an exact learner action.
textbook-lesson.calc-1-unit-2b-derivative-applications-closed-interval-method,/subjects/math/calculus/derivative-applications/closed-interval-method/,practice,NO_CANDIDATE,,,,,,,,No candidate was produced for this lesson and role.
textbook-lesson.calc-1-unit-2b-derivative-applications-closed-interval-method,/subjects/math/calculus/derivative-applications/closed-interval-method/,quick-explanation,DEFERRED_EDITORIAL_REVIEW,,,,,,,,Candidate remains provisional because broad inferred concept/skill overlap does not prove an exact learner action.
textbook-lesson.calc-1-unit-2b-derivative-applications-closed-interval-method,/subjects/math/calculus/derivative-applications/closed-interval-method/,worked-example,DEFERRED_EDITORIAL_REVIEW,,,,,,,,Candidate remains provisional because broad inferred concept/skill overlap does not prove an exact learner action.
textbook-lesson.calc-1-unit-2b-derivative-applications-closed-interval-method,/subjects/math/calculus/derivative-applications/closed-interval-method/,reference,DEFERRED_EDITORIAL_REVIEW,,,,,,,,Candidate remains provisional because broad inferred concept/skill overlap does not prove an exact learner action.
textbook-lesson.calc-1-unit-2b-derivative-applications-closed-interval-method,/subjects/math/calculus/derivative-applications/closed-interval-method/,tool-or-visual,DEFERRED_EDITORIAL_REVIEW,,,,,,,,Candidate remains provisional because broad inferred concept/skill overlap does not prove an exact learner action.
textbook-lesson.calc-1-unit-2b-derivative-applications-common-errors,/subjects/math/calculus/derivative-applications/common-errors/,practice,DEFERRED_EDITORIAL_REVIEW,,,,,,,,Candidate remains provisional because broad inferred concept/skill overlap does not prove an exact learner action.
textbook-lesson.calc-1-unit-2b-derivative-applications-common-errors,/subjects/math/calculus/derivative-applications/common-errors/,quick-explanation,DEFERRED_EDITORIAL_REVIEW,,,,,,,,Candidate remains provisional because broad inferred concept/skill overlap does not prove an exact learner action.
textbook-lesson.calc-1-unit-2b-derivative-applications-common-errors,/subjects/math/calculus/derivative-applications/common-errors/,worked-example,DEFERRED_EDITORIAL_REVIEW,,,,,,,,Candidate remains provisional because broad inferred concept/skill overlap does not prove an exact learner action.
textbook-lesson.calc-1-unit-2b-derivative-applications-common-errors,/subjects/math/calculus/derivative-applications/common-errors/,reference,DEFERRED_EDITORIAL_REVIEW,,,,,,,,Candidate remains provisional because broad inferred concept/skill overlap does not prove an exact learner action.
textbook-lesson.calc-1-unit-2b-derivative-applications-common-errors,/subjects/math/calculus/derivative-applications/common-errors/,tool-or-visual,NO_CANDIDATE,,,,,,,,No candidate was produced for this lesson and role.
textbook-lesson.calc-1-unit-2b-derivative-applications-concavity,/subjects/math/calculus/derivative-applications/concavity/,practice,NO_CANDIDATE,,,,,,,,No candidate was produced for this lesson and role.
textbook-lesson.calc-1-unit-2b-derivative-applications-concavity,/subjects/math/calculus/derivative-applications/concavity/,quick-explanation,DEFERRED_EDITORIAL_REVIEW,,,,,,,,Candidate remains provisional because broad inferred concept/skill overlap does not prove an exact learner action.
textbook-lesson.calc-1-unit-2b-derivative-applications-concavity,/subjects/math/calculus/derivative-applications/concavity/,worked-example,DEFERRED_EDITORIAL_REVIEW,,,,,,,,Candidate remains provisional because broad inferred concept/skill overlap does not prove an exact learner action.
textbook-lesson.calc-1-unit-2b-derivative-applications-concavity,/subjects/math/calculus/derivative-applications/concavity/,reference,DEFERRED_EDITORIAL_REVIEW,,,,,,,,Candidate remains provisional because broad inferred concept/skill overlap does not prove an exact learner action.
textbook-lesson.calc-1-unit-2b-derivative-applications-concavity,/subjects/math/calculus/derivative-applications/concavity/,tool-or-visual,DEFERRED_EDITORIAL_REVIEW,,,,,,,,Candidate remains provisional because broad inferred concept/skill overlap does not prove an exact learner action.
textbook-lesson.calc-1-unit-2b-derivative-applications-cumulative-practice,/subjects/math/calculus/derivative-applications/cumulative-practice/,practice,NO_CANDIDATE,,,,,,,,No candidate was produced for this lesson and role.
textbook-lesson.calc-1-unit-2b-derivative-applications-cumulative-practice,/subjects/math/calculus/derivative-applications/cumulative-practice/,quick-explanation,DEFERRED_EDITORIAL_REVIEW,,,,,,,,Candidate remains provisional because broad inferred concept/skill overlap does not prove an exact learner action.
textbook-lesson.calc-1-unit-2b-derivative-applications-cumulative-practice,/subjects/math/calculus/derivative-applications/cumulative-practice/,worked-example,DEFERRED_EDITORIAL_REVIEW,,,,,,,,Candidate remains provisional because broad inferred concept/skill overlap does not prove an exact learner action.
textbook-lesson.calc-1-unit-2b-derivative-applications-cumulative-practice,/subjects/math/calculus/derivative-applications/cumulative-practice/,reference,DEFERRED_EDITORIAL_REVIEW,,,,,,,,Candidate remains provisional because broad inferred concept/skill overlap does not prove an exact learner action.
textbook-lesson.calc-1-unit-2b-derivative-applications-cumulative-practice,/subjects/math/calculus/derivative-applications/cumulative-practice/,tool-or-visual,DEFERRED_EDITORIAL_REVIEW,,,,,,,,Candidate remains provisional because broad inferred concept/skill overlap does not prove an exact learner action.
textbook-lesson.calc-1-unit-2b-derivative-applications-curve-sketching,/subjects/math/calculus/derivative-applications/curve-sketching/,practice,NO_CANDIDATE,,,,,,,,No candidate was produced for this lesson and role.
textbook-lesson.calc-1-unit-2b-derivative-applications-curve-sketching,/subjects/math/calculus/derivative-applications/curve-sketching/,quick-explanation,APPROVED_EXACT_COMPANION,article.resource-math-calculus-derivative-applications-curve-sketching-from-derivatives,/subjects/math/calculus/derivative-applications/curve-sketching-from-derivatives/,explains,lesson-footer,See a quick explanation,Manually adjudicated exact concept and instructional skill; complementary role; canonical published destination; one selected companion in this category.,high,
textbook-lesson.calc-1-unit-2b-derivative-applications-curve-sketching,/subjects/math/calculus/derivative-applications/curve-sketching/,worked-example,DEFERRED_EDITORIAL_REVIEW,,,,,,,,Candidate remains provisional because broad inferred concept/skill overlap does not prove an exact learner action.
textbook-lesson.calc-1-unit-2b-derivative-applications-curve-sketching,/subjects/math/calculus/derivative-applications/curve-sketching/,reference,DEFERRED_EDITORIAL_REVIEW,,,,,,,,Candidate remains provisional because broad inferred concept/skill overlap does not prove an exact learner action.
textbook-lesson.calc-1-unit-2b-derivative-applications-curve-sketching,/subjects/math/calculus/derivative-applications/curve-sketching/,tool-or-visual,DEFERRED_EDITORIAL_REVIEW,,,,,,,,Candidate remains provisional because broad inferred concept/skill overlap does not prove an exact learner action.
textbook-lesson.calc-1-unit-2b-derivative-applications-derivative-graphs,/subjects/math/calculus/derivative-applications/derivative-graphs/,practice,NO_CANDIDATE,,,,,,,,No candidate was produced for this lesson and role.
textbook-lesson.calc-1-unit-2b-derivative-applications-derivative-graphs,/subjects/math/calculus/derivative-applications/derivative-graphs/,quick-explanation,DEFERRED_EDITORIAL_REVIEW,,,,,,,,Candidate remains provisional because broad inferred concept/skill overlap does not prove an exact learner action.
textbook-lesson.calc-1-unit-2b-derivative-applications-derivative-graphs,/subjects/math/calculus/derivative-applications/derivative-graphs/,worked-example,DEFERRED_EDITORIAL_REVIEW,,,,,,,,Candidate remains provisional because broad inferred concept/skill overlap does not prove an exact learner action.
textbook-lesson.calc-1-unit-2b-derivative-applications-derivative-graphs,/subjects/math/calculus/derivative-applications/derivative-graphs/,reference,DEFERRED_EDITORIAL_REVIEW,,,,,,,,Candidate remains provisional because broad inferred concept/skill overlap does not prove an exact learner action.
textbook-lesson.calc-1-unit-2b-derivative-applications-derivative-graphs,/subjects/math/calculus/derivative-applications/derivative-graphs/,tool-or-visual,DEFERRED_EDITORIAL_REVIEW,,,,,,,,Candidate remains provisional because broad inferred concept/skill overlap does not prove an exact learner action.
textbook-lesson.calc-1-unit-2b-derivative-applications-differentials,/subjects/math/calculus/derivative-applications/differentials/,practice,NO_CANDIDATE,,,,,,,,No candidate was produced for this lesson and role.
textbook-lesson.calc-1-unit-2b-derivative-applications-differentials,/subjects/math/calculus/derivative-applications/differentials/,quick-explanation,DEFERRED_EDITORIAL_REVIEW,,,,,,,,Candidate remains provisional because broad inferred concept/skill overlap does not prove an exact learner action.
textbook-lesson.calc-1-unit-2b-derivative-applications-differentials,/subjects/math/calculus/derivative-applications/differentials/,worked-example,DEFERRED_EDITORIAL_REVIEW,,,,,,,,Candidate remains provisional because broad inferred concept/skill overlap does not prove an exact learner action.
textbook-lesson.calc-1-unit-2b-derivative-applications-differentials,/subjects/math/calculus/derivative-applications/differentials/,reference,DEFERRED_EDITORIAL_REVIEW,,,,,,,,Candidate remains provisional because broad inferred concept/skill overlap does not prove an exact learner action.
textbook-lesson.calc-1-unit-2b-derivative-applications-differentials,/subjects/math/calculus/derivative-applications/differentials/,tool-or-visual,DEFERRED_EDITORIAL_REVIEW,,,,,,,,Candidate remains provisional because broad inferred concept/skill overlap does not prove an exact learner action.
textbook-lesson.calc-1-unit-2b-derivative-applications-error-estimation,/subjects/math/calculus/derivative-applications/error-estimation/,practice,NO_CANDIDATE,,,,,,,,No candidate was produced for this lesson and role.
textbook-lesson.calc-1-unit-2b-derivative-applications-error-estimation,/subjects/math/calculus/derivative-applications/error-estimation/,quick-explanation,DEFERRED_EDITORIAL_REVIEW,,,,,,,,Candidate remains provisional because broad inferred concept/skill overlap does not prove an exact learner action.
textbook-lesson.calc-1-unit-2b-derivative-applications-error-estimation,/subjects/math/calculus/derivative-applications/error-estimation/,worked-example,DEFERRED_EDITORIAL_REVIEW,,,,,,,,Candidate remains provisional because broad inferred concept/skill overlap does not prove an exact learner action.
textbook-lesson.calc-1-unit-2b-derivative-applications-error-estimation,/subjects/math/calculus/derivative-applications/error-estimation/,reference,DEFERRED_EDITORIAL_REVIEW,,,,,,,,Candidate remains provisional because broad inferred concept/skill overlap does not prove an exact learner action.
textbook-lesson.calc-1-unit-2b-derivative-applications-error-estimation,/subjects/math/calculus/derivative-applications/error-estimation/,tool-or-visual,DEFERRED_EDITORIAL_REVIEW,,,,,,,,Candidate remains provisional because broad inferred concept/skill overlap does not prove an exact learner action.
textbook-lesson.calc-1-unit-2b-derivative-applications-extrema-and-critical-numbers,/subjects/math/calculus/derivative-applications/extrema-and-critical-numbers/,practice,NO_CANDIDATE,,,,,,,,No candidate was produced for this lesson and role.
textbook-lesson.calc-1-unit-2b-derivative-applications-extrema-and-critical-numbers,/subjects/math/calculus/derivative-applications/extrema-and-critical-numbers/,quick-explanation,DEFERRED_EDITORIAL_REVIEW,,,,,,,,Candidate remains provisional because broad inferred concept/skill overlap does not prove an exact learner action.
textbook-lesson.calc-1-unit-2b-derivative-applications-extrema-and-critical-numbers,/subjects/math/calculus/derivative-applications/extrema-and-critical-numbers/,worked-example,DEFERRED_EDITORIAL_REVIEW,,,,,,,,Candidate remains provisional because broad inferred concept/skill overlap does not prove an exact learner action.
textbook-lesson.calc-1-unit-2b-derivative-applications-extrema-and-critical-numbers,/subjects/math/calculus/derivative-applications/extrema-and-critical-numbers/,reference,DEFERRED_EDITORIAL_REVIEW,,,,,,,,Candidate remains provisional because broad inferred concept/skill overlap does not prove an exact learner action.
textbook-lesson.calc-1-unit-2b-derivative-applications-extrema-and-critical-numbers,/subjects/math/calculus/derivative-applications/extrema-and-critical-numbers/,tool-or-visual,DEFERRED_EDITORIAL_REVIEW,,,,,,,,Candidate remains provisional because broad inferred concept/skill overlap does not prove an exact learner action.
textbook-lesson.calc-1-unit-2b-derivative-applications-first-derivative-test,/subjects/math/calculus/derivative-applications/first-derivative-test/,practice,NO_CANDIDATE,,,,,,,,No candidate was produced for this lesson and role.
textbook-lesson.calc-1-unit-2b-derivative-applications-first-derivative-test,/subjects/math/calculus/derivative-applications/first-derivative-test/,quick-explanation,DEFERRED_EDITORIAL_REVIEW,,,,,,,,Candidate remains provisional because broad inferred concept/skill overlap does not prove an exact learner action.
textbook-lesson.calc-1-unit-2b-derivative-applications-first-derivative-test,/subjects/math/calculus/derivative-applications/first-derivative-test/,worked-example,DEFERRED_EDITORIAL_REVIEW,,,,,,,,Candidate remains provisional because broad inferred concept/skill overlap does not prove an exact learner action.
textbook-lesson.calc-1-unit-2b-derivative-applications-first-derivative-test,/subjects/math/calculus/derivative-applications/first-derivative-test/,reference,DEFERRED_EDITORIAL_REVIEW,,,,,,,,Candidate remains provisional because broad inferred concept/skill overlap does not prove an exact learner action.
textbook-lesson.calc-1-unit-2b-derivative-applications-first-derivative-test,/subjects/math/calculus/derivative-applications/first-derivative-test/,tool-or-visual,DEFERRED_EDITORIAL_REVIEW,,,,,,,,Candidate remains provisional because broad inferred concept/skill overlap does not prove an exact learner action.
textbook-lesson.calc-1-unit-2b-derivative-applications-graph-analysis-story,/subjects/math/calculus/derivative-applications/graph-analysis-story/,practice,NO_CANDIDATE,,,,,,,,No candidate was produced for this lesson and role.
textbook-lesson.calc-1-unit-2b-derivative-applications-graph-analysis-story,/subjects/math/calculus/derivative-applications/graph-analysis-story/,quick-explanation,DEFERRED_EDITORIAL_REVIEW,,,,,,,,Candidate remains provisional because broad inferred concept/skill overlap does not prove an exact learner action.
textbook-lesson.calc-1-unit-2b-derivative-applications-graph-analysis-story,/subjects/math/calculus/derivative-applications/graph-analysis-story/,worked-example,DEFERRED_EDITORIAL_REVIEW,,,,,,,,Candidate remains provisional because broad inferred concept/skill overlap does not prove an exact learner action.
textbook-lesson.calc-1-unit-2b-derivative-applications-graph-analysis-story,/subjects/math/calculus/derivative-applications/graph-analysis-story/,reference,DEFERRED_EDITORIAL_REVIEW,,,,,,,,Candidate remains provisional because broad inferred concept/skill overlap does not prove an exact learner action.
textbook-lesson.calc-1-unit-2b-derivative-applications-graph-analysis-story,/subjects/math/calculus/derivative-applications/graph-analysis-story/,tool-or-visual,DEFERRED_EDITORIAL_REVIEW,,,,,,,,Candidate remains provisional because broad inferred concept/skill overlap does not prove an exact learner action.
textbook-lesson.calc-1-unit-2b-derivative-applications-how-to-translate-word-problems,/subjects/math/calculus/derivative-applications/how-to-translate-word-problems/,practice,NO_CANDIDATE,,,,,,,,No candidate was produced for this lesson and role.
textbook-lesson.calc-1-unit-2b-derivative-applications-how-to-translate-word-problems,/subjects/math/calculus/derivative-applications/how-to-translate-word-problems/,quick-explanation,DEFERRED_EDITORIAL_REVIEW,,,,,,,,Candidate remains provisional because broad inferred concept/skill overlap does not prove an exact learner action.
textbook-lesson.calc-1-unit-2b-derivative-applications-how-to-translate-word-problems,/subjects/math/calculus/derivative-applications/how-to-translate-word-problems/,worked-example,DEFERRED_EDITORIAL_REVIEW,,,,,,,,Candidate remains provisional because broad inferred concept/skill overlap does not prove an exact learner action.
textbook-lesson.calc-1-unit-2b-derivative-applications-how-to-translate-word-problems,/subjects/math/calculus/derivative-applications/how-to-translate-word-problems/,reference,DEFERRED_EDITORIAL_REVIEW,,,,,,,,Candidate remains provisional because broad inferred concept/skill overlap does not prove an exact learner action.
textbook-lesson.calc-1-unit-2b-derivative-applications-how-to-translate-word-problems,/subjects/math/calculus/derivative-applications/how-to-translate-word-problems/,tool-or-visual,DEFERRED_EDITORIAL_REVIEW,,,,,,,,Candidate remains provisional because broad inferred concept/skill overlap does not prove an exact learner action.
textbook-lesson.calc-1-unit-2b-derivative-applications-increasing-decreasing,/subjects/math/calculus/derivative-applications/increasing-decreasing/,practice,NO_CANDIDATE,,,,,,,,No candidate was produced for this lesson and role.
textbook-lesson.calc-1-unit-2b-derivative-applications-increasing-decreasing,/subjects/math/calculus/derivative-applications/increasing-decreasing/,quick-explanation,DEFERRED_EDITORIAL_REVIEW,,,,,,,,Candidate remains provisional because broad inferred concept/skill overlap does not prove an exact learner action.
textbook-lesson.calc-1-unit-2b-derivative-applications-increasing-decreasing,/subjects/math/calculus/derivative-applications/increasing-decreasing/,worked-example,DEFERRED_EDITORIAL_REVIEW,,,,,,,,Candidate remains provisional because broad inferred concept/skill overlap does not prove an exact learner action.
textbook-lesson.calc-1-unit-2b-derivative-applications-increasing-decreasing,/subjects/math/calculus/derivative-applications/increasing-decreasing/,reference,DEFERRED_EDITORIAL_REVIEW,,,,,,,,Candidate remains provisional because broad inferred concept/skill overlap does not prove an exact learner action.
textbook-lesson.calc-1-unit-2b-derivative-applications-increasing-decreasing,/subjects/math/calculus/derivative-applications/increasing-decreasing/,tool-or-visual,DEFERRED_EDITORIAL_REVIEW,,,,,,,,Candidate remains provisional because broad inferred concept/skill overlap does not prove an exact learner action.
textbook-lesson.calc-1-unit-2b-derivative-applications-interpretation-concept-quiz,/subjects/math/calculus/derivative-applications/interpretation-concept-quiz/,practice,NO_CANDIDATE,,,,,,,,No candidate was produced for this lesson and role.
textbook-lesson.calc-1-unit-2b-derivative-applications-interpretation-concept-quiz,/subjects/math/calculus/derivative-applications/interpretation-concept-quiz/,quick-explanation,DEFERRED_EDITORIAL_REVIEW,,,,,,,,Candidate remains provisional because broad inferred concept/skill overlap does not prove an exact learner action.
textbook-lesson.calc-1-unit-2b-derivative-applications-interpretation-concept-quiz,/subjects/math/calculus/derivative-applications/interpretation-concept-quiz/,worked-example,DEFERRED_EDITORIAL_REVIEW,,,,,,,,Candidate remains provisional because broad inferred concept/skill overlap does not prove an exact learner action.
textbook-lesson.calc-1-unit-2b-derivative-applications-interpretation-concept-quiz,/subjects/math/calculus/derivative-applications/interpretation-concept-quiz/,reference,DEFERRED_EDITORIAL_REVIEW,,,,,,,,Candidate remains provisional because broad inferred concept/skill overlap does not prove an exact learner action.
textbook-lesson.calc-1-unit-2b-derivative-applications-interpretation-concept-quiz,/subjects/math/calculus/derivative-applications/interpretation-concept-quiz/,tool-or-visual,DEFERRED_EDITORIAL_REVIEW,,,,,,,,Candidate remains provisional because broad inferred concept/skill overlap does not prove an exact learner action.
textbook-lesson.calc-1-unit-2b-derivative-applications-interpretation-review,/subjects/math/calculus/derivative-applications/interpretation-review/,practice,NO_CANDIDATE,,,,,,,,No candidate was produced for this lesson and role.
textbook-lesson.calc-1-unit-2b-derivative-applications-interpretation-review,/subjects/math/calculus/derivative-applications/interpretation-review/,quick-explanation,DEFERRED_EDITORIAL_REVIEW,,,,,,,,Candidate remains provisional because broad inferred concept/skill overlap does not prove an exact learner action.
textbook-lesson.calc-1-unit-2b-derivative-applications-interpretation-review,/subjects/math/calculus/derivative-applications/interpretation-review/,worked-example,DEFERRED_EDITORIAL_REVIEW,,,,,,,,Candidate remains provisional because broad inferred concept/skill overlap does not prove an exact learner action.
textbook-lesson.calc-1-unit-2b-derivative-applications-interpretation-review,/subjects/math/calculus/derivative-applications/interpretation-review/,reference,DEFERRED_EDITORIAL_REVIEW,,,,,,,,Candidate remains provisional because broad inferred concept/skill overlap does not prove an exact learner action.
textbook-lesson.calc-1-unit-2b-derivative-applications-interpretation-review,/subjects/math/calculus/derivative-applications/interpretation-review/,tool-or-visual,DEFERRED_EDITORIAL_REVIEW,,,,,,,,Candidate remains provisional because broad inferred concept/skill overlap does not prove an exact learner action.
textbook-lesson.calc-1-unit-2b-derivative-applications-interpreting-derivatives,/subjects/math/calculus/derivative-applications/interpreting-derivatives/,practice,NO_CANDIDATE,,,,,,,,No candidate was produced for this lesson and role.
textbook-lesson.calc-1-unit-2b-derivative-applications-interpreting-derivatives,/subjects/math/calculus/derivative-applications/interpreting-derivatives/,quick-explanation,DEFERRED_EDITORIAL_REVIEW,,,,,,,,Candidate remains provisional because broad inferred concept/skill overlap does not prove an exact learner action.
textbook-lesson.calc-1-unit-2b-derivative-applications-interpreting-derivatives,/subjects/math/calculus/derivative-applications/interpreting-derivatives/,worked-example,DEFERRED_EDITORIAL_REVIEW,,,,,,,,Candidate remains provisional because broad inferred concept/skill overlap does not prove an exact learner action.
textbook-lesson.calc-1-unit-2b-derivative-applications-interpreting-derivatives,/subjects/math/calculus/derivative-applications/interpreting-derivatives/,reference,DEFERRED_EDITORIAL_REVIEW,,,,,,,,Candidate remains provisional because broad inferred concept/skill overlap does not prove an exact learner action.
textbook-lesson.calc-1-unit-2b-derivative-applications-interpreting-derivatives,/subjects/math/calculus/derivative-applications/interpreting-derivatives/,tool-or-visual,DEFERRED_EDITORIAL_REVIEW,,,,,,,,Candidate remains provisional because broad inferred concept/skill overlap does not prove an exact learner action.
textbook-lesson.calc-1-unit-2b-derivative-applications-interpreting-higher-derivatives,/subjects/math/calculus/derivative-applications/interpreting-higher-derivatives/,practice,NO_CANDIDATE,,,,,,,,No candidate was produced for this lesson and role.
textbook-lesson.calc-1-unit-2b-derivative-applications-interpreting-higher-derivatives,/subjects/math/calculus/derivative-applications/interpreting-higher-derivatives/,quick-explanation,DEFERRED_EDITORIAL_REVIEW,,,,,,,,Candidate remains provisional because broad inferred concept/skill overlap does not prove an exact learner action.
textbook-lesson.calc-1-unit-2b-derivative-applications-interpreting-higher-derivatives,/subjects/math/calculus/derivative-applications/interpreting-higher-derivatives/,worked-example,DEFERRED_EDITORIAL_REVIEW,,,,,,,,Candidate remains provisional because broad inferred concept/skill overlap does not prove an exact learner action.
textbook-lesson.calc-1-unit-2b-derivative-applications-interpreting-higher-derivatives,/subjects/math/calculus/derivative-applications/interpreting-higher-derivatives/,reference,DEFERRED_EDITORIAL_REVIEW,,,,,,,,Candidate remains provisional because broad inferred concept/skill overlap does not prove an exact learner action.
textbook-lesson.calc-1-unit-2b-derivative-applications-interpreting-higher-derivatives,/subjects/math/calculus/derivative-applications/interpreting-higher-derivatives/,tool-or-visual,DEFERRED_EDITORIAL_REVIEW,,,,,,,,Candidate remains provisional because broad inferred concept/skill overlap does not prove an exact learner action.
textbook-lesson.calc-1-unit-2b-derivative-applications-lhopital-concept-quiz,/subjects/math/calculus/derivative-applications/lhopital-concept-quiz/,practice,NO_CANDIDATE,,,,,,,,No candidate was produced for this lesson and role.
textbook-lesson.calc-1-unit-2b-derivative-applications-lhopital-concept-quiz,/subjects/math/calculus/derivative-applications/lhopital-concept-quiz/,quick-explanation,DEFERRED_EDITORIAL_REVIEW,,,,,,,,Candidate remains provisional because broad inferred concept/skill overlap does not prove an exact learner action.
textbook-lesson.calc-1-unit-2b-derivative-applications-lhopital-concept-quiz,/subjects/math/calculus/derivative-applications/lhopital-concept-quiz/,worked-example,DEFERRED_EDITORIAL_REVIEW,,,,,,,,Candidate remains provisional because broad inferred concept/skill overlap does not prove an exact learner action.
textbook-lesson.calc-1-unit-2b-derivative-applications-lhopital-concept-quiz,/subjects/math/calculus/derivative-applications/lhopital-concept-quiz/,reference,DEFERRED_EDITORIAL_REVIEW,,,,,,,,Candidate remains provisional because broad inferred concept/skill overlap does not prove an exact learner action.
textbook-lesson.calc-1-unit-2b-derivative-applications-lhopital-concept-quiz,/subjects/math/calculus/derivative-applications/lhopital-concept-quiz/,tool-or-visual,DEFERRED_EDITORIAL_REVIEW,,,,,,,,Candidate remains provisional because broad inferred concept/skill overlap does not prove an exact learner action.
textbook-lesson.calc-1-unit-2b-derivative-applications-lhopital-infinity-over-infinity,/subjects/math/calculus/derivative-applications/lhopital-infinity-over-infinity/,practice,NO_CANDIDATE,,,,,,,,No candidate was produced for this lesson and role.
textbook-lesson.calc-1-unit-2b-derivative-applications-lhopital-infinity-over-infinity,/subjects/math/calculus/derivative-applications/lhopital-infinity-over-infinity/,quick-explanation,DEFERRED_EDITORIAL_REVIEW,,,,,,,,Candidate remains provisional because broad inferred concept/skill overlap does not prove an exact learner action.
textbook-lesson.calc-1-unit-2b-derivative-applications-lhopital-infinity-over-infinity,/subjects/math/calculus/derivative-applications/lhopital-infinity-over-infinity/,worked-example,DEFERRED_EDITORIAL_REVIEW,,,,,,,,Candidate remains provisional because broad inferred concept/skill overlap does not prove an exact learner action.
textbook-lesson.calc-1-unit-2b-derivative-applications-lhopital-infinity-over-infinity,/subjects/math/calculus/derivative-applications/lhopital-infinity-over-infinity/,reference,DEFERRED_EDITORIAL_REVIEW,,,,,,,,Candidate remains provisional because broad inferred concept/skill overlap does not prove an exact learner action.
textbook-lesson.calc-1-unit-2b-derivative-applications-lhopital-infinity-over-infinity,/subjects/math/calculus/derivative-applications/lhopital-infinity-over-infinity/,tool-or-visual,DEFERRED_EDITORIAL_REVIEW,,,,,,,,Candidate remains provisional because broad inferred concept/skill overlap does not prove an exact learner action.
textbook-lesson.calc-1-unit-2b-derivative-applications-lhopital-is-not-cancellation,/subjects/math/calculus/derivative-applications/lhopital-is-not-cancellation/,practice,NO_CANDIDATE,,,,,,,,No candidate was produced for this lesson and role.
textbook-lesson.calc-1-unit-2b-derivative-applications-lhopital-is-not-cancellation,/subjects/math/calculus/derivative-applications/lhopital-is-not-cancellation/,quick-explanation,DEFERRED_EDITORIAL_REVIEW,,,,,,,,Candidate remains provisional because broad inferred concept/skill overlap does not prove an exact learner action.
textbook-lesson.calc-1-unit-2b-derivative-applications-lhopital-is-not-cancellation,/subjects/math/calculus/derivative-applications/lhopital-is-not-cancellation/,worked-example,DEFERRED_EDITORIAL_REVIEW,,,,,,,,Candidate remains provisional because broad inferred concept/skill overlap does not prove an exact learner action.
textbook-lesson.calc-1-unit-2b-derivative-applications-lhopital-is-not-cancellation,/subjects/math/calculus/derivative-applications/lhopital-is-not-cancellation/,reference,DEFERRED_EDITORIAL_REVIEW,,,,,,,,Candidate remains provisional because broad inferred concept/skill overlap does not prove an exact learner action.
textbook-lesson.calc-1-unit-2b-derivative-applications-lhopital-is-not-cancellation,/subjects/math/calculus/derivative-applications/lhopital-is-not-cancellation/,tool-or-visual,DEFERRED_EDITORIAL_REVIEW,,,,,,,,Candidate remains provisional because broad inferred concept/skill overlap does not prove an exact learner action.
textbook-lesson.calc-1-unit-2b-derivative-applications-lhopital-review,/subjects/math/calculus/derivative-applications/lhopital-review/,practice,NO_CANDIDATE,,,,,,,,No candidate was produced for this lesson and role.
textbook-lesson.calc-1-unit-2b-derivative-applications-lhopital-review,/subjects/math/calculus/derivative-applications/lhopital-review/,quick-explanation,DEFERRED_EDITORIAL_REVIEW,,,,,,,,Candidate remains provisional because broad inferred concept/skill overlap does not prove an exact learner action.
textbook-lesson.calc-1-unit-2b-derivative-applications-lhopital-review,/subjects/math/calculus/derivative-applications/lhopital-review/,worked-example,DEFERRED_EDITORIAL_REVIEW,,,,,,,,Candidate remains provisional because broad inferred concept/skill overlap does not prove an exact learner action.
textbook-lesson.calc-1-unit-2b-derivative-applications-lhopital-review,/subjects/math/calculus/derivative-applications/lhopital-review/,reference,DEFERRED_EDITORIAL_REVIEW,,,,,,,,Candidate remains provisional because broad inferred concept/skill overlap does not prove an exact learner action.
textbook-lesson.calc-1-unit-2b-derivative-applications-lhopital-review,/subjects/math/calculus/derivative-applications/lhopital-review/,tool-or-visual,DEFERRED_EDITORIAL_REVIEW,,,,,,,,Candidate remains provisional because broad inferred concept/skill overlap does not prove an exact learner action.
textbook-lesson.calc-1-unit-2b-derivative-applications-lhopital-rule,/subjects/math/calculus/derivative-applications/lhopital-rule/,practice,NO_CANDIDATE,,,,,,,,No candidate was produced for this lesson and role.
textbook-lesson.calc-1-unit-2b-derivative-applications-lhopital-rule,/subjects/math/calculus/derivative-applications/lhopital-rule/,quick-explanation,DEFERRED_EDITORIAL_REVIEW,,,,,,,,Candidate remains provisional because broad inferred concept/skill overlap does not prove an exact learner action.
textbook-lesson.calc-1-unit-2b-derivative-applications-lhopital-rule,/subjects/math/calculus/derivative-applications/lhopital-rule/,worked-example,DEFERRED_EDITORIAL_REVIEW,,,,,,,,Candidate remains provisional because broad inferred concept/skill overlap does not prove an exact learner action.
textbook-lesson.calc-1-unit-2b-derivative-applications-lhopital-rule,/subjects/math/calculus/derivative-applications/lhopital-rule/,reference,DEFERRED_EDITORIAL_REVIEW,,,,,,,,Candidate remains provisional because broad inferred concept/skill overlap does not prove an exact learner action.
textbook-lesson.calc-1-unit-2b-derivative-applications-lhopital-rule,/subjects/math/calculus/derivative-applications/lhopital-rule/,tool-or-visual,DEFERRED_EDITORIAL_REVIEW,,,,,,,,Candidate remains provisional because broad inferred concept/skill overlap does not prove an exact learner action.
textbook-lesson.calc-1-unit-2b-derivative-applications-lhopital-zero-over-zero,/subjects/math/calculus/derivative-applications/lhopital-zero-over-zero/,practice,NO_CANDIDATE,,,,,,,,No candidate was produced for this lesson and role.
textbook-lesson.calc-1-unit-2b-derivative-applications-lhopital-zero-over-zero,/subjects/math/calculus/derivative-applications/lhopital-zero-over-zero/,quick-explanation,DEFERRED_EDITORIAL_REVIEW,,,,,,,,Candidate remains provisional because broad inferred concept/skill overlap does not prove an exact learner action.
textbook-lesson.calc-1-unit-2b-derivative-applications-lhopital-zero-over-zero,/subjects/math/calculus/derivative-applications/lhopital-zero-over-zero/,worked-example,DEFERRED_EDITORIAL_REVIEW,,,,,,,,Candidate remains provisional because broad inferred concept/skill overlap does not prove an exact learner action.
textbook-lesson.calc-1-unit-2b-derivative-applications-lhopital-zero-over-zero,/subjects/math/calculus/derivative-applications/lhopital-zero-over-zero/,reference,DEFERRED_EDITORIAL_REVIEW,,,,,,,,Candidate remains provisional because broad inferred concept/skill overlap does not prove an exact learner action.
textbook-lesson.calc-1-unit-2b-derivative-applications-lhopital-zero-over-zero,/subjects/math/calculus/derivative-applications/lhopital-zero-over-zero/,tool-or-visual,DEFERRED_EDITORIAL_REVIEW,,,,,,,,Candidate remains provisional because broad inferred concept/skill overlap does not prove an exact learner action.
textbook-lesson.calc-1-unit-2b-derivative-applications-linearization-practice,/subjects/math/calculus/derivative-applications/linearization-practice/,practice,NO_CANDIDATE,,,,,,,,No candidate was produced for this lesson and role.
textbook-lesson.calc-1-unit-2b-derivative-applications-linearization-practice,/subjects/math/calculus/derivative-applications/linearization-practice/,quick-explanation,DEFERRED_EDITORIAL_REVIEW,,,,,,,,Candidate remains provisional because broad inferred concept/skill overlap does not prove an exact learner action.
textbook-lesson.calc-1-unit-2b-derivative-applications-linearization-practice,/subjects/math/calculus/derivative-applications/linearization-practice/,worked-example,DEFERRED_EDITORIAL_REVIEW,,,,,,,,Candidate remains provisional because broad inferred concept/skill overlap does not prove an exact learner action.
textbook-lesson.calc-1-unit-2b-derivative-applications-linearization-practice,/subjects/math/calculus/derivative-applications/linearization-practice/,reference,DEFERRED_EDITORIAL_REVIEW,,,,,,,,Candidate remains provisional because broad inferred concept/skill overlap does not prove an exact learner action.
textbook-lesson.calc-1-unit-2b-derivative-applications-linearization-practice,/subjects/math/calculus/derivative-applications/linearization-practice/,tool-or-visual,DEFERRED_EDITORIAL_REVIEW,,,,,,,,Candidate remains provisional because broad inferred concept/skill overlap does not prove an exact learner action.
textbook-lesson.calc-1-unit-2b-derivative-applications-local-linearity,/subjects/math/calculus/derivative-applications/local-linearity/,practice,NO_CANDIDATE,,,,,,,,No candidate was produced for this lesson and role.
textbook-lesson.calc-1-unit-2b-derivative-applications-local-linearity,/subjects/math/calculus/derivative-applications/local-linearity/,quick-explanation,DEFERRED_EDITORIAL_REVIEW,,,,,,,,Candidate remains provisional because broad inferred concept/skill overlap does not prove an exact learner action.
textbook-lesson.calc-1-unit-2b-derivative-applications-local-linearity,/subjects/math/calculus/derivative-applications/local-linearity/,worked-example,DEFERRED_EDITORIAL_REVIEW,,,,,,,,Candidate remains provisional because broad inferred concept/skill overlap does not prove an exact learner action.
textbook-lesson.calc-1-unit-2b-derivative-applications-local-linearity,/subjects/math/calculus/derivative-applications/local-linearity/,reference,DEFERRED_EDITORIAL_REVIEW,,,,,,,,Candidate remains provisional because broad inferred concept/skill overlap does not prove an exact learner action.
textbook-lesson.calc-1-unit-2b-derivative-applications-local-linearity,/subjects/math/calculus/derivative-applications/local-linearity/,tool-or-visual,DEFERRED_EDITORIAL_REVIEW,,,,,,,,Candidate remains provisional because broad inferred concept/skill overlap does not prove an exact learner action.
textbook-lesson.calc-1-unit-2b-derivative-applications-manufacturing-tolerance,/subjects/math/calculus/derivative-applications/manufacturing-tolerance/,practice,NO_CANDIDATE,,,,,,,,No candidate was produced for this lesson and role.
textbook-lesson.calc-1-unit-2b-derivative-applications-manufacturing-tolerance,/subjects/math/calculus/derivative-applications/manufacturing-tolerance/,quick-explanation,DEFERRED_EDITORIAL_REVIEW,,,,,,,,Candidate remains provisional because broad inferred concept/skill overlap does not prove an exact learner action.
textbook-lesson.calc-1-unit-2b-derivative-applications-manufacturing-tolerance,/subjects/math/calculus/derivative-applications/manufacturing-tolerance/,worked-example,DEFERRED_EDITORIAL_REVIEW,,,,,,,,Candidate remains provisional because broad inferred concept/skill overlap does not prove an exact learner action.
textbook-lesson.calc-1-unit-2b-derivative-applications-manufacturing-tolerance,/subjects/math/calculus/derivative-applications/manufacturing-tolerance/,reference,DEFERRED_EDITORIAL_REVIEW,,,,,,,,Candidate remains provisional because broad inferred concept/skill overlap does not prove an exact learner action.
textbook-lesson.calc-1-unit-2b-derivative-applications-manufacturing-tolerance,/subjects/math/calculus/derivative-applications/manufacturing-tolerance/,tool-or-visual,DEFERRED_EDITORIAL_REVIEW,,,,,,,,Candidate remains provisional because broad inferred concept/skill overlap does not prove an exact learner action.
textbook-lesson.calc-1-unit-2b-derivative-applications-marginal-analysis,/subjects/math/calculus/derivative-applications/marginal-analysis/,practice,NO_CANDIDATE,,,,,,,,No candidate was produced for this lesson and role.
textbook-lesson.calc-1-unit-2b-derivative-applications-marginal-analysis,/subjects/math/calculus/derivative-applications/marginal-analysis/,quick-explanation,DEFERRED_EDITORIAL_REVIEW,,,,,,,,Candidate remains provisional because broad inferred concept/skill overlap does not prove an exact learner action.
textbook-lesson.calc-1-unit-2b-derivative-applications-marginal-analysis,/subjects/math/calculus/derivative-applications/marginal-analysis/,worked-example,DEFERRED_EDITORIAL_REVIEW,,,,,,,,Candidate remains provisional because broad inferred concept/skill overlap does not prove an exact learner action.
textbook-lesson.calc-1-unit-2b-derivative-applications-marginal-analysis,/subjects/math/calculus/derivative-applications/marginal-analysis/,reference,DEFERRED_EDITORIAL_REVIEW,,,,,,,,Candidate remains provisional because broad inferred concept/skill overlap does not prove an exact learner action.
textbook-lesson.calc-1-unit-2b-derivative-applications-marginal-analysis,/subjects/math/calculus/derivative-applications/marginal-analysis/,tool-or-visual,DEFERRED_EDITORIAL_REVIEW,,,,,,,,Candidate remains provisional because broad inferred concept/skill overlap does not prove an exact learner action.
textbook-lesson.calc-1-unit-2b-derivative-applications-mean-value-theorem,/subjects/math/calculus/derivative-applications/mean-value-theorem/,practice,NO_CANDIDATE,,,,,,,,No candidate was produced for this lesson and role.
textbook-lesson.calc-1-unit-2b-derivative-applications-mean-value-theorem,/subjects/math/calculus/derivative-applications/mean-value-theorem/,quick-explanation,DEFERRED_EDITORIAL_REVIEW,,,,,,,,Candidate remains provisional because broad inferred concept/skill overlap does not prove an exact learner action.
textbook-lesson.calc-1-unit-2b-derivative-applications-mean-value-theorem,/subjects/math/calculus/derivative-applications/mean-value-theorem/,worked-example,DEFERRED_EDITORIAL_REVIEW,,,,,,,,Candidate remains provisional because broad inferred concept/skill overlap does not prove an exact learner action.
textbook-lesson.calc-1-unit-2b-derivative-applications-mean-value-theorem,/subjects/math/calculus/derivative-applications/mean-value-theorem/,reference,DEFERRED_EDITORIAL_REVIEW,,,,,,,,Candidate remains provisional because broad inferred concept/skill overlap does not prove an exact learner action.
textbook-lesson.calc-1-unit-2b-derivative-applications-mean-value-theorem,/subjects/math/calculus/derivative-applications/mean-value-theorem/,tool-or-visual,DEFERRED_EDITORIAL_REVIEW,,,,,,,,Candidate remains provisional because broad inferred concept/skill overlap does not prove an exact learner action.
textbook-lesson.calc-1-unit-2b-derivative-applications-medication-concentration,/subjects/math/calculus/derivative-applications/medication-concentration/,practice,DEFERRED_EDITORIAL_REVIEW,,,,,,,,Candidate remains provisional because broad inferred concept/skill overlap does not prove an exact learner action.
textbook-lesson.calc-1-unit-2b-derivative-applications-medication-concentration,/subjects/math/calculus/derivative-applications/medication-concentration/,quick-explanation,DEFERRED_EDITORIAL_REVIEW,,,,,,,,Candidate remains provisional because broad inferred concept/skill overlap does not prove an exact learner action.
textbook-lesson.calc-1-unit-2b-derivative-applications-medication-concentration,/subjects/math/calculus/derivative-applications/medication-concentration/,worked-example,DEFERRED_EDITORIAL_REVIEW,,,,,,,,Candidate remains provisional because broad inferred concept/skill overlap does not prove an exact learner action.
textbook-lesson.calc-1-unit-2b-derivative-applications-medication-concentration,/subjects/math/calculus/derivative-applications/medication-concentration/,reference,DEFERRED_EDITORIAL_REVIEW,,,,,,,,Candidate remains provisional because broad inferred concept/skill overlap does not prove an exact learner action.
textbook-lesson.calc-1-unit-2b-derivative-applications-medication-concentration,/subjects/math/calculus/derivative-applications/medication-concentration/,tool-or-visual,NO_CANDIDATE,,,,,,,,No candidate was produced for this lesson and role.
textbook-lesson.calc-1-unit-2b-derivative-applications-modeling-studio-review,/subjects/math/calculus/derivative-applications/modeling-studio-review/,practice,NO_CANDIDATE,,,,,,,,No candidate was produced for this lesson and role.
textbook-lesson.calc-1-unit-2b-derivative-applications-modeling-studio-review,/subjects/math/calculus/derivative-applications/modeling-studio-review/,quick-explanation,DEFERRED_EDITORIAL_REVIEW,,,,,,,,Candidate remains provisional because broad inferred concept/skill overlap does not prove an exact learner action.
textbook-lesson.calc-1-unit-2b-derivative-applications-modeling-studio-review,/subjects/math/calculus/derivative-applications/modeling-studio-review/,worked-example,DEFERRED_EDITORIAL_REVIEW,,,,,,,,Candidate remains provisional because broad inferred concept/skill overlap does not prove an exact learner action.
textbook-lesson.calc-1-unit-2b-derivative-applications-modeling-studio-review,/subjects/math/calculus/derivative-applications/modeling-studio-review/,reference,DEFERRED_EDITORIAL_REVIEW,,,,,,,,Candidate remains provisional because broad inferred concept/skill overlap does not prove an exact learner action.
textbook-lesson.calc-1-unit-2b-derivative-applications-modeling-studio-review,/subjects/math/calculus/derivative-applications/modeling-studio-review/,tool-or-visual,DEFERRED_EDITORIAL_REVIEW,,,,,,,,Candidate remains provisional because broad inferred concept/skill overlap does not prove an exact learner action.
textbook-lesson.calc-1-unit-2b-derivative-applications-modeling-studio,/subjects/math/calculus/derivative-applications/modeling-studio/,practice,NO_CANDIDATE,,,,,,,,No candidate was produced for this lesson and role.
textbook-lesson.calc-1-unit-2b-derivative-applications-modeling-studio,/subjects/math/calculus/derivative-applications/modeling-studio/,quick-explanation,DEFERRED_EDITORIAL_REVIEW,,,,,,,,Candidate remains provisional because broad inferred concept/skill overlap does not prove an exact learner action.
textbook-lesson.calc-1-unit-2b-derivative-applications-modeling-studio,/subjects/math/calculus/derivative-applications/modeling-studio/,worked-example,DEFERRED_EDITORIAL_REVIEW,,,,,,,,Candidate remains provisional because broad inferred concept/skill overlap does not prove an exact learner action.
textbook-lesson.calc-1-unit-2b-derivative-applications-modeling-studio,/subjects/math/calculus/derivative-applications/modeling-studio/,reference,DEFERRED_EDITORIAL_REVIEW,,,,,,,,Candidate remains provisional because broad inferred concept/skill overlap does not prove an exact learner action.
textbook-lesson.calc-1-unit-2b-derivative-applications-modeling-studio,/subjects/math/calculus/derivative-applications/modeling-studio/,tool-or-visual,DEFERRED_EDITORIAL_REVIEW,,,,,,,,Candidate remains provisional because broad inferred concept/skill overlap does not prove an exact learner action.
textbook-lesson.calc-1-unit-2b-derivative-applications-newtons-method,/subjects/math/calculus/derivative-applications/newtons-method/,practice,NO_CANDIDATE,,,,,,,,No candidate was produced for this lesson and role.
textbook-lesson.calc-1-unit-2b-derivative-applications-newtons-method,/subjects/math/calculus/derivative-applications/newtons-method/,quick-explanation,DEFERRED_EDITORIAL_REVIEW,,,,,,,,Candidate remains provisional because broad inferred concept/skill overlap does not prove an exact learner action.
textbook-lesson.calc-1-unit-2b-derivative-applications-newtons-method,/subjects/math/calculus/derivative-applications/newtons-method/,worked-example,DEFERRED_EDITORIAL_REVIEW,,,,,,,,Candidate remains provisional because broad inferred concept/skill overlap does not prove an exact learner action.
textbook-lesson.calc-1-unit-2b-derivative-applications-newtons-method,/subjects/math/calculus/derivative-applications/newtons-method/,reference,DEFERRED_EDITORIAL_REVIEW,,,,,,,,Candidate remains provisional because broad inferred concept/skill overlap does not prove an exact learner action.
textbook-lesson.calc-1-unit-2b-derivative-applications-newtons-method,/subjects/math/calculus/derivative-applications/newtons-method/,tool-or-visual,DEFERRED_EDITORIAL_REVIEW,,,,,,,,Candidate remains provisional because broad inferred concept/skill overlap does not prove an exact learner action.
textbook-lesson.calc-1-unit-2b-derivative-applications-optimization-business-science,/subjects/math/calculus/derivative-applications/optimization-business-science/,practice,DEFERRED_EDITORIAL_REVIEW,,,,,,,,Candidate remains provisional because broad inferred concept/skill overlap does not prove an exact learner action.
textbook-lesson.calc-1-unit-2b-derivative-applications-optimization-business-science,/subjects/math/calculus/derivative-applications/optimization-business-science/,quick-explanation,DEFERRED_EDITORIAL_REVIEW,,,,,,,,Candidate remains provisional because broad inferred concept/skill overlap does not prove an exact learner action.
textbook-lesson.calc-1-unit-2b-derivative-applications-optimization-business-science,/subjects/math/calculus/derivative-applications/optimization-business-science/,worked-example,DEFERRED_EDITORIAL_REVIEW,,,,,,,,Candidate remains provisional because broad inferred concept/skill overlap does not prove an exact learner action.
textbook-lesson.calc-1-unit-2b-derivative-applications-optimization-business-science,/subjects/math/calculus/derivative-applications/optimization-business-science/,reference,DEFERRED_EDITORIAL_REVIEW,,,,,,,,Candidate remains provisional because broad inferred concept/skill overlap does not prove an exact learner action.
textbook-lesson.calc-1-unit-2b-derivative-applications-optimization-business-science,/subjects/math/calculus/derivative-applications/optimization-business-science/,tool-or-visual,NO_CANDIDATE,,,,,,,,No candidate was produced for this lesson and role.
textbook-lesson.calc-1-unit-2b-derivative-applications-optimization-closed-interval,/subjects/math/calculus/derivative-applications/optimization-closed-interval/,practice,DEFERRED_EDITORIAL_REVIEW,,,,,,,,Candidate remains provisional because broad inferred concept/skill overlap does not prove an exact learner action.
textbook-lesson.calc-1-unit-2b-derivative-applications-optimization-closed-interval,/subjects/math/calculus/derivative-applications/optimization-closed-interval/,quick-explanation,DEFERRED_EDITORIAL_REVIEW,,,,,,,,Candidate remains provisional because broad inferred concept/skill overlap does not prove an exact learner action.
textbook-lesson.calc-1-unit-2b-derivative-applications-optimization-closed-interval,/subjects/math/calculus/derivative-applications/optimization-closed-interval/,worked-example,DEFERRED_EDITORIAL_REVIEW,,,,,,,,Candidate remains provisional because broad inferred concept/skill overlap does not prove an exact learner action.
textbook-lesson.calc-1-unit-2b-derivative-applications-optimization-closed-interval,/subjects/math/calculus/derivative-applications/optimization-closed-interval/,reference,DEFERRED_EDITORIAL_REVIEW,,,,,,,,Candidate remains provisional because broad inferred concept/skill overlap does not prove an exact learner action.
textbook-lesson.calc-1-unit-2b-derivative-applications-optimization-closed-interval,/subjects/math/calculus/derivative-applications/optimization-closed-interval/,tool-or-visual,NO_CANDIDATE,,,,,,,,No candidate was produced for this lesson and role.
textbook-lesson.calc-1-unit-2b-derivative-applications-optimization-concept-quiz,/subjects/math/calculus/derivative-applications/optimization-concept-quiz/,practice,DEFERRED_EDITORIAL_REVIEW,,,,,,,,Candidate remains provisional because broad inferred concept/skill overlap does not prove an exact learner action.
textbook-lesson.calc-1-unit-2b-derivative-applications-optimization-concept-quiz,/subjects/math/calculus/derivative-applications/optimization-concept-quiz/,quick-explanation,DEFERRED_EDITORIAL_REVIEW,,,,,,,,Candidate remains provisional because broad inferred concept/skill overlap does not prove an exact learner action.
textbook-lesson.calc-1-unit-2b-derivative-applications-optimization-concept-quiz,/subjects/math/calculus/derivative-applications/optimization-concept-quiz/,worked-example,DEFERRED_EDITORIAL_REVIEW,,,,,,,,Candidate remains provisional because broad inferred concept/skill overlap does not prove an exact learner action.
textbook-lesson.calc-1-unit-2b-derivative-applications-optimization-concept-quiz,/subjects/math/calculus/derivative-applications/optimization-concept-quiz/,reference,DEFERRED_EDITORIAL_REVIEW,,,,,,,,Candidate remains provisional because broad inferred concept/skill overlap does not prove an exact learner action.
textbook-lesson.calc-1-unit-2b-derivative-applications-optimization-concept-quiz,/subjects/math/calculus/derivative-applications/optimization-concept-quiz/,tool-or-visual,NO_CANDIDATE,,,,,,,,No candidate was produced for this lesson and role.
textbook-lesson.calc-1-unit-2b-derivative-applications-optimization-geometry,/subjects/math/calculus/derivative-applications/optimization-geometry/,practice,DEFERRED_EDITORIAL_REVIEW,,,,,,,,Candidate remains provisional because broad inferred concept/skill overlap does not prove an exact learner action.
textbook-lesson.calc-1-unit-2b-derivative-applications-optimization-geometry,/subjects/math/calculus/derivative-applications/optimization-geometry/,quick-explanation,DEFERRED_EDITORIAL_REVIEW,,,,,,,,Candidate remains provisional because broad inferred concept/skill overlap does not prove an exact learner action.
textbook-lesson.calc-1-unit-2b-derivative-applications-optimization-geometry,/subjects/math/calculus/derivative-applications/optimization-geometry/,worked-example,DEFERRED_EDITORIAL_REVIEW,,,,,,,,Candidate remains provisional because broad inferred concept/skill overlap does not prove an exact learner action.
textbook-lesson.calc-1-unit-2b-derivative-applications-optimization-geometry,/subjects/math/calculus/derivative-applications/optimization-geometry/,reference,DEFERRED_EDITORIAL_REVIEW,,,,,,,,Candidate remains provisional because broad inferred concept/skill overlap does not prove an exact learner action.
textbook-lesson.calc-1-unit-2b-derivative-applications-optimization-geometry,/subjects/math/calculus/derivative-applications/optimization-geometry/,tool-or-visual,NO_CANDIDATE,,,,,,,,No candidate was produced for this lesson and role.
textbook-lesson.calc-1-unit-2b-derivative-applications-optimization-modeling,/subjects/math/calculus/derivative-applications/optimization-modeling/,practice,DEFERRED_EDITORIAL_REVIEW,,,,,,,,Candidate remains provisional because broad inferred concept/skill overlap does not prove an exact learner action.
textbook-lesson.calc-1-unit-2b-derivative-applications-optimization-modeling,/subjects/math/calculus/derivative-applications/optimization-modeling/,quick-explanation,DEFERRED_EDITORIAL_REVIEW,,,,,,,,Candidate remains provisional because broad inferred concept/skill overlap does not prove an exact learner action.
textbook-lesson.calc-1-unit-2b-derivative-applications-optimization-modeling,/subjects/math/calculus/derivative-applications/optimization-modeling/,worked-example,DEFERRED_EDITORIAL_REVIEW,,,,,,,,Candidate remains provisional because broad inferred concept/skill overlap does not prove an exact learner action.
textbook-lesson.calc-1-unit-2b-derivative-applications-optimization-modeling,/subjects/math/calculus/derivative-applications/optimization-modeling/,reference,DEFERRED_EDITORIAL_REVIEW,,,,,,,,Candidate remains provisional because broad inferred concept/skill overlap does not prove an exact learner action.
textbook-lesson.calc-1-unit-2b-derivative-applications-optimization-modeling,/subjects/math/calculus/derivative-applications/optimization-modeling/,tool-or-visual,NO_CANDIDATE,,,,,,,,No candidate was produced for this lesson and role.
textbook-lesson.calc-1-unit-2b-derivative-applications-optimization-review,/subjects/math/calculus/derivative-applications/optimization-review/,practice,DEFERRED_EDITORIAL_REVIEW,,,,,,,,Candidate remains provisional because broad inferred concept/skill overlap does not prove an exact learner action.
textbook-lesson.calc-1-unit-2b-derivative-applications-optimization-review,/subjects/math/calculus/derivative-applications/optimization-review/,quick-explanation,DEFERRED_EDITORIAL_REVIEW,,,,,,,,Candidate remains provisional because broad inferred concept/skill overlap does not prove an exact learner action.
textbook-lesson.calc-1-unit-2b-derivative-applications-optimization-review,/subjects/math/calculus/derivative-applications/optimization-review/,worked-example,DEFERRED_EDITORIAL_REVIEW,,,,,,,,Candidate remains provisional because broad inferred concept/skill overlap does not prove an exact learner action.
textbook-lesson.calc-1-unit-2b-derivative-applications-optimization-review,/subjects/math/calculus/derivative-applications/optimization-review/,reference,DEFERRED_EDITORIAL_REVIEW,,,,,,,,Candidate remains provisional because broad inferred concept/skill overlap does not prove an exact learner action.
textbook-lesson.calc-1-unit-2b-derivative-applications-optimization-review,/subjects/math/calculus/derivative-applications/optimization-review/,tool-or-visual,NO_CANDIDATE,,,,,,,,No candidate was produced for this lesson and role.
textbook-lesson.calc-1-unit-2b-derivative-applications-other-indeterminate-forms,/subjects/math/calculus/derivative-applications/other-indeterminate-forms/,practice,NO_CANDIDATE,,,,,,,,No candidate was produced for this lesson and role.
textbook-lesson.calc-1-unit-2b-derivative-applications-other-indeterminate-forms,/subjects/math/calculus/derivative-applications/other-indeterminate-forms/,quick-explanation,DEFERRED_EDITORIAL_REVIEW,,,,,,,,Candidate remains provisional because broad inferred concept/skill overlap does not prove an exact learner action.
textbook-lesson.calc-1-unit-2b-derivative-applications-other-indeterminate-forms,/subjects/math/calculus/derivative-applications/other-indeterminate-forms/,worked-example,DEFERRED_EDITORIAL_REVIEW,,,,,,,,Candidate remains provisional because broad inferred concept/skill overlap does not prove an exact learner action.
textbook-lesson.calc-1-unit-2b-derivative-applications-other-indeterminate-forms,/subjects/math/calculus/derivative-applications/other-indeterminate-forms/,reference,DEFERRED_EDITORIAL_REVIEW,,,,,,,,Candidate remains provisional because broad inferred concept/skill overlap does not prove an exact learner action.
textbook-lesson.calc-1-unit-2b-derivative-applications-other-indeterminate-forms,/subjects/math/calculus/derivative-applications/other-indeterminate-forms/,tool-or-visual,DEFERRED_EDITORIAL_REVIEW,,,,,,,,Candidate remains provisional because broad inferred concept/skill overlap does not prove an exact learner action.
textbook-lesson.calc-1-unit-2b-derivative-applications-position-velocity-acceleration,/subjects/math/calculus/derivative-applications/position-velocity-acceleration/,practice,NO_CANDIDATE,,,,,,,,No candidate was produced for this lesson and role.
textbook-lesson.calc-1-unit-2b-derivative-applications-position-velocity-acceleration,/subjects/math/calculus/derivative-applications/position-velocity-acceleration/,quick-explanation,DEFERRED_EDITORIAL_REVIEW,,,,,,,,Candidate remains provisional because broad inferred concept/skill overlap does not prove an exact learner action.
textbook-lesson.calc-1-unit-2b-derivative-applications-position-velocity-acceleration,/subjects/math/calculus/derivative-applications/position-velocity-acceleration/,worked-example,DEFERRED_EDITORIAL_REVIEW,,,,,,,,Candidate remains provisional because broad inferred concept/skill overlap does not prove an exact learner action.
textbook-lesson.calc-1-unit-2b-derivative-applications-position-velocity-acceleration,/subjects/math/calculus/derivative-applications/position-velocity-acceleration/,reference,DEFERRED_EDITORIAL_REVIEW,,,,,,,,Candidate remains provisional because broad inferred concept/skill overlap does not prove an exact learner action.
textbook-lesson.calc-1-unit-2b-derivative-applications-position-velocity-acceleration,/subjects/math/calculus/derivative-applications/position-velocity-acceleration/,tool-or-visual,DEFERRED_EDITORIAL_REVIEW,,,,,,,,Candidate remains provisional because broad inferred concept/skill overlap does not prove an exact learner action.
textbook-lesson.calc-1-unit-2b-derivative-applications-practice-exam-a-answer-key,/subjects/math/calculus/derivative-applications/practice-exam-a-answer-key/,practice,NO_CANDIDATE,,,,,,,,No candidate was produced for this lesson and role.
textbook-lesson.calc-1-unit-2b-derivative-applications-practice-exam-a-answer-key,/subjects/math/calculus/derivative-applications/practice-exam-a-answer-key/,quick-explanation,DEFERRED_EDITORIAL_REVIEW,,,,,,,,Candidate remains provisional because broad inferred concept/skill overlap does not prove an exact learner action.
textbook-lesson.calc-1-unit-2b-derivative-applications-practice-exam-a-answer-key,/subjects/math/calculus/derivative-applications/practice-exam-a-answer-key/,worked-example,DEFERRED_EDITORIAL_REVIEW,,,,,,,,Candidate remains provisional because broad inferred concept/skill overlap does not prove an exact learner action.
textbook-lesson.calc-1-unit-2b-derivative-applications-practice-exam-a-answer-key,/subjects/math/calculus/derivative-applications/practice-exam-a-answer-key/,reference,DEFERRED_EDITORIAL_REVIEW,,,,,,,,Candidate remains provisional because broad inferred concept/skill overlap does not prove an exact learner action.
textbook-lesson.calc-1-unit-2b-derivative-applications-practice-exam-a-answer-key,/subjects/math/calculus/derivative-applications/practice-exam-a-answer-key/,tool-or-visual,DEFERRED_EDITORIAL_REVIEW,,,,,,,,Candidate remains provisional because broad inferred concept/skill overlap does not prove an exact learner action.
textbook-lesson.calc-1-unit-2b-derivative-applications-practice-exam-a,/subjects/math/calculus/derivative-applications/practice-exam-a/,practice,NO_CANDIDATE,,,,,,,,No candidate was produced for this lesson and role.
textbook-lesson.calc-1-unit-2b-derivative-applications-practice-exam-a,/subjects/math/calculus/derivative-applications/practice-exam-a/,quick-explanation,DEFERRED_EDITORIAL_REVIEW,,,,,,,,Candidate remains provisional because broad inferred concept/skill overlap does not prove an exact learner action.
textbook-lesson.calc-1-unit-2b-derivative-applications-practice-exam-a,/subjects/math/calculus/derivative-applications/practice-exam-a/,worked-example,DEFERRED_EDITORIAL_REVIEW,,,,,,,,Candidate remains provisional because broad inferred concept/skill overlap does not prove an exact learner action.
textbook-lesson.calc-1-unit-2b-derivative-applications-practice-exam-a,/subjects/math/calculus/derivative-applications/practice-exam-a/,reference,DEFERRED_EDITORIAL_REVIEW,,,,,,,,Candidate remains provisional because broad inferred concept/skill overlap does not prove an exact learner action.
textbook-lesson.calc-1-unit-2b-derivative-applications-practice-exam-a,/subjects/math/calculus/derivative-applications/practice-exam-a/,tool-or-visual,DEFERRED_EDITORIAL_REVIEW,,,,,,,,Candidate remains provisional because broad inferred concept/skill overlap does not prove an exact learner action.
textbook-lesson.calc-1-unit-2b-derivative-applications-practice-exam-b-answer-key,/subjects/math/calculus/derivative-applications/practice-exam-b-answer-key/,practice,NO_CANDIDATE,,,,,,,,No candidate was produced for this lesson and role.
textbook-lesson.calc-1-unit-2b-derivative-applications-practice-exam-b-answer-key,/subjects/math/calculus/derivative-applications/practice-exam-b-answer-key/,quick-explanation,DEFERRED_EDITORIAL_REVIEW,,,,,,,,Candidate remains provisional because broad inferred concept/skill overlap does not prove an exact learner action.
textbook-lesson.calc-1-unit-2b-derivative-applications-practice-exam-b-answer-key,/subjects/math/calculus/derivative-applications/practice-exam-b-answer-key/,worked-example,DEFERRED_EDITORIAL_REVIEW,,,,,,,,Candidate remains provisional because broad inferred concept/skill overlap does not prove an exact learner action.
textbook-lesson.calc-1-unit-2b-derivative-applications-practice-exam-b-answer-key,/subjects/math/calculus/derivative-applications/practice-exam-b-answer-key/,reference,DEFERRED_EDITORIAL_REVIEW,,,,,,,,Candidate remains provisional because broad inferred concept/skill overlap does not prove an exact learner action.
textbook-lesson.calc-1-unit-2b-derivative-applications-practice-exam-b-answer-key,/subjects/math/calculus/derivative-applications/practice-exam-b-answer-key/,tool-or-visual,DEFERRED_EDITORIAL_REVIEW,,,,,,,,Candidate remains provisional because broad inferred concept/skill overlap does not prove an exact learner action.
textbook-lesson.calc-1-unit-2b-derivative-applications-practice-exam-b,/subjects/math/calculus/derivative-applications/practice-exam-b/,practice,NO_CANDIDATE,,,,,,,,No candidate was produced for this lesson and role.
textbook-lesson.calc-1-unit-2b-derivative-applications-practice-exam-b,/subjects/math/calculus/derivative-applications/practice-exam-b/,quick-explanation,DEFERRED_EDITORIAL_REVIEW,,,,,,,,Candidate remains provisional because broad inferred concept/skill overlap does not prove an exact learner action.
textbook-lesson.calc-1-unit-2b-derivative-applications-practice-exam-b,/subjects/math/calculus/derivative-applications/practice-exam-b/,worked-example,DEFERRED_EDITORIAL_REVIEW,,,,,,,,Candidate remains provisional because broad inferred concept/skill overlap does not prove an exact learner action.
textbook-lesson.calc-1-unit-2b-derivative-applications-practice-exam-b,/subjects/math/calculus/derivative-applications/practice-exam-b/,reference,DEFERRED_EDITORIAL_REVIEW,,,,,,,,Candidate remains provisional because broad inferred concept/skill overlap does not prove an exact learner action.
textbook-lesson.calc-1-unit-2b-derivative-applications-practice-exam-b,/subjects/math/calculus/derivative-applications/practice-exam-b/,tool-or-visual,DEFERRED_EDITORIAL_REVIEW,,,,,,,,Candidate remains provisional because broad inferred concept/skill overlap does not prove an exact learner action.
textbook-lesson.calc-1-unit-2b-derivative-applications-radar-tracking,/subjects/math/calculus/derivative-applications/radar-tracking/,practice,NO_CANDIDATE,,,,,,,,No candidate was produced for this lesson and role.
textbook-lesson.calc-1-unit-2b-derivative-applications-radar-tracking,/subjects/math/calculus/derivative-applications/radar-tracking/,quick-explanation,DEFERRED_EDITORIAL_REVIEW,,,,,,,,Candidate remains provisional because broad inferred concept/skill overlap does not prove an exact learner action.
textbook-lesson.calc-1-unit-2b-derivative-applications-radar-tracking,/subjects/math/calculus/derivative-applications/radar-tracking/,worked-example,DEFERRED_EDITORIAL_REVIEW,,,,,,,,Candidate remains provisional because broad inferred concept/skill overlap does not prove an exact learner action.
textbook-lesson.calc-1-unit-2b-derivative-applications-radar-tracking,/subjects/math/calculus/derivative-applications/radar-tracking/,reference,DEFERRED_EDITORIAL_REVIEW,,,,,,,,Candidate remains provisional because broad inferred concept/skill overlap does not prove an exact learner action.
textbook-lesson.calc-1-unit-2b-derivative-applications-radar-tracking,/subjects/math/calculus/derivative-applications/radar-tracking/,tool-or-visual,DEFERRED_EDITORIAL_REVIEW,,,,,,,,Candidate remains provisional because broad inferred concept/skill overlap does not prove an exact learner action.
textbook-lesson.calc-1-unit-2b-derivative-applications-rates-from-data,/subjects/math/calculus/derivative-applications/rates-from-data/,practice,NO_CANDIDATE,,,,,,,,No candidate was produced for this lesson and role.
textbook-lesson.calc-1-unit-2b-derivative-applications-rates-from-data,/subjects/math/calculus/derivative-applications/rates-from-data/,quick-explanation,DEFERRED_EDITORIAL_REVIEW,,,,,,,,Candidate remains provisional because broad inferred concept/skill overlap does not prove an exact learner action.
textbook-lesson.calc-1-unit-2b-derivative-applications-rates-from-data,/subjects/math/calculus/derivative-applications/rates-from-data/,worked-example,DEFERRED_EDITORIAL_REVIEW,,,,,,,,Candidate remains provisional because broad inferred concept/skill overlap does not prove an exact learner action.
textbook-lesson.calc-1-unit-2b-derivative-applications-rates-from-data,/subjects/math/calculus/derivative-applications/rates-from-data/,reference,DEFERRED_EDITORIAL_REVIEW,,,,,,,,Candidate remains provisional because broad inferred concept/skill overlap does not prove an exact learner action.
textbook-lesson.calc-1-unit-2b-derivative-applications-rates-from-data,/subjects/math/calculus/derivative-applications/rates-from-data/,tool-or-visual,DEFERRED_EDITORIAL_REVIEW,,,,,,,,Candidate remains provisional because broad inferred concept/skill overlap does not prove an exact learner action.
textbook-lesson.calc-1-unit-2b-derivative-applications-reference,/subjects/math/calculus/derivative-applications/reference/,practice,NO_CANDIDATE,,,,,,,,No candidate was produced for this lesson and role.
textbook-lesson.calc-1-unit-2b-derivative-applications-reference,/subjects/math/calculus/derivative-applications/reference/,quick-explanation,DEFERRED_EDITORIAL_REVIEW,,,,,,,,Candidate remains provisional because broad inferred concept/skill overlap does not prove an exact learner action.
textbook-lesson.calc-1-unit-2b-derivative-applications-reference,/subjects/math/calculus/derivative-applications/reference/,worked-example,DEFERRED_EDITORIAL_REVIEW,,,,,,,,Candidate remains provisional because broad inferred concept/skill overlap does not prove an exact learner action.
textbook-lesson.calc-1-unit-2b-derivative-applications-reference,/subjects/math/calculus/derivative-applications/reference/,reference,DEFERRED_EDITORIAL_REVIEW,,,,,,,,Candidate remains provisional because broad inferred concept/skill overlap does not prove an exact learner action.
textbook-lesson.calc-1-unit-2b-derivative-applications-reference,/subjects/math/calculus/derivative-applications/reference/,tool-or-visual,DEFERRED_EDITORIAL_REVIEW,,,,,,,,Candidate remains provisional because broad inferred concept/skill overlap does not prove an exact learner action.
textbook-lesson.calc-1-unit-2b-derivative-applications-related-rates-angle,/subjects/math/calculus/derivative-applications/related-rates-angle/,practice,NO_CANDIDATE,,,,,,,,No candidate was produced for this lesson and role.
textbook-lesson.calc-1-unit-2b-derivative-applications-related-rates-angle,/subjects/math/calculus/derivative-applications/related-rates-angle/,quick-explanation,DEFERRED_EDITORIAL_REVIEW,,,,,,,,Candidate remains provisional because broad inferred concept/skill overlap does not prove an exact learner action.
textbook-lesson.calc-1-unit-2b-derivative-applications-related-rates-angle,/subjects/math/calculus/derivative-applications/related-rates-angle/,worked-example,DEFERRED_EDITORIAL_REVIEW,,,,,,,,Candidate remains provisional because broad inferred concept/skill overlap does not prove an exact learner action.
textbook-lesson.calc-1-unit-2b-derivative-applications-related-rates-angle,/subjects/math/calculus/derivative-applications/related-rates-angle/,reference,DEFERRED_EDITORIAL_REVIEW,,,,,,,,Candidate remains provisional because broad inferred concept/skill overlap does not prove an exact learner action.
textbook-lesson.calc-1-unit-2b-derivative-applications-related-rates-angle,/subjects/math/calculus/derivative-applications/related-rates-angle/,tool-or-visual,DEFERRED_EDITORIAL_REVIEW,,,,,,,,Candidate remains provisional because broad inferred concept/skill overlap does not prove an exact learner action.
textbook-lesson.calc-1-unit-2b-derivative-applications-related-rates-concept-quiz,/subjects/math/calculus/derivative-applications/related-rates-concept-quiz/,practice,NO_CANDIDATE,,,,,,,,No candidate was produced for this lesson and role.
textbook-lesson.calc-1-unit-2b-derivative-applications-related-rates-concept-quiz,/subjects/math/calculus/derivative-applications/related-rates-concept-quiz/,quick-explanation,DEFERRED_EDITORIAL_REVIEW,,,,,,,,Candidate remains provisional because broad inferred concept/skill overlap does not prove an exact learner action.
textbook-lesson.calc-1-unit-2b-derivative-applications-related-rates-concept-quiz,/subjects/math/calculus/derivative-applications/related-rates-concept-quiz/,worked-example,DEFERRED_EDITORIAL_REVIEW,,,,,,,,Candidate remains provisional because broad inferred concept/skill overlap does not prove an exact learner action.
textbook-lesson.calc-1-unit-2b-derivative-applications-related-rates-concept-quiz,/subjects/math/calculus/derivative-applications/related-rates-concept-quiz/,reference,DEFERRED_EDITORIAL_REVIEW,,,,,,,,Candidate remains provisional because broad inferred concept/skill overlap does not prove an exact learner action.
textbook-lesson.calc-1-unit-2b-derivative-applications-related-rates-concept-quiz,/subjects/math/calculus/derivative-applications/related-rates-concept-quiz/,tool-or-visual,DEFERRED_EDITORIAL_REVIEW,,,,,,,,Candidate remains provisional because broad inferred concept/skill overlap does not prove an exact learner action.
textbook-lesson.calc-1-unit-2b-derivative-applications-related-rates-mixed,/subjects/math/calculus/derivative-applications/related-rates-mixed/,practice,NO_CANDIDATE,,,,,,,,No candidate was produced for this lesson and role.
textbook-lesson.calc-1-unit-2b-derivative-applications-related-rates-mixed,/subjects/math/calculus/derivative-applications/related-rates-mixed/,quick-explanation,DEFERRED_EDITORIAL_REVIEW,,,,,,,,Candidate remains provisional because broad inferred concept/skill overlap does not prove an exact learner action.
textbook-lesson.calc-1-unit-2b-derivative-applications-related-rates-mixed,/subjects/math/calculus/derivative-applications/related-rates-mixed/,worked-example,DEFERRED_EDITORIAL_REVIEW,,,,,,,,Candidate remains provisional because broad inferred concept/skill overlap does not prove an exact learner action.
textbook-lesson.calc-1-unit-2b-derivative-applications-related-rates-mixed,/subjects/math/calculus/derivative-applications/related-rates-mixed/,reference,DEFERRED_EDITORIAL_REVIEW,,,,,,,,Candidate remains provisional because broad inferred concept/skill overlap does not prove an exact learner action.
textbook-lesson.calc-1-unit-2b-derivative-applications-related-rates-mixed,/subjects/math/calculus/derivative-applications/related-rates-mixed/,tool-or-visual,DEFERRED_EDITORIAL_REVIEW,,,,,,,,Candidate remains provisional because broad inferred concept/skill overlap does not prove an exact learner action.
textbook-lesson.calc-1-unit-2b-derivative-applications-related-rates-pythagorean,/subjects/math/calculus/derivative-applications/related-rates-pythagorean/,practice,NO_CANDIDATE,,,,,,,,No candidate was produced for this lesson and role.
textbook-lesson.calc-1-unit-2b-derivative-applications-related-rates-pythagorean,/subjects/math/calculus/derivative-applications/related-rates-pythagorean/,quick-explanation,DEFERRED_EDITORIAL_REVIEW,,,,,,,,Candidate remains provisional because broad inferred concept/skill overlap does not prove an exact learner action.
textbook-lesson.calc-1-unit-2b-derivative-applications-related-rates-pythagorean,/subjects/math/calculus/derivative-applications/related-rates-pythagorean/,worked-example,DEFERRED_EDITORIAL_REVIEW,,,,,,,,Candidate remains provisional because broad inferred concept/skill overlap does not prove an exact learner action.
textbook-lesson.calc-1-unit-2b-derivative-applications-related-rates-pythagorean,/subjects/math/calculus/derivative-applications/related-rates-pythagorean/,reference,DEFERRED_EDITORIAL_REVIEW,,,,,,,,Candidate remains provisional because broad inferred concept/skill overlap does not prove an exact learner action.
textbook-lesson.calc-1-unit-2b-derivative-applications-related-rates-pythagorean,/subjects/math/calculus/derivative-applications/related-rates-pythagorean/,tool-or-visual,DEFERRED_EDITORIAL_REVIEW,,,,,,,,Candidate remains provisional because broad inferred concept/skill overlap does not prove an exact learner action.
textbook-lesson.calc-1-unit-2b-derivative-applications-related-rates-review,/subjects/math/calculus/derivative-applications/related-rates-review/,practice,NO_CANDIDATE,,,,,,,,No candidate was produced for this lesson and role.
textbook-lesson.calc-1-unit-2b-derivative-applications-related-rates-review,/subjects/math/calculus/derivative-applications/related-rates-review/,quick-explanation,DEFERRED_EDITORIAL_REVIEW,,,,,,,,Candidate remains provisional because broad inferred concept/skill overlap does not prove an exact learner action.
textbook-lesson.calc-1-unit-2b-derivative-applications-related-rates-review,/subjects/math/calculus/derivative-applications/related-rates-review/,worked-example,DEFERRED_EDITORIAL_REVIEW,,,,,,,,Candidate remains provisional because broad inferred concept/skill overlap does not prove an exact learner action.
textbook-lesson.calc-1-unit-2b-derivative-applications-related-rates-review,/subjects/math/calculus/derivative-applications/related-rates-review/,reference,DEFERRED_EDITORIAL_REVIEW,,,,,,,,Candidate remains provisional because broad inferred concept/skill overlap does not prove an exact learner action.
textbook-lesson.calc-1-unit-2b-derivative-applications-related-rates-review,/subjects/math/calculus/derivative-applications/related-rates-review/,tool-or-visual,DEFERRED_EDITORIAL_REVIEW,,,,,,,,Candidate remains provisional because broad inferred concept/skill overlap does not prove an exact learner action.
textbook-lesson.calc-1-unit-2b-derivative-applications-related-rates-shadows,/subjects/math/calculus/derivative-applications/related-rates-shadows/,practice,NO_CANDIDATE,,,,,,,,No candidate was produced for this lesson and role.
textbook-lesson.calc-1-unit-2b-derivative-applications-related-rates-shadows,/subjects/math/calculus/derivative-applications/related-rates-shadows/,quick-explanation,DEFERRED_EDITORIAL_REVIEW,,,,,,,,Candidate remains provisional because broad inferred concept/skill overlap does not prove an exact learner action.
textbook-lesson.calc-1-unit-2b-derivative-applications-related-rates-shadows,/subjects/math/calculus/derivative-applications/related-rates-shadows/,worked-example,DEFERRED_EDITORIAL_REVIEW,,,,,,,,Candidate remains provisional because broad inferred concept/skill overlap does not prove an exact learner action.
textbook-lesson.calc-1-unit-2b-derivative-applications-related-rates-shadows,/subjects/math/calculus/derivative-applications/related-rates-shadows/,reference,DEFERRED_EDITORIAL_REVIEW,,,,,,,,Candidate remains provisional because broad inferred concept/skill overlap does not prove an exact learner action.
textbook-lesson.calc-1-unit-2b-derivative-applications-related-rates-shadows,/subjects/math/calculus/derivative-applications/related-rates-shadows/,tool-or-visual,DEFERRED_EDITORIAL_REVIEW,,,,,,,,Candidate remains provisional because broad inferred concept/skill overlap does not prove an exact learner action.
textbook-lesson.calc-1-unit-2b-derivative-applications-related-rates-volume,/subjects/math/calculus/derivative-applications/related-rates-volume/,practice,NO_CANDIDATE,,,,,,,,No candidate was produced for this lesson and role.
textbook-lesson.calc-1-unit-2b-derivative-applications-related-rates-volume,/subjects/math/calculus/derivative-applications/related-rates-volume/,quick-explanation,DEFERRED_EDITORIAL_REVIEW,,,,,,,,Candidate remains provisional because broad inferred concept/skill overlap does not prove an exact learner action.
textbook-lesson.calc-1-unit-2b-derivative-applications-related-rates-volume,/subjects/math/calculus/derivative-applications/related-rates-volume/,worked-example,DEFERRED_EDITORIAL_REVIEW,,,,,,,,Candidate remains provisional because broad inferred concept/skill overlap does not prove an exact learner action.
textbook-lesson.calc-1-unit-2b-derivative-applications-related-rates-volume,/subjects/math/calculus/derivative-applications/related-rates-volume/,reference,DEFERRED_EDITORIAL_REVIEW,,,,,,,,Candidate remains provisional because broad inferred concept/skill overlap does not prove an exact learner action.
textbook-lesson.calc-1-unit-2b-derivative-applications-related-rates-volume,/subjects/math/calculus/derivative-applications/related-rates-volume/,tool-or-visual,DEFERRED_EDITORIAL_REVIEW,,,,,,,,Candidate remains provisional because broad inferred concept/skill overlap does not prove an exact learner action.
textbook-lesson.calc-1-unit-2b-derivative-applications-related-rates-workflow,/subjects/math/calculus/derivative-applications/related-rates-workflow/,practice,NO_CANDIDATE,,,,,,,,No candidate was produced for this lesson and role.
textbook-lesson.calc-1-unit-2b-derivative-applications-related-rates-workflow,/subjects/math/calculus/derivative-applications/related-rates-workflow/,quick-explanation,DEFERRED_EDITORIAL_REVIEW,,,,,,,,Candidate remains provisional because broad inferred concept/skill overlap does not prove an exact learner action.
textbook-lesson.calc-1-unit-2b-derivative-applications-related-rates-workflow,/subjects/math/calculus/derivative-applications/related-rates-workflow/,worked-example,DEFERRED_EDITORIAL_REVIEW,,,,,,,,Candidate remains provisional because broad inferred concept/skill overlap does not prove an exact learner action.
textbook-lesson.calc-1-unit-2b-derivative-applications-related-rates-workflow,/subjects/math/calculus/derivative-applications/related-rates-workflow/,reference,DEFERRED_EDITORIAL_REVIEW,,,,,,,,Candidate remains provisional because broad inferred concept/skill overlap does not prove an exact learner action.
textbook-lesson.calc-1-unit-2b-derivative-applications-related-rates-workflow,/subjects/math/calculus/derivative-applications/related-rates-workflow/,tool-or-visual,DEFERRED_EDITORIAL_REVIEW,,,,,,,,Candidate remains provisional because broad inferred concept/skill overlap does not prove an exact learner action.
textbook-lesson.calc-1-unit-2b-derivative-applications-repeated-lhopital,/subjects/math/calculus/derivative-applications/repeated-lhopital/,practice,NO_CANDIDATE,,,,,,,,No candidate was produced for this lesson and role.
textbook-lesson.calc-1-unit-2b-derivative-applications-repeated-lhopital,/subjects/math/calculus/derivative-applications/repeated-lhopital/,quick-explanation,DEFERRED_EDITORIAL_REVIEW,,,,,,,,Candidate remains provisional because broad inferred concept/skill overlap does not prove an exact learner action.
textbook-lesson.calc-1-unit-2b-derivative-applications-repeated-lhopital,/subjects/math/calculus/derivative-applications/repeated-lhopital/,worked-example,DEFERRED_EDITORIAL_REVIEW,,,,,,,,Candidate remains provisional because broad inferred concept/skill overlap does not prove an exact learner action.
textbook-lesson.calc-1-unit-2b-derivative-applications-repeated-lhopital,/subjects/math/calculus/derivative-applications/repeated-lhopital/,reference,DEFERRED_EDITORIAL_REVIEW,,,,,,,,Candidate remains provisional because broad inferred concept/skill overlap does not prove an exact learner action.
textbook-lesson.calc-1-unit-2b-derivative-applications-repeated-lhopital,/subjects/math/calculus/derivative-applications/repeated-lhopital/,tool-or-visual,DEFERRED_EDITORIAL_REVIEW,,,,,,,,Candidate remains provisional because broad inferred concept/skill overlap does not prove an exact learner action.
textbook-lesson.calc-1-unit-2b-derivative-applications-rolles-theorem,/subjects/math/calculus/derivative-applications/rolles-theorem/,practice,NO_CANDIDATE,,,,,,,,No candidate was produced for this lesson and role.
textbook-lesson.calc-1-unit-2b-derivative-applications-rolles-theorem,/subjects/math/calculus/derivative-applications/rolles-theorem/,quick-explanation,DEFERRED_EDITORIAL_REVIEW,,,,,,,,Candidate remains provisional because broad inferred concept/skill overlap does not prove an exact learner action.
textbook-lesson.calc-1-unit-2b-derivative-applications-rolles-theorem,/subjects/math/calculus/derivative-applications/rolles-theorem/,worked-example,DEFERRED_EDITORIAL_REVIEW,,,,,,,,Candidate remains provisional because broad inferred concept/skill overlap does not prove an exact learner action.
textbook-lesson.calc-1-unit-2b-derivative-applications-rolles-theorem,/subjects/math/calculus/derivative-applications/rolles-theorem/,reference,DEFERRED_EDITORIAL_REVIEW,,,,,,,,Candidate remains provisional because broad inferred concept/skill overlap does not prove an exact learner action.
textbook-lesson.calc-1-unit-2b-derivative-applications-rolles-theorem,/subjects/math/calculus/derivative-applications/rolles-theorem/,tool-or-visual,DEFERRED_EDITORIAL_REVIEW,,,,,,,,Candidate remains provisional because broad inferred concept/skill overlap does not prove an exact learner action.
textbook-lesson.calc-1-unit-2b-derivative-applications-second-derivative-test,/subjects/math/calculus/derivative-applications/second-derivative-test/,practice,NO_CANDIDATE,,,,,,,,No candidate was produced for this lesson and role.
textbook-lesson.calc-1-unit-2b-derivative-applications-second-derivative-test,/subjects/math/calculus/derivative-applications/second-derivative-test/,quick-explanation,DEFERRED_EDITORIAL_REVIEW,,,,,,,,Candidate remains provisional because broad inferred concept/skill overlap does not prove an exact learner action.
textbook-lesson.calc-1-unit-2b-derivative-applications-second-derivative-test,/subjects/math/calculus/derivative-applications/second-derivative-test/,worked-example,DEFERRED_EDITORIAL_REVIEW,,,,,,,,Candidate remains provisional because broad inferred concept/skill overlap does not prove an exact learner action.
textbook-lesson.calc-1-unit-2b-derivative-applications-second-derivative-test,/subjects/math/calculus/derivative-applications/second-derivative-test/,reference,DEFERRED_EDITORIAL_REVIEW,,,,,,,,Candidate remains provisional because broad inferred concept/skill overlap does not prove an exact learner action.
textbook-lesson.calc-1-unit-2b-derivative-applications-second-derivative-test,/subjects/math/calculus/derivative-applications/second-derivative-test/,tool-or-visual,DEFERRED_EDITORIAL_REVIEW,,,,,,,,Candidate remains provisional because broad inferred concept/skill overlap does not prove an exact learner action.
textbook-lesson.calc-1-unit-2b-derivative-applications-speeding-up-slowing-down,/subjects/math/calculus/derivative-applications/speeding-up-slowing-down/,practice,NO_CANDIDATE,,,,,,,,No candidate was produced for this lesson and role.
textbook-lesson.calc-1-unit-2b-derivative-applications-speeding-up-slowing-down,/subjects/math/calculus/derivative-applications/speeding-up-slowing-down/,quick-explanation,DEFERRED_EDITORIAL_REVIEW,,,,,,,,Candidate remains provisional because broad inferred concept/skill overlap does not prove an exact learner action.
textbook-lesson.calc-1-unit-2b-derivative-applications-speeding-up-slowing-down,/subjects/math/calculus/derivative-applications/speeding-up-slowing-down/,worked-example,DEFERRED_EDITORIAL_REVIEW,,,,,,,,Candidate remains provisional because broad inferred concept/skill overlap does not prove an exact learner action.
textbook-lesson.calc-1-unit-2b-derivative-applications-speeding-up-slowing-down,/subjects/math/calculus/derivative-applications/speeding-up-slowing-down/,reference,DEFERRED_EDITORIAL_REVIEW,,,,,,,,Candidate remains provisional because broad inferred concept/skill overlap does not prove an exact learner action.
textbook-lesson.calc-1-unit-2b-derivative-applications-speeding-up-slowing-down,/subjects/math/calculus/derivative-applications/speeding-up-slowing-down/,tool-or-visual,DEFERRED_EDITORIAL_REVIEW,,,,,,,,Candidate remains provisional because broad inferred concept/skill overlap does not prove an exact learner action.
textbook-lesson.calc-1-unit-2b-derivative-applications-stopping-distance,/subjects/math/calculus/derivative-applications/stopping-distance/,practice,NO_CANDIDATE,,,,,,,,No candidate was produced for this lesson and role.
textbook-lesson.calc-1-unit-2b-derivative-applications-stopping-distance,/subjects/math/calculus/derivative-applications/stopping-distance/,quick-explanation,DEFERRED_EDITORIAL_REVIEW,,,,,,,,Candidate remains provisional because broad inferred concept/skill overlap does not prove an exact learner action.
textbook-lesson.calc-1-unit-2b-derivative-applications-stopping-distance,/subjects/math/calculus/derivative-applications/stopping-distance/,worked-example,DEFERRED_EDITORIAL_REVIEW,,,,,,,,Candidate remains provisional because broad inferred concept/skill overlap does not prove an exact learner action.
textbook-lesson.calc-1-unit-2b-derivative-applications-stopping-distance,/subjects/math/calculus/derivative-applications/stopping-distance/,reference,DEFERRED_EDITORIAL_REVIEW,,,,,,,,Candidate remains provisional because broad inferred concept/skill overlap does not prove an exact learner action.
textbook-lesson.calc-1-unit-2b-derivative-applications-stopping-distance,/subjects/math/calculus/derivative-applications/stopping-distance/,tool-or-visual,DEFERRED_EDITORIAL_REVIEW,,,,,,,,Candidate remains provisional because broad inferred concept/skill overlap does not prove an exact learner action.
textbook-lesson.calc-1-unit-2b-derivative-applications-theorems-shape-concept-quiz,/subjects/math/calculus/derivative-applications/theorems-shape-concept-quiz/,practice,NO_CANDIDATE,,,,,,,,No candidate was produced for this lesson and role.
textbook-lesson.calc-1-unit-2b-derivative-applications-theorems-shape-concept-quiz,/subjects/math/calculus/derivative-applications/theorems-shape-concept-quiz/,quick-explanation,DEFERRED_EDITORIAL_REVIEW,,,,,,,,Candidate remains provisional because broad inferred concept/skill overlap does not prove an exact learner action.
textbook-lesson.calc-1-unit-2b-derivative-applications-theorems-shape-concept-quiz,/subjects/math/calculus/derivative-applications/theorems-shape-concept-quiz/,worked-example,DEFERRED_EDITORIAL_REVIEW,,,,,,,,Candidate remains provisional because broad inferred concept/skill overlap does not prove an exact learner action.
textbook-lesson.calc-1-unit-2b-derivative-applications-theorems-shape-concept-quiz,/subjects/math/calculus/derivative-applications/theorems-shape-concept-quiz/,reference,DEFERRED_EDITORIAL_REVIEW,,,,,,,,Candidate remains provisional because broad inferred concept/skill overlap does not prove an exact learner action.
textbook-lesson.calc-1-unit-2b-derivative-applications-theorems-shape-concept-quiz,/subjects/math/calculus/derivative-applications/theorems-shape-concept-quiz/,tool-or-visual,DEFERRED_EDITORIAL_REVIEW,,,,,,,,Candidate remains provisional because broad inferred concept/skill overlap does not prove an exact learner action.
textbook-lesson.calc-1-unit-2b-derivative-applications-theorems-shape-review,/subjects/math/calculus/derivative-applications/theorems-shape-review/,practice,NO_CANDIDATE,,,,,,,,No candidate was produced for this lesson and role.
textbook-lesson.calc-1-unit-2b-derivative-applications-theorems-shape-review,/subjects/math/calculus/derivative-applications/theorems-shape-review/,quick-explanation,DEFERRED_EDITORIAL_REVIEW,,,,,,,,Candidate remains provisional because broad inferred concept/skill overlap does not prove an exact learner action.
textbook-lesson.calc-1-unit-2b-derivative-applications-theorems-shape-review,/subjects/math/calculus/derivative-applications/theorems-shape-review/,worked-example,DEFERRED_EDITORIAL_REVIEW,,,,,,,,Candidate remains provisional because broad inferred concept/skill overlap does not prove an exact learner action.
textbook-lesson.calc-1-unit-2b-derivative-applications-theorems-shape-review,/subjects/math/calculus/derivative-applications/theorems-shape-review/,reference,DEFERRED_EDITORIAL_REVIEW,,,,,,,,Candidate remains provisional because broad inferred concept/skill overlap does not prove an exact learner action.
textbook-lesson.calc-1-unit-2b-derivative-applications-theorems-shape-review,/subjects/math/calculus/derivative-applications/theorems-shape-review/,tool-or-visual,DEFERRED_EDITORIAL_REVIEW,,,,,,,,Candidate remains provisional because broad inferred concept/skill overlap does not prove an exact learner action.
textbook-lesson.calc-1-unit-2b-derivative-applications-when-not-lhopital,/subjects/math/calculus/derivative-applications/when-not-lhopital/,practice,NO_CANDIDATE,,,,,,,,No candidate was produced for this lesson and role.
textbook-lesson.calc-1-unit-2b-derivative-applications-when-not-lhopital,/subjects/math/calculus/derivative-applications/when-not-lhopital/,quick-explanation,DEFERRED_EDITORIAL_REVIEW,,,,,,,,Candidate remains provisional because broad inferred concept/skill overlap does not prove an exact learner action.
textbook-lesson.calc-1-unit-2b-derivative-applications-when-not-lhopital,/subjects/math/calculus/derivative-applications/when-not-lhopital/,worked-example,DEFERRED_EDITORIAL_REVIEW,,,,,,,,Candidate remains provisional because broad inferred concept/skill overlap does not prove an exact learner action.
textbook-lesson.calc-1-unit-2b-derivative-applications-when-not-lhopital,/subjects/math/calculus/derivative-applications/when-not-lhopital/,reference,DEFERRED_EDITORIAL_REVIEW,,,,,,,,Candidate remains provisional because broad inferred concept/skill overlap does not prove an exact learner action.
textbook-lesson.calc-1-unit-2b-derivative-applications-when-not-lhopital,/subjects/math/calculus/derivative-applications/when-not-lhopital/,tool-or-visual,DEFERRED_EDITORIAL_REVIEW,,,,,,,,Candidate remains provisional because broad inferred concept/skill overlap does not prove an exact learner action.
textbook-lesson.calc-1-unit-2b-derivative-applications-why-linear-approximation-works,/subjects/math/calculus/derivative-applications/why-linear-approximation-works/,practice,NO_CANDIDATE,,,,,,,,No candidate was produced for this lesson and role.
textbook-lesson.calc-1-unit-2b-derivative-applications-why-linear-approximation-works,/subjects/math/calculus/derivative-applications/why-linear-approximation-works/,quick-explanation,DEFERRED_EDITORIAL_REVIEW,,,,,,,,Candidate remains provisional because broad inferred concept/skill overlap does not prove an exact learner action.
textbook-lesson.calc-1-unit-2b-derivative-applications-why-linear-approximation-works,/subjects/math/calculus/derivative-applications/why-linear-approximation-works/,worked-example,DEFERRED_EDITORIAL_REVIEW,,,,,,,,Candidate remains provisional because broad inferred concept/skill overlap does not prove an exact learner action.
textbook-lesson.calc-1-unit-2b-derivative-applications-why-linear-approximation-works,/subjects/math/calculus/derivative-applications/why-linear-approximation-works/,reference,DEFERRED_EDITORIAL_REVIEW,,,,,,,,Candidate remains provisional because broad inferred concept/skill overlap does not prove an exact learner action.
textbook-lesson.calc-1-unit-2b-derivative-applications-why-linear-approximation-works,/subjects/math/calculus/derivative-applications/why-linear-approximation-works/,tool-or-visual,DEFERRED_EDITORIAL_REVIEW,,,,,,,,Candidate remains provisional because broad inferred concept/skill overlap does not prove an exact learner action.
textbook-lesson.calc-1-unit-2b-derivative-applications-why-related-rates-feel-hard,/subjects/math/calculus/derivative-applications/why-related-rates-feel-hard/,practice,NO_CANDIDATE,,,,,,,,No candidate was produced for this lesson and role.
textbook-lesson.calc-1-unit-2b-derivative-applications-why-related-rates-feel-hard,/subjects/math/calculus/derivative-applications/why-related-rates-feel-hard/,quick-explanation,DEFERRED_EDITORIAL_REVIEW,,,,,,,,Candidate remains provisional because broad inferred concept/skill overlap does not prove an exact learner action.
textbook-lesson.calc-1-unit-2b-derivative-applications-why-related-rates-feel-hard,/subjects/math/calculus/derivative-applications/why-related-rates-feel-hard/,worked-example,DEFERRED_EDITORIAL_REVIEW,,,,,,,,Candidate remains provisional because broad inferred concept/skill overlap does not prove an exact learner action.
textbook-lesson.calc-1-unit-2b-derivative-applications-why-related-rates-feel-hard,/subjects/math/calculus/derivative-applications/why-related-rates-feel-hard/,reference,DEFERRED_EDITORIAL_REVIEW,,,,,,,,Candidate remains provisional because broad inferred concept/skill overlap does not prove an exact learner action.
textbook-lesson.calc-1-unit-2b-derivative-applications-why-related-rates-feel-hard,/subjects/math/calculus/derivative-applications/why-related-rates-feel-hard/,tool-or-visual,DEFERRED_EDITORIAL_REVIEW,,,,,,,,Candidate remains provisional because broad inferred concept/skill overlap does not prove an exact learner action.
textbook-lesson.calc-1-unit-2a-derivative-foundations-techniques-advanced-chain-rule-linear-maps,/subjects/math/calculus/derivatives/advanced-chain-rule-linear-maps/,practice,DEFERRED_EDITORIAL_REVIEW,,,,,,,,Candidate remains provisional because broad inferred concept/skill overlap does not prove an exact learner action.
textbook-lesson.calc-1-unit-2a-derivative-foundations-techniques-advanced-chain-rule-linear-maps,/subjects/math/calculus/derivatives/advanced-chain-rule-linear-maps/,quick-explanation,DEFERRED_EDITORIAL_REVIEW,,,,,,,,Candidate remains provisional because broad inferred concept/skill overlap does not prove an exact learner action.
textbook-lesson.calc-1-unit-2a-derivative-foundations-techniques-advanced-chain-rule-linear-maps,/subjects/math/calculus/derivatives/advanced-chain-rule-linear-maps/,worked-example,DEFERRED_EDITORIAL_REVIEW,,,,,,,,Candidate remains provisional because broad inferred concept/skill overlap does not prove an exact learner action.
textbook-lesson.calc-1-unit-2a-derivative-foundations-techniques-advanced-chain-rule-linear-maps,/subjects/math/calculus/derivatives/advanced-chain-rule-linear-maps/,reference,DEFERRED_EDITORIAL_REVIEW,,,,,,,,Candidate remains provisional because broad inferred concept/skill overlap does not prove an exact learner action.
textbook-lesson.calc-1-unit-2a-derivative-foundations-techniques-advanced-chain-rule-linear-maps,/subjects/math/calculus/derivatives/advanced-chain-rule-linear-maps/,tool-or-visual,NO_CANDIDATE,,,,,,,,No candidate was produced for this lesson and role.
textbook-lesson.calc-1-unit-2a-derivative-foundations-techniques-advanced-darboux-derivatives,/subjects/math/calculus/derivatives/advanced-darboux-derivatives/,practice,NO_CANDIDATE,,,,,,,,No candidate was produced for this lesson and role.
textbook-lesson.calc-1-unit-2a-derivative-foundations-techniques-advanced-darboux-derivatives,/subjects/math/calculus/derivatives/advanced-darboux-derivatives/,quick-explanation,DEFERRED_EDITORIAL_REVIEW,,,,,,,,Candidate remains provisional because broad inferred concept/skill overlap does not prove an exact learner action.
textbook-lesson.calc-1-unit-2a-derivative-foundations-techniques-advanced-darboux-derivatives,/subjects/math/calculus/derivatives/advanced-darboux-derivatives/,worked-example,DEFERRED_EDITORIAL_REVIEW,,,,,,,,Candidate remains provisional because broad inferred concept/skill overlap does not prove an exact learner action.
textbook-lesson.calc-1-unit-2a-derivative-foundations-techniques-advanced-darboux-derivatives,/subjects/math/calculus/derivatives/advanced-darboux-derivatives/,reference,DEFERRED_EDITORIAL_REVIEW,,,,,,,,Candidate remains provisional because broad inferred concept/skill overlap does not prove an exact learner action.
textbook-lesson.calc-1-unit-2a-derivative-foundations-techniques-advanced-darboux-derivatives,/subjects/math/calculus/derivatives/advanced-darboux-derivatives/,tool-or-visual,DEFERRED_EDITORIAL_REVIEW,,,,,,,,Candidate remains provisional because broad inferred concept/skill overlap does not prove an exact learner action.
textbook-lesson.calc-1-unit-2a-derivative-foundations-techniques-advanced-implicit-function-theorem,/subjects/math/calculus/derivatives/advanced-implicit-function-theorem/,practice,NO_CANDIDATE,,,,,,,,No candidate was produced for this lesson and role.
textbook-lesson.calc-1-unit-2a-derivative-foundations-techniques-advanced-implicit-function-theorem,/subjects/math/calculus/derivatives/advanced-implicit-function-theorem/,quick-explanation,DEFERRED_EDITORIAL_REVIEW,,,,,,,,Candidate remains provisional because broad inferred concept/skill overlap does not prove an exact learner action.
textbook-lesson.calc-1-unit-2a-derivative-foundations-techniques-advanced-implicit-function-theorem,/subjects/math/calculus/derivatives/advanced-implicit-function-theorem/,worked-example,DEFERRED_EDITORIAL_REVIEW,,,,,,,,Candidate remains provisional because broad inferred concept/skill overlap does not prove an exact learner action.
textbook-lesson.calc-1-unit-2a-derivative-foundations-techniques-advanced-implicit-function-theorem,/subjects/math/calculus/derivatives/advanced-implicit-function-theorem/,reference,DEFERRED_EDITORIAL_REVIEW,,,,,,,,Candidate remains provisional because broad inferred concept/skill overlap does not prove an exact learner action.
textbook-lesson.calc-1-unit-2a-derivative-foundations-techniques-advanced-implicit-function-theorem,/subjects/math/calculus/derivatives/advanced-implicit-function-theorem/,tool-or-visual,DEFERRED_EDITORIAL_REVIEW,,,,,,,,Candidate remains provisional because broad inferred concept/skill overlap does not prove an exact learner action.
textbook-lesson.calc-1-unit-2a-derivative-foundations-techniques-advanced-local-linearity-little-o,/subjects/math/calculus/derivatives/advanced-local-linearity-little-o/,practice,NO_CANDIDATE,,,,,,,,No candidate was produced for this lesson and role.
textbook-lesson.calc-1-unit-2a-derivative-foundations-techniques-advanced-local-linearity-little-o,/subjects/math/calculus/derivatives/advanced-local-linearity-little-o/,quick-explanation,DEFERRED_EDITORIAL_REVIEW,,,,,,,,Candidate remains provisional because broad inferred concept/skill overlap does not prove an exact learner action.
textbook-lesson.calc-1-unit-2a-derivative-foundations-techniques-advanced-local-linearity-little-o,/subjects/math/calculus/derivatives/advanced-local-linearity-little-o/,worked-example,DEFERRED_EDITORIAL_REVIEW,,,,,,,,Candidate remains provisional because broad inferred concept/skill overlap does not prove an exact learner action.
textbook-lesson.calc-1-unit-2a-derivative-foundations-techniques-advanced-local-linearity-little-o,/subjects/math/calculus/derivatives/advanced-local-linearity-little-o/,reference,DEFERRED_EDITORIAL_REVIEW,,,,,,,,Candidate remains provisional because broad inferred concept/skill overlap does not prove an exact learner action.
textbook-lesson.calc-1-unit-2a-derivative-foundations-techniques-advanced-local-linearity-little-o,/subjects/math/calculus/derivatives/advanced-local-linearity-little-o/,tool-or-visual,DEFERRED_EDITORIAL_REVIEW,,,,,,,,Candidate remains provisional because broad inferred concept/skill overlap does not prove an exact learner action.
textbook-lesson.calc-1-unit-2a-derivative-foundations-techniques-advanced-notes-2a,/subjects/math/calculus/derivatives/advanced-notes-2a/,practice,NO_CANDIDATE,,,,,,,,No candidate was produced for this lesson and role.
textbook-lesson.calc-1-unit-2a-derivative-foundations-techniques-advanced-notes-2a,/subjects/math/calculus/derivatives/advanced-notes-2a/,quick-explanation,DEFERRED_EDITORIAL_REVIEW,,,,,,,,Candidate remains provisional because broad inferred concept/skill overlap does not prove an exact learner action.
textbook-lesson.calc-1-unit-2a-derivative-foundations-techniques-advanced-notes-2a,/subjects/math/calculus/derivatives/advanced-notes-2a/,worked-example,DEFERRED_EDITORIAL_REVIEW,,,,,,,,Candidate remains provisional because broad inferred concept/skill overlap does not prove an exact learner action.
textbook-lesson.calc-1-unit-2a-derivative-foundations-techniques-advanced-notes-2a,/subjects/math/calculus/derivatives/advanced-notes-2a/,reference,DEFERRED_EDITORIAL_REVIEW,,,,,,,,Candidate remains provisional because broad inferred concept/skill overlap does not prove an exact learner action.
textbook-lesson.calc-1-unit-2a-derivative-foundations-techniques-advanced-notes-2a,/subjects/math/calculus/derivatives/advanced-notes-2a/,tool-or-visual,DEFERRED_EDITORIAL_REVIEW,,,,,,,,Candidate remains provisional because broad inferred concept/skill overlap does not prove an exact learner action.
textbook-lesson.calc-1-unit-2a-derivative-foundations-techniques-chain-exp-log,/subjects/math/calculus/derivatives/chain-exp-log/,practice,DEFERRED_EDITORIAL_REVIEW,,,,,,,,Candidate remains provisional because broad inferred concept/skill overlap does not prove an exact learner action.
textbook-lesson.calc-1-unit-2a-derivative-foundations-techniques-chain-exp-log,/subjects/math/calculus/derivatives/chain-exp-log/,quick-explanation,DEFERRED_EDITORIAL_REVIEW,,,,,,,,Candidate remains provisional because broad inferred concept/skill overlap does not prove an exact learner action.
textbook-lesson.calc-1-unit-2a-derivative-foundations-techniques-chain-exp-log,/subjects/math/calculus/derivatives/chain-exp-log/,worked-example,DEFERRED_EDITORIAL_REVIEW,,,,,,,,Candidate remains provisional because broad inferred concept/skill overlap does not prove an exact learner action.
textbook-lesson.calc-1-unit-2a-derivative-foundations-techniques-chain-exp-log,/subjects/math/calculus/derivatives/chain-exp-log/,reference,DEFERRED_EDITORIAL_REVIEW,,,,,,,,Candidate remains provisional because broad inferred concept/skill overlap does not prove an exact learner action.
textbook-lesson.calc-1-unit-2a-derivative-foundations-techniques-chain-exp-log,/subjects/math/calculus/derivatives/chain-exp-log/,tool-or-visual,NO_CANDIDATE,,,,,,,,No candidate was produced for this lesson and role.
textbook-lesson.calc-1-unit-2a-derivative-foundations-techniques-chain-rule-basic,/subjects/math/calculus/derivatives/chain-rule-basic/,practice,APPROVED_EXACT_COMPANION,worksheet.calculus-resource-chain-rule,/subjects/math/calculus/worksheets/chain-rule/,practices,lesson-intro,Practice this skill,Manually adjudicated exact concept and instructional skill; complementary role; canonical published destination; one selected companion in this category.,high,
textbook-lesson.calc-1-unit-2a-derivative-foundations-techniques-chain-rule-basic,/subjects/math/calculus/derivatives/chain-rule-basic/,quick-explanation,DEFERRED_EDITORIAL_REVIEW,,,,,,,,Candidate remains provisional because broad inferred concept/skill overlap does not prove an exact learner action.
textbook-lesson.calc-1-unit-2a-derivative-foundations-techniques-chain-rule-basic,/subjects/math/calculus/derivatives/chain-rule-basic/,worked-example,DEFERRED_EDITORIAL_REVIEW,,,,,,,,Candidate remains provisional because broad inferred concept/skill overlap does not prove an exact learner action.
textbook-lesson.calc-1-unit-2a-derivative-foundations-techniques-chain-rule-basic,/subjects/math/calculus/derivatives/chain-rule-basic/,reference,DEFERRED_EDITORIAL_REVIEW,,,,,,,,Candidate remains provisional because broad inferred concept/skill overlap does not prove an exact learner action.
textbook-lesson.calc-1-unit-2a-derivative-foundations-techniques-chain-rule-basic,/subjects/math/calculus/derivatives/chain-rule-basic/,tool-or-visual,NO_CANDIDATE,,,,,,,,No candidate was produced for this lesson and role.
textbook-lesson.calc-1-unit-2a-derivative-foundations-techniques-chain-rule-concept-quiz,/subjects/math/calculus/derivatives/chain-rule-concept-quiz/,practice,DEFERRED_EDITORIAL_REVIEW,,,,,,,,Candidate remains provisional because broad inferred concept/skill overlap does not prove an exact learner action.
textbook-lesson.calc-1-unit-2a-derivative-foundations-techniques-chain-rule-concept-quiz,/subjects/math/calculus/derivatives/chain-rule-concept-quiz/,quick-explanation,DEFERRED_EDITORIAL_REVIEW,,,,,,,,Candidate remains provisional because broad inferred concept/skill overlap does not prove an exact learner action.
textbook-lesson.calc-1-unit-2a-derivative-foundations-techniques-chain-rule-concept-quiz,/subjects/math/calculus/derivatives/chain-rule-concept-quiz/,worked-example,DEFERRED_EDITORIAL_REVIEW,,,,,,,,Candidate remains provisional because broad inferred concept/skill overlap does not prove an exact learner action.
textbook-lesson.calc-1-unit-2a-derivative-foundations-techniques-chain-rule-concept-quiz,/subjects/math/calculus/derivatives/chain-rule-concept-quiz/,reference,DEFERRED_EDITORIAL_REVIEW,,,,,,,,Candidate remains provisional because broad inferred concept/skill overlap does not prove an exact learner action.
textbook-lesson.calc-1-unit-2a-derivative-foundations-techniques-chain-rule-concept-quiz,/subjects/math/calculus/derivatives/chain-rule-concept-quiz/,tool-or-visual,NO_CANDIDATE,,,,,,,,No candidate was produced for this lesson and role.
textbook-lesson.calc-1-unit-2a-derivative-foundations-techniques-chain-rule-map,/subjects/math/calculus/derivatives/chain-rule-map/,practice,DEFERRED_EDITORIAL_REVIEW,,,,,,,,Candidate remains provisional because broad inferred concept/skill overlap does not prove an exact learner action.
textbook-lesson.calc-1-unit-2a-derivative-foundations-techniques-chain-rule-map,/subjects/math/calculus/derivatives/chain-rule-map/,quick-explanation,DEFERRED_EDITORIAL_REVIEW,,,,,,,,Candidate remains provisional because broad inferred concept/skill overlap does not prove an exact learner action.
textbook-lesson.calc-1-unit-2a-derivative-foundations-techniques-chain-rule-map,/subjects/math/calculus/derivatives/chain-rule-map/,worked-example,DEFERRED_EDITORIAL_REVIEW,,,,,,,,Candidate remains provisional because broad inferred concept/skill overlap does not prove an exact learner action.
textbook-lesson.calc-1-unit-2a-derivative-foundations-techniques-chain-rule-map,/subjects/math/calculus/derivatives/chain-rule-map/,reference,DEFERRED_EDITORIAL_REVIEW,,,,,,,,Candidate remains provisional because broad inferred concept/skill overlap does not prove an exact learner action.
textbook-lesson.calc-1-unit-2a-derivative-foundations-techniques-chain-rule-map,/subjects/math/calculus/derivatives/chain-rule-map/,tool-or-visual,NO_CANDIDATE,,,,,,,,No candidate was produced for this lesson and role.
textbook-lesson.calc-1-unit-2a-derivative-foundations-techniques-chain-rule-review,/subjects/math/calculus/derivatives/chain-rule-review/,practice,DEFERRED_EDITORIAL_REVIEW,,,,,,,,Candidate remains provisional because broad inferred concept/skill overlap does not prove an exact learner action.
textbook-lesson.calc-1-unit-2a-derivative-foundations-techniques-chain-rule-review,/subjects/math/calculus/derivatives/chain-rule-review/,quick-explanation,DEFERRED_EDITORIAL_REVIEW,,,,,,,,Candidate remains provisional because broad inferred concept/skill overlap does not prove an exact learner action.
textbook-lesson.calc-1-unit-2a-derivative-foundations-techniques-chain-rule-review,/subjects/math/calculus/derivatives/chain-rule-review/,worked-example,DEFERRED_EDITORIAL_REVIEW,,,,,,,,Candidate remains provisional because broad inferred concept/skill overlap does not prove an exact learner action.
textbook-lesson.calc-1-unit-2a-derivative-foundations-techniques-chain-rule-review,/subjects/math/calculus/derivatives/chain-rule-review/,reference,DEFERRED_EDITORIAL_REVIEW,,,,,,,,Candidate remains provisional because broad inferred concept/skill overlap does not prove an exact learner action.
textbook-lesson.calc-1-unit-2a-derivative-foundations-techniques-chain-rule-review,/subjects/math/calculus/derivatives/chain-rule-review/,tool-or-visual,NO_CANDIDATE,,,,,,,,No candidate was produced for this lesson and role.
textbook-lesson.calc-1-unit-2a-derivative-foundations-techniques-chain-trig,/subjects/math/calculus/derivatives/chain-trig/,practice,DEFERRED_EDITORIAL_REVIEW,,,,,,,,Candidate remains provisional because broad inferred concept/skill overlap does not prove an exact learner action.
textbook-lesson.calc-1-unit-2a-derivative-foundations-techniques-chain-trig,/subjects/math/calculus/derivatives/chain-trig/,quick-explanation,DEFERRED_EDITORIAL_REVIEW,,,,,,,,Candidate remains provisional because broad inferred concept/skill overlap does not prove an exact learner action.
textbook-lesson.calc-1-unit-2a-derivative-foundations-techniques-chain-trig,/subjects/math/calculus/derivatives/chain-trig/,worked-example,DEFERRED_EDITORIAL_REVIEW,,,,,,,,Candidate remains provisional because broad inferred concept/skill overlap does not prove an exact learner action.
textbook-lesson.calc-1-unit-2a-derivative-foundations-techniques-chain-trig,/subjects/math/calculus/derivatives/chain-trig/,reference,DEFERRED_EDITORIAL_REVIEW,,,,,,,,Candidate remains provisional because broad inferred concept/skill overlap does not prove an exact learner action.
textbook-lesson.calc-1-unit-2a-derivative-foundations-techniques-chain-trig,/subjects/math/calculus/derivatives/chain-trig/,tool-or-visual,NO_CANDIDATE,,,,,,,,No candidate was produced for this lesson and role.
textbook-lesson.calc-1-unit-2a-derivative-foundations-techniques-combined-rules,/subjects/math/calculus/derivatives/combined-rules/,practice,DEFERRED_EDITORIAL_REVIEW,,,,,,,,Candidate remains provisional because broad inferred concept/skill overlap does not prove an exact learner action.
textbook-lesson.calc-1-unit-2a-derivative-foundations-techniques-combined-rules,/subjects/math/calculus/derivatives/combined-rules/,quick-explanation,DEFERRED_EDITORIAL_REVIEW,,,,,,,,Candidate remains provisional because broad inferred concept/skill overlap does not prove an exact learner action.
textbook-lesson.calc-1-unit-2a-derivative-foundations-techniques-combined-rules,/subjects/math/calculus/derivatives/combined-rules/,worked-example,DEFERRED_EDITORIAL_REVIEW,,,,,,,,Candidate remains provisional because broad inferred concept/skill overlap does not prove an exact learner action.
textbook-lesson.calc-1-unit-2a-derivative-foundations-techniques-combined-rules,/subjects/math/calculus/derivatives/combined-rules/,reference,DEFERRED_EDITORIAL_REVIEW,,,,,,,,Candidate remains provisional because broad inferred concept/skill overlap does not prove an exact learner action.
textbook-lesson.calc-1-unit-2a-derivative-foundations-techniques-combined-rules,/subjects/math/calculus/derivatives/combined-rules/,tool-or-visual,NO_CANDIDATE,,,,,,,,No candidate was produced for this lesson and role.
textbook-lesson.calc-1-unit-2a-derivative-foundations-techniques-composition,/subjects/math/calculus/derivatives/composition/,practice,DEFERRED_EDITORIAL_REVIEW,,,,,,,,Candidate remains provisional because broad inferred concept/skill overlap does not prove an exact learner action.
textbook-lesson.calc-1-unit-2a-derivative-foundations-techniques-composition,/subjects/math/calculus/derivatives/composition/,quick-explanation,DEFERRED_EDITORIAL_REVIEW,,,,,,,,Candidate remains provisional because broad inferred concept/skill overlap does not prove an exact learner action.
textbook-lesson.calc-1-unit-2a-derivative-foundations-techniques-composition,/subjects/math/calculus/derivatives/composition/,worked-example,DEFERRED_EDITORIAL_REVIEW,,,,,,,,Candidate remains provisional because broad inferred concept/skill overlap does not prove an exact learner action.
textbook-lesson.calc-1-unit-2a-derivative-foundations-techniques-composition,/subjects/math/calculus/derivatives/composition/,reference,DEFERRED_EDITORIAL_REVIEW,,,,,,,,Candidate remains provisional because broad inferred concept/skill overlap does not prove an exact learner action.
textbook-lesson.calc-1-unit-2a-derivative-foundations-techniques-composition,/subjects/math/calculus/derivatives/composition/,tool-or-visual,NO_CANDIDATE,,,,,,,,No candidate was produced for this lesson and role.
textbook-lesson.calc-1-unit-2a-derivative-foundations-techniques-core-rules-concept-quiz,/subjects/math/calculus/derivatives/core-rules-concept-quiz/,practice,NO_CANDIDATE,,,,,,,,No candidate was produced for this lesson and role.
textbook-lesson.calc-1-unit-2a-derivative-foundations-techniques-core-rules-concept-quiz,/subjects/math/calculus/derivatives/core-rules-concept-quiz/,quick-explanation,DEFERRED_EDITORIAL_REVIEW,,,,,,,,Candidate remains provisional because broad inferred concept/skill overlap does not prove an exact learner action.
textbook-lesson.calc-1-unit-2a-derivative-foundations-techniques-core-rules-concept-quiz,/subjects/math/calculus/derivatives/core-rules-concept-quiz/,worked-example,DEFERRED_EDITORIAL_REVIEW,,,,,,,,Candidate remains provisional because broad inferred concept/skill overlap does not prove an exact learner action.
textbook-lesson.calc-1-unit-2a-derivative-foundations-techniques-core-rules-concept-quiz,/subjects/math/calculus/derivatives/core-rules-concept-quiz/,reference,DEFERRED_EDITORIAL_REVIEW,,,,,,,,Candidate remains provisional because broad inferred concept/skill overlap does not prove an exact learner action.
textbook-lesson.calc-1-unit-2a-derivative-foundations-techniques-core-rules-concept-quiz,/subjects/math/calculus/derivatives/core-rules-concept-quiz/,tool-or-visual,DEFERRED_EDITORIAL_REVIEW,,,,,,,,Candidate remains provisional because broad inferred concept/skill overlap does not prove an exact learner action.
textbook-lesson.calc-1-unit-2a-derivative-foundations-techniques-core-rules-review,/subjects/math/calculus/derivatives/core-rules-review/,practice,NO_CANDIDATE,,,,,,,,No candidate was produced for this lesson and role.
textbook-lesson.calc-1-unit-2a-derivative-foundations-techniques-core-rules-review,/subjects/math/calculus/derivatives/core-rules-review/,quick-explanation,DEFERRED_EDITORIAL_REVIEW,,,,,,,,Candidate remains provisional because broad inferred concept/skill overlap does not prove an exact learner action.
textbook-lesson.calc-1-unit-2a-derivative-foundations-techniques-core-rules-review,/subjects/math/calculus/derivatives/core-rules-review/,worked-example,DEFERRED_EDITORIAL_REVIEW,,,,,,,,Candidate remains provisional because broad inferred concept/skill overlap does not prove an exact learner action.
textbook-lesson.calc-1-unit-2a-derivative-foundations-techniques-core-rules-review,/subjects/math/calculus/derivatives/core-rules-review/,reference,DEFERRED_EDITORIAL_REVIEW,,,,,,,,Candidate remains provisional because broad inferred concept/skill overlap does not prove an exact learner action.
textbook-lesson.calc-1-unit-2a-derivative-foundations-techniques-core-rules-review,/subjects/math/calculus/derivatives/core-rules-review/,tool-or-visual,DEFERRED_EDITORIAL_REVIEW,,,,,,,,Candidate remains provisional because broad inferred concept/skill overlap does not prove an exact learner action.
textbook-lesson.calc-1-unit-2a-derivative-foundations-techniques-derivative-at-a-point,/subjects/math/calculus/derivatives/derivative-at-a-point/,practice,NO_CANDIDATE,,,,,,,,No candidate was produced for this lesson and role.
textbook-lesson.calc-1-unit-2a-derivative-foundations-techniques-derivative-at-a-point,/subjects/math/calculus/derivatives/derivative-at-a-point/,quick-explanation,DEFERRED_EDITORIAL_REVIEW,,,,,,,,Candidate remains provisional because broad inferred concept/skill overlap does not prove an exact learner action.
textbook-lesson.calc-1-unit-2a-derivative-foundations-techniques-derivative-at-a-point,/subjects/math/calculus/derivatives/derivative-at-a-point/,worked-example,DEFERRED_EDITORIAL_REVIEW,,,,,,,,Candidate remains provisional because broad inferred concept/skill overlap does not prove an exact learner action.
textbook-lesson.calc-1-unit-2a-derivative-foundations-techniques-derivative-at-a-point,/subjects/math/calculus/derivatives/derivative-at-a-point/,reference,DEFERRED_EDITORIAL_REVIEW,,,,,,,,Candidate remains provisional because broad inferred concept/skill overlap does not prove an exact learner action.
textbook-lesson.calc-1-unit-2a-derivative-foundations-techniques-derivative-at-a-point,/subjects/math/calculus/derivatives/derivative-at-a-point/,tool-or-visual,DEFERRED_EDITORIAL_REVIEW,,,,,,,,Candidate remains provisional because broad inferred concept/skill overlap does not prove an exact learner action.
textbook-lesson.calc-1-unit-2a-derivative-foundations-techniques-derivative-computation-strategy,/subjects/math/calculus/derivatives/derivative-computation-strategy/,practice,NO_CANDIDATE,,,,,,,,No candidate was produced for this lesson and role.
textbook-lesson.calc-1-unit-2a-derivative-foundations-techniques-derivative-computation-strategy,/subjects/math/calculus/derivatives/derivative-computation-strategy/,quick-explanation,DEFERRED_EDITORIAL_REVIEW,,,,,,,,Candidate remains provisional because broad inferred concept/skill overlap does not prove an exact learner action.
textbook-lesson.calc-1-unit-2a-derivative-foundations-techniques-derivative-computation-strategy,/subjects/math/calculus/derivatives/derivative-computation-strategy/,worked-example,DEFERRED_EDITORIAL_REVIEW,,,,,,,,Candidate remains provisional because broad inferred concept/skill overlap does not prove an exact learner action.
textbook-lesson.calc-1-unit-2a-derivative-foundations-techniques-derivative-computation-strategy,/subjects/math/calculus/derivatives/derivative-computation-strategy/,reference,DEFERRED_EDITORIAL_REVIEW,,,,,,,,Candidate remains provisional because broad inferred concept/skill overlap does not prove an exact learner action.
textbook-lesson.calc-1-unit-2a-derivative-foundations-techniques-derivative-computation-strategy,/subjects/math/calculus/derivatives/derivative-computation-strategy/,tool-or-visual,DEFERRED_EDITORIAL_REVIEW,,,,,,,,Candidate remains provisional because broad inferred concept/skill overlap does not prove an exact learner action.
textbook-lesson.calc-1-unit-2a-derivative-foundations-techniques-derivative-function,/subjects/math/calculus/derivatives/derivative-function/,practice,NO_CANDIDATE,,,,,,,,No candidate was produced for this lesson and role.
textbook-lesson.calc-1-unit-2a-derivative-foundations-techniques-derivative-function,/subjects/math/calculus/derivatives/derivative-function/,quick-explanation,DEFERRED_EDITORIAL_REVIEW,,,,,,,,Candidate remains provisional because broad inferred concept/skill overlap does not prove an exact learner action.
textbook-lesson.calc-1-unit-2a-derivative-foundations-techniques-derivative-function,/subjects/math/calculus/derivatives/derivative-function/,worked-example,DEFERRED_EDITORIAL_REVIEW,,,,,,,,Candidate remains provisional because broad inferred concept/skill overlap does not prove an exact learner action.
textbook-lesson.calc-1-unit-2a-derivative-foundations-techniques-derivative-function,/subjects/math/calculus/derivatives/derivative-function/,reference,DEFERRED_EDITORIAL_REVIEW,,,,,,,,Candidate remains provisional because broad inferred concept/skill overlap does not prove an exact learner action.
textbook-lesson.calc-1-unit-2a-derivative-foundations-techniques-derivative-function,/subjects/math/calculus/derivatives/derivative-function/,tool-or-visual,DEFERRED_EDITORIAL_REVIEW,,,,,,,,Candidate remains provisional because broad inferred concept/skill overlap does not prove an exact learner action.
textbook-lesson.calc-1-unit-2a-derivative-foundations-techniques-difference-quotient-algebra,/subjects/math/calculus/derivatives/difference-quotient-algebra/,practice,NO_CANDIDATE,,,,,,,,No candidate was produced for this lesson and role.
textbook-lesson.calc-1-unit-2a-derivative-foundations-techniques-difference-quotient-algebra,/subjects/math/calculus/derivatives/difference-quotient-algebra/,quick-explanation,DEFERRED_EDITORIAL_REVIEW,,,,,,,,Candidate remains provisional because broad inferred concept/skill overlap does not prove an exact learner action.
textbook-lesson.calc-1-unit-2a-derivative-foundations-techniques-difference-quotient-algebra,/subjects/math/calculus/derivatives/difference-quotient-algebra/,worked-example,DEFERRED_EDITORIAL_REVIEW,,,,,,,,Candidate remains provisional because broad inferred concept/skill overlap does not prove an exact learner action.
textbook-lesson.calc-1-unit-2a-derivative-foundations-techniques-difference-quotient-algebra,/subjects/math/calculus/derivatives/difference-quotient-algebra/,reference,DEFERRED_EDITORIAL_REVIEW,,,,,,,,Candidate remains provisional because broad inferred concept/skill overlap does not prove an exact learner action.
textbook-lesson.calc-1-unit-2a-derivative-foundations-techniques-difference-quotient-algebra,/subjects/math/calculus/derivatives/difference-quotient-algebra/,tool-or-visual,DEFERRED_EDITORIAL_REVIEW,,,,,,,,Candidate remains provisional because broad inferred concept/skill overlap does not prove an exact learner action.
textbook-lesson.calc-1-unit-2a-derivative-foundations-techniques-differentiability-and-continuity,/subjects/math/calculus/derivatives/differentiability-and-continuity/,practice,NO_CANDIDATE,,,,,,,,No candidate was produced for this lesson and role.
textbook-lesson.calc-1-unit-2a-derivative-foundations-techniques-differentiability-and-continuity,/subjects/math/calculus/derivatives/differentiability-and-continuity/,quick-explanation,DEFERRED_EDITORIAL_REVIEW,,,,,,,,Candidate remains provisional because broad inferred concept/skill overlap does not prove an exact learner action.
textbook-lesson.calc-1-unit-2a-derivative-foundations-techniques-differentiability-and-continuity,/subjects/math/calculus/derivatives/differentiability-and-continuity/,worked-example,NO_CANDIDATE,,,,,,,,No candidate was produced for this lesson and role.
textbook-lesson.calc-1-unit-2a-derivative-foundations-techniques-differentiability-and-continuity,/subjects/math/calculus/derivatives/differentiability-and-continuity/,reference,DEFERRED_EDITORIAL_REVIEW,,,,,,,,Candidate remains provisional because broad inferred concept/skill overlap does not prove an exact learner action.
textbook-lesson.calc-1-unit-2a-derivative-foundations-techniques-differentiability-and-continuity,/subjects/math/calculus/derivatives/differentiability-and-continuity/,tool-or-visual,NO_CANDIDATE,,,,,,,,No candidate was produced for this lesson and role.
textbook-lesson.calc-1-unit-2a-derivative-foundations-techniques-exponential-e,/subjects/math/calculus/derivatives/exponential-e/,practice,NO_CANDIDATE,,,,,,,,No candidate was produced for this lesson and role.
textbook-lesson.calc-1-unit-2a-derivative-foundations-techniques-exponential-e,/subjects/math/calculus/derivatives/exponential-e/,quick-explanation,DEFERRED_EDITORIAL_REVIEW,,,,,,,,Candidate remains provisional because broad inferred concept/skill overlap does not prove an exact learner action.
textbook-lesson.calc-1-unit-2a-derivative-foundations-techniques-exponential-e,/subjects/math/calculus/derivatives/exponential-e/,worked-example,DEFERRED_EDITORIAL_REVIEW,,,,,,,,Candidate remains provisional because broad inferred concept/skill overlap does not prove an exact learner action.
textbook-lesson.calc-1-unit-2a-derivative-foundations-techniques-exponential-e,/subjects/math/calculus/derivatives/exponential-e/,reference,DEFERRED_EDITORIAL_REVIEW,,,,,,,,Candidate remains provisional because broad inferred concept/skill overlap does not prove an exact learner action.
textbook-lesson.calc-1-unit-2a-derivative-foundations-techniques-exponential-e,/subjects/math/calculus/derivatives/exponential-e/,tool-or-visual,DEFERRED_EDITORIAL_REVIEW,,,,,,,,Candidate remains provisional because broad inferred concept/skill overlap does not prove an exact learner action.
textbook-lesson.calc-1-unit-2a-derivative-foundations-techniques-foundations-concept-quiz,/subjects/math/calculus/derivatives/foundations-concept-quiz/,practice,NO_CANDIDATE,,,,,,,,No candidate was produced for this lesson and role.
textbook-lesson.calc-1-unit-2a-derivative-foundations-techniques-foundations-concept-quiz,/subjects/math/calculus/derivatives/foundations-concept-quiz/,quick-explanation,DEFERRED_EDITORIAL_REVIEW,,,,,,,,Candidate remains provisional because broad inferred concept/skill overlap does not prove an exact learner action.
textbook-lesson.calc-1-unit-2a-derivative-foundations-techniques-foundations-concept-quiz,/subjects/math/calculus/derivatives/foundations-concept-quiz/,worked-example,DEFERRED_EDITORIAL_REVIEW,,,,,,,,Candidate remains provisional because broad inferred concept/skill overlap does not prove an exact learner action.
textbook-lesson.calc-1-unit-2a-derivative-foundations-techniques-foundations-concept-quiz,/subjects/math/calculus/derivatives/foundations-concept-quiz/,reference,DEFERRED_EDITORIAL_REVIEW,,,,,,,,Candidate remains provisional because broad inferred concept/skill overlap does not prove an exact learner action.
textbook-lesson.calc-1-unit-2a-derivative-foundations-techniques-foundations-concept-quiz,/subjects/math/calculus/derivatives/foundations-concept-quiz/,tool-or-visual,DEFERRED_EDITORIAL_REVIEW,,,,,,,,Candidate remains provisional because broad inferred concept/skill overlap does not prove an exact learner action.
textbook-lesson.calc-1-unit-2a-derivative-foundations-techniques-foundations-review,/subjects/math/calculus/derivatives/foundations-review/,practice,NO_CANDIDATE,,,,,,,,No candidate was produced for this lesson and role.
textbook-lesson.calc-1-unit-2a-derivative-foundations-techniques-foundations-review,/subjects/math/calculus/derivatives/foundations-review/,quick-explanation,DEFERRED_EDITORIAL_REVIEW,,,,,,,,Candidate remains provisional because broad inferred concept/skill overlap does not prove an exact learner action.
textbook-lesson.calc-1-unit-2a-derivative-foundations-techniques-foundations-review,/subjects/math/calculus/derivatives/foundations-review/,worked-example,DEFERRED_EDITORIAL_REVIEW,,,,,,,,Candidate remains provisional because broad inferred concept/skill overlap does not prove an exact learner action.
textbook-lesson.calc-1-unit-2a-derivative-foundations-techniques-foundations-review,/subjects/math/calculus/derivatives/foundations-review/,reference,DEFERRED_EDITORIAL_REVIEW,,,,,,,,Candidate remains provisional because broad inferred concept/skill overlap does not prove an exact learner action.
textbook-lesson.calc-1-unit-2a-derivative-foundations-techniques-foundations-review,/subjects/math/calculus/derivatives/foundations-review/,tool-or-visual,DEFERRED_EDITORIAL_REVIEW,,,,,,,,Candidate remains provisional because broad inferred concept/skill overlap does not prove an exact learner action.
textbook-lesson.calc-1-unit-2a-derivative-foundations-techniques-from-graphs-and-tables,/subjects/math/calculus/derivatives/from-graphs-and-tables/,practice,NO_CANDIDATE,,,,,,,,No candidate was produced for this lesson and role.
textbook-lesson.calc-1-unit-2a-derivative-foundations-techniques-from-graphs-and-tables,/subjects/math/calculus/derivatives/from-graphs-and-tables/,quick-explanation,DEFERRED_EDITORIAL_REVIEW,,,,,,,,Candidate remains provisional because broad inferred concept/skill overlap does not prove an exact learner action.
textbook-lesson.calc-1-unit-2a-derivative-foundations-techniques-from-graphs-and-tables,/subjects/math/calculus/derivatives/from-graphs-and-tables/,worked-example,DEFERRED_EDITORIAL_REVIEW,,,,,,,,Candidate remains provisional because broad inferred concept/skill overlap does not prove an exact learner action.
textbook-lesson.calc-1-unit-2a-derivative-foundations-techniques-from-graphs-and-tables,/subjects/math/calculus/derivatives/from-graphs-and-tables/,reference,DEFERRED_EDITORIAL_REVIEW,,,,,,,,Candidate remains provisional because broad inferred concept/skill overlap does not prove an exact learner action.
textbook-lesson.calc-1-unit-2a-derivative-foundations-techniques-from-graphs-and-tables,/subjects/math/calculus/derivatives/from-graphs-and-tables/,tool-or-visual,DEFERRED_EDITORIAL_REVIEW,,,,,,,,Candidate remains provisional because broad inferred concept/skill overlap does not prove an exact learner action.
textbook-lesson.calc-1-unit-2a-derivative-foundations-techniques-general-exponential,/subjects/math/calculus/derivatives/general-exponential/,practice,NO_CANDIDATE,,,,,,,,No candidate was produced for this lesson and role.
textbook-lesson.calc-1-unit-2a-derivative-foundations-techniques-general-exponential,/subjects/math/calculus/derivatives/general-exponential/,quick-explanation,DEFERRED_EDITORIAL_REVIEW,,,,,,,,Candidate remains provisional because broad inferred concept/skill overlap does not prove an exact learner action.
textbook-lesson.calc-1-unit-2a-derivative-foundations-techniques-general-exponential,/subjects/math/calculus/derivatives/general-exponential/,worked-example,DEFERRED_EDITORIAL_REVIEW,,,,,,,,Candidate remains provisional because broad inferred concept/skill overlap does not prove an exact learner action.
textbook-lesson.calc-1-unit-2a-derivative-foundations-techniques-general-exponential,/subjects/math/calculus/derivatives/general-exponential/,reference,DEFERRED_EDITORIAL_REVIEW,,,,,,,,Candidate remains provisional because broad inferred concept/skill overlap does not prove an exact learner action.
textbook-lesson.calc-1-unit-2a-derivative-foundations-techniques-general-exponential,/subjects/math/calculus/derivatives/general-exponential/,tool-or-visual,DEFERRED_EDITORIAL_REVIEW,,,,,,,,Candidate remains provisional because broad inferred concept/skill overlap does not prove an exact learner action.
textbook-lesson.calc-1-unit-2a-derivative-foundations-techniques-general-logarithms,/subjects/math/calculus/derivatives/general-logarithms/,practice,NO_CANDIDATE,,,,,,,,No candidate was produced for this lesson and role.
textbook-lesson.calc-1-unit-2a-derivative-foundations-techniques-general-logarithms,/subjects/math/calculus/derivatives/general-logarithms/,quick-explanation,DEFERRED_EDITORIAL_REVIEW,,,,,,,,Candidate remains provisional because broad inferred concept/skill overlap does not prove an exact learner action.
textbook-lesson.calc-1-unit-2a-derivative-foundations-techniques-general-logarithms,/subjects/math/calculus/derivatives/general-logarithms/,worked-example,DEFERRED_EDITORIAL_REVIEW,,,,,,,,Candidate remains provisional because broad inferred concept/skill overlap does not prove an exact learner action.
textbook-lesson.calc-1-unit-2a-derivative-foundations-techniques-general-logarithms,/subjects/math/calculus/derivatives/general-logarithms/,reference,DEFERRED_EDITORIAL_REVIEW,,,,,,,,Candidate remains provisional because broad inferred concept/skill overlap does not prove an exact learner action.
textbook-lesson.calc-1-unit-2a-derivative-foundations-techniques-general-logarithms,/subjects/math/calculus/derivatives/general-logarithms/,tool-or-visual,DEFERRED_EDITORIAL_REVIEW,,,,,,,,Candidate remains provisional because broad inferred concept/skill overlap does not prove an exact learner action.
textbook-lesson.calc-1-unit-2a-derivative-foundations-techniques-higher-derivative-techniques,/subjects/math/calculus/derivatives/higher-derivative-techniques/,practice,NO_CANDIDATE,,,,,,,,No candidate was produced for this lesson and role.
textbook-lesson.calc-1-unit-2a-derivative-foundations-techniques-higher-derivative-techniques,/subjects/math/calculus/derivatives/higher-derivative-techniques/,quick-explanation,DEFERRED_EDITORIAL_REVIEW,,,,,,,,Candidate remains provisional because broad inferred concept/skill overlap does not prove an exact learner action.
textbook-lesson.calc-1-unit-2a-derivative-foundations-techniques-higher-derivative-techniques,/subjects/math/calculus/derivatives/higher-derivative-techniques/,worked-example,DEFERRED_EDITORIAL_REVIEW,,,,,,,,Candidate remains provisional because broad inferred concept/skill overlap does not prove an exact learner action.
textbook-lesson.calc-1-unit-2a-derivative-foundations-techniques-higher-derivative-techniques,/subjects/math/calculus/derivatives/higher-derivative-techniques/,reference,DEFERRED_EDITORIAL_REVIEW,,,,,,,,Candidate remains provisional because broad inferred concept/skill overlap does not prove an exact learner action.
textbook-lesson.calc-1-unit-2a-derivative-foundations-techniques-higher-derivative-techniques,/subjects/math/calculus/derivatives/higher-derivative-techniques/,tool-or-visual,DEFERRED_EDITORIAL_REVIEW,,,,,,,,Candidate remains provisional because broad inferred concept/skill overlap does not prove an exact learner action.
textbook-lesson.calc-1-unit-2a-derivative-foundations-techniques-higher-derivatives,/subjects/math/calculus/derivatives/higher-derivatives/,practice,NO_CANDIDATE,,,,,,,,No candidate was produced for this lesson and role.
textbook-lesson.calc-1-unit-2a-derivative-foundations-techniques-higher-derivatives,/subjects/math/calculus/derivatives/higher-derivatives/,quick-explanation,DEFERRED_EDITORIAL_REVIEW,,,,,,,,Candidate remains provisional because broad inferred concept/skill overlap does not prove an exact learner action.
textbook-lesson.calc-1-unit-2a-derivative-foundations-techniques-higher-derivatives,/subjects/math/calculus/derivatives/higher-derivatives/,worked-example,DEFERRED_EDITORIAL_REVIEW,,,,,,,,Candidate remains provisional because broad inferred concept/skill overlap does not prove an exact learner action.
textbook-lesson.calc-1-unit-2a-derivative-foundations-techniques-higher-derivatives,/subjects/math/calculus/derivatives/higher-derivatives/,reference,DEFERRED_EDITORIAL_REVIEW,,,,,,,,Candidate remains provisional because broad inferred concept/skill overlap does not prove an exact learner action.
textbook-lesson.calc-1-unit-2a-derivative-foundations-techniques-higher-derivatives,/subjects/math/calculus/derivatives/higher-derivatives/,tool-or-visual,DEFERRED_EDITORIAL_REVIEW,,,,,,,,Candidate remains provisional because broad inferred concept/skill overlap does not prove an exact learner action.
textbook-lesson.calc-1-unit-2a-derivative-foundations-techniques-implicit-differentiation,/subjects/math/calculus/derivatives/implicit-differentiation/,practice,NO_CANDIDATE,,,,,,,,No candidate was produced for this lesson and role.
textbook-lesson.calc-1-unit-2a-derivative-foundations-techniques-implicit-differentiation,/subjects/math/calculus/derivatives/implicit-differentiation/,quick-explanation,DEFERRED_EDITORIAL_REVIEW,,,,,,,,Candidate remains provisional because broad inferred concept/skill overlap does not prove an exact learner action.
textbook-lesson.calc-1-unit-2a-derivative-foundations-techniques-implicit-differentiation,/subjects/math/calculus/derivatives/implicit-differentiation/,worked-example,DEFERRED_EDITORIAL_REVIEW,,,,,,,,Candidate remains provisional because broad inferred concept/skill overlap does not prove an exact learner action.
textbook-lesson.calc-1-unit-2a-derivative-foundations-techniques-implicit-differentiation,/subjects/math/calculus/derivatives/implicit-differentiation/,reference,DEFERRED_EDITORIAL_REVIEW,,,,,,,,Candidate remains provisional because broad inferred concept/skill overlap does not prove an exact learner action.
textbook-lesson.calc-1-unit-2a-derivative-foundations-techniques-implicit-differentiation,/subjects/math/calculus/derivatives/implicit-differentiation/,tool-or-visual,DEFERRED_EDITORIAL_REVIEW,,,,,,,,Candidate remains provisional because broad inferred concept/skill overlap does not prove an exact learner action.
textbook-lesson.calc-1-unit-2a-derivative-foundations-techniques-implicit-inverse-concept-quiz,/subjects/math/calculus/derivatives/implicit-inverse-concept-quiz/,practice,NO_CANDIDATE,,,,,,,,No candidate was produced for this lesson and role.
textbook-lesson.calc-1-unit-2a-derivative-foundations-techniques-implicit-inverse-concept-quiz,/subjects/math/calculus/derivatives/implicit-inverse-concept-quiz/,quick-explanation,DEFERRED_EDITORIAL_REVIEW,,,,,,,,Candidate remains provisional because broad inferred concept/skill overlap does not prove an exact learner action.
textbook-lesson.calc-1-unit-2a-derivative-foundations-techniques-implicit-inverse-concept-quiz,/subjects/math/calculus/derivatives/implicit-inverse-concept-quiz/,worked-example,DEFERRED_EDITORIAL_REVIEW,,,,,,,,Candidate remains provisional because broad inferred concept/skill overlap does not prove an exact learner action.
textbook-lesson.calc-1-unit-2a-derivative-foundations-techniques-implicit-inverse-concept-quiz,/subjects/math/calculus/derivatives/implicit-inverse-concept-quiz/,reference,DEFERRED_EDITORIAL_REVIEW,,,,,,,,Candidate remains provisional because broad inferred concept/skill overlap does not prove an exact learner action.
textbook-lesson.calc-1-unit-2a-derivative-foundations-techniques-implicit-inverse-concept-quiz,/subjects/math/calculus/derivatives/implicit-inverse-concept-quiz/,tool-or-visual,DEFERRED_EDITORIAL_REVIEW,,,,,,,,Candidate remains provisional because broad inferred concept/skill overlap does not prove an exact learner action.
textbook-lesson.calc-1-unit-2a-derivative-foundations-techniques-implicit-inverse-review,/subjects/math/calculus/derivatives/implicit-inverse-review/,practice,NO_CANDIDATE,,,,,,,,No candidate was produced for this lesson and role.
textbook-lesson.calc-1-unit-2a-derivative-foundations-techniques-implicit-inverse-review,/subjects/math/calculus/derivatives/implicit-inverse-review/,quick-explanation,DEFERRED_EDITORIAL_REVIEW,,,,,,,,Candidate remains provisional because broad inferred concept/skill overlap does not prove an exact learner action.
textbook-lesson.calc-1-unit-2a-derivative-foundations-techniques-implicit-inverse-review,/subjects/math/calculus/derivatives/implicit-inverse-review/,worked-example,DEFERRED_EDITORIAL_REVIEW,,,,,,,,Candidate remains provisional because broad inferred concept/skill overlap does not prove an exact learner action.
textbook-lesson.calc-1-unit-2a-derivative-foundations-techniques-implicit-inverse-review,/subjects/math/calculus/derivatives/implicit-inverse-review/,reference,DEFERRED_EDITORIAL_REVIEW,,,,,,,,Candidate remains provisional because broad inferred concept/skill overlap does not prove an exact learner action.
textbook-lesson.calc-1-unit-2a-derivative-foundations-techniques-implicit-inverse-review,/subjects/math/calculus/derivatives/implicit-inverse-review/,tool-or-visual,DEFERRED_EDITORIAL_REVIEW,,,,,,,,Candidate remains provisional because broad inferred concept/skill overlap does not prove an exact learner action.
textbook-lesson.calc-1-unit-2a-derivative-foundations-techniques-implicit-second-derivative,/subjects/math/calculus/derivatives/implicit-second-derivative/,practice,NO_CANDIDATE,,,,,,,,No candidate was produced for this lesson and role.
textbook-lesson.calc-1-unit-2a-derivative-foundations-techniques-implicit-second-derivative,/subjects/math/calculus/derivatives/implicit-second-derivative/,quick-explanation,DEFERRED_EDITORIAL_REVIEW,,,,,,,,Candidate remains provisional because broad inferred concept/skill overlap does not prove an exact learner action.
textbook-lesson.calc-1-unit-2a-derivative-foundations-techniques-implicit-second-derivative,/subjects/math/calculus/derivatives/implicit-second-derivative/,worked-example,DEFERRED_EDITORIAL_REVIEW,,,,,,,,Candidate remains provisional because broad inferred concept/skill overlap does not prove an exact learner action.
textbook-lesson.calc-1-unit-2a-derivative-foundations-techniques-implicit-second-derivative,/subjects/math/calculus/derivatives/implicit-second-derivative/,reference,DEFERRED_EDITORIAL_REVIEW,,,,,,,,Candidate remains provisional because broad inferred concept/skill overlap does not prove an exact learner action.
textbook-lesson.calc-1-unit-2a-derivative-foundations-techniques-implicit-second-derivative,/subjects/math/calculus/derivatives/implicit-second-derivative/,tool-or-visual,DEFERRED_EDITORIAL_REVIEW,,,,,,,,Candidate remains provisional because broad inferred concept/skill overlap does not prove an exact learner action.
textbook-lesson.calc-1-unit-2a-derivative-foundations-techniques-implicit-tangent-lines,/subjects/math/calculus/derivatives/implicit-tangent-lines/,practice,NO_CANDIDATE,,,,,,,,No candidate was produced for this lesson and role.
textbook-lesson.calc-1-unit-2a-derivative-foundations-techniques-implicit-tangent-lines,/subjects/math/calculus/derivatives/implicit-tangent-lines/,quick-explanation,DEFERRED_EDITORIAL_REVIEW,,,,,,,,Candidate remains provisional because broad inferred concept/skill overlap does not prove an exact learner action.
textbook-lesson.calc-1-unit-2a-derivative-foundations-techniques-implicit-tangent-lines,/subjects/math/calculus/derivatives/implicit-tangent-lines/,worked-example,DEFERRED_EDITORIAL_REVIEW,,,,,,,,Candidate remains provisional because broad inferred concept/skill overlap does not prove an exact learner action.
textbook-lesson.calc-1-unit-2a-derivative-foundations-techniques-implicit-tangent-lines,/subjects/math/calculus/derivatives/implicit-tangent-lines/,reference,DEFERRED_EDITORIAL_REVIEW,,,,,,,,Candidate remains provisional because broad inferred concept/skill overlap does not prove an exact learner action.
textbook-lesson.calc-1-unit-2a-derivative-foundations-techniques-implicit-tangent-lines,/subjects/math/calculus/derivatives/implicit-tangent-lines/,tool-or-visual,DEFERRED_EDITORIAL_REVIEW,,,,,,,,Candidate remains provisional because broad inferred concept/skill overlap does not prove an exact learner action.
textbook-lesson.calc-1-unit-2a-derivative-foundations-techniques-inverse-function-rule,/subjects/math/calculus/derivatives/inverse-function-rule/,practice,NO_CANDIDATE,,,,,,,,No candidate was produced for this lesson and role.
textbook-lesson.calc-1-unit-2a-derivative-foundations-techniques-inverse-function-rule,/subjects/math/calculus/derivatives/inverse-function-rule/,quick-explanation,DEFERRED_EDITORIAL_REVIEW,,,,,,,,Candidate remains provisional because broad inferred concept/skill overlap does not prove an exact learner action.
textbook-lesson.calc-1-unit-2a-derivative-foundations-techniques-inverse-function-rule,/subjects/math/calculus/derivatives/inverse-function-rule/,worked-example,DEFERRED_EDITORIAL_REVIEW,,,,,,,,Candidate remains provisional because broad inferred concept/skill overlap does not prove an exact learner action.
textbook-lesson.calc-1-unit-2a-derivative-foundations-techniques-inverse-function-rule,/subjects/math/calculus/derivatives/inverse-function-rule/,reference,DEFERRED_EDITORIAL_REVIEW,,,,,,,,Candidate remains provisional because broad inferred concept/skill overlap does not prove an exact learner action.
textbook-lesson.calc-1-unit-2a-derivative-foundations-techniques-inverse-function-rule,/subjects/math/calculus/derivatives/inverse-function-rule/,tool-or-visual,DEFERRED_EDITORIAL_REVIEW,,,,,,,,Candidate remains provisional because broad inferred concept/skill overlap does not prove an exact learner action.
textbook-lesson.calc-1-unit-2a-derivative-foundations-techniques-inverse-trig,/subjects/math/calculus/derivatives/inverse-trig/,practice,NO_CANDIDATE,,,,,,,,No candidate was produced for this lesson and role.
textbook-lesson.calc-1-unit-2a-derivative-foundations-techniques-inverse-trig,/subjects/math/calculus/derivatives/inverse-trig/,quick-explanation,DEFERRED_EDITORIAL_REVIEW,,,,,,,,Candidate remains provisional because broad inferred concept/skill overlap does not prove an exact learner action.
textbook-lesson.calc-1-unit-2a-derivative-foundations-techniques-inverse-trig,/subjects/math/calculus/derivatives/inverse-trig/,worked-example,DEFERRED_EDITORIAL_REVIEW,,,,,,,,Candidate remains provisional because broad inferred concept/skill overlap does not prove an exact learner action.
textbook-lesson.calc-1-unit-2a-derivative-foundations-techniques-inverse-trig,/subjects/math/calculus/derivatives/inverse-trig/,reference,DEFERRED_EDITORIAL_REVIEW,,,,,,,,Candidate remains provisional because broad inferred concept/skill overlap does not prove an exact learner action.
textbook-lesson.calc-1-unit-2a-derivative-foundations-techniques-inverse-trig,/subjects/math/calculus/derivatives/inverse-trig/,tool-or-visual,DEFERRED_EDITORIAL_REVIEW,,,,,,,,Candidate remains provisional because broad inferred concept/skill overlap does not prove an exact learner action.
textbook-lesson.calc-1-unit-2a-derivative-foundations-techniques-logarithmic-differentiation,/subjects/math/calculus/derivatives/logarithmic-differentiation/,practice,NO_CANDIDATE,,,,,,,,No candidate was produced for this lesson and role.
textbook-lesson.calc-1-unit-2a-derivative-foundations-techniques-logarithmic-differentiation,/subjects/math/calculus/derivatives/logarithmic-differentiation/,quick-explanation,DEFERRED_EDITORIAL_REVIEW,,,,,,,,Candidate remains provisional because broad inferred concept/skill overlap does not prove an exact learner action.
textbook-lesson.calc-1-unit-2a-derivative-foundations-techniques-logarithmic-differentiation,/subjects/math/calculus/derivatives/logarithmic-differentiation/,worked-example,DEFERRED_EDITORIAL_REVIEW,,,,,,,,Candidate remains provisional because broad inferred concept/skill overlap does not prove an exact learner action.
textbook-lesson.calc-1-unit-2a-derivative-foundations-techniques-logarithmic-differentiation,/subjects/math/calculus/derivatives/logarithmic-differentiation/,reference,DEFERRED_EDITORIAL_REVIEW,,,,,,,,Candidate remains provisional because broad inferred concept/skill overlap does not prove an exact learner action.
textbook-lesson.calc-1-unit-2a-derivative-foundations-techniques-logarithmic-differentiation,/subjects/math/calculus/derivatives/logarithmic-differentiation/,tool-or-visual,DEFERRED_EDITORIAL_REVIEW,,,,,,,,Candidate remains provisional because broad inferred concept/skill overlap does not prove an exact learner action.
textbook-lesson.calc-1-unit-2a-derivative-foundations-techniques-multiple-chain-layers,/subjects/math/calculus/derivatives/multiple-chain-layers/,practice,NO_CANDIDATE,,,,,,,,No candidate was produced for this lesson and role.
textbook-lesson.calc-1-unit-2a-derivative-foundations-techniques-multiple-chain-layers,/subjects/math/calculus/derivatives/multiple-chain-layers/,quick-explanation,DEFERRED_EDITORIAL_REVIEW,,,,,,,,Candidate remains provisional because broad inferred concept/skill overlap does not prove an exact learner action.
textbook-lesson.calc-1-unit-2a-derivative-foundations-techniques-multiple-chain-layers,/subjects/math/calculus/derivatives/multiple-chain-layers/,worked-example,DEFERRED_EDITORIAL_REVIEW,,,,,,,,Candidate remains provisional because broad inferred concept/skill overlap does not prove an exact learner action.
textbook-lesson.calc-1-unit-2a-derivative-foundations-techniques-multiple-chain-layers,/subjects/math/calculus/derivatives/multiple-chain-layers/,reference,DEFERRED_EDITORIAL_REVIEW,,,,,,,,Candidate remains provisional because broad inferred concept/skill overlap does not prove an exact learner action.
textbook-lesson.calc-1-unit-2a-derivative-foundations-techniques-multiple-chain-layers,/subjects/math/calculus/derivatives/multiple-chain-layers/,tool-or-visual,DEFERRED_EDITORIAL_REVIEW,,,,,,,,Candidate remains provisional because broad inferred concept/skill overlap does not prove an exact learner action.
textbook-lesson.calc-1-unit-2a-derivative-foundations-techniques-natural-log,/subjects/math/calculus/derivatives/natural-log/,practice,NO_CANDIDATE,,,,,,,,No candidate was produced for this lesson and role.
textbook-lesson.calc-1-unit-2a-derivative-foundations-techniques-natural-log,/subjects/math/calculus/derivatives/natural-log/,quick-explanation,DEFERRED_EDITORIAL_REVIEW,,,,,,,,Candidate remains provisional because broad inferred concept/skill overlap does not prove an exact learner action.
textbook-lesson.calc-1-unit-2a-derivative-foundations-techniques-natural-log,/subjects/math/calculus/derivatives/natural-log/,worked-example,DEFERRED_EDITORIAL_REVIEW,,,,,,,,Candidate remains provisional because broad inferred concept/skill overlap does not prove an exact learner action.
textbook-lesson.calc-1-unit-2a-derivative-foundations-techniques-natural-log,/subjects/math/calculus/derivatives/natural-log/,reference,DEFERRED_EDITORIAL_REVIEW,,,,,,,,Candidate remains provisional because broad inferred concept/skill overlap does not prove an exact learner action.
textbook-lesson.calc-1-unit-2a-derivative-foundations-techniques-natural-log,/subjects/math/calculus/derivatives/natural-log/,tool-or-visual,DEFERRED_EDITORIAL_REVIEW,,,,,,,,Candidate remains provisional because broad inferred concept/skill overlap does not prove an exact learner action.
textbook-lesson.calc-1-unit-2a-derivative-foundations-techniques-negative-fractional-powers,/subjects/math/calculus/derivatives/negative-fractional-powers/,practice,NO_CANDIDATE,,,,,,,,No candidate was produced for this lesson and role.
textbook-lesson.calc-1-unit-2a-derivative-foundations-techniques-negative-fractional-powers,/subjects/math/calculus/derivatives/negative-fractional-powers/,quick-explanation,DEFERRED_EDITORIAL_REVIEW,,,,,,,,Candidate remains provisional because broad inferred concept/skill overlap does not prove an exact learner action.
textbook-lesson.calc-1-unit-2a-derivative-foundations-techniques-negative-fractional-powers,/subjects/math/calculus/derivatives/negative-fractional-powers/,worked-example,DEFERRED_EDITORIAL_REVIEW,,,,,,,,Candidate remains provisional because broad inferred concept/skill overlap does not prove an exact learner action.
textbook-lesson.calc-1-unit-2a-derivative-foundations-techniques-negative-fractional-powers,/subjects/math/calculus/derivatives/negative-fractional-powers/,reference,DEFERRED_EDITORIAL_REVIEW,,,,,,,,Candidate remains provisional because broad inferred concept/skill overlap does not prove an exact learner action.
textbook-lesson.calc-1-unit-2a-derivative-foundations-techniques-negative-fractional-powers,/subjects/math/calculus/derivatives/negative-fractional-powers/,tool-or-visual,DEFERRED_EDITORIAL_REVIEW,,,,,,,,Candidate remains provisional because broad inferred concept/skill overlap does not prove an exact learner action.
textbook-lesson.calc-1-unit-2a-derivative-foundations-techniques-notation-and-units,/subjects/math/calculus/derivatives/notation-and-units/,practice,NO_CANDIDATE,,,,,,,,No candidate was produced for this lesson and role.
textbook-lesson.calc-1-unit-2a-derivative-foundations-techniques-notation-and-units,/subjects/math/calculus/derivatives/notation-and-units/,quick-explanation,DEFERRED_EDITORIAL_REVIEW,,,,,,,,Candidate remains provisional because broad inferred concept/skill overlap does not prove an exact learner action.
textbook-lesson.calc-1-unit-2a-derivative-foundations-techniques-notation-and-units,/subjects/math/calculus/derivatives/notation-and-units/,worked-example,DEFERRED_EDITORIAL_REVIEW,,,,,,,,Candidate remains provisional because broad inferred concept/skill overlap does not prove an exact learner action.
textbook-lesson.calc-1-unit-2a-derivative-foundations-techniques-notation-and-units,/subjects/math/calculus/derivatives/notation-and-units/,reference,DEFERRED_EDITORIAL_REVIEW,,,,,,,,Candidate remains provisional because broad inferred concept/skill overlap does not prove an exact learner action.
textbook-lesson.calc-1-unit-2a-derivative-foundations-techniques-notation-and-units,/subjects/math/calculus/derivatives/notation-and-units/,tool-or-visual,DEFERRED_EDITORIAL_REVIEW,,,,,,,,Candidate remains provisional because broad inferred concept/skill overlap does not prove an exact learner action.
textbook-lesson.calc-1-unit-2a-derivative-foundations-techniques-notation-guide,/subjects/math/calculus/derivatives/notation-guide/,practice,NO_CANDIDATE,,,,,,,,No candidate was produced for this lesson and role.
textbook-lesson.calc-1-unit-2a-derivative-foundations-techniques-notation-guide,/subjects/math/calculus/derivatives/notation-guide/,quick-explanation,DEFERRED_EDITORIAL_REVIEW,,,,,,,,Candidate remains provisional because broad inferred concept/skill overlap does not prove an exact learner action.
textbook-lesson.calc-1-unit-2a-derivative-foundations-techniques-notation-guide,/subjects/math/calculus/derivatives/notation-guide/,worked-example,DEFERRED_EDITORIAL_REVIEW,,,,,,,,Candidate remains provisional because broad inferred concept/skill overlap does not prove an exact learner action.
textbook-lesson.calc-1-unit-2a-derivative-foundations-techniques-notation-guide,/subjects/math/calculus/derivatives/notation-guide/,reference,DEFERRED_EDITORIAL_REVIEW,,,,,,,,Candidate remains provisional because broad inferred concept/skill overlap does not prove an exact learner action.
textbook-lesson.calc-1-unit-2a-derivative-foundations-techniques-notation-guide,/subjects/math/calculus/derivatives/notation-guide/,tool-or-visual,DEFERRED_EDITORIAL_REVIEW,,,,,,,,Candidate remains provisional because broad inferred concept/skill overlap does not prove an exact learner action.
textbook-lesson.calc-1-unit-2a-derivative-foundations-techniques-other-trig-functions,/subjects/math/calculus/derivatives/other-trig-functions/,practice,NO_CANDIDATE,,,,,,,,No candidate was produced for this lesson and role.
textbook-lesson.calc-1-unit-2a-derivative-foundations-techniques-other-trig-functions,/subjects/math/calculus/derivatives/other-trig-functions/,quick-explanation,DEFERRED_EDITORIAL_REVIEW,,,,,,,,Candidate remains provisional because broad inferred concept/skill overlap does not prove an exact learner action.
textbook-lesson.calc-1-unit-2a-derivative-foundations-techniques-other-trig-functions,/subjects/math/calculus/derivatives/other-trig-functions/,worked-example,DEFERRED_EDITORIAL_REVIEW,,,,,,,,Candidate remains provisional because broad inferred concept/skill overlap does not prove an exact learner action.
textbook-lesson.calc-1-unit-2a-derivative-foundations-techniques-other-trig-functions,/subjects/math/calculus/derivatives/other-trig-functions/,reference,DEFERRED_EDITORIAL_REVIEW,,,,,,,,Candidate remains provisional because broad inferred concept/skill overlap does not prove an exact learner action.
textbook-lesson.calc-1-unit-2a-derivative-foundations-techniques-other-trig-functions,/subjects/math/calculus/derivatives/other-trig-functions/,tool-or-visual,DEFERRED_EDITORIAL_REVIEW,,,,,,,,Candidate remains provisional because broad inferred concept/skill overlap does not prove an exact learner action.
textbook-lesson.calc-1-unit-2a-derivative-foundations-techniques-power-rule,/subjects/math/calculus/derivatives/power-rule/,practice,NO_CANDIDATE,,,,,,,,No candidate was produced for this lesson and role.
textbook-lesson.calc-1-unit-2a-derivative-foundations-techniques-power-rule,/subjects/math/calculus/derivatives/power-rule/,quick-explanation,DEFERRED_EDITORIAL_REVIEW,,,,,,,,Candidate remains provisional because broad inferred concept/skill overlap does not prove an exact learner action.
textbook-lesson.calc-1-unit-2a-derivative-foundations-techniques-power-rule,/subjects/math/calculus/derivatives/power-rule/,worked-example,DEFERRED_EDITORIAL_REVIEW,,,,,,,,Candidate remains provisional because broad inferred concept/skill overlap does not prove an exact learner action.
textbook-lesson.calc-1-unit-2a-derivative-foundations-techniques-power-rule,/subjects/math/calculus/derivatives/power-rule/,reference,DEFERRED_EDITORIAL_REVIEW,,,,,,,,Candidate remains provisional because broad inferred concept/skill overlap does not prove an exact learner action.
textbook-lesson.calc-1-unit-2a-derivative-foundations-techniques-power-rule,/subjects/math/calculus/derivatives/power-rule/,tool-or-visual,DEFERRED_EDITORIAL_REVIEW,,,,,,,,Candidate remains provisional because broad inferred concept/skill overlap does not prove an exact learner action.
textbook-lesson.calc-1-unit-2a-derivative-foundations-techniques-practice-exam-a-answer-key,/subjects/math/calculus/derivatives/practice-exam-a-answer-key/,practice,NO_CANDIDATE,,,,,,,,No candidate was produced for this lesson and role.
textbook-lesson.calc-1-unit-2a-derivative-foundations-techniques-practice-exam-a-answer-key,/subjects/math/calculus/derivatives/practice-exam-a-answer-key/,quick-explanation,DEFERRED_EDITORIAL_REVIEW,,,,,,,,Candidate remains provisional because broad inferred concept/skill overlap does not prove an exact learner action.
textbook-lesson.calc-1-unit-2a-derivative-foundations-techniques-practice-exam-a-answer-key,/subjects/math/calculus/derivatives/practice-exam-a-answer-key/,worked-example,DEFERRED_EDITORIAL_REVIEW,,,,,,,,Candidate remains provisional because broad inferred concept/skill overlap does not prove an exact learner action.
textbook-lesson.calc-1-unit-2a-derivative-foundations-techniques-practice-exam-a-answer-key,/subjects/math/calculus/derivatives/practice-exam-a-answer-key/,reference,DEFERRED_EDITORIAL_REVIEW,,,,,,,,Candidate remains provisional because broad inferred concept/skill overlap does not prove an exact learner action.
textbook-lesson.calc-1-unit-2a-derivative-foundations-techniques-practice-exam-a-answer-key,/subjects/math/calculus/derivatives/practice-exam-a-answer-key/,tool-or-visual,DEFERRED_EDITORIAL_REVIEW,,,,,,,,Candidate remains provisional because broad inferred concept/skill overlap does not prove an exact learner action.
textbook-lesson.calc-1-unit-2a-derivative-foundations-techniques-practice-exam-b-answer-key,/subjects/math/calculus/derivatives/practice-exam-b-answer-key/,practice,NO_CANDIDATE,,,,,,,,No candidate was produced for this lesson and role.
textbook-lesson.calc-1-unit-2a-derivative-foundations-techniques-practice-exam-b-answer-key,/subjects/math/calculus/derivatives/practice-exam-b-answer-key/,quick-explanation,DEFERRED_EDITORIAL_REVIEW,,,,,,,,Candidate remains provisional because broad inferred concept/skill overlap does not prove an exact learner action.
textbook-lesson.calc-1-unit-2a-derivative-foundations-techniques-practice-exam-b-answer-key,/subjects/math/calculus/derivatives/practice-exam-b-answer-key/,worked-example,DEFERRED_EDITORIAL_REVIEW,,,,,,,,Candidate remains provisional because broad inferred concept/skill overlap does not prove an exact learner action.
textbook-lesson.calc-1-unit-2a-derivative-foundations-techniques-practice-exam-b-answer-key,/subjects/math/calculus/derivatives/practice-exam-b-answer-key/,reference,DEFERRED_EDITORIAL_REVIEW,,,,,,,,Candidate remains provisional because broad inferred concept/skill overlap does not prove an exact learner action.
textbook-lesson.calc-1-unit-2a-derivative-foundations-techniques-practice-exam-b-answer-key,/subjects/math/calculus/derivatives/practice-exam-b-answer-key/,tool-or-visual,DEFERRED_EDITORIAL_REVIEW,,,,,,,,Candidate remains provisional because broad inferred concept/skill overlap does not prove an exact learner action.
textbook-lesson.calc-1-unit-2a-derivative-foundations-techniques-prerequisite-diagnostic,/subjects/math/calculus/derivatives/prerequisite-diagnostic/,practice,NO_CANDIDATE,,,,,,,,No candidate was produced for this lesson and role.
textbook-lesson.calc-1-unit-2a-derivative-foundations-techniques-prerequisite-diagnostic,/subjects/math/calculus/derivatives/prerequisite-diagnostic/,quick-explanation,DEFERRED_EDITORIAL_REVIEW,,,,,,,,Candidate remains provisional because broad inferred concept/skill overlap does not prove an exact learner action.
textbook-lesson.calc-1-unit-2a-derivative-foundations-techniques-prerequisite-diagnostic,/subjects/math/calculus/derivatives/prerequisite-diagnostic/,worked-example,DEFERRED_EDITORIAL_REVIEW,,,,,,,,Candidate remains provisional because broad inferred concept/skill overlap does not prove an exact learner action.
textbook-lesson.calc-1-unit-2a-derivative-foundations-techniques-prerequisite-diagnostic,/subjects/math/calculus/derivatives/prerequisite-diagnostic/,reference,DEFERRED_EDITORIAL_REVIEW,,,,,,,,Candidate remains provisional because broad inferred concept/skill overlap does not prove an exact learner action.
textbook-lesson.calc-1-unit-2a-derivative-foundations-techniques-prerequisite-diagnostic,/subjects/math/calculus/derivatives/prerequisite-diagnostic/,tool-or-visual,DEFERRED_EDITORIAL_REVIEW,,,,,,,,Candidate remains provisional because broad inferred concept/skill overlap does not prove an exact learner action.
textbook-lesson.calc-1-unit-2a-derivative-foundations-techniques-product-rule,/subjects/math/calculus/derivatives/product-rule/,practice,NO_CANDIDATE,,,,,,,,No candidate was produced for this lesson and role.
textbook-lesson.calc-1-unit-2a-derivative-foundations-techniques-product-rule,/subjects/math/calculus/derivatives/product-rule/,quick-explanation,DEFERRED_EDITORIAL_REVIEW,,,,,,,,Candidate remains provisional because broad inferred concept/skill overlap does not prove an exact learner action.
textbook-lesson.calc-1-unit-2a-derivative-foundations-techniques-product-rule,/subjects/math/calculus/derivatives/product-rule/,worked-example,DEFERRED_EDITORIAL_REVIEW,,,,,,,,Candidate remains provisional because broad inferred concept/skill overlap does not prove an exact learner action.
textbook-lesson.calc-1-unit-2a-derivative-foundations-techniques-product-rule,/subjects/math/calculus/derivatives/product-rule/,reference,DEFERRED_EDITORIAL_REVIEW,,,,,,,,Candidate remains provisional because broad inferred concept/skill overlap does not prove an exact learner action.
textbook-lesson.calc-1-unit-2a-derivative-foundations-techniques-product-rule,/subjects/math/calculus/derivatives/product-rule/,tool-or-visual,DEFERRED_EDITORIAL_REVIEW,,,,,,,,Candidate remains provisional because broad inferred concept/skill overlap does not prove an exact learner action.
textbook-lesson.calc-1-unit-2a-derivative-foundations-techniques-quotient-rule,/subjects/math/calculus/derivatives/quotient-rule/,practice,NO_CANDIDATE,,,,,,,,No candidate was produced for this lesson and role.
textbook-lesson.calc-1-unit-2a-derivative-foundations-techniques-quotient-rule,/subjects/math/calculus/derivatives/quotient-rule/,quick-explanation,DEFERRED_EDITORIAL_REVIEW,,,,,,,,Candidate remains provisional because broad inferred concept/skill overlap does not prove an exact learner action.
textbook-lesson.calc-1-unit-2a-derivative-foundations-techniques-quotient-rule,/subjects/math/calculus/derivatives/quotient-rule/,worked-example,DEFERRED_EDITORIAL_REVIEW,,,,,,,,Candidate remains provisional because broad inferred concept/skill overlap does not prove an exact learner action.
textbook-lesson.calc-1-unit-2a-derivative-foundations-techniques-quotient-rule,/subjects/math/calculus/derivatives/quotient-rule/,reference,DEFERRED_EDITORIAL_REVIEW,,,,,,,,Candidate remains provisional because broad inferred concept/skill overlap does not prove an exact learner action.
textbook-lesson.calc-1-unit-2a-derivative-foundations-techniques-quotient-rule,/subjects/math/calculus/derivatives/quotient-rule/,tool-or-visual,DEFERRED_EDITORIAL_REVIEW,,,,,,,,Candidate remains provisional because broad inferred concept/skill overlap does not prove an exact learner action.
textbook-lesson.calc-1-unit-2a-derivative-foundations-techniques-rule-selection,/subjects/math/calculus/derivatives/rule-selection/,practice,NO_CANDIDATE,,,,,,,,No candidate was produced for this lesson and role.
textbook-lesson.calc-1-unit-2a-derivative-foundations-techniques-rule-selection,/subjects/math/calculus/derivatives/rule-selection/,quick-explanation,DEFERRED_EDITORIAL_REVIEW,,,,,,,,Candidate remains provisional because broad inferred concept/skill overlap does not prove an exact learner action.
textbook-lesson.calc-1-unit-2a-derivative-foundations-techniques-rule-selection,/subjects/math/calculus/derivatives/rule-selection/,worked-example,DEFERRED_EDITORIAL_REVIEW,,,,,,,,Candidate remains provisional because broad inferred concept/skill overlap does not prove an exact learner action.
textbook-lesson.calc-1-unit-2a-derivative-foundations-techniques-rule-selection,/subjects/math/calculus/derivatives/rule-selection/,reference,DEFERRED_EDITORIAL_REVIEW,,,,,,,,Candidate remains provisional because broad inferred concept/skill overlap does not prove an exact learner action.
textbook-lesson.calc-1-unit-2a-derivative-foundations-techniques-rule-selection,/subjects/math/calculus/derivatives/rule-selection/,tool-or-visual,DEFERRED_EDITORIAL_REVIEW,,,,,,,,Candidate remains provisional because broad inferred concept/skill overlap does not prove an exact learner action.
textbook-lesson.calc-1-unit-2a-derivative-foundations-techniques-sine-and-cosine,/subjects/math/calculus/derivatives/sine-and-cosine/,practice,NO_CANDIDATE,,,,,,,,No candidate was produced for this lesson and role.
textbook-lesson.calc-1-unit-2a-derivative-foundations-techniques-sine-and-cosine,/subjects/math/calculus/derivatives/sine-and-cosine/,quick-explanation,DEFERRED_EDITORIAL_REVIEW,,,,,,,,Candidate remains provisional because broad inferred concept/skill overlap does not prove an exact learner action.
textbook-lesson.calc-1-unit-2a-derivative-foundations-techniques-sine-and-cosine,/subjects/math/calculus/derivatives/sine-and-cosine/,worked-example,DEFERRED_EDITORIAL_REVIEW,,,,,,,,Candidate remains provisional because broad inferred concept/skill overlap does not prove an exact learner action.
textbook-lesson.calc-1-unit-2a-derivative-foundations-techniques-sine-and-cosine,/subjects/math/calculus/derivatives/sine-and-cosine/,reference,DEFERRED_EDITORIAL_REVIEW,,,,,,,,Candidate remains provisional because broad inferred concept/skill overlap does not prove an exact learner action.
textbook-lesson.calc-1-unit-2a-derivative-foundations-techniques-sine-and-cosine,/subjects/math/calculus/derivatives/sine-and-cosine/,tool-or-visual,DEFERRED_EDITORIAL_REVIEW,,,,,,,,Candidate remains provisional because broad inferred concept/skill overlap does not prove an exact learner action.
textbook-lesson.calc-1-unit-2a-derivative-foundations-techniques-special-functions-concept-quiz,/subjects/math/calculus/derivatives/special-functions-concept-quiz/,practice,NO_CANDIDATE,,,,,,,,No candidate was produced for this lesson and role.
textbook-lesson.calc-1-unit-2a-derivative-foundations-techniques-special-functions-concept-quiz,/subjects/math/calculus/derivatives/special-functions-concept-quiz/,quick-explanation,DEFERRED_EDITORIAL_REVIEW,,,,,,,,Candidate remains provisional because broad inferred concept/skill overlap does not prove an exact learner action.
textbook-lesson.calc-1-unit-2a-derivative-foundations-techniques-special-functions-concept-quiz,/subjects/math/calculus/derivatives/special-functions-concept-quiz/,worked-example,DEFERRED_EDITORIAL_REVIEW,,,,,,,,Candidate remains provisional because broad inferred concept/skill overlap does not prove an exact learner action.
textbook-lesson.calc-1-unit-2a-derivative-foundations-techniques-special-functions-concept-quiz,/subjects/math/calculus/derivatives/special-functions-concept-quiz/,reference,DEFERRED_EDITORIAL_REVIEW,,,,,,,,Candidate remains provisional because broad inferred concept/skill overlap does not prove an exact learner action.
textbook-lesson.calc-1-unit-2a-derivative-foundations-techniques-special-functions-concept-quiz,/subjects/math/calculus/derivatives/special-functions-concept-quiz/,tool-or-visual,DEFERRED_EDITORIAL_REVIEW,,,,,,,,Candidate remains provisional because broad inferred concept/skill overlap does not prove an exact learner action.
textbook-lesson.calc-1-unit-2a-derivative-foundations-techniques-special-functions-review,/subjects/math/calculus/derivatives/special-functions-review/,practice,NO_CANDIDATE,,,,,,,,No candidate was produced for this lesson and role.
textbook-lesson.calc-1-unit-2a-derivative-foundations-techniques-special-functions-review,/subjects/math/calculus/derivatives/special-functions-review/,quick-explanation,DEFERRED_EDITORIAL_REVIEW,,,,,,,,Candidate remains provisional because broad inferred concept/skill overlap does not prove an exact learner action.
textbook-lesson.calc-1-unit-2a-derivative-foundations-techniques-special-functions-review,/subjects/math/calculus/derivatives/special-functions-review/,worked-example,DEFERRED_EDITORIAL_REVIEW,,,,,,,,Candidate remains provisional because broad inferred concept/skill overlap does not prove an exact learner action.
textbook-lesson.calc-1-unit-2a-derivative-foundations-techniques-special-functions-review,/subjects/math/calculus/derivatives/special-functions-review/,reference,DEFERRED_EDITORIAL_REVIEW,,,,,,,,Candidate remains provisional because broad inferred concept/skill overlap does not prove an exact learner action.
textbook-lesson.calc-1-unit-2a-derivative-foundations-techniques-special-functions-review,/subjects/math/calculus/derivatives/special-functions-review/,tool-or-visual,DEFERRED_EDITORIAL_REVIEW,,,,,,,,Candidate remains provisional because broad inferred concept/skill overlap does not prove an exact learner action.
textbook-lesson.calc-1-unit-2a-derivative-foundations-techniques-sum-and-constant-multiple-rules,/subjects/math/calculus/derivatives/sum-and-constant-multiple-rules/,practice,NO_CANDIDATE,,,,,,,,No candidate was produced for this lesson and role.
textbook-lesson.calc-1-unit-2a-derivative-foundations-techniques-sum-and-constant-multiple-rules,/subjects/math/calculus/derivatives/sum-and-constant-multiple-rules/,quick-explanation,DEFERRED_EDITORIAL_REVIEW,,,,,,,,Candidate remains provisional because broad inferred concept/skill overlap does not prove an exact learner action.
textbook-lesson.calc-1-unit-2a-derivative-foundations-techniques-sum-and-constant-multiple-rules,/subjects/math/calculus/derivatives/sum-and-constant-multiple-rules/,worked-example,DEFERRED_EDITORIAL_REVIEW,,,,,,,,Candidate remains provisional because broad inferred concept/skill overlap does not prove an exact learner action.
textbook-lesson.calc-1-unit-2a-derivative-foundations-techniques-sum-and-constant-multiple-rules,/subjects/math/calculus/derivatives/sum-and-constant-multiple-rules/,reference,DEFERRED_EDITORIAL_REVIEW,,,,,,,,Candidate remains provisional because broad inferred concept/skill overlap does not prove an exact learner action.
textbook-lesson.calc-1-unit-2a-derivative-foundations-techniques-sum-and-constant-multiple-rules,/subjects/math/calculus/derivatives/sum-and-constant-multiple-rules/,tool-or-visual,DEFERRED_EDITORIAL_REVIEW,,,,,,,,Candidate remains provisional because broad inferred concept/skill overlap does not prove an exact learner action.
textbook-lesson.calc-1-unit-2a-derivative-foundations-techniques-tangent-line-equation,/subjects/math/calculus/derivatives/tangent-line-equation/,practice,NO_CANDIDATE,,,,,,,,No candidate was produced for this lesson and role.
textbook-lesson.calc-1-unit-2a-derivative-foundations-techniques-tangent-line-equation,/subjects/math/calculus/derivatives/tangent-line-equation/,quick-explanation,DEFERRED_EDITORIAL_REVIEW,,,,,,,,Candidate remains provisional because broad inferred concept/skill overlap does not prove an exact learner action.
textbook-lesson.calc-1-unit-2a-derivative-foundations-techniques-tangent-line-equation,/subjects/math/calculus/derivatives/tangent-line-equation/,worked-example,DEFERRED_EDITORIAL_REVIEW,,,,,,,,Candidate remains provisional because broad inferred concept/skill overlap does not prove an exact learner action.
textbook-lesson.calc-1-unit-2a-derivative-foundations-techniques-tangent-line-equation,/subjects/math/calculus/derivatives/tangent-line-equation/,reference,DEFERRED_EDITORIAL_REVIEW,,,,,,,,Candidate remains provisional because broad inferred concept/skill overlap does not prove an exact learner action.
textbook-lesson.calc-1-unit-2a-derivative-foundations-techniques-tangent-line-equation,/subjects/math/calculus/derivatives/tangent-line-equation/,tool-or-visual,DEFERRED_EDITORIAL_REVIEW,,,,,,,,Candidate remains provisional because broad inferred concept/skill overlap does not prove an exact learner action.
textbook-lesson.calc-1-unit-2a-derivative-foundations-techniques-unit-2a-common-errors,/subjects/math/calculus/derivatives/unit-2a-common-errors/,practice,NO_CANDIDATE,,,,,,,,No candidate was produced for this lesson and role.
textbook-lesson.calc-1-unit-2a-derivative-foundations-techniques-unit-2a-common-errors,/subjects/math/calculus/derivatives/unit-2a-common-errors/,quick-explanation,DEFERRED_EDITORIAL_REVIEW,,,,,,,,Candidate remains provisional because broad inferred concept/skill overlap does not prove an exact learner action.
textbook-lesson.calc-1-unit-2a-derivative-foundations-techniques-unit-2a-common-errors,/subjects/math/calculus/derivatives/unit-2a-common-errors/,worked-example,DEFERRED_EDITORIAL_REVIEW,,,,,,,,Candidate remains provisional because broad inferred concept/skill overlap does not prove an exact learner action.
textbook-lesson.calc-1-unit-2a-derivative-foundations-techniques-unit-2a-common-errors,/subjects/math/calculus/derivatives/unit-2a-common-errors/,reference,DEFERRED_EDITORIAL_REVIEW,,,,,,,,Candidate remains provisional because broad inferred concept/skill overlap does not prove an exact learner action.
textbook-lesson.calc-1-unit-2a-derivative-foundations-techniques-unit-2a-common-errors,/subjects/math/calculus/derivatives/unit-2a-common-errors/,tool-or-visual,DEFERRED_EDITORIAL_REVIEW,,,,,,,,Candidate remains provisional because broad inferred concept/skill overlap does not prove an exact learner action.
textbook-lesson.calc-1-unit-2a-derivative-foundations-techniques-unit-2a-cumulative-practice,/subjects/math/calculus/derivatives/unit-2a-cumulative-practice/,practice,NO_CANDIDATE,,,,,,,,No candidate was produced for this lesson and role.
textbook-lesson.calc-1-unit-2a-derivative-foundations-techniques-unit-2a-cumulative-practice,/subjects/math/calculus/derivatives/unit-2a-cumulative-practice/,quick-explanation,DEFERRED_EDITORIAL_REVIEW,,,,,,,,Candidate remains provisional because broad inferred concept/skill overlap does not prove an exact learner action.
textbook-lesson.calc-1-unit-2a-derivative-foundations-techniques-unit-2a-cumulative-practice,/subjects/math/calculus/derivatives/unit-2a-cumulative-practice/,worked-example,DEFERRED_EDITORIAL_REVIEW,,,,,,,,Candidate remains provisional because broad inferred concept/skill overlap does not prove an exact learner action.
textbook-lesson.calc-1-unit-2a-derivative-foundations-techniques-unit-2a-cumulative-practice,/subjects/math/calculus/derivatives/unit-2a-cumulative-practice/,reference,DEFERRED_EDITORIAL_REVIEW,,,,,,,,Candidate remains provisional because broad inferred concept/skill overlap does not prove an exact learner action.
textbook-lesson.calc-1-unit-2a-derivative-foundations-techniques-unit-2a-cumulative-practice,/subjects/math/calculus/derivatives/unit-2a-cumulative-practice/,tool-or-visual,DEFERRED_EDITORIAL_REVIEW,,,,,,,,Candidate remains provisional because broad inferred concept/skill overlap does not prove an exact learner action.
textbook-lesson.calc-1-unit-2a-derivative-foundations-techniques-unit-2a-practice-exam-a,/subjects/math/calculus/derivatives/unit-2a-practice-exam-a/,practice,NO_CANDIDATE,,,,,,,,No candidate was produced for this lesson and role.
textbook-lesson.calc-1-unit-2a-derivative-foundations-techniques-unit-2a-practice-exam-a,/subjects/math/calculus/derivatives/unit-2a-practice-exam-a/,quick-explanation,DEFERRED_EDITORIAL_REVIEW,,,,,,,,Candidate remains provisional because broad inferred concept/skill overlap does not prove an exact learner action.
textbook-lesson.calc-1-unit-2a-derivative-foundations-techniques-unit-2a-practice-exam-a,/subjects/math/calculus/derivatives/unit-2a-practice-exam-a/,worked-example,DEFERRED_EDITORIAL_REVIEW,,,,,,,,Candidate remains provisional because broad inferred concept/skill overlap does not prove an exact learner action.
textbook-lesson.calc-1-unit-2a-derivative-foundations-techniques-unit-2a-practice-exam-a,/subjects/math/calculus/derivatives/unit-2a-practice-exam-a/,reference,DEFERRED_EDITORIAL_REVIEW,,,,,,,,Candidate remains provisional because broad inferred concept/skill overlap does not prove an exact learner action.
textbook-lesson.calc-1-unit-2a-derivative-foundations-techniques-unit-2a-practice-exam-a,/subjects/math/calculus/derivatives/unit-2a-practice-exam-a/,tool-or-visual,DEFERRED_EDITORIAL_REVIEW,,,,,,,,Candidate remains provisional because broad inferred concept/skill overlap does not prove an exact learner action.
textbook-lesson.calc-1-unit-2a-derivative-foundations-techniques-unit-2a-practice-exam-b,/subjects/math/calculus/derivatives/unit-2a-practice-exam-b/,practice,NO_CANDIDATE,,,,,,,,No candidate was produced for this lesson and role.
textbook-lesson.calc-1-unit-2a-derivative-foundations-techniques-unit-2a-practice-exam-b,/subjects/math/calculus/derivatives/unit-2a-practice-exam-b/,quick-explanation,DEFERRED_EDITORIAL_REVIEW,,,,,,,,Candidate remains provisional because broad inferred concept/skill overlap does not prove an exact learner action.
textbook-lesson.calc-1-unit-2a-derivative-foundations-techniques-unit-2a-practice-exam-b,/subjects/math/calculus/derivatives/unit-2a-practice-exam-b/,worked-example,DEFERRED_EDITORIAL_REVIEW,,,,,,,,Candidate remains provisional because broad inferred concept/skill overlap does not prove an exact learner action.
textbook-lesson.calc-1-unit-2a-derivative-foundations-techniques-unit-2a-practice-exam-b,/subjects/math/calculus/derivatives/unit-2a-practice-exam-b/,reference,DEFERRED_EDITORIAL_REVIEW,,,,,,,,Candidate remains provisional because broad inferred concept/skill overlap does not prove an exact learner action.
textbook-lesson.calc-1-unit-2a-derivative-foundations-techniques-unit-2a-practice-exam-b,/subjects/math/calculus/derivatives/unit-2a-practice-exam-b/,tool-or-visual,DEFERRED_EDITORIAL_REVIEW,,,,,,,,Candidate remains provisional because broad inferred concept/skill overlap does not prove an exact learner action.
textbook-lesson.calc-1-unit-2a-derivative-foundations-techniques-unit-2a-reference,/subjects/math/calculus/derivatives/unit-2a-reference/,practice,NO_CANDIDATE,,,,,,,,No candidate was produced for this lesson and role.
textbook-lesson.calc-1-unit-2a-derivative-foundations-techniques-unit-2a-reference,/subjects/math/calculus/derivatives/unit-2a-reference/,quick-explanation,DEFERRED_EDITORIAL_REVIEW,,,,,,,,Candidate remains provisional because broad inferred concept/skill overlap does not prove an exact learner action.
textbook-lesson.calc-1-unit-2a-derivative-foundations-techniques-unit-2a-reference,/subjects/math/calculus/derivatives/unit-2a-reference/,worked-example,DEFERRED_EDITORIAL_REVIEW,,,,,,,,Candidate remains provisional because broad inferred concept/skill overlap does not prove an exact learner action.
textbook-lesson.calc-1-unit-2a-derivative-foundations-techniques-unit-2a-reference,/subjects/math/calculus/derivatives/unit-2a-reference/,reference,DEFERRED_EDITORIAL_REVIEW,,,,,,,,Candidate remains provisional because broad inferred concept/skill overlap does not prove an exact learner action.
textbook-lesson.calc-1-unit-2a-derivative-foundations-techniques-unit-2a-reference,/subjects/math/calculus/derivatives/unit-2a-reference/,tool-or-visual,DEFERRED_EDITORIAL_REVIEW,,,,,,,,Candidate remains provisional because broad inferred concept/skill overlap does not prove an exact learner action.
textbook-lesson.calc-1-unit-2a-derivative-foundations-techniques-unit-2a-review,/subjects/math/calculus/derivatives/unit-2a-review/,practice,NO_CANDIDATE,,,,,,,,No candidate was produced for this lesson and role.
textbook-lesson.calc-1-unit-2a-derivative-foundations-techniques-unit-2a-review,/subjects/math/calculus/derivatives/unit-2a-review/,quick-explanation,DEFERRED_EDITORIAL_REVIEW,,,,,,,,Candidate remains provisional because broad inferred concept/skill overlap does not prove an exact learner action.
textbook-lesson.calc-1-unit-2a-derivative-foundations-techniques-unit-2a-review,/subjects/math/calculus/derivatives/unit-2a-review/,worked-example,DEFERRED_EDITORIAL_REVIEW,,,,,,,,Candidate remains provisional because broad inferred concept/skill overlap does not prove an exact learner action.
textbook-lesson.calc-1-unit-2a-derivative-foundations-techniques-unit-2a-review,/subjects/math/calculus/derivatives/unit-2a-review/,reference,DEFERRED_EDITORIAL_REVIEW,,,,,,,,Candidate remains provisional because broad inferred concept/skill overlap does not prove an exact learner action.
textbook-lesson.calc-1-unit-2a-derivative-foundations-techniques-unit-2a-review,/subjects/math/calculus/derivatives/unit-2a-review/,tool-or-visual,DEFERRED_EDITORIAL_REVIEW,,,,,,,,Candidate remains provisional because broad inferred concept/skill overlap does not prove an exact learner action.
textbook-lesson.calc-1-unit-2a-derivative-foundations-techniques-variable-exponents,/subjects/math/calculus/derivatives/variable-exponents/,practice,NO_CANDIDATE,,,,,,,,No candidate was produced for this lesson and role.
textbook-lesson.calc-1-unit-2a-derivative-foundations-techniques-variable-exponents,/subjects/math/calculus/derivatives/variable-exponents/,quick-explanation,DEFERRED_EDITORIAL_REVIEW,,,,,,,,Candidate remains provisional because broad inferred concept/skill overlap does not prove an exact learner action.
textbook-lesson.calc-1-unit-2a-derivative-foundations-techniques-variable-exponents,/subjects/math/calculus/derivatives/variable-exponents/,worked-example,DEFERRED_EDITORIAL_REVIEW,,,,,,,,Candidate remains provisional because broad inferred concept/skill overlap does not prove an exact learner action.
textbook-lesson.calc-1-unit-2a-derivative-foundations-techniques-variable-exponents,/subjects/math/calculus/derivatives/variable-exponents/,reference,DEFERRED_EDITORIAL_REVIEW,,,,,,,,Candidate remains provisional because broad inferred concept/skill overlap does not prove an exact learner action.
textbook-lesson.calc-1-unit-2a-derivative-foundations-techniques-variable-exponents,/subjects/math/calculus/derivatives/variable-exponents/,tool-or-visual,DEFERRED_EDITORIAL_REVIEW,,,,,,,,Candidate remains provisional because broad inferred concept/skill overlap does not prove an exact learner action.
textbook-lesson.calc-1-unit-2a-derivative-foundations-techniques-what-does-derivative-mean,/subjects/math/calculus/derivatives/what-does-derivative-mean/,practice,NO_CANDIDATE,,,,,,,,No candidate was produced for this lesson and role.
textbook-lesson.calc-1-unit-2a-derivative-foundations-techniques-what-does-derivative-mean,/subjects/math/calculus/derivatives/what-does-derivative-mean/,quick-explanation,DEFERRED_EDITORIAL_REVIEW,,,,,,,,Candidate remains provisional because broad inferred concept/skill overlap does not prove an exact learner action.
textbook-lesson.calc-1-unit-2a-derivative-foundations-techniques-what-does-derivative-mean,/subjects/math/calculus/derivatives/what-does-derivative-mean/,worked-example,DEFERRED_EDITORIAL_REVIEW,,,,,,,,Candidate remains provisional because broad inferred concept/skill overlap does not prove an exact learner action.
textbook-lesson.calc-1-unit-2a-derivative-foundations-techniques-what-does-derivative-mean,/subjects/math/calculus/derivatives/what-does-derivative-mean/,reference,DEFERRED_EDITORIAL_REVIEW,,,,,,,,Candidate remains provisional because broad inferred concept/skill overlap does not prove an exact learner action.
textbook-lesson.calc-1-unit-2a-derivative-foundations-techniques-what-does-derivative-mean,/subjects/math/calculus/derivatives/what-does-derivative-mean/,tool-or-visual,DEFERRED_EDITORIAL_REVIEW,,,,,,,,Candidate remains provisional because broad inferred concept/skill overlap does not prove an exact learner action.
textbook-lesson.calc-1-unit-2a-derivative-foundations-techniques-what-implicit-means,/subjects/math/calculus/derivatives/what-implicit-means/,practice,NO_CANDIDATE,,,,,,,,No candidate was produced for this lesson and role.
textbook-lesson.calc-1-unit-2a-derivative-foundations-techniques-what-implicit-means,/subjects/math/calculus/derivatives/what-implicit-means/,quick-explanation,DEFERRED_EDITORIAL_REVIEW,,,,,,,,Candidate remains provisional because broad inferred concept/skill overlap does not prove an exact learner action.
textbook-lesson.calc-1-unit-2a-derivative-foundations-techniques-what-implicit-means,/subjects/math/calculus/derivatives/what-implicit-means/,worked-example,DEFERRED_EDITORIAL_REVIEW,,,,,,,,Candidate remains provisional because broad inferred concept/skill overlap does not prove an exact learner action.
textbook-lesson.calc-1-unit-2a-derivative-foundations-techniques-what-implicit-means,/subjects/math/calculus/derivatives/what-implicit-means/,reference,DEFERRED_EDITORIAL_REVIEW,,,,,,,,Candidate remains provisional because broad inferred concept/skill overlap does not prove an exact learner action.
textbook-lesson.calc-1-unit-2a-derivative-foundations-techniques-what-implicit-means,/subjects/math/calculus/derivatives/what-implicit-means/,tool-or-visual,DEFERRED_EDITORIAL_REVIEW,,,,,,,,Candidate remains provisional because broad inferred concept/skill overlap does not prove an exact learner action.
textbook-lesson.calc-1-unit-2a-derivative-foundations-techniques-why-derivative-rules-work,/subjects/math/calculus/derivatives/why-derivative-rules-work/,practice,NO_CANDIDATE,,,,,,,,No candidate was produced for this lesson and role.
textbook-lesson.calc-1-unit-2a-derivative-foundations-techniques-why-derivative-rules-work,/subjects/math/calculus/derivatives/why-derivative-rules-work/,quick-explanation,DEFERRED_EDITORIAL_REVIEW,,,,,,,,Candidate remains provisional because broad inferred concept/skill overlap does not prove an exact learner action.
textbook-lesson.calc-1-unit-2a-derivative-foundations-techniques-why-derivative-rules-work,/subjects/math/calculus/derivatives/why-derivative-rules-work/,worked-example,DEFERRED_EDITORIAL_REVIEW,,,,,,,,Candidate remains provisional because broad inferred concept/skill overlap does not prove an exact learner action.
textbook-lesson.calc-1-unit-2a-derivative-foundations-techniques-why-derivative-rules-work,/subjects/math/calculus/derivatives/why-derivative-rules-work/,reference,DEFERRED_EDITORIAL_REVIEW,,,,,,,,Candidate remains provisional because broad inferred concept/skill overlap does not prove an exact learner action.
textbook-lesson.calc-1-unit-2a-derivative-foundations-techniques-why-derivative-rules-work,/subjects/math/calculus/derivatives/why-derivative-rules-work/,tool-or-visual,DEFERRED_EDITORIAL_REVIEW,,,,,,,,Candidate remains provisional because broad inferred concept/skill overlap does not prove an exact learner action.
textbook-lesson.calc-1-unit-2a-derivative-foundations-techniques-why-derivatives-matter,/subjects/math/calculus/derivatives/why-derivatives-matter/,practice,NO_CANDIDATE,,,,,,,,No candidate was produced for this lesson and role.
textbook-lesson.calc-1-unit-2a-derivative-foundations-techniques-why-derivatives-matter,/subjects/math/calculus/derivatives/why-derivatives-matter/,quick-explanation,DEFERRED_EDITORIAL_REVIEW,,,,,,,,Candidate remains provisional because broad inferred concept/skill overlap does not prove an exact learner action.
textbook-lesson.calc-1-unit-2a-derivative-foundations-techniques-why-derivatives-matter,/subjects/math/calculus/derivatives/why-derivatives-matter/,worked-example,DEFERRED_EDITORIAL_REVIEW,,,,,,,,Candidate remains provisional because broad inferred concept/skill overlap does not prove an exact learner action.
textbook-lesson.calc-1-unit-2a-derivative-foundations-techniques-why-derivatives-matter,/subjects/math/calculus/derivatives/why-derivatives-matter/,reference,DEFERRED_EDITORIAL_REVIEW,,,,,,,,Candidate remains provisional because broad inferred concept/skill overlap does not prove an exact learner action.
textbook-lesson.calc-1-unit-2a-derivative-foundations-techniques-why-derivatives-matter,/subjects/math/calculus/derivatives/why-derivatives-matter/,tool-or-visual,DEFERRED_EDITORIAL_REVIEW,,,,,,,,Candidate remains provisional because broad inferred concept/skill overlap does not prove an exact learner action.
textbook-lesson.calc-1-unit-2a-derivative-foundations-techniques-why-special-derivatives-are-not-random,/subjects/math/calculus/derivatives/why-special-derivatives-are-not-random/,practice,NO_CANDIDATE,,,,,,,,No candidate was produced for this lesson and role.
textbook-lesson.calc-1-unit-2a-derivative-foundations-techniques-why-special-derivatives-are-not-random,/subjects/math/calculus/derivatives/why-special-derivatives-are-not-random/,quick-explanation,DEFERRED_EDITORIAL_REVIEW,,,,,,,,Candidate remains provisional because broad inferred concept/skill overlap does not prove an exact learner action.
textbook-lesson.calc-1-unit-2a-derivative-foundations-techniques-why-special-derivatives-are-not-random,/subjects/math/calculus/derivatives/why-special-derivatives-are-not-random/,worked-example,DEFERRED_EDITORIAL_REVIEW,,,,,,,,Candidate remains provisional because broad inferred concept/skill overlap does not prove an exact learner action.
textbook-lesson.calc-1-unit-2a-derivative-foundations-techniques-why-special-derivatives-are-not-random,/subjects/math/calculus/derivatives/why-special-derivatives-are-not-random/,reference,DEFERRED_EDITORIAL_REVIEW,,,,,,,,Candidate remains provisional because broad inferred concept/skill overlap does not prove an exact learner action.
textbook-lesson.calc-1-unit-2a-derivative-foundations-techniques-why-special-derivatives-are-not-random,/subjects/math/calculus/derivatives/why-special-derivatives-are-not-random/,tool-or-visual,DEFERRED_EDITORIAL_REVIEW,,,,,,,,Candidate remains provisional because broad inferred concept/skill overlap does not prove an exact learner action.
textbook-lesson.subjects-math-calculus-integrals-accumulation-functions,/subjects/math/calculus/integrals/accumulation-functions/,practice,NO_CANDIDATE,,,,,,,,No candidate was produced for this lesson and role.
textbook-lesson.subjects-math-calculus-integrals-accumulation-functions,/subjects/math/calculus/integrals/accumulation-functions/,quick-explanation,DEFERRED_EDITORIAL_REVIEW,,,,,,,,Candidate remains provisional because broad inferred concept/skill overlap does not prove an exact learner action.
textbook-lesson.subjects-math-calculus-integrals-accumulation-functions,/subjects/math/calculus/integrals/accumulation-functions/,worked-example,NO_CANDIDATE,,,,,,,,No candidate was produced for this lesson and role.
textbook-lesson.subjects-math-calculus-integrals-accumulation-functions,/subjects/math/calculus/integrals/accumulation-functions/,reference,DEFERRED_EDITORIAL_REVIEW,,,,,,,,Candidate remains provisional because broad inferred concept/skill overlap does not prove an exact learner action.
textbook-lesson.subjects-math-calculus-integrals-accumulation-functions,/subjects/math/calculus/integrals/accumulation-functions/,tool-or-visual,DEFERRED_EDITORIAL_REVIEW,,,,,,,,Candidate remains provisional because broad inferred concept/skill overlap does not prove an exact learner action.
textbook-lesson.subjects-math-calculus-integrals-antiderivatives,/subjects/math/calculus/integrals/antiderivatives/,practice,NO_CANDIDATE,,,,,,,,No candidate was produced for this lesson and role.
textbook-lesson.subjects-math-calculus-integrals-antiderivatives,/subjects/math/calculus/integrals/antiderivatives/,quick-explanation,DEFERRED_EDITORIAL_REVIEW,,,,,,,,Candidate remains provisional because broad inferred concept/skill overlap does not prove an exact learner action.
textbook-lesson.subjects-math-calculus-integrals-antiderivatives,/subjects/math/calculus/integrals/antiderivatives/,worked-example,DEFERRED_EDITORIAL_REVIEW,,,,,,,,Candidate remains provisional because broad inferred concept/skill overlap does not prove an exact learner action.
textbook-lesson.subjects-math-calculus-integrals-antiderivatives,/subjects/math/calculus/integrals/antiderivatives/,reference,DEFERRED_EDITORIAL_REVIEW,,,,,,,,Candidate remains provisional because broad inferred concept/skill overlap does not prove an exact learner action.
textbook-lesson.subjects-math-calculus-integrals-antiderivatives,/subjects/math/calculus/integrals/antiderivatives/,tool-or-visual,DEFERRED_EDITORIAL_REVIEW,,,,,,,,Candidate remains provisional because broad inferred concept/skill overlap does not prove an exact learner action.
textbook-lesson.subjects-math-calculus-integrals-average-value-of-a-function,/subjects/math/calculus/integrals/average-value-of-a-function/,practice,NO_CANDIDATE,,,,,,,,No candidate was produced for this lesson and role.
textbook-lesson.subjects-math-calculus-integrals-average-value-of-a-function,/subjects/math/calculus/integrals/average-value-of-a-function/,quick-explanation,APPROVED_EXACT_COMPANION,article.resource-math-calculus-integration-applications-average-value-of-a-function,/subjects/math/calculus/integration-applications/average-value-of-a-function/,explains,lesson-footer,See a quick explanation,Manually adjudicated exact concept and instructional skill; complementary role; canonical published destination; one selected companion in this category.,high,
textbook-lesson.subjects-math-calculus-integrals-average-value-of-a-function,/subjects/math/calculus/integrals/average-value-of-a-function/,worked-example,NO_CANDIDATE,,,,,,,,No candidate was produced for this lesson and role.
textbook-lesson.subjects-math-calculus-integrals-average-value-of-a-function,/subjects/math/calculus/integrals/average-value-of-a-function/,reference,DEFERRED_EDITORIAL_REVIEW,,,,,,,,Candidate remains provisional because broad inferred concept/skill overlap does not prove an exact learner action.
textbook-lesson.subjects-math-calculus-integrals-average-value-of-a-function,/subjects/math/calculus/integrals/average-value-of-a-function/,tool-or-visual,DEFERRED_EDITORIAL_REVIEW,,,,,,,,Candidate remains provisional because broad inferred concept/skill overlap does not prove an exact learner action.
textbook-lesson.subjects-math-calculus-integrals-basic-antiderivative-rules,/subjects/math/calculus/integrals/basic-antiderivative-rules/,practice,NO_CANDIDATE,,,,,,,,No candidate was produced for this lesson and role.
textbook-lesson.subjects-math-calculus-integrals-basic-antiderivative-rules,/subjects/math/calculus/integrals/basic-antiderivative-rules/,quick-explanation,DEFERRED_EDITORIAL_REVIEW,,,,,,,,Candidate remains provisional because broad inferred concept/skill overlap does not prove an exact learner action.
textbook-lesson.subjects-math-calculus-integrals-basic-antiderivative-rules,/subjects/math/calculus/integrals/basic-antiderivative-rules/,worked-example,DEFERRED_EDITORIAL_REVIEW,,,,,,,,Candidate remains provisional because broad inferred concept/skill overlap does not prove an exact learner action.
textbook-lesson.subjects-math-calculus-integrals-basic-antiderivative-rules,/subjects/math/calculus/integrals/basic-antiderivative-rules/,reference,DEFERRED_EDITORIAL_REVIEW,,,,,,,,Candidate remains provisional because broad inferred concept/skill overlap does not prove an exact learner action.
textbook-lesson.subjects-math-calculus-integrals-basic-antiderivative-rules,/subjects/math/calculus/integrals/basic-antiderivative-rules/,tool-or-visual,DEFERRED_EDITORIAL_REVIEW,,,,,,,,Candidate remains provisional because broad inferred concept/skill overlap does not prove an exact learner action.
textbook-lesson.subjects-math-calculus-integrals-common-errors,/subjects/math/calculus/integrals/common-errors/,practice,NO_CANDIDATE,,,,,,,,No candidate was produced for this lesson and role.
textbook-lesson.subjects-math-calculus-integrals-common-errors,/subjects/math/calculus/integrals/common-errors/,quick-explanation,DEFERRED_EDITORIAL_REVIEW,,,,,,,,Candidate remains provisional because broad inferred concept/skill overlap does not prove an exact learner action.
textbook-lesson.subjects-math-calculus-integrals-common-errors,/subjects/math/calculus/integrals/common-errors/,worked-example,NO_CANDIDATE,,,,,,,,No candidate was produced for this lesson and role.
textbook-lesson.subjects-math-calculus-integrals-common-errors,/subjects/math/calculus/integrals/common-errors/,reference,DEFERRED_EDITORIAL_REVIEW,,,,,,,,Candidate remains provisional because broad inferred concept/skill overlap does not prove an exact learner action.
textbook-lesson.subjects-math-calculus-integrals-common-errors,/subjects/math/calculus/integrals/common-errors/,tool-or-visual,DEFERRED_EDITORIAL_REVIEW,,,,,,,,Candidate remains provisional because broad inferred concept/skill overlap does not prove an exact learner action.
textbook-lesson.subjects-math-calculus-integrals-cumulative-practice,/subjects/math/calculus/integrals/cumulative-practice/,practice,NO_CANDIDATE,,,,,,,,No candidate was produced for this lesson and role.
textbook-lesson.subjects-math-calculus-integrals-cumulative-practice,/subjects/math/calculus/integrals/cumulative-practice/,quick-explanation,DEFERRED_EDITORIAL_REVIEW,,,,,,,,Candidate remains provisional because broad inferred concept/skill overlap does not prove an exact learner action.
textbook-lesson.subjects-math-calculus-integrals-cumulative-practice,/subjects/math/calculus/integrals/cumulative-practice/,worked-example,NO_CANDIDATE,,,,,,,,No candidate was produced for this lesson and role.
textbook-lesson.subjects-math-calculus-integrals-cumulative-practice,/subjects/math/calculus/integrals/cumulative-practice/,reference,DEFERRED_EDITORIAL_REVIEW,,,,,,,,Candidate remains provisional because broad inferred concept/skill overlap does not prove an exact learner action.
textbook-lesson.subjects-math-calculus-integrals-cumulative-practice,/subjects/math/calculus/integrals/cumulative-practice/,tool-or-visual,DEFERRED_EDITORIAL_REVIEW,,,,,,,,Candidate remains provisional because broad inferred concept/skill overlap does not prove an exact learner action.
textbook-lesson.subjects-math-calculus-integrals-definite-integral-signed-area,/subjects/math/calculus/integrals/definite-integral-signed-area/,practice,NO_CANDIDATE,,,,,,,,No candidate was produced for this lesson and role.
textbook-lesson.subjects-math-calculus-integrals-definite-integral-signed-area,/subjects/math/calculus/integrals/definite-integral-signed-area/,quick-explanation,DEFERRED_EDITORIAL_REVIEW,,,,,,,,Candidate remains provisional because broad inferred concept/skill overlap does not prove an exact learner action.
textbook-lesson.subjects-math-calculus-integrals-definite-integral-signed-area,/subjects/math/calculus/integrals/definite-integral-signed-area/,worked-example,NO_CANDIDATE,,,,,,,,No candidate was produced for this lesson and role.
textbook-lesson.subjects-math-calculus-integrals-definite-integral-signed-area,/subjects/math/calculus/integrals/definite-integral-signed-area/,reference,DEFERRED_EDITORIAL_REVIEW,,,,,,,,Candidate remains provisional because broad inferred concept/skill overlap does not prove an exact learner action.
textbook-lesson.subjects-math-calculus-integrals-definite-integral-signed-area,/subjects/math/calculus/integrals/definite-integral-signed-area/,tool-or-visual,DEFERRED_EDITORIAL_REVIEW,,,,,,,,Candidate remains provisional because broad inferred concept/skill overlap does not prove an exact learner action.
textbook-lesson.subjects-math-calculus-integrals-definite-integrals-by-substitution,/subjects/math/calculus/integrals/definite-integrals-by-substitution/,practice,NO_CANDIDATE,,,,,,,,No candidate was produced for this lesson and role.
textbook-lesson.subjects-math-calculus-integrals-definite-integrals-by-substitution,/subjects/math/calculus/integrals/definite-integrals-by-substitution/,quick-explanation,DEFERRED_EDITORIAL_REVIEW,,,,,,,,Candidate remains provisional because broad inferred concept/skill overlap does not prove an exact learner action.
textbook-lesson.subjects-math-calculus-integrals-definite-integrals-by-substitution,/subjects/math/calculus/integrals/definite-integrals-by-substitution/,worked-example,NO_CANDIDATE,,,,,,,,No candidate was produced for this lesson and role.
textbook-lesson.subjects-math-calculus-integrals-definite-integrals-by-substitution,/subjects/math/calculus/integrals/definite-integrals-by-substitution/,reference,DEFERRED_EDITORIAL_REVIEW,,,,,,,,Candidate remains provisional because broad inferred concept/skill overlap does not prove an exact learner action.
textbook-lesson.subjects-math-calculus-integrals-definite-integrals-by-substitution,/subjects/math/calculus/integrals/definite-integrals-by-substitution/,tool-or-visual,DEFERRED_EDITORIAL_REVIEW,,,,,,,,Candidate remains provisional because broad inferred concept/skill overlap does not prove an exact learner action.
textbook-lesson.subjects-math-calculus-integrals-displacement-and-distance,/subjects/math/calculus/integrals/displacement-and-distance/,practice,NO_CANDIDATE,,,,,,,,No candidate was produced for this lesson and role.
textbook-lesson.subjects-math-calculus-integrals-displacement-and-distance,/subjects/math/calculus/integrals/displacement-and-distance/,quick-explanation,DEFERRED_EDITORIAL_REVIEW,,,,,,,,Candidate remains provisional because broad inferred concept/skill overlap does not prove an exact learner action.
textbook-lesson.subjects-math-calculus-integrals-displacement-and-distance,/subjects/math/calculus/integrals/displacement-and-distance/,worked-example,NO_CANDIDATE,,,,,,,,No candidate was produced for this lesson and role.
textbook-lesson.subjects-math-calculus-integrals-displacement-and-distance,/subjects/math/calculus/integrals/displacement-and-distance/,reference,DEFERRED_EDITORIAL_REVIEW,,,,,,,,Candidate remains provisional because broad inferred concept/skill overlap does not prove an exact learner action.
textbook-lesson.subjects-math-calculus-integrals-displacement-and-distance,/subjects/math/calculus/integrals/displacement-and-distance/,tool-or-visual,DEFERRED_EDITORIAL_REVIEW,,,,,,,,Candidate remains provisional because broad inferred concept/skill overlap does not prove an exact learner action.
textbook-lesson.subjects-math-calculus-integrals-fundamental-theorem-part-one,/subjects/math/calculus/integrals/fundamental-theorem-part-one/,practice,NO_CANDIDATE,,,,,,,,No candidate was produced for this lesson and role.
textbook-lesson.subjects-math-calculus-integrals-fundamental-theorem-part-one,/subjects/math/calculus/integrals/fundamental-theorem-part-one/,quick-explanation,DEFERRED_EDITORIAL_REVIEW,,,,,,,,Candidate remains provisional because broad inferred concept/skill overlap does not prove an exact learner action.
textbook-lesson.subjects-math-calculus-integrals-fundamental-theorem-part-one,/subjects/math/calculus/integrals/fundamental-theorem-part-one/,worked-example,NO_CANDIDATE,,,,,,,,No candidate was produced for this lesson and role.
textbook-lesson.subjects-math-calculus-integrals-fundamental-theorem-part-one,/subjects/math/calculus/integrals/fundamental-theorem-part-one/,reference,DEFERRED_EDITORIAL_REVIEW,,,,,,,,Candidate remains provisional because broad inferred concept/skill overlap does not prove an exact learner action.
textbook-lesson.subjects-math-calculus-integrals-fundamental-theorem-part-one,/subjects/math/calculus/integrals/fundamental-theorem-part-one/,tool-or-visual,DEFERRED_EDITORIAL_REVIEW,,,,,,,,Candidate remains provisional because broad inferred concept/skill overlap does not prove an exact learner action.
textbook-lesson.subjects-math-calculus-integrals-fundamental-theorem-part-two,/subjects/math/calculus/integrals/fundamental-theorem-part-two/,practice,NO_CANDIDATE,,,,,,,,No candidate was produced for this lesson and role.
textbook-lesson.subjects-math-calculus-integrals-fundamental-theorem-part-two,/subjects/math/calculus/integrals/fundamental-theorem-part-two/,quick-explanation,DEFERRED_EDITORIAL_REVIEW,,,,,,,,Candidate remains provisional because broad inferred concept/skill overlap does not prove an exact learner action.
textbook-lesson.subjects-math-calculus-integrals-fundamental-theorem-part-two,/subjects/math/calculus/integrals/fundamental-theorem-part-two/,worked-example,NO_CANDIDATE,,,,,,,,No candidate was produced for this lesson and role.
textbook-lesson.subjects-math-calculus-integrals-fundamental-theorem-part-two,/subjects/math/calculus/integrals/fundamental-theorem-part-two/,reference,DEFERRED_EDITORIAL_REVIEW,,,,,,,,Candidate remains provisional because broad inferred concept/skill overlap does not prove an exact learner action.
textbook-lesson.subjects-math-calculus-integrals-fundamental-theorem-part-two,/subjects/math/calculus/integrals/fundamental-theorem-part-two/,tool-or-visual,DEFERRED_EDITORIAL_REVIEW,,,,,,,,Candidate remains provisional because broad inferred concept/skill overlap does not prove an exact learner action.
textbook-lesson.subjects-math-calculus-integrals-improper-integrals-infinite-intervals,/subjects/math/calculus/integrals/improper-integrals-infinite-intervals/,practice,NO_CANDIDATE,,,,,,,,No candidate was produced for this lesson and role.
textbook-lesson.subjects-math-calculus-integrals-improper-integrals-infinite-intervals,/subjects/math/calculus/integrals/improper-integrals-infinite-intervals/,quick-explanation,DEFERRED_EDITORIAL_REVIEW,,,,,,,,Candidate remains provisional because broad inferred concept/skill overlap does not prove an exact learner action.
textbook-lesson.subjects-math-calculus-integrals-improper-integrals-infinite-intervals,/subjects/math/calculus/integrals/improper-integrals-infinite-intervals/,worked-example,NO_CANDIDATE,,,,,,,,No candidate was produced for this lesson and role.
textbook-lesson.subjects-math-calculus-integrals-improper-integrals-infinite-intervals,/subjects/math/calculus/integrals/improper-integrals-infinite-intervals/,reference,DEFERRED_EDITORIAL_REVIEW,,,,,,,,Candidate remains provisional because broad inferred concept/skill overlap does not prove an exact learner action.
textbook-lesson.subjects-math-calculus-integrals-improper-integrals-infinite-intervals,/subjects/math/calculus/integrals/improper-integrals-infinite-intervals/,tool-or-visual,DEFERRED_EDITORIAL_REVIEW,,,,,,,,Candidate remains provisional because broad inferred concept/skill overlap does not prove an exact learner action.
textbook-lesson.subjects-math-calculus-integrals-improper-integrals-unbounded-functions,/subjects/math/calculus/integrals/improper-integrals-unbounded-functions/,practice,NO_CANDIDATE,,,,,,,,No candidate was produced for this lesson and role.
textbook-lesson.subjects-math-calculus-integrals-improper-integrals-unbounded-functions,/subjects/math/calculus/integrals/improper-integrals-unbounded-functions/,quick-explanation,DEFERRED_EDITORIAL_REVIEW,,,,,,,,Candidate remains provisional because broad inferred concept/skill overlap does not prove an exact learner action.
textbook-lesson.subjects-math-calculus-integrals-improper-integrals-unbounded-functions,/subjects/math/calculus/integrals/improper-integrals-unbounded-functions/,worked-example,NO_CANDIDATE,,,,,,,,No candidate was produced for this lesson and role.
textbook-lesson.subjects-math-calculus-integrals-improper-integrals-unbounded-functions,/subjects/math/calculus/integrals/improper-integrals-unbounded-functions/,reference,DEFERRED_EDITORIAL_REVIEW,,,,,,,,Candidate remains provisional because broad inferred concept/skill overlap does not prove an exact learner action.
textbook-lesson.subjects-math-calculus-integrals-improper-integrals-unbounded-functions,/subjects/math/calculus/integrals/improper-integrals-unbounded-functions/,tool-or-visual,DEFERRED_EDITORIAL_REVIEW,,,,,,,,Candidate remains provisional because broad inferred concept/skill overlap does not prove an exact learner action.
textbook-lesson.subjects-math-calculus-integrals-indefinite-integrals-and-c,/subjects/math/calculus/integrals/indefinite-integrals-and-c/,practice,NO_CANDIDATE,,,,,,,,No candidate was produced for this lesson and role.
textbook-lesson.subjects-math-calculus-integrals-indefinite-integrals-and-c,/subjects/math/calculus/integrals/indefinite-integrals-and-c/,quick-explanation,DEFERRED_EDITORIAL_REVIEW,,,,,,,,Candidate remains provisional because broad inferred concept/skill overlap does not prove an exact learner action.
textbook-lesson.subjects-math-calculus-integrals-indefinite-integrals-and-c,/subjects/math/calculus/integrals/indefinite-integrals-and-c/,worked-example,NO_CANDIDATE,,,,,,,,No candidate was produced for this lesson and role.
textbook-lesson.subjects-math-calculus-integrals-indefinite-integrals-and-c,/subjects/math/calculus/integrals/indefinite-integrals-and-c/,reference,DEFERRED_EDITORIAL_REVIEW,,,,,,,,Candidate remains provisional because broad inferred concept/skill overlap does not prove an exact learner action.
textbook-lesson.subjects-math-calculus-integrals-indefinite-integrals-and-c,/subjects/math/calculus/integrals/indefinite-integrals-and-c/,tool-or-visual,DEFERRED_EDITORIAL_REVIEW,,,,,,,,Candidate remains provisional because broad inferred concept/skill overlap does not prove an exact learner action.
textbook-lesson.subjects-math-calculus-integrals-initial-value-problems,/subjects/math/calculus/integrals/initial-value-problems/,practice,NO_CANDIDATE,,,,,,,,No candidate was produced for this lesson and role.
textbook-lesson.subjects-math-calculus-integrals-initial-value-problems,/subjects/math/calculus/integrals/initial-value-problems/,quick-explanation,DEFERRED_EDITORIAL_REVIEW,,,,,,,,Candidate remains provisional because broad inferred concept/skill overlap does not prove an exact learner action.
textbook-lesson.subjects-math-calculus-integrals-initial-value-problems,/subjects/math/calculus/integrals/initial-value-problems/,worked-example,NO_CANDIDATE,,,,,,,,No candidate was produced for this lesson and role.
textbook-lesson.subjects-math-calculus-integrals-initial-value-problems,/subjects/math/calculus/integrals/initial-value-problems/,reference,DEFERRED_EDITORIAL_REVIEW,,,,,,,,Candidate remains provisional because broad inferred concept/skill overlap does not prove an exact learner action.
textbook-lesson.subjects-math-calculus-integrals-initial-value-problems,/subjects/math/calculus/integrals/initial-value-problems/,tool-or-visual,DEFERRED_EDITORIAL_REVIEW,,,,,,,,Candidate remains provisional because broad inferred concept/skill overlap does not prove an exact learner action.
textbook-lesson.subjects-math-calculus-integrals-integration-by-parts,/subjects/math/calculus/integrals/integration-by-parts/,practice,APPROVED_EXACT_COMPANION,worksheet.calculus-resource-integration-by-parts,/subjects/math/calculus/worksheets/integration-by-parts/,practices,lesson-intro,Practice this skill,Manually adjudicated exact concept and instructional skill; complementary role; canonical published destination; one selected companion in this category.,high,
textbook-lesson.subjects-math-calculus-integrals-integration-by-parts,/subjects/math/calculus/integrals/integration-by-parts/,quick-explanation,APPROVED_EXACT_COMPANION,article.answer-cal-parts-when,/learn/calculus/integration-by-parts/,explains,lesson-footer,See a quick explanation,Manually adjudicated exact concept and instructional skill; complementary role; canonical published destination; one selected companion in this category.,high,
textbook-lesson.subjects-math-calculus-integrals-integration-by-parts,/subjects/math/calculus/integrals/integration-by-parts/,worked-example,APPROVED_EXACT_COMPANION,worked-problem.worked-problem-integration-by-parts-log-x,/subjects/math/calculus/worked-problems/integration-by-parts-log-x/,explains,lesson-footer,See a worked example,Manually adjudicated exact concept and instructional skill; complementary role; canonical published destination; one selected companion in this category.,high,
textbook-lesson.subjects-math-calculus-integrals-integration-by-parts,/subjects/math/calculus/integrals/integration-by-parts/,reference,APPROVED_EXACT_COMPANION,glossary-term.glossary-resource-integration-by-parts,/glossary/math/integration-by-parts/,references,lesson-footer,Review the definition,Manually adjudicated exact concept and instructional skill; complementary role; canonical published destination; one selected companion in this category.,high,
textbook-lesson.subjects-math-calculus-integrals-integration-by-parts,/subjects/math/calculus/integrals/integration-by-parts/,tool-or-visual,NO_CANDIDATE,,,,,,,,No candidate was produced for this lesson and role.
textbook-lesson.subjects-math-calculus-integrals-integration-strategy,/subjects/math/calculus/integrals/integration-strategy/,practice,NO_CANDIDATE,,,,,,,,No candidate was produced for this lesson and role.
textbook-lesson.subjects-math-calculus-integrals-integration-strategy,/subjects/math/calculus/integrals/integration-strategy/,quick-explanation,DEFERRED_EDITORIAL_REVIEW,,,,,,,,Candidate remains provisional because broad inferred concept/skill overlap does not prove an exact learner action.
textbook-lesson.subjects-math-calculus-integrals-integration-strategy,/subjects/math/calculus/integrals/integration-strategy/,worked-example,NO_CANDIDATE,,,,,,,,No candidate was produced for this lesson and role.
textbook-lesson.subjects-math-calculus-integrals-integration-strategy,/subjects/math/calculus/integrals/integration-strategy/,reference,DEFERRED_EDITORIAL_REVIEW,,,,,,,,Candidate remains provisional because broad inferred concept/skill overlap does not prove an exact learner action.
textbook-lesson.subjects-math-calculus-integrals-integration-strategy,/subjects/math/calculus/integrals/integration-strategy/,tool-or-visual,DEFERRED_EDITORIAL_REVIEW,,,,,,,,Candidate remains provisional because broad inferred concept/skill overlap does not prove an exact learner action.
textbook-lesson.subjects-math-calculus-integrals-left-right-midpoint-riemann-sums,/subjects/math/calculus/integrals/left-right-midpoint-riemann-sums/,practice,NO_CANDIDATE,,,,,,,,No candidate was produced for this lesson and role.
textbook-lesson.subjects-math-calculus-integrals-left-right-midpoint-riemann-sums,/subjects/math/calculus/integrals/left-right-midpoint-riemann-sums/,quick-explanation,DEFERRED_EDITORIAL_REVIEW,,,,,,,,Candidate remains provisional because broad inferred concept/skill overlap does not prove an exact learner action.
textbook-lesson.subjects-math-calculus-integrals-left-right-midpoint-riemann-sums,/subjects/math/calculus/integrals/left-right-midpoint-riemann-sums/,worked-example,NO_CANDIDATE,,,,,,,,No candidate was produced for this lesson and role.
textbook-lesson.subjects-math-calculus-integrals-left-right-midpoint-riemann-sums,/subjects/math/calculus/integrals/left-right-midpoint-riemann-sums/,reference,DEFERRED_EDITORIAL_REVIEW,,,,,,,,Candidate remains provisional because broad inferred concept/skill overlap does not prove an exact learner action.
textbook-lesson.subjects-math-calculus-integrals-left-right-midpoint-riemann-sums,/subjects/math/calculus/integrals/left-right-midpoint-riemann-sums/,tool-or-visual,DEFERRED_EDITORIAL_REVIEW,,,,,,,,Candidate remains provisional because broad inferred concept/skill overlap does not prove an exact learner action.
textbook-lesson.subjects-math-calculus-integrals-net-change-theorem,/subjects/math/calculus/integrals/net-change-theorem/,practice,NO_CANDIDATE,,,,,,,,No candidate was produced for this lesson and role.
textbook-lesson.subjects-math-calculus-integrals-net-change-theorem,/subjects/math/calculus/integrals/net-change-theorem/,quick-explanation,DEFERRED_EDITORIAL_REVIEW,,,,,,,,Candidate remains provisional because broad inferred concept/skill overlap does not prove an exact learner action.
textbook-lesson.subjects-math-calculus-integrals-net-change-theorem,/subjects/math/calculus/integrals/net-change-theorem/,worked-example,NO_CANDIDATE,,,,,,,,No candidate was produced for this lesson and role.
textbook-lesson.subjects-math-calculus-integrals-net-change-theorem,/subjects/math/calculus/integrals/net-change-theorem/,reference,DEFERRED_EDITORIAL_REVIEW,,,,,,,,Candidate remains provisional because broad inferred concept/skill overlap does not prove an exact learner action.
textbook-lesson.subjects-math-calculus-integrals-net-change-theorem,/subjects/math/calculus/integrals/net-change-theorem/,tool-or-visual,DEFERRED_EDITORIAL_REVIEW,,,,,,,,Candidate remains provisional because broad inferred concept/skill overlap does not prove an exact learner action.
textbook-lesson.subjects-math-calculus-integrals-numerical-integration,/subjects/math/calculus/integrals/numerical-integration/,practice,NO_CANDIDATE,,,,,,,,No candidate was produced for this lesson and role.
textbook-lesson.subjects-math-calculus-integrals-numerical-integration,/subjects/math/calculus/integrals/numerical-integration/,quick-explanation,DEFERRED_EDITORIAL_REVIEW,,,,,,,,Candidate remains provisional because broad inferred concept/skill overlap does not prove an exact learner action.
textbook-lesson.subjects-math-calculus-integrals-numerical-integration,/subjects/math/calculus/integrals/numerical-integration/,worked-example,NO_CANDIDATE,,,,,,,,No candidate was produced for this lesson and role.
textbook-lesson.subjects-math-calculus-integrals-numerical-integration,/subjects/math/calculus/integrals/numerical-integration/,reference,DEFERRED_EDITORIAL_REVIEW,,,,,,,,Candidate remains provisional because broad inferred concept/skill overlap does not prove an exact learner action.
textbook-lesson.subjects-math-calculus-integrals-numerical-integration,/subjects/math/calculus/integrals/numerical-integration/,tool-or-visual,DEFERRED_EDITORIAL_REVIEW,,,,,,,,Candidate remains provisional because broad inferred concept/skill overlap does not prove an exact learner action.
textbook-lesson.subjects-math-calculus-integrals-partial-fractions,/subjects/math/calculus/integrals/partial-fractions/,practice,NO_CANDIDATE,,,,,,,,No candidate was produced for this lesson and role.
textbook-lesson.subjects-math-calculus-integrals-partial-fractions,/subjects/math/calculus/integrals/partial-fractions/,quick-explanation,DEFERRED_EDITORIAL_REVIEW,,,,,,,,Candidate remains provisional because broad inferred concept/skill overlap does not prove an exact learner action.
textbook-lesson.subjects-math-calculus-integrals-partial-fractions,/subjects/math/calculus/integrals/partial-fractions/,worked-example,NO_CANDIDATE,,,,,,,,No candidate was produced for this lesson and role.
textbook-lesson.subjects-math-calculus-integrals-partial-fractions,/subjects/math/calculus/integrals/partial-fractions/,reference,DEFERRED_EDITORIAL_REVIEW,,,,,,,,Candidate remains provisional because broad inferred concept/skill overlap does not prove an exact learner action.
textbook-lesson.subjects-math-calculus-integrals-partial-fractions,/subjects/math/calculus/integrals/partial-fractions/,tool-or-visual,DEFERRED_EDITORIAL_REVIEW,,,,,,,,Candidate remains provisional because broad inferred concept/skill overlap does not prove an exact learner action.
textbook-lesson.subjects-math-calculus-integrals-partitions-and-sigma-notation,/subjects/math/calculus/integrals/partitions-and-sigma-notation/,practice,NO_CANDIDATE,,,,,,,,No candidate was produced for this lesson and role.
textbook-lesson.subjects-math-calculus-integrals-partitions-and-sigma-notation,/subjects/math/calculus/integrals/partitions-and-sigma-notation/,quick-explanation,DEFERRED_EDITORIAL_REVIEW,,,,,,,,Candidate remains provisional because broad inferred concept/skill overlap does not prove an exact learner action.
textbook-lesson.subjects-math-calculus-integrals-partitions-and-sigma-notation,/subjects/math/calculus/integrals/partitions-and-sigma-notation/,worked-example,NO_CANDIDATE,,,,,,,,No candidate was produced for this lesson and role.
textbook-lesson.subjects-math-calculus-integrals-partitions-and-sigma-notation,/subjects/math/calculus/integrals/partitions-and-sigma-notation/,reference,DEFERRED_EDITORIAL_REVIEW,,,,,,,,Candidate remains provisional because broad inferred concept/skill overlap does not prove an exact learner action.
textbook-lesson.subjects-math-calculus-integrals-partitions-and-sigma-notation,/subjects/math/calculus/integrals/partitions-and-sigma-notation/,tool-or-visual,DEFERRED_EDITORIAL_REVIEW,,,,,,,,Candidate remains provisional because broad inferred concept/skill overlap does not prove an exact learner action.
textbook-lesson.subjects-math-calculus-integrals-practice-exam-a-answer-key,/subjects/math/calculus/integrals/practice-exam-a-answer-key/,practice,NO_CANDIDATE,,,,,,,,No candidate was produced for this lesson and role.
textbook-lesson.subjects-math-calculus-integrals-practice-exam-a-answer-key,/subjects/math/calculus/integrals/practice-exam-a-answer-key/,quick-explanation,DEFERRED_EDITORIAL_REVIEW,,,,,,,,Candidate remains provisional because broad inferred concept/skill overlap does not prove an exact learner action.
textbook-lesson.subjects-math-calculus-integrals-practice-exam-a-answer-key,/subjects/math/calculus/integrals/practice-exam-a-answer-key/,worked-example,NO_CANDIDATE,,,,,,,,No candidate was produced for this lesson and role.
textbook-lesson.subjects-math-calculus-integrals-practice-exam-a-answer-key,/subjects/math/calculus/integrals/practice-exam-a-answer-key/,reference,DEFERRED_EDITORIAL_REVIEW,,,,,,,,Candidate remains provisional because broad inferred concept/skill overlap does not prove an exact learner action.
textbook-lesson.subjects-math-calculus-integrals-practice-exam-a-answer-key,/subjects/math/calculus/integrals/practice-exam-a-answer-key/,tool-or-visual,DEFERRED_EDITORIAL_REVIEW,,,,,,,,Candidate remains provisional because broad inferred concept/skill overlap does not prove an exact learner action.
textbook-lesson.subjects-math-calculus-integrals-practice-exam-a,/subjects/math/calculus/integrals/practice-exam-a/,practice,NO_CANDIDATE,,,,,,,,No candidate was produced for this lesson and role.
textbook-lesson.subjects-math-calculus-integrals-practice-exam-a,/subjects/math/calculus/integrals/practice-exam-a/,quick-explanation,DEFERRED_EDITORIAL_REVIEW,,,,,,,,Candidate remains provisional because broad inferred concept/skill overlap does not prove an exact learner action.
textbook-lesson.subjects-math-calculus-integrals-practice-exam-a,/subjects/math/calculus/integrals/practice-exam-a/,worked-example,NO_CANDIDATE,,,,,,,,No candidate was produced for this lesson and role.
textbook-lesson.subjects-math-calculus-integrals-practice-exam-a,/subjects/math/calculus/integrals/practice-exam-a/,reference,DEFERRED_EDITORIAL_REVIEW,,,,,,,,Candidate remains provisional because broad inferred concept/skill overlap does not prove an exact learner action.
textbook-lesson.subjects-math-calculus-integrals-practice-exam-a,/subjects/math/calculus/integrals/practice-exam-a/,tool-or-visual,DEFERRED_EDITORIAL_REVIEW,,,,,,,,Candidate remains provisional because broad inferred concept/skill overlap does not prove an exact learner action.
textbook-lesson.subjects-math-calculus-integrals-practice-exam-b-answer-key,/subjects/math/calculus/integrals/practice-exam-b-answer-key/,practice,NO_CANDIDATE,,,,,,,,No candidate was produced for this lesson and role.
textbook-lesson.subjects-math-calculus-integrals-practice-exam-b-answer-key,/subjects/math/calculus/integrals/practice-exam-b-answer-key/,quick-explanation,DEFERRED_EDITORIAL_REVIEW,,,,,,,,Candidate remains provisional because broad inferred concept/skill overlap does not prove an exact learner action.
textbook-lesson.subjects-math-calculus-integrals-practice-exam-b-answer-key,/subjects/math/calculus/integrals/practice-exam-b-answer-key/,worked-example,NO_CANDIDATE,,,,,,,,No candidate was produced for this lesson and role.
textbook-lesson.subjects-math-calculus-integrals-practice-exam-b-answer-key,/subjects/math/calculus/integrals/practice-exam-b-answer-key/,reference,DEFERRED_EDITORIAL_REVIEW,,,,,,,,Candidate remains provisional because broad inferred concept/skill overlap does not prove an exact learner action.
textbook-lesson.subjects-math-calculus-integrals-practice-exam-b-answer-key,/subjects/math/calculus/integrals/practice-exam-b-answer-key/,tool-or-visual,DEFERRED_EDITORIAL_REVIEW,,,,,,,,Candidate remains provisional because broad inferred concept/skill overlap does not prove an exact learner action.
textbook-lesson.subjects-math-calculus-integrals-practice-exam-b,/subjects/math/calculus/integrals/practice-exam-b/,practice,NO_CANDIDATE,,,,,,,,No candidate was produced for this lesson and role.
textbook-lesson.subjects-math-calculus-integrals-practice-exam-b,/subjects/math/calculus/integrals/practice-exam-b/,quick-explanation,DEFERRED_EDITORIAL_REVIEW,,,,,,,,Candidate remains provisional because broad inferred concept/skill overlap does not prove an exact learner action.
textbook-lesson.subjects-math-calculus-integrals-practice-exam-b,/subjects/math/calculus/integrals/practice-exam-b/,worked-example,NO_CANDIDATE,,,,,,,,No candidate was produced for this lesson and role.
textbook-lesson.subjects-math-calculus-integrals-practice-exam-b,/subjects/math/calculus/integrals/practice-exam-b/,reference,DEFERRED_EDITORIAL_REVIEW,,,,,,,,Candidate remains provisional because broad inferred concept/skill overlap does not prove an exact learner action.
textbook-lesson.subjects-math-calculus-integrals-practice-exam-b,/subjects/math/calculus/integrals/practice-exam-b/,tool-or-visual,DEFERRED_EDITORIAL_REVIEW,,,,,,,,Candidate remains provisional because broad inferred concept/skill overlap does not prove an exact learner action.
textbook-lesson.subjects-math-calculus-integrals-properties-of-definite-integrals,/subjects/math/calculus/integrals/properties-of-definite-integrals/,practice,NO_CANDIDATE,,,,,,,,No candidate was produced for this lesson and role.
textbook-lesson.subjects-math-calculus-integrals-properties-of-definite-integrals,/subjects/math/calculus/integrals/properties-of-definite-integrals/,quick-explanation,DEFERRED_EDITORIAL_REVIEW,,,,,,,,Candidate remains provisional because broad inferred concept/skill overlap does not prove an exact learner action.
textbook-lesson.subjects-math-calculus-integrals-properties-of-definite-integrals,/subjects/math/calculus/integrals/properties-of-definite-integrals/,worked-example,NO_CANDIDATE,,,,,,,,No candidate was produced for this lesson and role.
textbook-lesson.subjects-math-calculus-integrals-properties-of-definite-integrals,/subjects/math/calculus/integrals/properties-of-definite-integrals/,reference,DEFERRED_EDITORIAL_REVIEW,,,,,,,,Candidate remains provisional because broad inferred concept/skill overlap does not prove an exact learner action.
textbook-lesson.subjects-math-calculus-integrals-properties-of-definite-integrals,/subjects/math/calculus/integrals/properties-of-definite-integrals/,tool-or-visual,DEFERRED_EDITORIAL_REVIEW,,,,,,,,Candidate remains provisional because broad inferred concept/skill overlap does not prove an exact learner action.
textbook-lesson.subjects-math-calculus-integrals-rates-to-total-change,/subjects/math/calculus/integrals/rates-to-total-change/,practice,NO_CANDIDATE,,,,,,,,No candidate was produced for this lesson and role.
textbook-lesson.subjects-math-calculus-integrals-rates-to-total-change,/subjects/math/calculus/integrals/rates-to-total-change/,quick-explanation,DEFERRED_EDITORIAL_REVIEW,,,,,,,,Candidate remains provisional because broad inferred concept/skill overlap does not prove an exact learner action.
textbook-lesson.subjects-math-calculus-integrals-rates-to-total-change,/subjects/math/calculus/integrals/rates-to-total-change/,worked-example,NO_CANDIDATE,,,,,,,,No candidate was produced for this lesson and role.
textbook-lesson.subjects-math-calculus-integrals-rates-to-total-change,/subjects/math/calculus/integrals/rates-to-total-change/,reference,DEFERRED_EDITORIAL_REVIEW,,,,,,,,Candidate remains provisional because broad inferred concept/skill overlap does not prove an exact learner action.
textbook-lesson.subjects-math-calculus-integrals-rates-to-total-change,/subjects/math/calculus/integrals/rates-to-total-change/,tool-or-visual,DEFERRED_EDITORIAL_REVIEW,,,,,,,,Candidate remains provisional because broad inferred concept/skill overlap does not prove an exact learner action.
textbook-lesson.subjects-math-calculus-integrals-review,/subjects/math/calculus/integrals/review/,practice,NO_CANDIDATE,,,,,,,,No candidate was produced for this lesson and role.
textbook-lesson.subjects-math-calculus-integrals-review,/subjects/math/calculus/integrals/review/,quick-explanation,DEFERRED_EDITORIAL_REVIEW,,,,,,,,Candidate remains provisional because broad inferred concept/skill overlap does not prove an exact learner action.
textbook-lesson.subjects-math-calculus-integrals-review,/subjects/math/calculus/integrals/review/,worked-example,NO_CANDIDATE,,,,,,,,No candidate was produced for this lesson and role.
textbook-lesson.subjects-math-calculus-integrals-review,/subjects/math/calculus/integrals/review/,reference,DEFERRED_EDITORIAL_REVIEW,,,,,,,,Candidate remains provisional because broad inferred concept/skill overlap does not prove an exact learner action.
textbook-lesson.subjects-math-calculus-integrals-review,/subjects/math/calculus/integrals/review/,tool-or-visual,DEFERRED_EDITORIAL_REVIEW,,,,,,,,Candidate remains provisional because broad inferred concept/skill overlap does not prove an exact learner action.
textbook-lesson.subjects-math-calculus-integrals-riemann-sum-limit,/subjects/math/calculus/integrals/riemann-sum-limit/,practice,DEFERRED_EDITORIAL_REVIEW,,,,,,,,Candidate remains provisional because broad inferred concept/skill overlap does not prove an exact learner action.
textbook-lesson.subjects-math-calculus-integrals-riemann-sum-limit,/subjects/math/calculus/integrals/riemann-sum-limit/,quick-explanation,DEFERRED_EDITORIAL_REVIEW,,,,,,,,Candidate remains provisional because broad inferred concept/skill overlap does not prove an exact learner action.
textbook-lesson.subjects-math-calculus-integrals-riemann-sum-limit,/subjects/math/calculus/integrals/riemann-sum-limit/,worked-example,DEFERRED_EDITORIAL_REVIEW,,,,,,,,Candidate remains provisional because broad inferred concept/skill overlap does not prove an exact learner action.
textbook-lesson.subjects-math-calculus-integrals-riemann-sum-limit,/subjects/math/calculus/integrals/riemann-sum-limit/,reference,DEFERRED_EDITORIAL_REVIEW,,,,,,,,Candidate remains provisional because broad inferred concept/skill overlap does not prove an exact learner action.
textbook-lesson.subjects-math-calculus-integrals-riemann-sum-limit,/subjects/math/calculus/integrals/riemann-sum-limit/,tool-or-visual,NO_CANDIDATE,,,,,,,,No candidate was produced for this lesson and role.
textbook-lesson.subjects-math-calculus-integrals-simpsons-rule,/subjects/math/calculus/integrals/simpsons-rule/,practice,NO_CANDIDATE,,,,,,,,No candidate was produced for this lesson and role.
textbook-lesson.subjects-math-calculus-integrals-simpsons-rule,/subjects/math/calculus/integrals/simpsons-rule/,quick-explanation,DEFERRED_EDITORIAL_REVIEW,,,,,,,,Candidate remains provisional because broad inferred concept/skill overlap does not prove an exact learner action.
textbook-lesson.subjects-math-calculus-integrals-simpsons-rule,/subjects/math/calculus/integrals/simpsons-rule/,worked-example,NO_CANDIDATE,,,,,,,,No candidate was produced for this lesson and role.
textbook-lesson.subjects-math-calculus-integrals-simpsons-rule,/subjects/math/calculus/integrals/simpsons-rule/,reference,DEFERRED_EDITORIAL_REVIEW,,,,,,,,Candidate remains provisional because broad inferred concept/skill overlap does not prove an exact learner action.
textbook-lesson.subjects-math-calculus-integrals-simpsons-rule,/subjects/math/calculus/integrals/simpsons-rule/,tool-or-visual,DEFERRED_EDITORIAL_REVIEW,,,,,,,,Candidate remains provisional because broad inferred concept/skill overlap does not prove an exact learner action.
textbook-lesson.subjects-math-calculus-integrals-substitution,/subjects/math/calculus/integrals/substitution/,practice,DEFERRED_EDITORIAL_REVIEW,,,,,,,,Candidate remains provisional because broad inferred concept/skill overlap does not prove an exact learner action.
textbook-lesson.subjects-math-calculus-integrals-substitution,/subjects/math/calculus/integrals/substitution/,quick-explanation,DEFERRED_EDITORIAL_REVIEW,,,,,,,,Candidate remains provisional because broad inferred concept/skill overlap does not prove an exact learner action.
textbook-lesson.subjects-math-calculus-integrals-substitution,/subjects/math/calculus/integrals/substitution/,worked-example,DEFERRED_EDITORIAL_REVIEW,,,,,,,,Candidate remains provisional because broad inferred concept/skill overlap does not prove an exact learner action.
textbook-lesson.subjects-math-calculus-integrals-substitution,/subjects/math/calculus/integrals/substitution/,reference,DEFERRED_EDITORIAL_REVIEW,,,,,,,,Candidate remains provisional because broad inferred concept/skill overlap does not prove an exact learner action.
textbook-lesson.subjects-math-calculus-integrals-substitution,/subjects/math/calculus/integrals/substitution/,tool-or-visual,NO_CANDIDATE,,,,,,,,No candidate was produced for this lesson and role.
textbook-lesson.subjects-math-calculus-integrals-trigonometric-integrals,/subjects/math/calculus/integrals/trigonometric-integrals/,practice,NO_CANDIDATE,,,,,,,,No candidate was produced for this lesson and role.
textbook-lesson.subjects-math-calculus-integrals-trigonometric-integrals,/subjects/math/calculus/integrals/trigonometric-integrals/,quick-explanation,DEFERRED_EDITORIAL_REVIEW,,,,,,,,Candidate remains provisional because broad inferred concept/skill overlap does not prove an exact learner action.
textbook-lesson.subjects-math-calculus-integrals-trigonometric-integrals,/subjects/math/calculus/integrals/trigonometric-integrals/,worked-example,NO_CANDIDATE,,,,,,,,No candidate was produced for this lesson and role.
textbook-lesson.subjects-math-calculus-integrals-trigonometric-integrals,/subjects/math/calculus/integrals/trigonometric-integrals/,reference,DEFERRED_EDITORIAL_REVIEW,,,,,,,,Candidate remains provisional because broad inferred concept/skill overlap does not prove an exact learner action.
textbook-lesson.subjects-math-calculus-integrals-trigonometric-integrals,/subjects/math/calculus/integrals/trigonometric-integrals/,tool-or-visual,DEFERRED_EDITORIAL_REVIEW,,,,,,,,Candidate remains provisional because broad inferred concept/skill overlap does not prove an exact learner action.
textbook-lesson.subjects-math-calculus-integrals-trigonometric-substitution,/subjects/math/calculus/integrals/trigonometric-substitution/,practice,NO_CANDIDATE,,,,,,,,No candidate was produced for this lesson and role.
textbook-lesson.subjects-math-calculus-integrals-trigonometric-substitution,/subjects/math/calculus/integrals/trigonometric-substitution/,quick-explanation,DEFERRED_EDITORIAL_REVIEW,,,,,,,,Candidate remains provisional because broad inferred concept/skill overlap does not prove an exact learner action.
textbook-lesson.subjects-math-calculus-integrals-trigonometric-substitution,/subjects/math/calculus/integrals/trigonometric-substitution/,worked-example,NO_CANDIDATE,,,,,,,,No candidate was produced for this lesson and role.
textbook-lesson.subjects-math-calculus-integrals-trigonometric-substitution,/subjects/math/calculus/integrals/trigonometric-substitution/,reference,DEFERRED_EDITORIAL_REVIEW,,,,,,,,Candidate remains provisional because broad inferred concept/skill overlap does not prove an exact learner action.
textbook-lesson.subjects-math-calculus-integrals-trigonometric-substitution,/subjects/math/calculus/integrals/trigonometric-substitution/,tool-or-visual,DEFERRED_EDITORIAL_REVIEW,,,,,,,,Candidate remains provisional because broad inferred concept/skill overlap does not prove an exact learner action.
textbook-lesson.subjects-math-calculus-integrals-variable-limits-and-chain-rule,/subjects/math/calculus/integrals/variable-limits-and-chain-rule/,practice,DEFERRED_EDITORIAL_REVIEW,,,,,,,,Candidate remains provisional because broad inferred concept/skill overlap does not prove an exact learner action.
textbook-lesson.subjects-math-calculus-integrals-variable-limits-and-chain-rule,/subjects/math/calculus/integrals/variable-limits-and-chain-rule/,quick-explanation,DEFERRED_EDITORIAL_REVIEW,,,,,,,,Candidate remains provisional because broad inferred concept/skill overlap does not prove an exact learner action.
textbook-lesson.subjects-math-calculus-integrals-variable-limits-and-chain-rule,/subjects/math/calculus/integrals/variable-limits-and-chain-rule/,worked-example,DEFERRED_EDITORIAL_REVIEW,,,,,,,,Candidate remains provisional because broad inferred concept/skill overlap does not prove an exact learner action.
textbook-lesson.subjects-math-calculus-integrals-variable-limits-and-chain-rule,/subjects/math/calculus/integrals/variable-limits-and-chain-rule/,reference,DEFERRED_EDITORIAL_REVIEW,,,,,,,,Candidate remains provisional because broad inferred concept/skill overlap does not prove an exact learner action.
textbook-lesson.subjects-math-calculus-integrals-variable-limits-and-chain-rule,/subjects/math/calculus/integrals/variable-limits-and-chain-rule/,tool-or-visual,NO_CANDIDATE,,,,,,,,No candidate was produced for this lesson and role.
textbook-lesson.subjects-math-calculus-integration-applications-arc-length,/subjects/math/calculus/integration-applications/arc-length/,practice,NO_CANDIDATE,,,,,,,,No candidate was produced for this lesson and role.
textbook-lesson.subjects-math-calculus-integration-applications-arc-length,/subjects/math/calculus/integration-applications/arc-length/,quick-explanation,DEFERRED_EDITORIAL_REVIEW,,,,,,,,Candidate remains provisional because broad inferred concept/skill overlap does not prove an exact learner action.
textbook-lesson.subjects-math-calculus-integration-applications-arc-length,/subjects/math/calculus/integration-applications/arc-length/,worked-example,NO_CANDIDATE,,,,,,,,No candidate was produced for this lesson and role.
textbook-lesson.subjects-math-calculus-integration-applications-arc-length,/subjects/math/calculus/integration-applications/arc-length/,reference,DEFERRED_EDITORIAL_REVIEW,,,,,,,,Candidate remains provisional because broad inferred concept/skill overlap does not prove an exact learner action.
textbook-lesson.subjects-math-calculus-integration-applications-arc-length,/subjects/math/calculus/integration-applications/arc-length/,tool-or-visual,DEFERRED_EDITORIAL_REVIEW,,,,,,,,Candidate remains provisional because broad inferred concept/skill overlap does not prove an exact learner action.
textbook-lesson.subjects-math-calculus-integration-applications-area-between-curves,/subjects/math/calculus/integration-applications/area-between-curves/,practice,NO_CANDIDATE,,,,,,,,No candidate was produced for this lesson and role.
textbook-lesson.subjects-math-calculus-integration-applications-area-between-curves,/subjects/math/calculus/integration-applications/area-between-curves/,quick-explanation,DEFERRED_EDITORIAL_REVIEW,,,,,,,,Candidate remains provisional because broad inferred concept/skill overlap does not prove an exact learner action.
textbook-lesson.subjects-math-calculus-integration-applications-area-between-curves,/subjects/math/calculus/integration-applications/area-between-curves/,worked-example,NO_CANDIDATE,,,,,,,,No candidate was produced for this lesson and role.
textbook-lesson.subjects-math-calculus-integration-applications-area-between-curves,/subjects/math/calculus/integration-applications/area-between-curves/,reference,DEFERRED_EDITORIAL_REVIEW,,,,,,,,Candidate remains provisional because broad inferred concept/skill overlap does not prove an exact learner action.
textbook-lesson.subjects-math-calculus-integration-applications-area-between-curves,/subjects/math/calculus/integration-applications/area-between-curves/,tool-or-visual,DEFERRED_EDITORIAL_REVIEW,,,,,,,,Candidate remains provisional because broad inferred concept/skill overlap does not prove an exact learner action.
textbook-lesson.subjects-math-calculus-integration-applications-choosing-a-volume-method,/subjects/math/calculus/integration-applications/choosing-a-volume-method/,practice,NO_CANDIDATE,,,,,,,,No candidate was produced for this lesson and role.
textbook-lesson.subjects-math-calculus-integration-applications-choosing-a-volume-method,/subjects/math/calculus/integration-applications/choosing-a-volume-method/,quick-explanation,DEFERRED_EDITORIAL_REVIEW,,,,,,,,Candidate remains provisional because broad inferred concept/skill overlap does not prove an exact learner action.
textbook-lesson.subjects-math-calculus-integration-applications-choosing-a-volume-method,/subjects/math/calculus/integration-applications/choosing-a-volume-method/,worked-example,NO_CANDIDATE,,,,,,,,No candidate was produced for this lesson and role.
textbook-lesson.subjects-math-calculus-integration-applications-choosing-a-volume-method,/subjects/math/calculus/integration-applications/choosing-a-volume-method/,reference,DEFERRED_EDITORIAL_REVIEW,,,,,,,,Candidate remains provisional because broad inferred concept/skill overlap does not prove an exact learner action.
textbook-lesson.subjects-math-calculus-integration-applications-choosing-a-volume-method,/subjects/math/calculus/integration-applications/choosing-a-volume-method/,tool-or-visual,DEFERRED_EDITORIAL_REVIEW,,,,,,,,Candidate remains provisional because broad inferred concept/skill overlap does not prove an exact learner action.
textbook-lesson.subjects-math-calculus-integration-applications-common-errors,/subjects/math/calculus/integration-applications/common-errors/,practice,NO_CANDIDATE,,,,,,,,No candidate was produced for this lesson and role.
textbook-lesson.subjects-math-calculus-integration-applications-common-errors,/subjects/math/calculus/integration-applications/common-errors/,quick-explanation,DEFERRED_EDITORIAL_REVIEW,,,,,,,,Candidate remains provisional because broad inferred concept/skill overlap does not prove an exact learner action.
textbook-lesson.subjects-math-calculus-integration-applications-common-errors,/subjects/math/calculus/integration-applications/common-errors/,worked-example,NO_CANDIDATE,,,,,,,,No candidate was produced for this lesson and role.
textbook-lesson.subjects-math-calculus-integration-applications-common-errors,/subjects/math/calculus/integration-applications/common-errors/,reference,DEFERRED_EDITORIAL_REVIEW,,,,,,,,Candidate remains provisional because broad inferred concept/skill overlap does not prove an exact learner action.
textbook-lesson.subjects-math-calculus-integration-applications-common-errors,/subjects/math/calculus/integration-applications/common-errors/,tool-or-visual,DEFERRED_EDITORIAL_REVIEW,,,,,,,,Candidate remains provisional because broad inferred concept/skill overlap does not prove an exact learner action.
textbook-lesson.subjects-math-calculus-integration-applications-cumulative-practice,/subjects/math/calculus/integration-applications/cumulative-practice/,practice,NO_CANDIDATE,,,,,,,,No candidate was produced for this lesson and role.
textbook-lesson.subjects-math-calculus-integration-applications-cumulative-practice,/subjects/math/calculus/integration-applications/cumulative-practice/,quick-explanation,DEFERRED_EDITORIAL_REVIEW,,,,,,,,Candidate remains provisional because broad inferred concept/skill overlap does not prove an exact learner action.
textbook-lesson.subjects-math-calculus-integration-applications-cumulative-practice,/subjects/math/calculus/integration-applications/cumulative-practice/,worked-example,NO_CANDIDATE,,,,,,,,No candidate was produced for this lesson and role.
textbook-lesson.subjects-math-calculus-integration-applications-cumulative-practice,/subjects/math/calculus/integration-applications/cumulative-practice/,reference,DEFERRED_EDITORIAL_REVIEW,,,,,,,,Candidate remains provisional because broad inferred concept/skill overlap does not prove an exact learner action.
textbook-lesson.subjects-math-calculus-integration-applications-cumulative-practice,/subjects/math/calculus/integration-applications/cumulative-practice/,tool-or-visual,DEFERRED_EDITORIAL_REVIEW,,,,,,,,Candidate remains provisional because broad inferred concept/skill overlap does not prove an exact learner action.
textbook-lesson.subjects-math-calculus-integration-applications-cylindrical-shells,/subjects/math/calculus/integration-applications/cylindrical-shells/,practice,NO_CANDIDATE,,,,,,,,No candidate was produced for this lesson and role.
textbook-lesson.subjects-math-calculus-integration-applications-cylindrical-shells,/subjects/math/calculus/integration-applications/cylindrical-shells/,quick-explanation,DEFERRED_EDITORIAL_REVIEW,,,,,,,,Candidate remains provisional because broad inferred concept/skill overlap does not prove an exact learner action.
textbook-lesson.subjects-math-calculus-integration-applications-cylindrical-shells,/subjects/math/calculus/integration-applications/cylindrical-shells/,worked-example,NO_CANDIDATE,,,,,,,,No candidate was produced for this lesson and role.
textbook-lesson.subjects-math-calculus-integration-applications-cylindrical-shells,/subjects/math/calculus/integration-applications/cylindrical-shells/,reference,DEFERRED_EDITORIAL_REVIEW,,,,,,,,Candidate remains provisional because broad inferred concept/skill overlap does not prove an exact learner action.
textbook-lesson.subjects-math-calculus-integration-applications-cylindrical-shells,/subjects/math/calculus/integration-applications/cylindrical-shells/,tool-or-visual,DEFERRED_EDITORIAL_REVIEW,,,,,,,,Candidate remains provisional because broad inferred concept/skill overlap does not prove an exact learner action.
textbook-lesson.subjects-math-calculus-integration-applications-density-and-mass,/subjects/math/calculus/integration-applications/density-and-mass/,practice,NO_CANDIDATE,,,,,,,,No candidate was produced for this lesson and role.
textbook-lesson.subjects-math-calculus-integration-applications-density-and-mass,/subjects/math/calculus/integration-applications/density-and-mass/,quick-explanation,DEFERRED_EDITORIAL_REVIEW,,,,,,,,Candidate remains provisional because broad inferred concept/skill overlap does not prove an exact learner action.
textbook-lesson.subjects-math-calculus-integration-applications-density-and-mass,/subjects/math/calculus/integration-applications/density-and-mass/,worked-example,NO_CANDIDATE,,,,,,,,No candidate was produced for this lesson and role.
textbook-lesson.subjects-math-calculus-integration-applications-density-and-mass,/subjects/math/calculus/integration-applications/density-and-mass/,reference,DEFERRED_EDITORIAL_REVIEW,,,,,,,,Candidate remains provisional because broad inferred concept/skill overlap does not prove an exact learner action.
textbook-lesson.subjects-math-calculus-integration-applications-density-and-mass,/subjects/math/calculus/integration-applications/density-and-mass/,tool-or-visual,DEFERRED_EDITORIAL_REVIEW,,,,,,,,Candidate remains provisional because broad inferred concept/skill overlap does not prove an exact learner action.
textbook-lesson.subjects-math-calculus-integration-applications-disks-and-washers,/subjects/math/calculus/integration-applications/disks-and-washers/,practice,NO_CANDIDATE,,,,,,,,No candidate was produced for this lesson and role.
textbook-lesson.subjects-math-calculus-integration-applications-disks-and-washers,/subjects/math/calculus/integration-applications/disks-and-washers/,quick-explanation,DEFERRED_EDITORIAL_REVIEW,,,,,,,,Candidate remains provisional because broad inferred concept/skill overlap does not prove an exact learner action.
textbook-lesson.subjects-math-calculus-integration-applications-disks-and-washers,/subjects/math/calculus/integration-applications/disks-and-washers/,worked-example,NO_CANDIDATE,,,,,,,,No candidate was produced for this lesson and role.
textbook-lesson.subjects-math-calculus-integration-applications-disks-and-washers,/subjects/math/calculus/integration-applications/disks-and-washers/,reference,DEFERRED_EDITORIAL_REVIEW,,,,,,,,Candidate remains provisional because broad inferred concept/skill overlap does not prove an exact learner action.
textbook-lesson.subjects-math-calculus-integration-applications-disks-and-washers,/subjects/math/calculus/integration-applications/disks-and-washers/,tool-or-visual,DEFERRED_EDITORIAL_REVIEW,,,,,,,,Candidate remains provisional because broad inferred concept/skill overlap does not prove an exact learner action.
textbook-lesson.subjects-math-calculus-integration-applications-fluid-pressure,/subjects/math/calculus/integration-applications/fluid-pressure/,practice,NO_CANDIDATE,,,,,,,,No candidate was produced for this lesson and role.
textbook-lesson.subjects-math-calculus-integration-applications-fluid-pressure,/subjects/math/calculus/integration-applications/fluid-pressure/,quick-explanation,DEFERRED_EDITORIAL_REVIEW,,,,,,,,Candidate remains provisional because broad inferred concept/skill overlap does not prove an exact learner action.
textbook-lesson.subjects-math-calculus-integration-applications-fluid-pressure,/subjects/math/calculus/integration-applications/fluid-pressure/,worked-example,NO_CANDIDATE,,,,,,,,No candidate was produced for this lesson and role.
textbook-lesson.subjects-math-calculus-integration-applications-fluid-pressure,/subjects/math/calculus/integration-applications/fluid-pressure/,reference,DEFERRED_EDITORIAL_REVIEW,,,,,,,,Candidate remains provisional because broad inferred concept/skill overlap does not prove an exact learner action.
textbook-lesson.subjects-math-calculus-integration-applications-fluid-pressure,/subjects/math/calculus/integration-applications/fluid-pressure/,tool-or-visual,DEFERRED_EDITORIAL_REVIEW,,,,,,,,Candidate remains provisional because broad inferred concept/skill overlap does not prove an exact learner action.
textbook-lesson.subjects-math-calculus-integration-applications-horizontal-slices,/subjects/math/calculus/integration-applications/horizontal-slices/,practice,NO_CANDIDATE,,,,,,,,No candidate was produced for this lesson and role.
textbook-lesson.subjects-math-calculus-integration-applications-horizontal-slices,/subjects/math/calculus/integration-applications/horizontal-slices/,quick-explanation,DEFERRED_EDITORIAL_REVIEW,,,,,,,,Candidate remains provisional because broad inferred concept/skill overlap does not prove an exact learner action.
textbook-lesson.subjects-math-calculus-integration-applications-horizontal-slices,/subjects/math/calculus/integration-applications/horizontal-slices/,worked-example,NO_CANDIDATE,,,,,,,,No candidate was produced for this lesson and role.
textbook-lesson.subjects-math-calculus-integration-applications-horizontal-slices,/subjects/math/calculus/integration-applications/horizontal-slices/,reference,DEFERRED_EDITORIAL_REVIEW,,,,,,,,Candidate remains provisional because broad inferred concept/skill overlap does not prove an exact learner action.
textbook-lesson.subjects-math-calculus-integration-applications-horizontal-slices,/subjects/math/calculus/integration-applications/horizontal-slices/,tool-or-visual,DEFERRED_EDITORIAL_REVIEW,,,,,,,,Candidate remains provisional because broad inferred concept/skill overlap does not prove an exact learner action.
textbook-lesson.subjects-math-calculus-integration-applications-marginal-quantities,/subjects/math/calculus/integration-applications/marginal-quantities/,practice,NO_CANDIDATE,,,,,,,,No candidate was produced for this lesson and role.
textbook-lesson.subjects-math-calculus-integration-applications-marginal-quantities,/subjects/math/calculus/integration-applications/marginal-quantities/,quick-explanation,DEFERRED_EDITORIAL_REVIEW,,,,,,,,Candidate remains provisional because broad inferred concept/skill overlap does not prove an exact learner action.
textbook-lesson.subjects-math-calculus-integration-applications-marginal-quantities,/subjects/math/calculus/integration-applications/marginal-quantities/,worked-example,NO_CANDIDATE,,,,,,,,No candidate was produced for this lesson and role.
textbook-lesson.subjects-math-calculus-integration-applications-marginal-quantities,/subjects/math/calculus/integration-applications/marginal-quantities/,reference,DEFERRED_EDITORIAL_REVIEW,,,,,,,,Candidate remains provisional because broad inferred concept/skill overlap does not prove an exact learner action.
textbook-lesson.subjects-math-calculus-integration-applications-marginal-quantities,/subjects/math/calculus/integration-applications/marginal-quantities/,tool-or-visual,DEFERRED_EDITORIAL_REVIEW,,,,,,,,Candidate remains provisional because broad inferred concept/skill overlap does not prove an exact learner action.
textbook-lesson.subjects-math-calculus-integration-applications-moments-and-center-of-mass,/subjects/math/calculus/integration-applications/moments-and-center-of-mass/,practice,NO_CANDIDATE,,,,,,,,No candidate was produced for this lesson and role.
textbook-lesson.subjects-math-calculus-integration-applications-moments-and-center-of-mass,/subjects/math/calculus/integration-applications/moments-and-center-of-mass/,quick-explanation,DEFERRED_EDITORIAL_REVIEW,,,,,,,,Candidate remains provisional because broad inferred concept/skill overlap does not prove an exact learner action.
textbook-lesson.subjects-math-calculus-integration-applications-moments-and-center-of-mass,/subjects/math/calculus/integration-applications/moments-and-center-of-mass/,worked-example,NO_CANDIDATE,,,,,,,,No candidate was produced for this lesson and role.
textbook-lesson.subjects-math-calculus-integration-applications-moments-and-center-of-mass,/subjects/math/calculus/integration-applications/moments-and-center-of-mass/,reference,DEFERRED_EDITORIAL_REVIEW,,,,,,,,Candidate remains provisional because broad inferred concept/skill overlap does not prove an exact learner action.
textbook-lesson.subjects-math-calculus-integration-applications-moments-and-center-of-mass,/subjects/math/calculus/integration-applications/moments-and-center-of-mass/,tool-or-visual,DEFERRED_EDITORIAL_REVIEW,,,,,,,,Candidate remains provisional because broad inferred concept/skill overlap does not prove an exact learner action.
textbook-lesson.subjects-math-calculus-integration-applications-physics-application-studio,/subjects/math/calculus/integration-applications/physics-application-studio/,practice,NO_CANDIDATE,,,,,,,,No candidate was produced for this lesson and role.
textbook-lesson.subjects-math-calculus-integration-applications-physics-application-studio,/subjects/math/calculus/integration-applications/physics-application-studio/,quick-explanation,DEFERRED_EDITORIAL_REVIEW,,,,,,,,Candidate remains provisional because broad inferred concept/skill overlap does not prove an exact learner action.
textbook-lesson.subjects-math-calculus-integration-applications-physics-application-studio,/subjects/math/calculus/integration-applications/physics-application-studio/,worked-example,NO_CANDIDATE,,,,,,,,No candidate was produced for this lesson and role.
textbook-lesson.subjects-math-calculus-integration-applications-physics-application-studio,/subjects/math/calculus/integration-applications/physics-application-studio/,reference,DEFERRED_EDITORIAL_REVIEW,,,,,,,,Candidate remains provisional because broad inferred concept/skill overlap does not prove an exact learner action.
textbook-lesson.subjects-math-calculus-integration-applications-physics-application-studio,/subjects/math/calculus/integration-applications/physics-application-studio/,tool-or-visual,DEFERRED_EDITORIAL_REVIEW,,,,,,,,Candidate remains provisional because broad inferred concept/skill overlap does not prove an exact learner action.
textbook-lesson.subjects-math-calculus-integration-applications-practice-exam-a-answer-key,/subjects/math/calculus/integration-applications/practice-exam-a-answer-key/,practice,NO_CANDIDATE,,,,,,,,No candidate was produced for this lesson and role.
textbook-lesson.subjects-math-calculus-integration-applications-practice-exam-a-answer-key,/subjects/math/calculus/integration-applications/practice-exam-a-answer-key/,quick-explanation,DEFERRED_EDITORIAL_REVIEW,,,,,,,,Candidate remains provisional because broad inferred concept/skill overlap does not prove an exact learner action.
textbook-lesson.subjects-math-calculus-integration-applications-practice-exam-a-answer-key,/subjects/math/calculus/integration-applications/practice-exam-a-answer-key/,worked-example,NO_CANDIDATE,,,,,,,,No candidate was produced for this lesson and role.
textbook-lesson.subjects-math-calculus-integration-applications-practice-exam-a-answer-key,/subjects/math/calculus/integration-applications/practice-exam-a-answer-key/,reference,DEFERRED_EDITORIAL_REVIEW,,,,,,,,Candidate remains provisional because broad inferred concept/skill overlap does not prove an exact learner action.
textbook-lesson.subjects-math-calculus-integration-applications-practice-exam-a-answer-key,/subjects/math/calculus/integration-applications/practice-exam-a-answer-key/,tool-or-visual,DEFERRED_EDITORIAL_REVIEW,,,,,,,,Candidate remains provisional because broad inferred concept/skill overlap does not prove an exact learner action.
textbook-lesson.subjects-math-calculus-integration-applications-practice-exam-a,/subjects/math/calculus/integration-applications/practice-exam-a/,practice,NO_CANDIDATE,,,,,,,,No candidate was produced for this lesson and role.
textbook-lesson.subjects-math-calculus-integration-applications-practice-exam-a,/subjects/math/calculus/integration-applications/practice-exam-a/,quick-explanation,DEFERRED_EDITORIAL_REVIEW,,,,,,,,Candidate remains provisional because broad inferred concept/skill overlap does not prove an exact learner action.
textbook-lesson.subjects-math-calculus-integration-applications-practice-exam-a,/subjects/math/calculus/integration-applications/practice-exam-a/,worked-example,NO_CANDIDATE,,,,,,,,No candidate was produced for this lesson and role.
textbook-lesson.subjects-math-calculus-integration-applications-practice-exam-a,/subjects/math/calculus/integration-applications/practice-exam-a/,reference,DEFERRED_EDITORIAL_REVIEW,,,,,,,,Candidate remains provisional because broad inferred concept/skill overlap does not prove an exact learner action.
textbook-lesson.subjects-math-calculus-integration-applications-practice-exam-a,/subjects/math/calculus/integration-applications/practice-exam-a/,tool-or-visual,DEFERRED_EDITORIAL_REVIEW,,,,,,,,Candidate remains provisional because broad inferred concept/skill overlap does not prove an exact learner action.
textbook-lesson.subjects-math-calculus-integration-applications-practice-exam-b-answer-key,/subjects/math/calculus/integration-applications/practice-exam-b-answer-key/,practice,NO_CANDIDATE,,,,,,,,No candidate was produced for this lesson and role.
textbook-lesson.subjects-math-calculus-integration-applications-practice-exam-b-answer-key,/subjects/math/calculus/integration-applications/practice-exam-b-answer-key/,quick-explanation,DEFERRED_EDITORIAL_REVIEW,,,,,,,,Candidate remains provisional because broad inferred concept/skill overlap does not prove an exact learner action.
textbook-lesson.subjects-math-calculus-integration-applications-practice-exam-b-answer-key,/subjects/math/calculus/integration-applications/practice-exam-b-answer-key/,worked-example,NO_CANDIDATE,,,,,,,,No candidate was produced for this lesson and role.
textbook-lesson.subjects-math-calculus-integration-applications-practice-exam-b-answer-key,/subjects/math/calculus/integration-applications/practice-exam-b-answer-key/,reference,DEFERRED_EDITORIAL_REVIEW,,,,,,,,Candidate remains provisional because broad inferred concept/skill overlap does not prove an exact learner action.
textbook-lesson.subjects-math-calculus-integration-applications-practice-exam-b-answer-key,/subjects/math/calculus/integration-applications/practice-exam-b-answer-key/,tool-or-visual,DEFERRED_EDITORIAL_REVIEW,,,,,,,,Candidate remains provisional because broad inferred concept/skill overlap does not prove an exact learner action.
textbook-lesson.subjects-math-calculus-integration-applications-practice-exam-b,/subjects/math/calculus/integration-applications/practice-exam-b/,practice,NO_CANDIDATE,,,,,,,,No candidate was produced for this lesson and role.
textbook-lesson.subjects-math-calculus-integration-applications-practice-exam-b,/subjects/math/calculus/integration-applications/practice-exam-b/,quick-explanation,DEFERRED_EDITORIAL_REVIEW,,,,,,,,Candidate remains provisional because broad inferred concept/skill overlap does not prove an exact learner action.
textbook-lesson.subjects-math-calculus-integration-applications-practice-exam-b,/subjects/math/calculus/integration-applications/practice-exam-b/,worked-example,NO_CANDIDATE,,,,,,,,No candidate was produced for this lesson and role.
textbook-lesson.subjects-math-calculus-integration-applications-practice-exam-b,/subjects/math/calculus/integration-applications/practice-exam-b/,reference,DEFERRED_EDITORIAL_REVIEW,,,,,,,,Candidate remains provisional because broad inferred concept/skill overlap does not prove an exact learner action.
textbook-lesson.subjects-math-calculus-integration-applications-practice-exam-b,/subjects/math/calculus/integration-applications/practice-exam-b/,tool-or-visual,DEFERRED_EDITORIAL_REVIEW,,,,,,,,Candidate remains provisional because broad inferred concept/skill overlap does not prove an exact learner action.
textbook-lesson.subjects-math-calculus-integration-applications-probability-density,/subjects/math/calculus/integration-applications/probability-density/,practice,NO_CANDIDATE,,,,,,,,No candidate was produced for this lesson and role.
textbook-lesson.subjects-math-calculus-integration-applications-probability-density,/subjects/math/calculus/integration-applications/probability-density/,quick-explanation,DEFERRED_EDITORIAL_REVIEW,,,,,,,,Candidate remains provisional because broad inferred concept/skill overlap does not prove an exact learner action.
textbook-lesson.subjects-math-calculus-integration-applications-probability-density,/subjects/math/calculus/integration-applications/probability-density/,worked-example,NO_CANDIDATE,,,,,,,,No candidate was produced for this lesson and role.
textbook-lesson.subjects-math-calculus-integration-applications-probability-density,/subjects/math/calculus/integration-applications/probability-density/,reference,DEFERRED_EDITORIAL_REVIEW,,,,,,,,Candidate remains provisional because broad inferred concept/skill overlap does not prove an exact learner action.
textbook-lesson.subjects-math-calculus-integration-applications-probability-density,/subjects/math/calculus/integration-applications/probability-density/,tool-or-visual,DEFERRED_EDITORIAL_REVIEW,,,,,,,,Candidate remains provisional because broad inferred concept/skill overlap does not prove an exact learner action.
textbook-lesson.subjects-math-calculus-integration-applications-pumping-liquids,/subjects/math/calculus/integration-applications/pumping-liquids/,practice,NO_CANDIDATE,,,,,,,,No candidate was produced for this lesson and role.
textbook-lesson.subjects-math-calculus-integration-applications-pumping-liquids,/subjects/math/calculus/integration-applications/pumping-liquids/,quick-explanation,DEFERRED_EDITORIAL_REVIEW,,,,,,,,Candidate remains provisional because broad inferred concept/skill overlap does not prove an exact learner action.
textbook-lesson.subjects-math-calculus-integration-applications-pumping-liquids,/subjects/math/calculus/integration-applications/pumping-liquids/,worked-example,NO_CANDIDATE,,,,,,,,No candidate was produced for this lesson and role.
textbook-lesson.subjects-math-calculus-integration-applications-pumping-liquids,/subjects/math/calculus/integration-applications/pumping-liquids/,reference,DEFERRED_EDITORIAL_REVIEW,,,,,,,,Candidate remains provisional because broad inferred concept/skill overlap does not prove an exact learner action.
textbook-lesson.subjects-math-calculus-integration-applications-pumping-liquids,/subjects/math/calculus/integration-applications/pumping-liquids/,tool-or-visual,DEFERRED_EDITORIAL_REVIEW,,,,,,,,Candidate remains provisional because broad inferred concept/skill overlap does not prove an exact learner action.
textbook-lesson.subjects-math-calculus-integration-applications-review,/subjects/math/calculus/integration-applications/review/,practice,NO_CANDIDATE,,,,,,,,No candidate was produced for this lesson and role.
textbook-lesson.subjects-math-calculus-integration-applications-review,/subjects/math/calculus/integration-applications/review/,quick-explanation,DEFERRED_EDITORIAL_REVIEW,,,,,,,,Candidate remains provisional because broad inferred concept/skill overlap does not prove an exact learner action.
textbook-lesson.subjects-math-calculus-integration-applications-review,/subjects/math/calculus/integration-applications/review/,worked-example,NO_CANDIDATE,,,,,,,,No candidate was produced for this lesson and role.
textbook-lesson.subjects-math-calculus-integration-applications-review,/subjects/math/calculus/integration-applications/review/,reference,DEFERRED_EDITORIAL_REVIEW,,,,,,,,Candidate remains provisional because broad inferred concept/skill overlap does not prove an exact learner action.
textbook-lesson.subjects-math-calculus-integration-applications-review,/subjects/math/calculus/integration-applications/review/,tool-or-visual,DEFERRED_EDITORIAL_REVIEW,,,,,,,,Candidate remains provisional because broad inferred concept/skill overlap does not prove an exact learner action.
textbook-lesson.subjects-math-calculus-integration-applications-spring-work,/subjects/math/calculus/integration-applications/spring-work/,practice,NO_CANDIDATE,,,,,,,,No candidate was produced for this lesson and role.
textbook-lesson.subjects-math-calculus-integration-applications-spring-work,/subjects/math/calculus/integration-applications/spring-work/,quick-explanation,DEFERRED_EDITORIAL_REVIEW,,,,,,,,Candidate remains provisional because broad inferred concept/skill overlap does not prove an exact learner action.
textbook-lesson.subjects-math-calculus-integration-applications-spring-work,/subjects/math/calculus/integration-applications/spring-work/,worked-example,NO_CANDIDATE,,,,,,,,No candidate was produced for this lesson and role.
textbook-lesson.subjects-math-calculus-integration-applications-spring-work,/subjects/math/calculus/integration-applications/spring-work/,reference,DEFERRED_EDITORIAL_REVIEW,,,,,,,,Candidate remains provisional because broad inferred concept/skill overlap does not prove an exact learner action.
textbook-lesson.subjects-math-calculus-integration-applications-spring-work,/subjects/math/calculus/integration-applications/spring-work/,tool-or-visual,DEFERRED_EDITORIAL_REVIEW,,,,,,,,Candidate remains provisional because broad inferred concept/skill overlap does not prove an exact learner action.
textbook-lesson.subjects-math-calculus-integration-applications-surface-area-of-revolution,/subjects/math/calculus/integration-applications/surface-area-of-revolution/,practice,NO_CANDIDATE,,,,,,,,No candidate was produced for this lesson and role.
textbook-lesson.subjects-math-calculus-integration-applications-surface-area-of-revolution,/subjects/math/calculus/integration-applications/surface-area-of-revolution/,quick-explanation,DEFERRED_EDITORIAL_REVIEW,,,,,,,,Candidate remains provisional because broad inferred concept/skill overlap does not prove an exact learner action.
textbook-lesson.subjects-math-calculus-integration-applications-surface-area-of-revolution,/subjects/math/calculus/integration-applications/surface-area-of-revolution/,worked-example,NO_CANDIDATE,,,,,,,,No candidate was produced for this lesson and role.
textbook-lesson.subjects-math-calculus-integration-applications-surface-area-of-revolution,/subjects/math/calculus/integration-applications/surface-area-of-revolution/,reference,DEFERRED_EDITORIAL_REVIEW,,,,,,,,Candidate remains provisional because broad inferred concept/skill overlap does not prove an exact learner action.
textbook-lesson.subjects-math-calculus-integration-applications-surface-area-of-revolution,/subjects/math/calculus/integration-applications/surface-area-of-revolution/,tool-or-visual,DEFERRED_EDITORIAL_REVIEW,,,,,,,,Candidate remains provisional because broad inferred concept/skill overlap does not prove an exact learner action.
textbook-lesson.subjects-math-calculus-integration-applications-volumes-by-slicing,/subjects/math/calculus/integration-applications/volumes-by-slicing/,practice,NO_CANDIDATE,,,,,,,,No candidate was produced for this lesson and role.
textbook-lesson.subjects-math-calculus-integration-applications-volumes-by-slicing,/subjects/math/calculus/integration-applications/volumes-by-slicing/,quick-explanation,DEFERRED_EDITORIAL_REVIEW,,,,,,,,Candidate remains provisional because broad inferred concept/skill overlap does not prove an exact learner action.
textbook-lesson.subjects-math-calculus-integration-applications-volumes-by-slicing,/subjects/math/calculus/integration-applications/volumes-by-slicing/,worked-example,NO_CANDIDATE,,,,,,,,No candidate was produced for this lesson and role.
textbook-lesson.subjects-math-calculus-integration-applications-volumes-by-slicing,/subjects/math/calculus/integration-applications/volumes-by-slicing/,reference,DEFERRED_EDITORIAL_REVIEW,,,,,,,,Candidate remains provisional because broad inferred concept/skill overlap does not prove an exact learner action.
textbook-lesson.subjects-math-calculus-integration-applications-volumes-by-slicing,/subjects/math/calculus/integration-applications/volumes-by-slicing/,tool-or-visual,DEFERRED_EDITORIAL_REVIEW,,,,,,,,Candidate remains provisional because broad inferred concept/skill overlap does not prove an exact learner action.
textbook-lesson.subjects-math-calculus-integration-applications-work-and-variable-force,/subjects/math/calculus/integration-applications/work-and-variable-force/,practice,NO_CANDIDATE,,,,,,,,No candidate was produced for this lesson and role.
textbook-lesson.subjects-math-calculus-integration-applications-work-and-variable-force,/subjects/math/calculus/integration-applications/work-and-variable-force/,quick-explanation,DEFERRED_EDITORIAL_REVIEW,,,,,,,,Candidate remains provisional because broad inferred concept/skill overlap does not prove an exact learner action.
textbook-lesson.subjects-math-calculus-integration-applications-work-and-variable-force,/subjects/math/calculus/integration-applications/work-and-variable-force/,worked-example,NO_CANDIDATE,,,,,,,,No candidate was produced for this lesson and role.
textbook-lesson.subjects-math-calculus-integration-applications-work-and-variable-force,/subjects/math/calculus/integration-applications/work-and-variable-force/,reference,DEFERRED_EDITORIAL_REVIEW,,,,,,,,Candidate remains provisional because broad inferred concept/skill overlap does not prove an exact learner action.
textbook-lesson.subjects-math-calculus-integration-applications-work-and-variable-force,/subjects/math/calculus/integration-applications/work-and-variable-force/,tool-or-visual,DEFERRED_EDITORIAL_REVIEW,,,,,,,,Candidate remains provisional because broad inferred concept/skill overlap does not prove an exact learner action.
textbook-lesson.limits.calculus-continuity-bisection-method,/subjects/math/calculus/limits-continuity/unit/continuity/bisection-method/,practice,NO_CANDIDATE,,,,,,,,No candidate was produced for this lesson and role.
textbook-lesson.limits.calculus-continuity-bisection-method,/subjects/math/calculus/limits-continuity/unit/continuity/bisection-method/,quick-explanation,DEFERRED_EDITORIAL_REVIEW,,,,,,,,Candidate remains provisional because broad inferred concept/skill overlap does not prove an exact learner action.
textbook-lesson.limits.calculus-continuity-bisection-method,/subjects/math/calculus/limits-continuity/unit/continuity/bisection-method/,worked-example,NO_CANDIDATE,,,,,,,,No candidate was produced for this lesson and role.
textbook-lesson.limits.calculus-continuity-bisection-method,/subjects/math/calculus/limits-continuity/unit/continuity/bisection-method/,reference,DEFERRED_EDITORIAL_REVIEW,,,,,,,,Candidate remains provisional because broad inferred concept/skill overlap does not prove an exact learner action.
textbook-lesson.limits.calculus-continuity-bisection-method,/subjects/math/calculus/limits-continuity/unit/continuity/bisection-method/,tool-or-visual,NO_CANDIDATE,,,,,,,,No candidate was produced for this lesson and role.
textbook-lesson.limits.calculus-continuity-continuity-at-a-point,/subjects/math/calculus/limits-continuity/unit/continuity/continuity-at-a-point/,practice,NO_CANDIDATE,,,,,,,,No candidate was produced for this lesson and role.
textbook-lesson.limits.calculus-continuity-continuity-at-a-point,/subjects/math/calculus/limits-continuity/unit/continuity/continuity-at-a-point/,quick-explanation,APPROVED_EXACT_COMPANION,article.resource-math-calculus-limits-continuity-continuity-at-a-point,/subjects/math/calculus/limits-continuity/continuity-at-a-point/,explains,lesson-footer,See a quick explanation,Manually adjudicated exact concept and instructional skill; complementary role; canonical published destination; one selected companion in this category.,high,
textbook-lesson.limits.calculus-continuity-continuity-at-a-point,/subjects/math/calculus/limits-continuity/unit/continuity/continuity-at-a-point/,worked-example,NO_CANDIDATE,,,,,,,,No candidate was produced for this lesson and role.
textbook-lesson.limits.calculus-continuity-continuity-at-a-point,/subjects/math/calculus/limits-continuity/unit/continuity/continuity-at-a-point/,reference,APPROVED_EXACT_COMPANION,glossary-term.glossary-resource-continuity,/glossary/math/continuity/,references,lesson-footer,Review the definition,Manually adjudicated exact concept and instructional skill; complementary role; canonical published destination; one selected companion in this category.,high,
textbook-lesson.limits.calculus-continuity-continuity-at-a-point,/subjects/math/calculus/limits-continuity/unit/continuity/continuity-at-a-point/,tool-or-visual,NO_CANDIDATE,,,,,,,,No candidate was produced for this lesson and role.
textbook-lesson.limits.calculus-continuity-continuity-concept-quiz,/subjects/math/calculus/limits-continuity/unit/continuity/continuity-concept-quiz/,practice,NO_CANDIDATE,,,,,,,,No candidate was produced for this lesson and role.
textbook-lesson.limits.calculus-continuity-continuity-concept-quiz,/subjects/math/calculus/limits-continuity/unit/continuity/continuity-concept-quiz/,quick-explanation,DEFERRED_EDITORIAL_REVIEW,,,,,,,,Candidate remains provisional because broad inferred concept/skill overlap does not prove an exact learner action.
textbook-lesson.limits.calculus-continuity-continuity-concept-quiz,/subjects/math/calculus/limits-continuity/unit/continuity/continuity-concept-quiz/,worked-example,NO_CANDIDATE,,,,,,,,No candidate was produced for this lesson and role.
textbook-lesson.limits.calculus-continuity-continuity-concept-quiz,/subjects/math/calculus/limits-continuity/unit/continuity/continuity-concept-quiz/,reference,DEFERRED_EDITORIAL_REVIEW,,,,,,,,Candidate remains provisional because broad inferred concept/skill overlap does not prove an exact learner action.
textbook-lesson.limits.calculus-continuity-continuity-concept-quiz,/subjects/math/calculus/limits-continuity/unit/continuity/continuity-concept-quiz/,tool-or-visual,NO_CANDIDATE,,,,,,,,No candidate was produced for this lesson and role.
textbook-lesson.limits.calculus-continuity-continuity-practice,/subjects/math/calculus/limits-continuity/unit/continuity/continuity-practice/,practice,NO_CANDIDATE,,,,,,,,No candidate was produced for this lesson and role.
textbook-lesson.limits.calculus-continuity-continuity-practice,/subjects/math/calculus/limits-continuity/unit/continuity/continuity-practice/,quick-explanation,DEFERRED_EDITORIAL_REVIEW,,,,,,,,Candidate remains provisional because broad inferred concept/skill overlap does not prove an exact learner action.
textbook-lesson.limits.calculus-continuity-continuity-practice,/subjects/math/calculus/limits-continuity/unit/continuity/continuity-practice/,worked-example,NO_CANDIDATE,,,,,,,,No candidate was produced for this lesson and role.
textbook-lesson.limits.calculus-continuity-continuity-practice,/subjects/math/calculus/limits-continuity/unit/continuity/continuity-practice/,reference,DEFERRED_EDITORIAL_REVIEW,,,,,,,,Candidate remains provisional because broad inferred concept/skill overlap does not prove an exact learner action.
textbook-lesson.limits.calculus-continuity-continuity-practice,/subjects/math/calculus/limits-continuity/unit/continuity/continuity-practice/,tool-or-visual,NO_CANDIDATE,,,,,,,,No candidate was produced for this lesson and role.
textbook-lesson.limits.calculus-continuity-continuity-review,/subjects/math/calculus/limits-continuity/unit/continuity/continuity-review/,practice,NO_CANDIDATE,,,,,,,,No candidate was produced for this lesson and role.
textbook-lesson.limits.calculus-continuity-continuity-review,/subjects/math/calculus/limits-continuity/unit/continuity/continuity-review/,quick-explanation,DEFERRED_EDITORIAL_REVIEW,,,,,,,,Candidate remains provisional because broad inferred concept/skill overlap does not prove an exact learner action.
textbook-lesson.limits.calculus-continuity-continuity-review,/subjects/math/calculus/limits-continuity/unit/continuity/continuity-review/,worked-example,NO_CANDIDATE,,,,,,,,No candidate was produced for this lesson and role.
textbook-lesson.limits.calculus-continuity-continuity-review,/subjects/math/calculus/limits-continuity/unit/continuity/continuity-review/,reference,DEFERRED_EDITORIAL_REVIEW,,,,,,,,Candidate remains provisional because broad inferred concept/skill overlap does not prove an exact learner action.
textbook-lesson.limits.calculus-continuity-continuity-review,/subjects/math/calculus/limits-continuity/unit/continuity/continuity-review/,tool-or-visual,NO_CANDIDATE,,,,,,,,No candidate was produced for this lesson and role.
textbook-lesson.limits.calculus-continuity-continuous-functions,/subjects/math/calculus/limits-continuity/unit/continuity/continuous-functions/,practice,NO_CANDIDATE,,,,,,,,No candidate was produced for this lesson and role.
textbook-lesson.limits.calculus-continuity-continuous-functions,/subjects/math/calculus/limits-continuity/unit/continuity/continuous-functions/,quick-explanation,DEFERRED_EDITORIAL_REVIEW,,,,,,,,Candidate remains provisional because broad inferred concept/skill overlap does not prove an exact learner action.
textbook-lesson.limits.calculus-continuity-continuous-functions,/subjects/math/calculus/limits-continuity/unit/continuity/continuous-functions/,worked-example,NO_CANDIDATE,,,,,,,,No candidate was produced for this lesson and role.
textbook-lesson.limits.calculus-continuity-continuous-functions,/subjects/math/calculus/limits-continuity/unit/continuity/continuous-functions/,reference,DEFERRED_EDITORIAL_REVIEW,,,,,,,,Candidate remains provisional because broad inferred concept/skill overlap does not prove an exact learner action.
textbook-lesson.limits.calculus-continuity-continuous-functions,/subjects/math/calculus/limits-continuity/unit/continuity/continuous-functions/,tool-or-visual,NO_CANDIDATE,,,,,,,,No candidate was produced for this lesson and role.
textbook-lesson.limits.calculus-continuity-intermediate-value-theorem,/subjects/math/calculus/limits-continuity/unit/continuity/intermediate-value-theorem/,practice,NO_CANDIDATE,,,,,,,,No candidate was produced for this lesson and role.
textbook-lesson.limits.calculus-continuity-intermediate-value-theorem,/subjects/math/calculus/limits-continuity/unit/continuity/intermediate-value-theorem/,quick-explanation,DEFERRED_EDITORIAL_REVIEW,,,,,,,,Candidate remains provisional because broad inferred concept/skill overlap does not prove an exact learner action.
textbook-lesson.limits.calculus-continuity-intermediate-value-theorem,/subjects/math/calculus/limits-continuity/unit/continuity/intermediate-value-theorem/,worked-example,NO_CANDIDATE,,,,,,,,No candidate was produced for this lesson and role.
textbook-lesson.limits.calculus-continuity-intermediate-value-theorem,/subjects/math/calculus/limits-continuity/unit/continuity/intermediate-value-theorem/,reference,DEFERRED_EDITORIAL_REVIEW,,,,,,,,Candidate remains provisional because broad inferred concept/skill overlap does not prove an exact learner action.
textbook-lesson.limits.calculus-continuity-intermediate-value-theorem,/subjects/math/calculus/limits-continuity/unit/continuity/intermediate-value-theorem/,tool-or-visual,NO_CANDIDATE,,,,,,,,No candidate was produced for this lesson and role.
textbook-lesson.limits.calculus-continuity-intervals-endpoints,/subjects/math/calculus/limits-continuity/unit/continuity/intervals-endpoints/,practice,NO_CANDIDATE,,,,,,,,No candidate was produced for this lesson and role.
textbook-lesson.limits.calculus-continuity-intervals-endpoints,/subjects/math/calculus/limits-continuity/unit/continuity/intervals-endpoints/,quick-explanation,DEFERRED_EDITORIAL_REVIEW,,,,,,,,Candidate remains provisional because broad inferred concept/skill overlap does not prove an exact learner action.
textbook-lesson.limits.calculus-continuity-intervals-endpoints,/subjects/math/calculus/limits-continuity/unit/continuity/intervals-endpoints/,worked-example,NO_CANDIDATE,,,,,,,,No candidate was produced for this lesson and role.
textbook-lesson.limits.calculus-continuity-intervals-endpoints,/subjects/math/calculus/limits-continuity/unit/continuity/intervals-endpoints/,reference,DEFERRED_EDITORIAL_REVIEW,,,,,,,,Candidate remains provisional because broad inferred concept/skill overlap does not prove an exact learner action.
textbook-lesson.limits.calculus-continuity-intervals-endpoints,/subjects/math/calculus/limits-continuity/unit/continuity/intervals-endpoints/,tool-or-visual,NO_CANDIDATE,,,,,,,,No candidate was produced for this lesson and role.
textbook-lesson.limits.calculus-continuity-piecewise-parameters,/subjects/math/calculus/limits-continuity/unit/continuity/piecewise-parameters/,practice,NO_CANDIDATE,,,,,,,,No candidate was produced for this lesson and role.
textbook-lesson.limits.calculus-continuity-piecewise-parameters,/subjects/math/calculus/limits-continuity/unit/continuity/piecewise-parameters/,quick-explanation,DEFERRED_EDITORIAL_REVIEW,,,,,,,,Candidate remains provisional because broad inferred concept/skill overlap does not prove an exact learner action.
textbook-lesson.limits.calculus-continuity-piecewise-parameters,/subjects/math/calculus/limits-continuity/unit/continuity/piecewise-parameters/,worked-example,NO_CANDIDATE,,,,,,,,No candidate was produced for this lesson and role.
textbook-lesson.limits.calculus-continuity-piecewise-parameters,/subjects/math/calculus/limits-continuity/unit/continuity/piecewise-parameters/,reference,DEFERRED_EDITORIAL_REVIEW,,,,,,,,Candidate remains provisional because broad inferred concept/skill overlap does not prove an exact learner action.
textbook-lesson.limits.calculus-continuity-piecewise-parameters,/subjects/math/calculus/limits-continuity/unit/continuity/piecewise-parameters/,tool-or-visual,NO_CANDIDATE,,,,,,,,No candidate was produced for this lesson and role.
textbook-lesson.limits.calculus-continuity-repair-removable-discontinuity,/subjects/math/calculus/limits-continuity/unit/continuity/repair-removable-discontinuity/,practice,NO_CANDIDATE,,,,,,,,No candidate was produced for this lesson and role.
textbook-lesson.limits.calculus-continuity-repair-removable-discontinuity,/subjects/math/calculus/limits-continuity/unit/continuity/repair-removable-discontinuity/,quick-explanation,DEFERRED_EDITORIAL_REVIEW,,,,,,,,Candidate remains provisional because broad inferred concept/skill overlap does not prove an exact learner action.
textbook-lesson.limits.calculus-continuity-repair-removable-discontinuity,/subjects/math/calculus/limits-continuity/unit/continuity/repair-removable-discontinuity/,worked-example,NO_CANDIDATE,,,,,,,,No candidate was produced for this lesson and role.
textbook-lesson.limits.calculus-continuity-repair-removable-discontinuity,/subjects/math/calculus/limits-continuity/unit/continuity/repair-removable-discontinuity/,reference,DEFERRED_EDITORIAL_REVIEW,,,,,,,,Candidate remains provisional because broad inferred concept/skill overlap does not prove an exact learner action.
textbook-lesson.limits.calculus-continuity-repair-removable-discontinuity,/subjects/math/calculus/limits-continuity/unit/continuity/repair-removable-discontinuity/,tool-or-visual,NO_CANDIDATE,,,,,,,,No candidate was produced for this lesson and role.
textbook-lesson.limits.calculus-continuity-two-parameter-continuity,/subjects/math/calculus/limits-continuity/unit/continuity/two-parameter-continuity/,practice,NO_CANDIDATE,,,,,,,,No candidate was produced for this lesson and role.
textbook-lesson.limits.calculus-continuity-two-parameter-continuity,/subjects/math/calculus/limits-continuity/unit/continuity/two-parameter-continuity/,quick-explanation,DEFERRED_EDITORIAL_REVIEW,,,,,,,,Candidate remains provisional because broad inferred concept/skill overlap does not prove an exact learner action.
textbook-lesson.limits.calculus-continuity-two-parameter-continuity,/subjects/math/calculus/limits-continuity/unit/continuity/two-parameter-continuity/,worked-example,NO_CANDIDATE,,,,,,,,No candidate was produced for this lesson and role.
textbook-lesson.limits.calculus-continuity-two-parameter-continuity,/subjects/math/calculus/limits-continuity/unit/continuity/two-parameter-continuity/,reference,DEFERRED_EDITORIAL_REVIEW,,,,,,,,Candidate remains provisional because broad inferred concept/skill overlap does not prove an exact learner action.
textbook-lesson.limits.calculus-continuity-two-parameter-continuity,/subjects/math/calculus/limits-continuity/unit/continuity/two-parameter-continuity/,tool-or-visual,NO_CANDIDATE,,,,,,,,No candidate was produced for this lesson and role.
textbook-lesson.limits.calculus-continuity-types-of-discontinuity,/subjects/math/calculus/limits-continuity/unit/continuity/types-of-discontinuity/,practice,NO_CANDIDATE,,,,,,,,No candidate was produced for this lesson and role.
textbook-lesson.limits.calculus-continuity-types-of-discontinuity,/subjects/math/calculus/limits-continuity/unit/continuity/types-of-discontinuity/,quick-explanation,DEFERRED_EDITORIAL_REVIEW,,,,,,,,Candidate remains provisional because broad inferred concept/skill overlap does not prove an exact learner action.
textbook-lesson.limits.calculus-continuity-types-of-discontinuity,/subjects/math/calculus/limits-continuity/unit/continuity/types-of-discontinuity/,worked-example,NO_CANDIDATE,,,,,,,,No candidate was produced for this lesson and role.
textbook-lesson.limits.calculus-continuity-types-of-discontinuity,/subjects/math/calculus/limits-continuity/unit/continuity/types-of-discontinuity/,reference,DEFERRED_EDITORIAL_REVIEW,,,,,,,,Candidate remains provisional because broad inferred concept/skill overlap does not prove an exact learner action.
textbook-lesson.limits.calculus-continuity-types-of-discontinuity,/subjects/math/calculus/limits-continuity/unit/continuity/types-of-discontinuity/,tool-or-visual,NO_CANDIDATE,,,,,,,,No candidate was produced for this lesson and role.
textbook-lesson.limits.calculus-limits-absolute-value-piecewise,/subjects/math/calculus/limits-continuity/unit/limits/absolute-value-piecewise/,practice,NO_CANDIDATE,,,,,,,,No candidate was produced for this lesson and role.
textbook-lesson.limits.calculus-limits-absolute-value-piecewise,/subjects/math/calculus/limits-continuity/unit/limits/absolute-value-piecewise/,quick-explanation,DEFERRED_EDITORIAL_REVIEW,,,,,,,,Candidate remains provisional because broad inferred concept/skill overlap does not prove an exact learner action.
textbook-lesson.limits.calculus-limits-absolute-value-piecewise,/subjects/math/calculus/limits-continuity/unit/limits/absolute-value-piecewise/,worked-example,NO_CANDIDATE,,,,,,,,No candidate was produced for this lesson and role.
textbook-lesson.limits.calculus-limits-absolute-value-piecewise,/subjects/math/calculus/limits-continuity/unit/limits/absolute-value-piecewise/,reference,DEFERRED_EDITORIAL_REVIEW,,,,,,,,Candidate remains provisional because broad inferred concept/skill overlap does not prove an exact learner action.
textbook-lesson.limits.calculus-limits-absolute-value-piecewise,/subjects/math/calculus/limits-continuity/unit/limits/absolute-value-piecewise/,tool-or-visual,NO_CANDIDATE,,,,,,,,No candidate was produced for this lesson and role.
textbook-lesson.limits.calculus-limits-common-exam-errors,/subjects/math/calculus/limits-continuity/unit/limits/common-exam-errors/,practice,NO_CANDIDATE,,,,,,,,No candidate was produced for this lesson and role.
textbook-lesson.limits.calculus-limits-common-exam-errors,/subjects/math/calculus/limits-continuity/unit/limits/common-exam-errors/,quick-explanation,DEFERRED_EDITORIAL_REVIEW,,,,,,,,Candidate remains provisional because broad inferred concept/skill overlap does not prove an exact learner action.
textbook-lesson.limits.calculus-limits-common-exam-errors,/subjects/math/calculus/limits-continuity/unit/limits/common-exam-errors/,worked-example,NO_CANDIDATE,,,,,,,,No candidate was produced for this lesson and role.
textbook-lesson.limits.calculus-limits-common-exam-errors,/subjects/math/calculus/limits-continuity/unit/limits/common-exam-errors/,reference,DEFERRED_EDITORIAL_REVIEW,,,,,,,,Candidate remains provisional because broad inferred concept/skill overlap does not prove an exact learner action.
textbook-lesson.limits.calculus-limits-common-exam-errors,/subjects/math/calculus/limits-continuity/unit/limits/common-exam-errors/,tool-or-visual,NO_CANDIDATE,,,,,,,,No candidate was produced for this lesson and role.
textbook-lesson.limits.calculus-limits-complete-asymptote-analysis,/subjects/math/calculus/limits-continuity/unit/limits/complete-asymptote-analysis/,practice,NO_CANDIDATE,,,,,,,,No candidate was produced for this lesson and role.
textbook-lesson.limits.calculus-limits-complete-asymptote-analysis,/subjects/math/calculus/limits-continuity/unit/limits/complete-asymptote-analysis/,quick-explanation,DEFERRED_EDITORIAL_REVIEW,,,,,,,,Candidate remains provisional because broad inferred concept/skill overlap does not prove an exact learner action.
textbook-lesson.limits.calculus-limits-complete-asymptote-analysis,/subjects/math/calculus/limits-continuity/unit/limits/complete-asymptote-analysis/,worked-example,NO_CANDIDATE,,,,,,,,No candidate was produced for this lesson and role.
textbook-lesson.limits.calculus-limits-complete-asymptote-analysis,/subjects/math/calculus/limits-continuity/unit/limits/complete-asymptote-analysis/,reference,DEFERRED_EDITORIAL_REVIEW,,,,,,,,Candidate remains provisional because broad inferred concept/skill overlap does not prove an exact learner action.
textbook-lesson.limits.calculus-limits-complete-asymptote-analysis,/subjects/math/calculus/limits-continuity/unit/limits/complete-asymptote-analysis/,tool-or-visual,NO_CANDIDATE,,,,,,,,No candidate was produced for this lesson and role.
textbook-lesson.limits.calculus-limits-complex-fractions,/subjects/math/calculus/limits-continuity/unit/limits/complex-fractions/,practice,NO_CANDIDATE,,,,,,,,No candidate was produced for this lesson and role.
textbook-lesson.limits.calculus-limits-complex-fractions,/subjects/math/calculus/limits-continuity/unit/limits/complex-fractions/,quick-explanation,DEFERRED_EDITORIAL_REVIEW,,,,,,,,Candidate remains provisional because broad inferred concept/skill overlap does not prove an exact learner action.
textbook-lesson.limits.calculus-limits-complex-fractions,/subjects/math/calculus/limits-continuity/unit/limits/complex-fractions/,worked-example,NO_CANDIDATE,,,,,,,,No candidate was produced for this lesson and role.
textbook-lesson.limits.calculus-limits-complex-fractions,/subjects/math/calculus/limits-continuity/unit/limits/complex-fractions/,reference,DEFERRED_EDITORIAL_REVIEW,,,,,,,,Candidate remains provisional because broad inferred concept/skill overlap does not prove an exact learner action.
textbook-lesson.limits.calculus-limits-complex-fractions,/subjects/math/calculus/limits-continuity/unit/limits/complex-fractions/,tool-or-visual,NO_CANDIDATE,,,,,,,,No candidate was produced for this lesson and role.
textbook-lesson.limits.calculus-limits-cumulative-practice,/subjects/math/calculus/limits-continuity/unit/limits/cumulative-practice/,practice,NO_CANDIDATE,,,,,,,,No candidate was produced for this lesson and role.
textbook-lesson.limits.calculus-limits-cumulative-practice,/subjects/math/calculus/limits-continuity/unit/limits/cumulative-practice/,quick-explanation,DEFERRED_EDITORIAL_REVIEW,,,,,,,,Candidate remains provisional because broad inferred concept/skill overlap does not prove an exact learner action.
textbook-lesson.limits.calculus-limits-cumulative-practice,/subjects/math/calculus/limits-continuity/unit/limits/cumulative-practice/,worked-example,NO_CANDIDATE,,,,,,,,No candidate was produced for this lesson and role.
textbook-lesson.limits.calculus-limits-cumulative-practice,/subjects/math/calculus/limits-continuity/unit/limits/cumulative-practice/,reference,DEFERRED_EDITORIAL_REVIEW,,,,,,,,Candidate remains provisional because broad inferred concept/skill overlap does not prove an exact learner action.
textbook-lesson.limits.calculus-limits-cumulative-practice,/subjects/math/calculus/limits-continuity/unit/limits/cumulative-practice/,tool-or-visual,NO_CANDIDATE,,,,,,,,No candidate was produced for this lesson and role.
textbook-lesson.limits.calculus-limits-direct-substitution,/subjects/math/calculus/limits-continuity/unit/limits/direct-substitution/,practice,NO_CANDIDATE,,,,,,,,No candidate was produced for this lesson and role.
textbook-lesson.limits.calculus-limits-direct-substitution,/subjects/math/calculus/limits-continuity/unit/limits/direct-substitution/,quick-explanation,DEFERRED_EDITORIAL_REVIEW,,,,,,,,Candidate remains provisional because broad inferred concept/skill overlap does not prove an exact learner action.
textbook-lesson.limits.calculus-limits-direct-substitution,/subjects/math/calculus/limits-continuity/unit/limits/direct-substitution/,worked-example,NO_CANDIDATE,,,,,,,,No candidate was produced for this lesson and role.
textbook-lesson.limits.calculus-limits-direct-substitution,/subjects/math/calculus/limits-continuity/unit/limits/direct-substitution/,reference,DEFERRED_EDITORIAL_REVIEW,,,,,,,,Candidate remains provisional because broad inferred concept/skill overlap does not prove an exact learner action.
textbook-lesson.limits.calculus-limits-direct-substitution,/subjects/math/calculus/limits-continuity/unit/limits/direct-substitution/,tool-or-visual,NO_CANDIDATE,,,,,,,,No candidate was produced for this lesson and role.
textbook-lesson.limits.calculus-limits-disprove-limit-epsilon-delta,/subjects/math/calculus/limits-continuity/unit/limits/disprove-limit-epsilon-delta/,practice,NO_CANDIDATE,,,,,,,,No candidate was produced for this lesson and role.
textbook-lesson.limits.calculus-limits-disprove-limit-epsilon-delta,/subjects/math/calculus/limits-continuity/unit/limits/disprove-limit-epsilon-delta/,quick-explanation,DEFERRED_EDITORIAL_REVIEW,,,,,,,,Candidate remains provisional because broad inferred concept/skill overlap does not prove an exact learner action.
textbook-lesson.limits.calculus-limits-disprove-limit-epsilon-delta,/subjects/math/calculus/limits-continuity/unit/limits/disprove-limit-epsilon-delta/,worked-example,NO_CANDIDATE,,,,,,,,No candidate was produced for this lesson and role.
textbook-lesson.limits.calculus-limits-disprove-limit-epsilon-delta,/subjects/math/calculus/limits-continuity/unit/limits/disprove-limit-epsilon-delta/,reference,DEFERRED_EDITORIAL_REVIEW,,,,,,,,Candidate remains provisional because broad inferred concept/skill overlap does not prove an exact learner action.
textbook-lesson.limits.calculus-limits-disprove-limit-epsilon-delta,/subjects/math/calculus/limits-continuity/unit/limits/disprove-limit-epsilon-delta/,tool-or-visual,NO_CANDIDATE,,,,,,,,No candidate was produced for this lesson and role.
textbook-lesson.limits.calculus-limits-epsilon-delta-concept-quiz,/subjects/math/calculus/limits-continuity/unit/limits/epsilon-delta-concept-quiz/,practice,NO_CANDIDATE,,,,,,,,No candidate was produced for this lesson and role.
textbook-lesson.limits.calculus-limits-epsilon-delta-concept-quiz,/subjects/math/calculus/limits-continuity/unit/limits/epsilon-delta-concept-quiz/,quick-explanation,DEFERRED_EDITORIAL_REVIEW,,,,,,,,Candidate remains provisional because broad inferred concept/skill overlap does not prove an exact learner action.
textbook-lesson.limits.calculus-limits-epsilon-delta-concept-quiz,/subjects/math/calculus/limits-continuity/unit/limits/epsilon-delta-concept-quiz/,worked-example,NO_CANDIDATE,,,,,,,,No candidate was produced for this lesson and role.
textbook-lesson.limits.calculus-limits-epsilon-delta-concept-quiz,/subjects/math/calculus/limits-continuity/unit/limits/epsilon-delta-concept-quiz/,reference,DEFERRED_EDITORIAL_REVIEW,,,,,,,,Candidate remains provisional because broad inferred concept/skill overlap does not prove an exact learner action.
textbook-lesson.limits.calculus-limits-epsilon-delta-concept-quiz,/subjects/math/calculus/limits-continuity/unit/limits/epsilon-delta-concept-quiz/,tool-or-visual,NO_CANDIDATE,,,,,,,,No candidate was produced for this lesson and role.
textbook-lesson.limits.calculus-limits-epsilon-delta-graph,/subjects/math/calculus/limits-continuity/unit/limits/epsilon-delta-graph/,practice,NO_CANDIDATE,,,,,,,,No candidate was produced for this lesson and role.
textbook-lesson.limits.calculus-limits-epsilon-delta-graph,/subjects/math/calculus/limits-continuity/unit/limits/epsilon-delta-graph/,quick-explanation,DEFERRED_EDITORIAL_REVIEW,,,,,,,,Candidate remains provisional because broad inferred concept/skill overlap does not prove an exact learner action.
textbook-lesson.limits.calculus-limits-epsilon-delta-graph,/subjects/math/calculus/limits-continuity/unit/limits/epsilon-delta-graph/,worked-example,NO_CANDIDATE,,,,,,,,No candidate was produced for this lesson and role.
textbook-lesson.limits.calculus-limits-epsilon-delta-graph,/subjects/math/calculus/limits-continuity/unit/limits/epsilon-delta-graph/,reference,DEFERRED_EDITORIAL_REVIEW,,,,,,,,Candidate remains provisional because broad inferred concept/skill overlap does not prove an exact learner action.
textbook-lesson.limits.calculus-limits-epsilon-delta-graph,/subjects/math/calculus/limits-continuity/unit/limits/epsilon-delta-graph/,tool-or-visual,NO_CANDIDATE,,,,,,,,No candidate was produced for this lesson and role.
textbook-lesson.limits.calculus-limits-epsilon-delta-introduction,/subjects/math/calculus/limits-continuity/unit/limits/epsilon-delta-introduction/,practice,NO_CANDIDATE,,,,,,,,No candidate was produced for this lesson and role.
textbook-lesson.limits.calculus-limits-epsilon-delta-introduction,/subjects/math/calculus/limits-continuity/unit/limits/epsilon-delta-introduction/,quick-explanation,DEFERRED_EDITORIAL_REVIEW,,,,,,,,Candidate remains provisional because broad inferred concept/skill overlap does not prove an exact learner action.
textbook-lesson.limits.calculus-limits-epsilon-delta-introduction,/subjects/math/calculus/limits-continuity/unit/limits/epsilon-delta-introduction/,worked-example,NO_CANDIDATE,,,,,,,,No candidate was produced for this lesson and role.
textbook-lesson.limits.calculus-limits-epsilon-delta-introduction,/subjects/math/calculus/limits-continuity/unit/limits/epsilon-delta-introduction/,reference,DEFERRED_EDITORIAL_REVIEW,,,,,,,,Candidate remains provisional because broad inferred concept/skill overlap does not prove an exact learner action.
textbook-lesson.limits.calculus-limits-epsilon-delta-introduction,/subjects/math/calculus/limits-continuity/unit/limits/epsilon-delta-introduction/,tool-or-visual,NO_CANDIDATE,,,,,,,,No candidate was produced for this lesson and role.
textbook-lesson.limits.calculus-limits-epsilon-delta-linear,/subjects/math/calculus/limits-continuity/unit/limits/epsilon-delta-linear/,practice,NO_CANDIDATE,,,,,,,,No candidate was produced for this lesson and role.
textbook-lesson.limits.calculus-limits-epsilon-delta-linear,/subjects/math/calculus/limits-continuity/unit/limits/epsilon-delta-linear/,quick-explanation,DEFERRED_EDITORIAL_REVIEW,,,,,,,,Candidate remains provisional because broad inferred concept/skill overlap does not prove an exact learner action.
textbook-lesson.limits.calculus-limits-epsilon-delta-linear,/subjects/math/calculus/limits-continuity/unit/limits/epsilon-delta-linear/,worked-example,NO_CANDIDATE,,,,,,,,No candidate was produced for this lesson and role.
textbook-lesson.limits.calculus-limits-epsilon-delta-linear,/subjects/math/calculus/limits-continuity/unit/limits/epsilon-delta-linear/,reference,DEFERRED_EDITORIAL_REVIEW,,,,,,,,Candidate remains provisional because broad inferred concept/skill overlap does not prove an exact learner action.
textbook-lesson.limits.calculus-limits-epsilon-delta-linear,/subjects/math/calculus/limits-continuity/unit/limits/epsilon-delta-linear/,tool-or-visual,NO_CANDIDATE,,,,,,,,No candidate was produced for this lesson and role.
textbook-lesson.limits.calculus-limits-epsilon-delta-practice,/subjects/math/calculus/limits-continuity/unit/limits/epsilon-delta-practice/,practice,NO_CANDIDATE,,,,,,,,No candidate was produced for this lesson and role.
textbook-lesson.limits.calculus-limits-epsilon-delta-practice,/subjects/math/calculus/limits-continuity/unit/limits/epsilon-delta-practice/,quick-explanation,DEFERRED_EDITORIAL_REVIEW,,,,,,,,Candidate remains provisional because broad inferred concept/skill overlap does not prove an exact learner action.
textbook-lesson.limits.calculus-limits-epsilon-delta-practice,/subjects/math/calculus/limits-continuity/unit/limits/epsilon-delta-practice/,worked-example,NO_CANDIDATE,,,,,,,,No candidate was produced for this lesson and role.
textbook-lesson.limits.calculus-limits-epsilon-delta-practice,/subjects/math/calculus/limits-continuity/unit/limits/epsilon-delta-practice/,reference,DEFERRED_EDITORIAL_REVIEW,,,,,,,,Candidate remains provisional because broad inferred concept/skill overlap does not prove an exact learner action.
textbook-lesson.limits.calculus-limits-epsilon-delta-practice,/subjects/math/calculus/limits-continuity/unit/limits/epsilon-delta-practice/,tool-or-visual,NO_CANDIDATE,,,,,,,,No candidate was produced for this lesson and role.
textbook-lesson.limits.calculus-limits-epsilon-delta-quadratic,/subjects/math/calculus/limits-continuity/unit/limits/epsilon-delta-quadratic/,practice,NO_CANDIDATE,,,,,,,,No candidate was produced for this lesson and role.
textbook-lesson.limits.calculus-limits-epsilon-delta-quadratic,/subjects/math/calculus/limits-continuity/unit/limits/epsilon-delta-quadratic/,quick-explanation,DEFERRED_EDITORIAL_REVIEW,,,,,,,,Candidate remains provisional because broad inferred concept/skill overlap does not prove an exact learner action.
textbook-lesson.limits.calculus-limits-epsilon-delta-quadratic,/subjects/math/calculus/limits-continuity/unit/limits/epsilon-delta-quadratic/,worked-example,NO_CANDIDATE,,,,,,,,No candidate was produced for this lesson and role.
textbook-lesson.limits.calculus-limits-epsilon-delta-quadratic,/subjects/math/calculus/limits-continuity/unit/limits/epsilon-delta-quadratic/,reference,DEFERRED_EDITORIAL_REVIEW,,,,,,,,Candidate remains provisional because broad inferred concept/skill overlap does not prove an exact learner action.
textbook-lesson.limits.calculus-limits-epsilon-delta-quadratic,/subjects/math/calculus/limits-continuity/unit/limits/epsilon-delta-quadratic/,tool-or-visual,NO_CANDIDATE,,,,,,,,No candidate was produced for this lesson and role.
textbook-lesson.limits.calculus-limits-epsilon-delta-review,/subjects/math/calculus/limits-continuity/unit/limits/epsilon-delta-review/,practice,NO_CANDIDATE,,,,,,,,No candidate was produced for this lesson and role.
textbook-lesson.limits.calculus-limits-epsilon-delta-review,/subjects/math/calculus/limits-continuity/unit/limits/epsilon-delta-review/,quick-explanation,DEFERRED_EDITORIAL_REVIEW,,,,,,,,Candidate remains provisional because broad inferred concept/skill overlap does not prove an exact learner action.
textbook-lesson.limits.calculus-limits-epsilon-delta-review,/subjects/math/calculus/limits-continuity/unit/limits/epsilon-delta-review/,worked-example,NO_CANDIDATE,,,,,,,,No candidate was produced for this lesson and role.
textbook-lesson.limits.calculus-limits-epsilon-delta-review,/subjects/math/calculus/limits-continuity/unit/limits/epsilon-delta-review/,reference,DEFERRED_EDITORIAL_REVIEW,,,,,,,,Candidate remains provisional because broad inferred concept/skill overlap does not prove an exact learner action.
textbook-lesson.limits.calculus-limits-epsilon-delta-review,/subjects/math/calculus/limits-continuity/unit/limits/epsilon-delta-review/,tool-or-visual,NO_CANDIDATE,,,,,,,,No candidate was produced for this lesson and role.
textbook-lesson.limits.calculus-limits-factoring-limits,/subjects/math/calculus/limits-continuity/unit/limits/factoring-limits/,practice,NO_CANDIDATE,,,,,,,,No candidate was produced for this lesson and role.
textbook-lesson.limits.calculus-limits-factoring-limits,/subjects/math/calculus/limits-continuity/unit/limits/factoring-limits/,quick-explanation,DEFERRED_EDITORIAL_REVIEW,,,,,,,,Candidate remains provisional because broad inferred concept/skill overlap does not prove an exact learner action.
textbook-lesson.limits.calculus-limits-factoring-limits,/subjects/math/calculus/limits-continuity/unit/limits/factoring-limits/,worked-example,NO_CANDIDATE,,,,,,,,No candidate was produced for this lesson and role.
textbook-lesson.limits.calculus-limits-factoring-limits,/subjects/math/calculus/limits-continuity/unit/limits/factoring-limits/,reference,DEFERRED_EDITORIAL_REVIEW,,,,,,,,Candidate remains provisional because broad inferred concept/skill overlap does not prove an exact learner action.
textbook-lesson.limits.calculus-limits-factoring-limits,/subjects/math/calculus/limits-continuity/unit/limits/factoring-limits/,tool-or-visual,NO_CANDIDATE,,,,,,,,No candidate was produced for this lesson and role.
textbook-lesson.limits.calculus-limits-finite-limit-decision-tree,/subjects/math/calculus/limits-continuity/unit/limits/finite-limit-decision-tree/,practice,NO_CANDIDATE,,,,,,,,No candidate was produced for this lesson and role.
textbook-lesson.limits.calculus-limits-finite-limit-decision-tree,/subjects/math/calculus/limits-continuity/unit/limits/finite-limit-decision-tree/,quick-explanation,DEFERRED_EDITORIAL_REVIEW,,,,,,,,Candidate remains provisional because broad inferred concept/skill overlap does not prove an exact learner action.
textbook-lesson.limits.calculus-limits-finite-limit-decision-tree,/subjects/math/calculus/limits-continuity/unit/limits/finite-limit-decision-tree/,worked-example,NO_CANDIDATE,,,,,,,,No candidate was produced for this lesson and role.
textbook-lesson.limits.calculus-limits-finite-limit-decision-tree,/subjects/math/calculus/limits-continuity/unit/limits/finite-limit-decision-tree/,reference,DEFERRED_EDITORIAL_REVIEW,,,,,,,,Candidate remains provisional because broad inferred concept/skill overlap does not prove an exact learner action.
textbook-lesson.limits.calculus-limits-finite-limit-decision-tree,/subjects/math/calculus/limits-continuity/unit/limits/finite-limit-decision-tree/,tool-or-visual,NO_CANDIDATE,,,,,,,,No candidate was produced for this lesson and role.
textbook-lesson.limits.calculus-limits-finite-limits-concept-quiz,/subjects/math/calculus/limits-continuity/unit/limits/finite-limits-concept-quiz/,practice,NO_CANDIDATE,,,,,,,,No candidate was produced for this lesson and role.
textbook-lesson.limits.calculus-limits-finite-limits-concept-quiz,/subjects/math/calculus/limits-continuity/unit/limits/finite-limits-concept-quiz/,quick-explanation,DEFERRED_EDITORIAL_REVIEW,,,,,,,,Candidate remains provisional because broad inferred concept/skill overlap does not prove an exact learner action.
textbook-lesson.limits.calculus-limits-finite-limits-concept-quiz,/subjects/math/calculus/limits-continuity/unit/limits/finite-limits-concept-quiz/,worked-example,NO_CANDIDATE,,,,,,,,No candidate was produced for this lesson and role.
textbook-lesson.limits.calculus-limits-finite-limits-concept-quiz,/subjects/math/calculus/limits-continuity/unit/limits/finite-limits-concept-quiz/,reference,DEFERRED_EDITORIAL_REVIEW,,,,,,,,Candidate remains provisional because broad inferred concept/skill overlap does not prove an exact learner action.
textbook-lesson.limits.calculus-limits-finite-limits-concept-quiz,/subjects/math/calculus/limits-continuity/unit/limits/finite-limits-concept-quiz/,tool-or-visual,NO_CANDIDATE,,,,,,,,No candidate was produced for this lesson and role.
textbook-lesson.limits.calculus-limits-finite-limits-practice,/subjects/math/calculus/limits-continuity/unit/limits/finite-limits-practice/,practice,NO_CANDIDATE,,,,,,,,No candidate was produced for this lesson and role.
textbook-lesson.limits.calculus-limits-finite-limits-practice,/subjects/math/calculus/limits-continuity/unit/limits/finite-limits-practice/,quick-explanation,DEFERRED_EDITORIAL_REVIEW,,,,,,,,Candidate remains provisional because broad inferred concept/skill overlap does not prove an exact learner action.
textbook-lesson.limits.calculus-limits-finite-limits-practice,/subjects/math/calculus/limits-continuity/unit/limits/finite-limits-practice/,worked-example,NO_CANDIDATE,,,,,,,,No candidate was produced for this lesson and role.
textbook-lesson.limits.calculus-limits-finite-limits-practice,/subjects/math/calculus/limits-continuity/unit/limits/finite-limits-practice/,reference,DEFERRED_EDITORIAL_REVIEW,,,,,,,,Candidate remains provisional because broad inferred concept/skill overlap does not prove an exact learner action.
textbook-lesson.limits.calculus-limits-finite-limits-practice,/subjects/math/calculus/limits-continuity/unit/limits/finite-limits-practice/,tool-or-visual,NO_CANDIDATE,,,,,,,,No candidate was produced for this lesson and role.
textbook-lesson.limits.calculus-limits-finite-limits-review,/subjects/math/calculus/limits-continuity/unit/limits/finite-limits-review/,practice,NO_CANDIDATE,,,,,,,,No candidate was produced for this lesson and role.
textbook-lesson.limits.calculus-limits-finite-limits-review,/subjects/math/calculus/limits-continuity/unit/limits/finite-limits-review/,quick-explanation,DEFERRED_EDITORIAL_REVIEW,,,,,,,,Candidate remains provisional because broad inferred concept/skill overlap does not prove an exact learner action.
textbook-lesson.limits.calculus-limits-finite-limits-review,/subjects/math/calculus/limits-continuity/unit/limits/finite-limits-review/,worked-example,NO_CANDIDATE,,,,,,,,No candidate was produced for this lesson and role.
textbook-lesson.limits.calculus-limits-finite-limits-review,/subjects/math/calculus/limits-continuity/unit/limits/finite-limits-review/,reference,DEFERRED_EDITORIAL_REVIEW,,,,,,,,Candidate remains provisional because broad inferred concept/skill overlap does not prove an exact learner action.
textbook-lesson.limits.calculus-limits-finite-limits-review,/subjects/math/calculus/limits-continuity/unit/limits/finite-limits-review/,tool-or-visual,NO_CANDIDATE,,,,,,,,No candidate was produced for this lesson and role.
textbook-lesson.limits.calculus-limits-formal-infinite-limits,/subjects/math/calculus/limits-continuity/unit/limits/formal-infinite-limits/,practice,NO_CANDIDATE,,,,,,,,No candidate was produced for this lesson and role.
textbook-lesson.limits.calculus-limits-formal-infinite-limits,/subjects/math/calculus/limits-continuity/unit/limits/formal-infinite-limits/,quick-explanation,DEFERRED_EDITORIAL_REVIEW,,,,,,,,Candidate remains provisional because broad inferred concept/skill overlap does not prove an exact learner action.
textbook-lesson.limits.calculus-limits-formal-infinite-limits,/subjects/math/calculus/limits-continuity/unit/limits/formal-infinite-limits/,worked-example,NO_CANDIDATE,,,,,,,,No candidate was produced for this lesson and role.
textbook-lesson.limits.calculus-limits-formal-infinite-limits,/subjects/math/calculus/limits-continuity/unit/limits/formal-infinite-limits/,reference,DEFERRED_EDITORIAL_REVIEW,,,,,,,,Candidate remains provisional because broad inferred concept/skill overlap does not prove an exact learner action.
textbook-lesson.limits.calculus-limits-formal-infinite-limits,/subjects/math/calculus/limits-continuity/unit/limits/formal-infinite-limits/,tool-or-visual,NO_CANDIDATE,,,,,,,,No candidate was produced for this lesson and role.
textbook-lesson.limits.calculus-limits-function-value-vs-limit,/subjects/math/calculus/limits-continuity/unit/limits/function-value-vs-limit/,practice,NO_CANDIDATE,,,,,,,,No candidate was produced for this lesson and role.
textbook-lesson.limits.calculus-limits-function-value-vs-limit,/subjects/math/calculus/limits-continuity/unit/limits/function-value-vs-limit/,quick-explanation,DEFERRED_EDITORIAL_REVIEW,,,,,,,,Candidate remains provisional because broad inferred concept/skill overlap does not prove an exact learner action.
textbook-lesson.limits.calculus-limits-function-value-vs-limit,/subjects/math/calculus/limits-continuity/unit/limits/function-value-vs-limit/,worked-example,NO_CANDIDATE,,,,,,,,No candidate was produced for this lesson and role.
textbook-lesson.limits.calculus-limits-function-value-vs-limit,/subjects/math/calculus/limits-continuity/unit/limits/function-value-vs-limit/,reference,DEFERRED_EDITORIAL_REVIEW,,,,,,,,Candidate remains provisional because broad inferred concept/skill overlap does not prove an exact learner action.
textbook-lesson.limits.calculus-limits-function-value-vs-limit,/subjects/math/calculus/limits-continuity/unit/limits/function-value-vs-limit/,tool-or-visual,NO_CANDIDATE,,,,,,,,No candidate was produced for this lesson and role.
textbook-lesson.limits.calculus-limits-infinite-behavior-concept-quiz,/subjects/math/calculus/limits-continuity/unit/limits/infinite-behavior-concept-quiz/,practice,NO_CANDIDATE,,,,,,,,No candidate was produced for this lesson and role.
textbook-lesson.limits.calculus-limits-infinite-behavior-concept-quiz,/subjects/math/calculus/limits-continuity/unit/limits/infinite-behavior-concept-quiz/,quick-explanation,DEFERRED_EDITORIAL_REVIEW,,,,,,,,Candidate remains provisional because broad inferred concept/skill overlap does not prove an exact learner action.
textbook-lesson.limits.calculus-limits-infinite-behavior-concept-quiz,/subjects/math/calculus/limits-continuity/unit/limits/infinite-behavior-concept-quiz/,worked-example,NO_CANDIDATE,,,,,,,,No candidate was produced for this lesson and role.
textbook-lesson.limits.calculus-limits-infinite-behavior-concept-quiz,/subjects/math/calculus/limits-continuity/unit/limits/infinite-behavior-concept-quiz/,reference,DEFERRED_EDITORIAL_REVIEW,,,,,,,,Candidate remains provisional because broad inferred concept/skill overlap does not prove an exact learner action.
textbook-lesson.limits.calculus-limits-infinite-behavior-concept-quiz,/subjects/math/calculus/limits-continuity/unit/limits/infinite-behavior-concept-quiz/,tool-or-visual,NO_CANDIDATE,,,,,,,,No candidate was produced for this lesson and role.
textbook-lesson.limits.calculus-limits-infinite-behavior-practice,/subjects/math/calculus/limits-continuity/unit/limits/infinite-behavior-practice/,practice,NO_CANDIDATE,,,,,,,,No candidate was produced for this lesson and role.
textbook-lesson.limits.calculus-limits-infinite-behavior-practice,/subjects/math/calculus/limits-continuity/unit/limits/infinite-behavior-practice/,quick-explanation,DEFERRED_EDITORIAL_REVIEW,,,,,,,,Candidate remains provisional because broad inferred concept/skill overlap does not prove an exact learner action.
textbook-lesson.limits.calculus-limits-infinite-behavior-practice,/subjects/math/calculus/limits-continuity/unit/limits/infinite-behavior-practice/,worked-example,NO_CANDIDATE,,,,,,,,No candidate was produced for this lesson and role.
textbook-lesson.limits.calculus-limits-infinite-behavior-practice,/subjects/math/calculus/limits-continuity/unit/limits/infinite-behavior-practice/,reference,DEFERRED_EDITORIAL_REVIEW,,,,,,,,Candidate remains provisional because broad inferred concept/skill overlap does not prove an exact learner action.
textbook-lesson.limits.calculus-limits-infinite-behavior-practice,/subjects/math/calculus/limits-continuity/unit/limits/infinite-behavior-practice/,tool-or-visual,NO_CANDIDATE,,,,,,,,No candidate was produced for this lesson and role.
textbook-lesson.limits.calculus-limits-infinite-behavior-review,/subjects/math/calculus/limits-continuity/unit/limits/infinite-behavior-review/,practice,NO_CANDIDATE,,,,,,,,No candidate was produced for this lesson and role.
textbook-lesson.limits.calculus-limits-infinite-behavior-review,/subjects/math/calculus/limits-continuity/unit/limits/infinite-behavior-review/,quick-explanation,DEFERRED_EDITORIAL_REVIEW,,,,,,,,Candidate remains provisional because broad inferred concept/skill overlap does not prove an exact learner action.
textbook-lesson.limits.calculus-limits-infinite-behavior-review,/subjects/math/calculus/limits-continuity/unit/limits/infinite-behavior-review/,worked-example,NO_CANDIDATE,,,,,,,,No candidate was produced for this lesson and role.
textbook-lesson.limits.calculus-limits-infinite-behavior-review,/subjects/math/calculus/limits-continuity/unit/limits/infinite-behavior-review/,reference,DEFERRED_EDITORIAL_REVIEW,,,,,,,,Candidate remains provisional because broad inferred concept/skill overlap does not prove an exact learner action.
textbook-lesson.limits.calculus-limits-infinite-behavior-review,/subjects/math/calculus/limits-continuity/unit/limits/infinite-behavior-review/,tool-or-visual,NO_CANDIDATE,,,,,,,,No candidate was produced for this lesson and role.
textbook-lesson.limits.calculus-limits-infinity-minus-infinity,/subjects/math/calculus/limits-continuity/unit/limits/infinity-minus-infinity/,practice,NO_CANDIDATE,,,,,,,,No candidate was produced for this lesson and role.
textbook-lesson.limits.calculus-limits-infinity-minus-infinity,/subjects/math/calculus/limits-continuity/unit/limits/infinity-minus-infinity/,quick-explanation,DEFERRED_EDITORIAL_REVIEW,,,,,,,,Candidate remains provisional because broad inferred concept/skill overlap does not prove an exact learner action.
textbook-lesson.limits.calculus-limits-infinity-minus-infinity,/subjects/math/calculus/limits-continuity/unit/limits/infinity-minus-infinity/,worked-example,NO_CANDIDATE,,,,,,,,No candidate was produced for this lesson and role.
textbook-lesson.limits.calculus-limits-infinity-minus-infinity,/subjects/math/calculus/limits-continuity/unit/limits/infinity-minus-infinity/,reference,DEFERRED_EDITORIAL_REVIEW,,,,,,,,Candidate remains provisional because broad inferred concept/skill overlap does not prove an exact learner action.
textbook-lesson.limits.calculus-limits-infinity-minus-infinity,/subjects/math/calculus/limits-continuity/unit/limits/infinity-minus-infinity/,tool-or-visual,NO_CANDIDATE,,,,,,,,No candidate was produced for this lesson and role.
textbook-lesson.limits.calculus-limits-limit-at-a-hole,/subjects/math/calculus/limits-continuity/unit/limits/limit-at-a-hole/,practice,NO_CANDIDATE,,,,,,,,No candidate was produced for this lesson and role.
textbook-lesson.limits.calculus-limits-limit-at-a-hole,/subjects/math/calculus/limits-continuity/unit/limits/limit-at-a-hole/,quick-explanation,DEFERRED_EDITORIAL_REVIEW,,,,,,,,Candidate remains provisional because broad inferred concept/skill overlap does not prove an exact learner action.
textbook-lesson.limits.calculus-limits-limit-at-a-hole,/subjects/math/calculus/limits-continuity/unit/limits/limit-at-a-hole/,worked-example,NO_CANDIDATE,,,,,,,,No candidate was produced for this lesson and role.
textbook-lesson.limits.calculus-limits-limit-at-a-hole,/subjects/math/calculus/limits-continuity/unit/limits/limit-at-a-hole/,reference,DEFERRED_EDITORIAL_REVIEW,,,,,,,,Candidate remains provisional because broad inferred concept/skill overlap does not prove an exact learner action.
textbook-lesson.limits.calculus-limits-limit-at-a-hole,/subjects/math/calculus/limits-continuity/unit/limits/limit-at-a-hole/,tool-or-visual,NO_CANDIDATE,,,,,,,,No candidate was produced for this lesson and role.
textbook-lesson.limits.calculus-limits-limit-laws,/subjects/math/calculus/limits-continuity/unit/limits/limit-laws/,practice,NO_CANDIDATE,,,,,,,,No candidate was produced for this lesson and role.
textbook-lesson.limits.calculus-limits-limit-laws,/subjects/math/calculus/limits-continuity/unit/limits/limit-laws/,quick-explanation,DEFERRED_EDITORIAL_REVIEW,,,,,,,,Candidate remains provisional because broad inferred concept/skill overlap does not prove an exact learner action.
textbook-lesson.limits.calculus-limits-limit-laws,/subjects/math/calculus/limits-continuity/unit/limits/limit-laws/,worked-example,NO_CANDIDATE,,,,,,,,No candidate was produced for this lesson and role.
textbook-lesson.limits.calculus-limits-limit-laws,/subjects/math/calculus/limits-continuity/unit/limits/limit-laws/,reference,DEFERRED_EDITORIAL_REVIEW,,,,,,,,Candidate remains provisional because broad inferred concept/skill overlap does not prove an exact learner action.
textbook-lesson.limits.calculus-limits-limit-laws,/subjects/math/calculus/limits-continuity/unit/limits/limit-laws/,tool-or-visual,NO_CANDIDATE,,,,,,,,No candidate was produced for this lesson and role.
textbook-lesson.limits.calculus-limits-limits-at-infinity,/subjects/math/calculus/limits-continuity/unit/limits/limits-at-infinity/,practice,NO_CANDIDATE,,,,,,,,No candidate was produced for this lesson and role.
textbook-lesson.limits.calculus-limits-limits-at-infinity,/subjects/math/calculus/limits-continuity/unit/limits/limits-at-infinity/,quick-explanation,DEFERRED_EDITORIAL_REVIEW,,,,,,,,Candidate remains provisional because broad inferred concept/skill overlap does not prove an exact learner action.
textbook-lesson.limits.calculus-limits-limits-at-infinity,/subjects/math/calculus/limits-continuity/unit/limits/limits-at-infinity/,worked-example,NO_CANDIDATE,,,,,,,,No candidate was produced for this lesson and role.
textbook-lesson.limits.calculus-limits-limits-at-infinity,/subjects/math/calculus/limits-continuity/unit/limits/limits-at-infinity/,reference,DEFERRED_EDITORIAL_REVIEW,,,,,,,,Candidate remains provisional because broad inferred concept/skill overlap does not prove an exact learner action.
textbook-lesson.limits.calculus-limits-limits-at-infinity,/subjects/math/calculus/limits-continuity/unit/limits/limits-at-infinity/,tool-or-visual,NO_CANDIDATE,,,,,,,,No candidate was produced for this lesson and role.
textbook-lesson.limits.calculus-limits-meaning-concept-quiz,/subjects/math/calculus/limits-continuity/unit/limits/meaning-concept-quiz/,practice,NO_CANDIDATE,,,,,,,,No candidate was produced for this lesson and role.
textbook-lesson.limits.calculus-limits-meaning-concept-quiz,/subjects/math/calculus/limits-continuity/unit/limits/meaning-concept-quiz/,quick-explanation,DEFERRED_EDITORIAL_REVIEW,,,,,,,,Candidate remains provisional because broad inferred concept/skill overlap does not prove an exact learner action.
textbook-lesson.limits.calculus-limits-meaning-concept-quiz,/subjects/math/calculus/limits-continuity/unit/limits/meaning-concept-quiz/,worked-example,NO_CANDIDATE,,,,,,,,No candidate was produced for this lesson and role.
textbook-lesson.limits.calculus-limits-meaning-concept-quiz,/subjects/math/calculus/limits-continuity/unit/limits/meaning-concept-quiz/,reference,DEFERRED_EDITORIAL_REVIEW,,,,,,,,Candidate remains provisional because broad inferred concept/skill overlap does not prove an exact learner action.
textbook-lesson.limits.calculus-limits-meaning-concept-quiz,/subjects/math/calculus/limits-continuity/unit/limits/meaning-concept-quiz/,tool-or-visual,NO_CANDIDATE,,,,,,,,No candidate was produced for this lesson and role.
textbook-lesson.limits.calculus-limits-meaning-practice,/subjects/math/calculus/limits-continuity/unit/limits/meaning-practice/,practice,NO_CANDIDATE,,,,,,,,No candidate was produced for this lesson and role.
textbook-lesson.limits.calculus-limits-meaning-practice,/subjects/math/calculus/limits-continuity/unit/limits/meaning-practice/,quick-explanation,DEFERRED_EDITORIAL_REVIEW,,,,,,,,Candidate remains provisional because broad inferred concept/skill overlap does not prove an exact learner action.
textbook-lesson.limits.calculus-limits-meaning-practice,/subjects/math/calculus/limits-continuity/unit/limits/meaning-practice/,worked-example,NO_CANDIDATE,,,,,,,,No candidate was produced for this lesson and role.
textbook-lesson.limits.calculus-limits-meaning-practice,/subjects/math/calculus/limits-continuity/unit/limits/meaning-practice/,reference,DEFERRED_EDITORIAL_REVIEW,,,,,,,,Candidate remains provisional because broad inferred concept/skill overlap does not prove an exact learner action.
textbook-lesson.limits.calculus-limits-meaning-practice,/subjects/math/calculus/limits-continuity/unit/limits/meaning-practice/,tool-or-visual,NO_CANDIDATE,,,,,,,,No candidate was produced for this lesson and role.
textbook-lesson.limits.calculus-limits-meaning-review,/subjects/math/calculus/limits-continuity/unit/limits/meaning-review/,practice,NO_CANDIDATE,,,,,,,,No candidate was produced for this lesson and role.
textbook-lesson.limits.calculus-limits-meaning-review,/subjects/math/calculus/limits-continuity/unit/limits/meaning-review/,quick-explanation,DEFERRED_EDITORIAL_REVIEW,,,,,,,,Candidate remains provisional because broad inferred concept/skill overlap does not prove an exact learner action.
textbook-lesson.limits.calculus-limits-meaning-review,/subjects/math/calculus/limits-continuity/unit/limits/meaning-review/,worked-example,NO_CANDIDATE,,,,,,,,No candidate was produced for this lesson and role.
textbook-lesson.limits.calculus-limits-meaning-review,/subjects/math/calculus/limits-continuity/unit/limits/meaning-review/,reference,DEFERRED_EDITORIAL_REVIEW,,,,,,,,Candidate remains provisional because broad inferred concept/skill overlap does not prove an exact learner action.
textbook-lesson.limits.calculus-limits-meaning-review,/subjects/math/calculus/limits-continuity/unit/limits/meaning-review/,tool-or-visual,NO_CANDIDATE,,,,,,,,No candidate was produced for this lesson and role.
textbook-lesson.limits.calculus-limits-notation-guide,/subjects/math/calculus/limits-continuity/unit/limits/notation-guide/,practice,NO_CANDIDATE,,,,,,,,No candidate was produced for this lesson and role.
textbook-lesson.limits.calculus-limits-notation-guide,/subjects/math/calculus/limits-continuity/unit/limits/notation-guide/,quick-explanation,DEFERRED_EDITORIAL_REVIEW,,,,,,,,Candidate remains provisional because broad inferred concept/skill overlap does not prove an exact learner action.
textbook-lesson.limits.calculus-limits-notation-guide,/subjects/math/calculus/limits-continuity/unit/limits/notation-guide/,worked-example,NO_CANDIDATE,,,,,,,,No candidate was produced for this lesson and role.
textbook-lesson.limits.calculus-limits-notation-guide,/subjects/math/calculus/limits-continuity/unit/limits/notation-guide/,reference,DEFERRED_EDITORIAL_REVIEW,,,,,,,,Candidate remains provisional because broad inferred concept/skill overlap does not prove an exact learner action.
textbook-lesson.limits.calculus-limits-notation-guide,/subjects/math/calculus/limits-continuity/unit/limits/notation-guide/,tool-or-visual,NO_CANDIDATE,,,,,,,,No candidate was produced for this lesson and role.
textbook-lesson.limits.calculus-limits-one-sided-limits,/subjects/math/calculus/limits-continuity/unit/limits/one-sided-limits/,practice,NO_CANDIDATE,,,,,,,,No candidate was produced for this lesson and role.
textbook-lesson.limits.calculus-limits-one-sided-limits,/subjects/math/calculus/limits-continuity/unit/limits/one-sided-limits/,quick-explanation,DEFERRED_EDITORIAL_REVIEW,,,,,,,,Candidate remains provisional because broad inferred concept/skill overlap does not prove an exact learner action.
textbook-lesson.limits.calculus-limits-one-sided-limits,/subjects/math/calculus/limits-continuity/unit/limits/one-sided-limits/,worked-example,NO_CANDIDATE,,,,,,,,No candidate was produced for this lesson and role.
textbook-lesson.limits.calculus-limits-one-sided-limits,/subjects/math/calculus/limits-continuity/unit/limits/one-sided-limits/,reference,DEFERRED_EDITORIAL_REVIEW,,,,,,,,Candidate remains provisional because broad inferred concept/skill overlap does not prove an exact learner action.
textbook-lesson.limits.calculus-limits-one-sided-limits,/subjects/math/calculus/limits-continuity/unit/limits/one-sided-limits/,tool-or-visual,NO_CANDIDATE,,,,,,,,No candidate was produced for this lesson and role.
textbook-lesson.limits.calculus-limits-practice-exam-a,/subjects/math/calculus/limits-continuity/unit/limits/practice-exam-a/,practice,NO_CANDIDATE,,,,,,,,No candidate was produced for this lesson and role.
textbook-lesson.limits.calculus-limits-practice-exam-a,/subjects/math/calculus/limits-continuity/unit/limits/practice-exam-a/,quick-explanation,DEFERRED_EDITORIAL_REVIEW,,,,,,,,Candidate remains provisional because broad inferred concept/skill overlap does not prove an exact learner action.
textbook-lesson.limits.calculus-limits-practice-exam-a,/subjects/math/calculus/limits-continuity/unit/limits/practice-exam-a/,worked-example,NO_CANDIDATE,,,,,,,,No candidate was produced for this lesson and role.
textbook-lesson.limits.calculus-limits-practice-exam-a,/subjects/math/calculus/limits-continuity/unit/limits/practice-exam-a/,reference,DEFERRED_EDITORIAL_REVIEW,,,,,,,,Candidate remains provisional because broad inferred concept/skill overlap does not prove an exact learner action.
textbook-lesson.limits.calculus-limits-practice-exam-a,/subjects/math/calculus/limits-continuity/unit/limits/practice-exam-a/,tool-or-visual,NO_CANDIDATE,,,,,,,,No candidate was produced for this lesson and role.
textbook-lesson.limits.calculus-limits-practice-exam-a-answer-key,/subjects/math/calculus/limits-continuity/unit/limits/practice-exam-a/answer-key/,practice,NO_CANDIDATE,,,,,,,,No candidate was produced for this lesson and role.
textbook-lesson.limits.calculus-limits-practice-exam-a-answer-key,/subjects/math/calculus/limits-continuity/unit/limits/practice-exam-a/answer-key/,quick-explanation,DEFERRED_EDITORIAL_REVIEW,,,,,,,,Candidate remains provisional because broad inferred concept/skill overlap does not prove an exact learner action.
textbook-lesson.limits.calculus-limits-practice-exam-a-answer-key,/subjects/math/calculus/limits-continuity/unit/limits/practice-exam-a/answer-key/,worked-example,NO_CANDIDATE,,,,,,,,No candidate was produced for this lesson and role.
textbook-lesson.limits.calculus-limits-practice-exam-a-answer-key,/subjects/math/calculus/limits-continuity/unit/limits/practice-exam-a/answer-key/,reference,DEFERRED_EDITORIAL_REVIEW,,,,,,,,Candidate remains provisional because broad inferred concept/skill overlap does not prove an exact learner action.
textbook-lesson.limits.calculus-limits-practice-exam-a-answer-key,/subjects/math/calculus/limits-continuity/unit/limits/practice-exam-a/answer-key/,tool-or-visual,NO_CANDIDATE,,,,,,,,No candidate was produced for this lesson and role.
textbook-lesson.limits.calculus-limits-practice-exam-b,/subjects/math/calculus/limits-continuity/unit/limits/practice-exam-b/,practice,NO_CANDIDATE,,,,,,,,No candidate was produced for this lesson and role.
textbook-lesson.limits.calculus-limits-practice-exam-b,/subjects/math/calculus/limits-continuity/unit/limits/practice-exam-b/,quick-explanation,DEFERRED_EDITORIAL_REVIEW,,,,,,,,Candidate remains provisional because broad inferred concept/skill overlap does not prove an exact learner action.
textbook-lesson.limits.calculus-limits-practice-exam-b,/subjects/math/calculus/limits-continuity/unit/limits/practice-exam-b/,worked-example,NO_CANDIDATE,,,,,,,,No candidate was produced for this lesson and role.
textbook-lesson.limits.calculus-limits-practice-exam-b,/subjects/math/calculus/limits-continuity/unit/limits/practice-exam-b/,reference,DEFERRED_EDITORIAL_REVIEW,,,,,,,,Candidate remains provisional because broad inferred concept/skill overlap does not prove an exact learner action.
textbook-lesson.limits.calculus-limits-practice-exam-b,/subjects/math/calculus/limits-continuity/unit/limits/practice-exam-b/,tool-or-visual,NO_CANDIDATE,,,,,,,,No candidate was produced for this lesson and role.
textbook-lesson.limits.calculus-limits-practice-exam-b-answer-key,/subjects/math/calculus/limits-continuity/unit/limits/practice-exam-b/answer-key/,practice,NO_CANDIDATE,,,,,,,,No candidate was produced for this lesson and role.
textbook-lesson.limits.calculus-limits-practice-exam-b-answer-key,/subjects/math/calculus/limits-continuity/unit/limits/practice-exam-b/answer-key/,quick-explanation,DEFERRED_EDITORIAL_REVIEW,,,,,,,,Candidate remains provisional because broad inferred concept/skill overlap does not prove an exact learner action.
textbook-lesson.limits.calculus-limits-practice-exam-b-answer-key,/subjects/math/calculus/limits-continuity/unit/limits/practice-exam-b/answer-key/,worked-example,NO_CANDIDATE,,,,,,,,No candidate was produced for this lesson and role.
textbook-lesson.limits.calculus-limits-practice-exam-b-answer-key,/subjects/math/calculus/limits-continuity/unit/limits/practice-exam-b/answer-key/,reference,DEFERRED_EDITORIAL_REVIEW,,,,,,,,Candidate remains provisional because broad inferred concept/skill overlap does not prove an exact learner action.
textbook-lesson.limits.calculus-limits-practice-exam-b-answer-key,/subjects/math/calculus/limits-continuity/unit/limits/practice-exam-b/answer-key/,tool-or-visual,NO_CANDIDATE,,,,,,,,No candidate was produced for this lesson and role.
textbook-lesson.limits.calculus-limits-prerequisite-diagnostic,/subjects/math/calculus/limits-continuity/unit/limits/prerequisite-diagnostic/,practice,NO_CANDIDATE,,,,,,,,No candidate was produced for this lesson and role.
textbook-lesson.limits.calculus-limits-prerequisite-diagnostic,/subjects/math/calculus/limits-continuity/unit/limits/prerequisite-diagnostic/,quick-explanation,DEFERRED_EDITORIAL_REVIEW,,,,,,,,Candidate remains provisional because broad inferred concept/skill overlap does not prove an exact learner action.
textbook-lesson.limits.calculus-limits-prerequisite-diagnostic,/subjects/math/calculus/limits-continuity/unit/limits/prerequisite-diagnostic/,worked-example,NO_CANDIDATE,,,,,,,,No candidate was produced for this lesson and role.
textbook-lesson.limits.calculus-limits-prerequisite-diagnostic,/subjects/math/calculus/limits-continuity/unit/limits/prerequisite-diagnostic/,reference,DEFERRED_EDITORIAL_REVIEW,,,,,,,,Candidate remains provisional because broad inferred concept/skill overlap does not prove an exact learner action.
textbook-lesson.limits.calculus-limits-prerequisite-diagnostic,/subjects/math/calculus/limits-continuity/unit/limits/prerequisite-diagnostic/,tool-or-visual,NO_CANDIDATE,,,,,,,,No candidate was produced for this lesson and role.
textbook-lesson.limits.calculus-limits-radicals-at-infinity,/subjects/math/calculus/limits-continuity/unit/limits/radicals-at-infinity/,practice,NO_CANDIDATE,,,,,,,,No candidate was produced for this lesson and role.
textbook-lesson.limits.calculus-limits-radicals-at-infinity,/subjects/math/calculus/limits-continuity/unit/limits/radicals-at-infinity/,quick-explanation,DEFERRED_EDITORIAL_REVIEW,,,,,,,,Candidate remains provisional because broad inferred concept/skill overlap does not prove an exact learner action.
textbook-lesson.limits.calculus-limits-radicals-at-infinity,/subjects/math/calculus/limits-continuity/unit/limits/radicals-at-infinity/,worked-example,NO_CANDIDATE,,,,,,,,No candidate was produced for this lesson and role.
textbook-lesson.limits.calculus-limits-radicals-at-infinity,/subjects/math/calculus/limits-continuity/unit/limits/radicals-at-infinity/,reference,DEFERRED_EDITORIAL_REVIEW,,,,,,,,Candidate remains provisional because broad inferred concept/skill overlap does not prove an exact learner action.
textbook-lesson.limits.calculus-limits-radicals-at-infinity,/subjects/math/calculus/limits-continuity/unit/limits/radicals-at-infinity/,tool-or-visual,NO_CANDIDATE,,,,,,,,No candidate was produced for this lesson and role.
textbook-lesson.limits.calculus-limits-ratio-of-sines,/subjects/math/calculus/limits-continuity/unit/limits/ratio-of-sines/,practice,NO_CANDIDATE,,,,,,,,No candidate was produced for this lesson and role.
textbook-lesson.limits.calculus-limits-ratio-of-sines,/subjects/math/calculus/limits-continuity/unit/limits/ratio-of-sines/,quick-explanation,DEFERRED_EDITORIAL_REVIEW,,,,,,,,Candidate remains provisional because broad inferred concept/skill overlap does not prove an exact learner action.
textbook-lesson.limits.calculus-limits-ratio-of-sines,/subjects/math/calculus/limits-continuity/unit/limits/ratio-of-sines/,worked-example,NO_CANDIDATE,,,,,,,,No candidate was produced for this lesson and role.
textbook-lesson.limits.calculus-limits-ratio-of-sines,/subjects/math/calculus/limits-continuity/unit/limits/ratio-of-sines/,reference,DEFERRED_EDITORIAL_REVIEW,,,,,,,,Candidate remains provisional because broad inferred concept/skill overlap does not prove an exact learner action.
textbook-lesson.limits.calculus-limits-ratio-of-sines,/subjects/math/calculus/limits-continuity/unit/limits/ratio-of-sines/,tool-or-visual,NO_CANDIDATE,,,,,,,,No candidate was produced for this lesson and role.
textbook-lesson.limits.calculus-limits-rationalizing-radicals,/subjects/math/calculus/limits-continuity/unit/limits/rationalizing-radicals/,practice,NO_CANDIDATE,,,,,,,,No candidate was produced for this lesson and role.
textbook-lesson.limits.calculus-limits-rationalizing-radicals,/subjects/math/calculus/limits-continuity/unit/limits/rationalizing-radicals/,quick-explanation,DEFERRED_EDITORIAL_REVIEW,,,,,,,,Candidate remains provisional because broad inferred concept/skill overlap does not prove an exact learner action.
textbook-lesson.limits.calculus-limits-rationalizing-radicals,/subjects/math/calculus/limits-continuity/unit/limits/rationalizing-radicals/,worked-example,NO_CANDIDATE,,,,,,,,No candidate was produced for this lesson and role.
textbook-lesson.limits.calculus-limits-rationalizing-radicals,/subjects/math/calculus/limits-continuity/unit/limits/rationalizing-radicals/,reference,DEFERRED_EDITORIAL_REVIEW,,,,,,,,Candidate remains provisional because broad inferred concept/skill overlap does not prove an exact learner action.
textbook-lesson.limits.calculus-limits-rationalizing-radicals,/subjects/math/calculus/limits-continuity/unit/limits/rationalizing-radicals/,tool-or-visual,NO_CANDIDATE,,,,,,,,No candidate was produced for this lesson and role.
textbook-lesson.limits.calculus-limits-read-limits-from-graphs,/subjects/math/calculus/limits-continuity/unit/limits/read-limits-from-graphs/,practice,NO_CANDIDATE,,,,,,,,No candidate was produced for this lesson and role.
textbook-lesson.limits.calculus-limits-read-limits-from-graphs,/subjects/math/calculus/limits-continuity/unit/limits/read-limits-from-graphs/,quick-explanation,DEFERRED_EDITORIAL_REVIEW,,,,,,,,Candidate remains provisional because broad inferred concept/skill overlap does not prove an exact learner action.
textbook-lesson.limits.calculus-limits-read-limits-from-graphs,/subjects/math/calculus/limits-continuity/unit/limits/read-limits-from-graphs/,worked-example,NO_CANDIDATE,,,,,,,,No candidate was produced for this lesson and role.
textbook-lesson.limits.calculus-limits-read-limits-from-graphs,/subjects/math/calculus/limits-continuity/unit/limits/read-limits-from-graphs/,reference,DEFERRED_EDITORIAL_REVIEW,,,,,,,,Candidate remains provisional because broad inferred concept/skill overlap does not prove an exact learner action.
textbook-lesson.limits.calculus-limits-read-limits-from-graphs,/subjects/math/calculus/limits-continuity/unit/limits/read-limits-from-graphs/,tool-or-visual,NO_CANDIDATE,,,,,,,,No candidate was produced for this lesson and role.
textbook-lesson.limits.calculus-limits-scaled-sine-tangent,/subjects/math/calculus/limits-continuity/unit/limits/scaled-sine-tangent/,practice,NO_CANDIDATE,,,,,,,,No candidate was produced for this lesson and role.
textbook-lesson.limits.calculus-limits-scaled-sine-tangent,/subjects/math/calculus/limits-continuity/unit/limits/scaled-sine-tangent/,quick-explanation,DEFERRED_EDITORIAL_REVIEW,,,,,,,,Candidate remains provisional because broad inferred concept/skill overlap does not prove an exact learner action.
textbook-lesson.limits.calculus-limits-scaled-sine-tangent,/subjects/math/calculus/limits-continuity/unit/limits/scaled-sine-tangent/,worked-example,NO_CANDIDATE,,,,,,,,No candidate was produced for this lesson and role.
textbook-lesson.limits.calculus-limits-scaled-sine-tangent,/subjects/math/calculus/limits-continuity/unit/limits/scaled-sine-tangent/,reference,DEFERRED_EDITORIAL_REVIEW,,,,,,,,Candidate remains provisional because broad inferred concept/skill overlap does not prove an exact learner action.
textbook-lesson.limits.calculus-limits-scaled-sine-tangent,/subjects/math/calculus/limits-continuity/unit/limits/scaled-sine-tangent/,tool-or-visual,NO_CANDIDATE,,,,,,,,No candidate was produced for this lesson and role.
textbook-lesson.limits.calculus-limits-sin-x-over-x-proof,/subjects/math/calculus/limits-continuity/unit/limits/sin-x-over-x-proof/,practice,NO_CANDIDATE,,,,,,,,No candidate was produced for this lesson and role.
textbook-lesson.limits.calculus-limits-sin-x-over-x-proof,/subjects/math/calculus/limits-continuity/unit/limits/sin-x-over-x-proof/,quick-explanation,DEFERRED_EDITORIAL_REVIEW,,,,,,,,Candidate remains provisional because broad inferred concept/skill overlap does not prove an exact learner action.
textbook-lesson.limits.calculus-limits-sin-x-over-x-proof,/subjects/math/calculus/limits-continuity/unit/limits/sin-x-over-x-proof/,worked-example,NO_CANDIDATE,,,,,,,,No candidate was produced for this lesson and role.
textbook-lesson.limits.calculus-limits-sin-x-over-x-proof,/subjects/math/calculus/limits-continuity/unit/limits/sin-x-over-x-proof/,reference,DEFERRED_EDITORIAL_REVIEW,,,,,,,,Candidate remains provisional because broad inferred concept/skill overlap does not prove an exact learner action.
textbook-lesson.limits.calculus-limits-sin-x-over-x-proof,/subjects/math/calculus/limits-continuity/unit/limits/sin-x-over-x-proof/,tool-or-visual,NO_CANDIDATE,,,,,,,,No candidate was produced for this lesson and role.
textbook-lesson.limits.calculus-limits-sin-x-over-x,/subjects/math/calculus/limits-continuity/unit/limits/sin-x-over-x/,practice,NO_CANDIDATE,,,,,,,,No candidate was produced for this lesson and role.
textbook-lesson.limits.calculus-limits-sin-x-over-x,/subjects/math/calculus/limits-continuity/unit/limits/sin-x-over-x/,quick-explanation,DEFERRED_EDITORIAL_REVIEW,,,,,,,,Candidate remains provisional because broad inferred concept/skill overlap does not prove an exact learner action.
textbook-lesson.limits.calculus-limits-sin-x-over-x,/subjects/math/calculus/limits-continuity/unit/limits/sin-x-over-x/,worked-example,NO_CANDIDATE,,,,,,,,No candidate was produced for this lesson and role.
textbook-lesson.limits.calculus-limits-sin-x-over-x,/subjects/math/calculus/limits-continuity/unit/limits/sin-x-over-x/,reference,DEFERRED_EDITORIAL_REVIEW,,,,,,,,Candidate remains provisional because broad inferred concept/skill overlap does not prove an exact learner action.
textbook-lesson.limits.calculus-limits-sin-x-over-x,/subjects/math/calculus/limits-continuity/unit/limits/sin-x-over-x/,tool-or-visual,NO_CANDIDATE,,,,,,,,No candidate was produced for this lesson and role.
textbook-lesson.limits.calculus-limits-slant-asymptotes,/subjects/math/calculus/limits-continuity/unit/limits/slant-asymptotes/,practice,NO_CANDIDATE,,,,,,,,No candidate was produced for this lesson and role.
textbook-lesson.limits.calculus-limits-slant-asymptotes,/subjects/math/calculus/limits-continuity/unit/limits/slant-asymptotes/,quick-explanation,DEFERRED_EDITORIAL_REVIEW,,,,,,,,Candidate remains provisional because broad inferred concept/skill overlap does not prove an exact learner action.
textbook-lesson.limits.calculus-limits-slant-asymptotes,/subjects/math/calculus/limits-continuity/unit/limits/slant-asymptotes/,worked-example,NO_CANDIDATE,,,,,,,,No candidate was produced for this lesson and role.
textbook-lesson.limits.calculus-limits-slant-asymptotes,/subjects/math/calculus/limits-continuity/unit/limits/slant-asymptotes/,reference,DEFERRED_EDITORIAL_REVIEW,,,,,,,,Candidate remains provisional because broad inferred concept/skill overlap does not prove an exact learner action.
textbook-lesson.limits.calculus-limits-slant-asymptotes,/subjects/math/calculus/limits-continuity/unit/limits/slant-asymptotes/,tool-or-visual,NO_CANDIDATE,,,,,,,,No candidate was produced for this lesson and role.
textbook-lesson.limits.calculus-limits-squeeze-theorem,/subjects/math/calculus/limits-continuity/unit/limits/squeeze-theorem/,practice,NO_CANDIDATE,,,,,,,,No candidate was produced for this lesson and role.
textbook-lesson.limits.calculus-limits-squeeze-theorem,/subjects/math/calculus/limits-continuity/unit/limits/squeeze-theorem/,quick-explanation,DEFERRED_EDITORIAL_REVIEW,,,,,,,,Candidate remains provisional because broad inferred concept/skill overlap does not prove an exact learner action.
textbook-lesson.limits.calculus-limits-squeeze-theorem,/subjects/math/calculus/limits-continuity/unit/limits/squeeze-theorem/,worked-example,NO_CANDIDATE,,,,,,,,No candidate was produced for this lesson and role.
textbook-lesson.limits.calculus-limits-squeeze-theorem,/subjects/math/calculus/limits-continuity/unit/limits/squeeze-theorem/,reference,DEFERRED_EDITORIAL_REVIEW,,,,,,,,Candidate remains provisional because broad inferred concept/skill overlap does not prove an exact learner action.
textbook-lesson.limits.calculus-limits-squeeze-theorem,/subjects/math/calculus/limits-continuity/unit/limits/squeeze-theorem/,tool-or-visual,NO_CANDIDATE,,,,,,,,No candidate was produced for this lesson and role.
textbook-lesson.limits.calculus-limits-unit-review,/subjects/math/calculus/limits-continuity/unit/limits/unit-review/,practice,NO_CANDIDATE,,,,,,,,No candidate was produced for this lesson and role.
textbook-lesson.limits.calculus-limits-unit-review,/subjects/math/calculus/limits-continuity/unit/limits/unit-review/,quick-explanation,DEFERRED_EDITORIAL_REVIEW,,,,,,,,Candidate remains provisional because broad inferred concept/skill overlap does not prove an exact learner action.
textbook-lesson.limits.calculus-limits-unit-review,/subjects/math/calculus/limits-continuity/unit/limits/unit-review/,worked-example,NO_CANDIDATE,,,,,,,,No candidate was produced for this lesson and role.
textbook-lesson.limits.calculus-limits-unit-review,/subjects/math/calculus/limits-continuity/unit/limits/unit-review/,reference,DEFERRED_EDITORIAL_REVIEW,,,,,,,,Candidate remains provisional because broad inferred concept/skill overlap does not prove an exact learner action.
textbook-lesson.limits.calculus-limits-unit-review,/subjects/math/calculus/limits-continuity/unit/limits/unit-review/,tool-or-visual,NO_CANDIDATE,,,,,,,,No candidate was produced for this lesson and role.
textbook-lesson.limits.calculus-limits-vertical-asymptotes,/subjects/math/calculus/limits-continuity/unit/limits/vertical-asymptotes/,practice,NO_CANDIDATE,,,,,,,,No candidate was produced for this lesson and role.
textbook-lesson.limits.calculus-limits-vertical-asymptotes,/subjects/math/calculus/limits-continuity/unit/limits/vertical-asymptotes/,quick-explanation,DEFERRED_EDITORIAL_REVIEW,,,,,,,,Candidate remains provisional because broad inferred concept/skill overlap does not prove an exact learner action.
textbook-lesson.limits.calculus-limits-vertical-asymptotes,/subjects/math/calculus/limits-continuity/unit/limits/vertical-asymptotes/,worked-example,NO_CANDIDATE,,,,,,,,No candidate was produced for this lesson and role.
textbook-lesson.limits.calculus-limits-vertical-asymptotes,/subjects/math/calculus/limits-continuity/unit/limits/vertical-asymptotes/,reference,DEFERRED_EDITORIAL_REVIEW,,,,,,,,Candidate remains provisional because broad inferred concept/skill overlap does not prove an exact learner action.
textbook-lesson.limits.calculus-limits-vertical-asymptotes,/subjects/math/calculus/limits-continuity/unit/limits/vertical-asymptotes/,tool-or-visual,NO_CANDIDATE,,,,,,,,No candidate was produced for this lesson and role.
textbook-lesson.limits.calculus-limits-what-a-limit-means,/subjects/math/calculus/limits-continuity/unit/limits/what-a-limit-means/,practice,NO_CANDIDATE,,,,,,,,No candidate was produced for this lesson and role.
textbook-lesson.limits.calculus-limits-what-a-limit-means,/subjects/math/calculus/limits-continuity/unit/limits/what-a-limit-means/,quick-explanation,DEFERRED_EDITORIAL_REVIEW,,,,,,,,Candidate remains provisional because broad inferred concept/skill overlap does not prove an exact learner action.
textbook-lesson.limits.calculus-limits-what-a-limit-means,/subjects/math/calculus/limits-continuity/unit/limits/what-a-limit-means/,worked-example,NO_CANDIDATE,,,,,,,,No candidate was produced for this lesson and role.
textbook-lesson.limits.calculus-limits-what-a-limit-means,/subjects/math/calculus/limits-continuity/unit/limits/what-a-limit-means/,reference,DEFERRED_EDITORIAL_REVIEW,,,,,,,,Candidate remains provisional because broad inferred concept/skill overlap does not prove an exact learner action.
textbook-lesson.limits.calculus-limits-what-a-limit-means,/subjects/math/calculus/limits-continuity/unit/limits/what-a-limit-means/,tool-or-visual,NO_CANDIDATE,,,,,,,,No candidate was produced for this lesson and role.
textbook-lesson.limits.calculus-limits-when-a-limit-does-not-exist,/subjects/math/calculus/limits-continuity/unit/limits/when-a-limit-does-not-exist/,practice,NO_CANDIDATE,,,,,,,,No candidate was produced for this lesson and role.
textbook-lesson.limits.calculus-limits-when-a-limit-does-not-exist,/subjects/math/calculus/limits-continuity/unit/limits/when-a-limit-does-not-exist/,quick-explanation,DEFERRED_EDITORIAL_REVIEW,,,,,,,,Candidate remains provisional because broad inferred concept/skill overlap does not prove an exact learner action.
textbook-lesson.limits.calculus-limits-when-a-limit-does-not-exist,/subjects/math/calculus/limits-continuity/unit/limits/when-a-limit-does-not-exist/,worked-example,NO_CANDIDATE,,,,,,,,No candidate was produced for this lesson and role.
textbook-lesson.limits.calculus-limits-when-a-limit-does-not-exist,/subjects/math/calculus/limits-continuity/unit/limits/when-a-limit-does-not-exist/,reference,DEFERRED_EDITORIAL_REVIEW,,,,,,,,Candidate remains provisional because broad inferred concept/skill overlap does not prove an exact learner action.
textbook-lesson.limits.calculus-limits-when-a-limit-does-not-exist,/subjects/math/calculus/limits-continuity/unit/limits/when-a-limit-does-not-exist/,tool-or-visual,NO_CANDIDATE,,,,,,,,No candidate was produced for this lesson and role.
textbook-lesson.limits.calculus-limits-why-limits-matter,/subjects/math/calculus/limits-continuity/unit/limits/why-limits-matter/,practice,NO_CANDIDATE,,,,,,,,No candidate was produced for this lesson and role.
textbook-lesson.limits.calculus-limits-why-limits-matter,/subjects/math/calculus/limits-continuity/unit/limits/why-limits-matter/,quick-explanation,DEFERRED_EDITORIAL_REVIEW,,,,,,,,Candidate remains provisional because broad inferred concept/skill overlap does not prove an exact learner action.
textbook-lesson.limits.calculus-limits-why-limits-matter,/subjects/math/calculus/limits-continuity/unit/limits/why-limits-matter/,worked-example,NO_CANDIDATE,,,,,,,,No candidate was produced for this lesson and role.
textbook-lesson.limits.calculus-limits-why-limits-matter,/subjects/math/calculus/limits-continuity/unit/limits/why-limits-matter/,reference,DEFERRED_EDITORIAL_REVIEW,,,,,,,,Candidate remains provisional because broad inferred concept/skill overlap does not prove an exact learner action.
textbook-lesson.limits.calculus-limits-why-limits-matter,/subjects/math/calculus/limits-continuity/unit/limits/why-limits-matter/,tool-or-visual,NO_CANDIDATE,,,,,,,,No candidate was produced for this lesson and role.
textbook-lesson.limits.calculus-limits-zero-over-zero,/subjects/math/calculus/limits-continuity/unit/limits/zero-over-zero/,practice,NO_CANDIDATE,,,,,,,,No candidate was produced for this lesson and role.
textbook-lesson.limits.calculus-limits-zero-over-zero,/subjects/math/calculus/limits-continuity/unit/limits/zero-over-zero/,quick-explanation,DEFERRED_EDITORIAL_REVIEW,,,,,,,,Candidate remains provisional because broad inferred concept/skill overlap does not prove an exact learner action.
textbook-lesson.limits.calculus-limits-zero-over-zero,/subjects/math/calculus/limits-continuity/unit/limits/zero-over-zero/,worked-example,NO_CANDIDATE,,,,,,,,No candidate was produced for this lesson and role.
textbook-lesson.limits.calculus-limits-zero-over-zero,/subjects/math/calculus/limits-continuity/unit/limits/zero-over-zero/,reference,DEFERRED_EDITORIAL_REVIEW,,,,,,,,Candidate remains provisional because broad inferred concept/skill overlap does not prove an exact learner action.
textbook-lesson.limits.calculus-limits-zero-over-zero,/subjects/math/calculus/limits-continuity/unit/limits/zero-over-zero/,tool-or-visual,NO_CANDIDATE,,,,,,,,No candidate was produced for this lesson and role.
textbook-lesson.limits.calculus-study-correct-practice-test,/subjects/math/calculus/limits-continuity/unit/study/correct-practice-test/,practice,NO_CANDIDATE,,,,,,,,No candidate was produced for this lesson and role.
textbook-lesson.limits.calculus-study-correct-practice-test,/subjects/math/calculus/limits-continuity/unit/study/correct-practice-test/,quick-explanation,DEFERRED_EDITORIAL_REVIEW,,,,,,,,Candidate remains provisional because broad inferred concept/skill overlap does not prove an exact learner action.
textbook-lesson.limits.calculus-study-correct-practice-test,/subjects/math/calculus/limits-continuity/unit/study/correct-practice-test/,worked-example,NO_CANDIDATE,,,,,,,,No candidate was produced for this lesson and role.
textbook-lesson.limits.calculus-study-correct-practice-test,/subjects/math/calculus/limits-continuity/unit/study/correct-practice-test/,reference,DEFERRED_EDITORIAL_REVIEW,,,,,,,,Candidate remains provisional because broad inferred concept/skill overlap does not prove an exact learner action.
textbook-lesson.limits.calculus-study-correct-practice-test,/subjects/math/calculus/limits-continuity/unit/study/correct-practice-test/,tool-or-visual,NO_CANDIDATE,,,,,,,,No candidate was produced for this lesson and role.
textbook-lesson.subjects-math-calculus-power-series-and-taylor-series-algebra-with-power-series,/subjects/math/calculus/power-series-and-taylor-series/algebra-with-power-series/,practice,DEFERRED_EDITORIAL_REVIEW,,,,,,,,Candidate remains provisional because broad inferred concept/skill overlap does not prove an exact learner action.
textbook-lesson.subjects-math-calculus-power-series-and-taylor-series-algebra-with-power-series,/subjects/math/calculus/power-series-and-taylor-series/algebra-with-power-series/,quick-explanation,NO_CANDIDATE,,,,,,,,No candidate was produced for this lesson and role.
textbook-lesson.subjects-math-calculus-power-series-and-taylor-series-algebra-with-power-series,/subjects/math/calculus/power-series-and-taylor-series/algebra-with-power-series/,worked-example,DEFERRED_EDITORIAL_REVIEW,,,,,,,,Candidate remains provisional because broad inferred concept/skill overlap does not prove an exact learner action.
textbook-lesson.subjects-math-calculus-power-series-and-taylor-series-algebra-with-power-series,/subjects/math/calculus/power-series-and-taylor-series/algebra-with-power-series/,reference,DEFERRED_EDITORIAL_REVIEW,,,,,,,,Candidate remains provisional because broad inferred concept/skill overlap does not prove an exact learner action.
textbook-lesson.subjects-math-calculus-power-series-and-taylor-series-algebra-with-power-series,/subjects/math/calculus/power-series-and-taylor-series/algebra-with-power-series/,tool-or-visual,DEFERRED_EDITORIAL_REVIEW,,,,,,,,Candidate remains provisional because broad inferred concept/skill overlap does not prove an exact learner action.
textbook-lesson.subjects-math-calculus-power-series-and-taylor-series-alternating-series-approximation,/subjects/math/calculus/power-series-and-taylor-series/alternating-series-approximation/,practice,DEFERRED_EDITORIAL_REVIEW,,,,,,,,Candidate remains provisional because broad inferred concept/skill overlap does not prove an exact learner action.
textbook-lesson.subjects-math-calculus-power-series-and-taylor-series-alternating-series-approximation,/subjects/math/calculus/power-series-and-taylor-series/alternating-series-approximation/,quick-explanation,NO_CANDIDATE,,,,,,,,No candidate was produced for this lesson and role.
textbook-lesson.subjects-math-calculus-power-series-and-taylor-series-alternating-series-approximation,/subjects/math/calculus/power-series-and-taylor-series/alternating-series-approximation/,worked-example,DEFERRED_EDITORIAL_REVIEW,,,,,,,,Candidate remains provisional because broad inferred concept/skill overlap does not prove an exact learner action.
textbook-lesson.subjects-math-calculus-power-series-and-taylor-series-alternating-series-approximation,/subjects/math/calculus/power-series-and-taylor-series/alternating-series-approximation/,reference,DEFERRED_EDITORIAL_REVIEW,,,,,,,,Candidate remains provisional because broad inferred concept/skill overlap does not prove an exact learner action.
textbook-lesson.subjects-math-calculus-power-series-and-taylor-series-alternating-series-approximation,/subjects/math/calculus/power-series-and-taylor-series/alternating-series-approximation/,tool-or-visual,DEFERRED_EDITORIAL_REVIEW,,,,,,,,Candidate remains provisional because broad inferred concept/skill overlap does not prove an exact learner action.
textbook-lesson.subjects-math-calculus-power-series-and-taylor-series-binomial-series,/subjects/math/calculus/power-series-and-taylor-series/binomial-series/,practice,DEFERRED_EDITORIAL_REVIEW,,,,,,,,Candidate remains provisional because broad inferred concept/skill overlap does not prove an exact learner action.
textbook-lesson.subjects-math-calculus-power-series-and-taylor-series-binomial-series,/subjects/math/calculus/power-series-and-taylor-series/binomial-series/,quick-explanation,NO_CANDIDATE,,,,,,,,No candidate was produced for this lesson and role.
textbook-lesson.subjects-math-calculus-power-series-and-taylor-series-binomial-series,/subjects/math/calculus/power-series-and-taylor-series/binomial-series/,worked-example,DEFERRED_EDITORIAL_REVIEW,,,,,,,,Candidate remains provisional because broad inferred concept/skill overlap does not prove an exact learner action.
textbook-lesson.subjects-math-calculus-power-series-and-taylor-series-binomial-series,/subjects/math/calculus/power-series-and-taylor-series/binomial-series/,reference,DEFERRED_EDITORIAL_REVIEW,,,,,,,,Candidate remains provisional because broad inferred concept/skill overlap does not prove an exact learner action.
textbook-lesson.subjects-math-calculus-power-series-and-taylor-series-binomial-series,/subjects/math/calculus/power-series-and-taylor-series/binomial-series/,tool-or-visual,DEFERRED_EDITORIAL_REVIEW,,,,,,,,Candidate remains provisional because broad inferred concept/skill overlap does not prove an exact learner action.
textbook-lesson.subjects-math-calculus-power-series-and-taylor-series-building-new-series,/subjects/math/calculus/power-series-and-taylor-series/building-new-series/,practice,DEFERRED_EDITORIAL_REVIEW,,,,,,,,Candidate remains provisional because broad inferred concept/skill overlap does not prove an exact learner action.
textbook-lesson.subjects-math-calculus-power-series-and-taylor-series-building-new-series,/subjects/math/calculus/power-series-and-taylor-series/building-new-series/,quick-explanation,NO_CANDIDATE,,,,,,,,No candidate was produced for this lesson and role.
textbook-lesson.subjects-math-calculus-power-series-and-taylor-series-building-new-series,/subjects/math/calculus/power-series-and-taylor-series/building-new-series/,worked-example,DEFERRED_EDITORIAL_REVIEW,,,,,,,,Candidate remains provisional because broad inferred concept/skill overlap does not prove an exact learner action.
textbook-lesson.subjects-math-calculus-power-series-and-taylor-series-building-new-series,/subjects/math/calculus/power-series-and-taylor-series/building-new-series/,reference,DEFERRED_EDITORIAL_REVIEW,,,,,,,,Candidate remains provisional because broad inferred concept/skill overlap does not prove an exact learner action.
textbook-lesson.subjects-math-calculus-power-series-and-taylor-series-building-new-series,/subjects/math/calculus/power-series-and-taylor-series/building-new-series/,tool-or-visual,DEFERRED_EDITORIAL_REVIEW,,,,,,,,Candidate remains provisional because broad inferred concept/skill overlap does not prove an exact learner action.
textbook-lesson.subjects-math-calculus-power-series-and-taylor-series-common-errors,/subjects/math/calculus/power-series-and-taylor-series/common-errors/,practice,DEFERRED_EDITORIAL_REVIEW,,,,,,,,Candidate remains provisional because broad inferred concept/skill overlap does not prove an exact learner action.
textbook-lesson.subjects-math-calculus-power-series-and-taylor-series-common-errors,/subjects/math/calculus/power-series-and-taylor-series/common-errors/,quick-explanation,NO_CANDIDATE,,,,,,,,No candidate was produced for this lesson and role.
textbook-lesson.subjects-math-calculus-power-series-and-taylor-series-common-errors,/subjects/math/calculus/power-series-and-taylor-series/common-errors/,worked-example,DEFERRED_EDITORIAL_REVIEW,,,,,,,,Candidate remains provisional because broad inferred concept/skill overlap does not prove an exact learner action.
textbook-lesson.subjects-math-calculus-power-series-and-taylor-series-common-errors,/subjects/math/calculus/power-series-and-taylor-series/common-errors/,reference,DEFERRED_EDITORIAL_REVIEW,,,,,,,,Candidate remains provisional because broad inferred concept/skill overlap does not prove an exact learner action.
textbook-lesson.subjects-math-calculus-power-series-and-taylor-series-common-errors,/subjects/math/calculus/power-series-and-taylor-series/common-errors/,tool-or-visual,DEFERRED_EDITORIAL_REVIEW,,,,,,,,Candidate remains provisional because broad inferred concept/skill overlap does not prove an exact learner action.
textbook-lesson.subjects-math-calculus-power-series-and-taylor-series-concept-quiz,/subjects/math/calculus/power-series-and-taylor-series/concept-quiz/,practice,DEFERRED_EDITORIAL_REVIEW,,,,,,,,Candidate remains provisional because broad inferred concept/skill overlap does not prove an exact learner action.
textbook-lesson.subjects-math-calculus-power-series-and-taylor-series-concept-quiz,/subjects/math/calculus/power-series-and-taylor-series/concept-quiz/,quick-explanation,NO_CANDIDATE,,,,,,,,No candidate was produced for this lesson and role.
textbook-lesson.subjects-math-calculus-power-series-and-taylor-series-concept-quiz,/subjects/math/calculus/power-series-and-taylor-series/concept-quiz/,worked-example,DEFERRED_EDITORIAL_REVIEW,,,,,,,,Candidate remains provisional because broad inferred concept/skill overlap does not prove an exact learner action.
textbook-lesson.subjects-math-calculus-power-series-and-taylor-series-concept-quiz,/subjects/math/calculus/power-series-and-taylor-series/concept-quiz/,reference,DEFERRED_EDITORIAL_REVIEW,,,,,,,,Candidate remains provisional because broad inferred concept/skill overlap does not prove an exact learner action.
textbook-lesson.subjects-math-calculus-power-series-and-taylor-series-concept-quiz,/subjects/math/calculus/power-series-and-taylor-series/concept-quiz/,tool-or-visual,DEFERRED_EDITORIAL_REVIEW,,,,,,,,Candidate remains provisional because broad inferred concept/skill overlap does not prove an exact learner action.
textbook-lesson.subjects-math-calculus-power-series-and-taylor-series-differentiating-and-integrating-power-series,/subjects/math/calculus/power-series-and-taylor-series/differentiating-and-integrating-power-series/,practice,DEFERRED_EDITORIAL_REVIEW,,,,,,,,Candidate remains provisional because broad inferred concept/skill overlap does not prove an exact learner action.
textbook-lesson.subjects-math-calculus-power-series-and-taylor-series-differentiating-and-integrating-power-series,/subjects/math/calculus/power-series-and-taylor-series/differentiating-and-integrating-power-series/,quick-explanation,NO_CANDIDATE,,,,,,,,No candidate was produced for this lesson and role.
textbook-lesson.subjects-math-calculus-power-series-and-taylor-series-differentiating-and-integrating-power-series,/subjects/math/calculus/power-series-and-taylor-series/differentiating-and-integrating-power-series/,worked-example,DEFERRED_EDITORIAL_REVIEW,,,,,,,,Candidate remains provisional because broad inferred concept/skill overlap does not prove an exact learner action.
textbook-lesson.subjects-math-calculus-power-series-and-taylor-series-differentiating-and-integrating-power-series,/subjects/math/calculus/power-series-and-taylor-series/differentiating-and-integrating-power-series/,reference,DEFERRED_EDITORIAL_REVIEW,,,,,,,,Candidate remains provisional because broad inferred concept/skill overlap does not prove an exact learner action.
textbook-lesson.subjects-math-calculus-power-series-and-taylor-series-differentiating-and-integrating-power-series,/subjects/math/calculus/power-series-and-taylor-series/differentiating-and-integrating-power-series/,tool-or-visual,DEFERRED_EDITORIAL_REVIEW,,,,,,,,Candidate remains provisional because broad inferred concept/skill overlap does not prove an exact learner action.
textbook-lesson.subjects-math-calculus-power-series-and-taylor-series-endpoint-testing,/subjects/math/calculus/power-series-and-taylor-series/endpoint-testing/,practice,DEFERRED_EDITORIAL_REVIEW,,,,,,,,Candidate remains provisional because broad inferred concept/skill overlap does not prove an exact learner action.
textbook-lesson.subjects-math-calculus-power-series-and-taylor-series-endpoint-testing,/subjects/math/calculus/power-series-and-taylor-series/endpoint-testing/,quick-explanation,NO_CANDIDATE,,,,,,,,No candidate was produced for this lesson and role.
textbook-lesson.subjects-math-calculus-power-series-and-taylor-series-endpoint-testing,/subjects/math/calculus/power-series-and-taylor-series/endpoint-testing/,worked-example,DEFERRED_EDITORIAL_REVIEW,,,,,,,,Candidate remains provisional because broad inferred concept/skill overlap does not prove an exact learner action.
textbook-lesson.subjects-math-calculus-power-series-and-taylor-series-endpoint-testing,/subjects/math/calculus/power-series-and-taylor-series/endpoint-testing/,reference,DEFERRED_EDITORIAL_REVIEW,,,,,,,,Candidate remains provisional because broad inferred concept/skill overlap does not prove an exact learner action.
textbook-lesson.subjects-math-calculus-power-series-and-taylor-series-endpoint-testing,/subjects/math/calculus/power-series-and-taylor-series/endpoint-testing/,tool-or-visual,DEFERRED_EDITORIAL_REVIEW,,,,,,,,Candidate remains provisional because broad inferred concept/skill overlap does not prove an exact learner action.
textbook-lesson.subjects-math-calculus-power-series-and-taylor-series-geometric-series-library,/subjects/math/calculus/power-series-and-taylor-series/geometric-series-library/,practice,DEFERRED_EDITORIAL_REVIEW,,,,,,,,Candidate remains provisional because broad inferred concept/skill overlap does not prove an exact learner action.
textbook-lesson.subjects-math-calculus-power-series-and-taylor-series-geometric-series-library,/subjects/math/calculus/power-series-and-taylor-series/geometric-series-library/,quick-explanation,NO_CANDIDATE,,,,,,,,No candidate was produced for this lesson and role.
textbook-lesson.subjects-math-calculus-power-series-and-taylor-series-geometric-series-library,/subjects/math/calculus/power-series-and-taylor-series/geometric-series-library/,worked-example,DEFERRED_EDITORIAL_REVIEW,,,,,,,,Candidate remains provisional because broad inferred concept/skill overlap does not prove an exact learner action.
textbook-lesson.subjects-math-calculus-power-series-and-taylor-series-geometric-series-library,/subjects/math/calculus/power-series-and-taylor-series/geometric-series-library/,reference,DEFERRED_EDITORIAL_REVIEW,,,,,,,,Candidate remains provisional because broad inferred concept/skill overlap does not prove an exact learner action.
textbook-lesson.subjects-math-calculus-power-series-and-taylor-series-geometric-series-library,/subjects/math/calculus/power-series-and-taylor-series/geometric-series-library/,tool-or-visual,NO_CANDIDATE,,,,,,,,No candidate was produced for this lesson and role.
textbook-lesson.subjects-math-calculus-power-series-and-taylor-series-logarithm-and-arctangent-series,/subjects/math/calculus/power-series-and-taylor-series/logarithm-and-arctangent-series/,practice,DEFERRED_EDITORIAL_REVIEW,,,,,,,,Candidate remains provisional because broad inferred concept/skill overlap does not prove an exact learner action.
textbook-lesson.subjects-math-calculus-power-series-and-taylor-series-logarithm-and-arctangent-series,/subjects/math/calculus/power-series-and-taylor-series/logarithm-and-arctangent-series/,quick-explanation,NO_CANDIDATE,,,,,,,,No candidate was produced for this lesson and role.
textbook-lesson.subjects-math-calculus-power-series-and-taylor-series-logarithm-and-arctangent-series,/subjects/math/calculus/power-series-and-taylor-series/logarithm-and-arctangent-series/,worked-example,DEFERRED_EDITORIAL_REVIEW,,,,,,,,Candidate remains provisional because broad inferred concept/skill overlap does not prove an exact learner action.
textbook-lesson.subjects-math-calculus-power-series-and-taylor-series-logarithm-and-arctangent-series,/subjects/math/calculus/power-series-and-taylor-series/logarithm-and-arctangent-series/,reference,DEFERRED_EDITORIAL_REVIEW,,,,,,,,Candidate remains provisional because broad inferred concept/skill overlap does not prove an exact learner action.
textbook-lesson.subjects-math-calculus-power-series-and-taylor-series-logarithm-and-arctangent-series,/subjects/math/calculus/power-series-and-taylor-series/logarithm-and-arctangent-series/,tool-or-visual,DEFERRED_EDITORIAL_REVIEW,,,,,,,,Candidate remains provisional because broad inferred concept/skill overlap does not prove an exact learner action.
textbook-lesson.subjects-math-calculus-power-series-and-taylor-series-maclaurin-series,/subjects/math/calculus/power-series-and-taylor-series/maclaurin-series/,practice,DEFERRED_EDITORIAL_REVIEW,,,,,,,,Candidate remains provisional because broad inferred concept/skill overlap does not prove an exact learner action.
textbook-lesson.subjects-math-calculus-power-series-and-taylor-series-maclaurin-series,/subjects/math/calculus/power-series-and-taylor-series/maclaurin-series/,quick-explanation,NO_CANDIDATE,,,,,,,,No candidate was produced for this lesson and role.
textbook-lesson.subjects-math-calculus-power-series-and-taylor-series-maclaurin-series,/subjects/math/calculus/power-series-and-taylor-series/maclaurin-series/,worked-example,DEFERRED_EDITORIAL_REVIEW,,,,,,,,Candidate remains provisional because broad inferred concept/skill overlap does not prove an exact learner action.
textbook-lesson.subjects-math-calculus-power-series-and-taylor-series-maclaurin-series,/subjects/math/calculus/power-series-and-taylor-series/maclaurin-series/,reference,DEFERRED_EDITORIAL_REVIEW,,,,,,,,Candidate remains provisional because broad inferred concept/skill overlap does not prove an exact learner action.
textbook-lesson.subjects-math-calculus-power-series-and-taylor-series-maclaurin-series,/subjects/math/calculus/power-series-and-taylor-series/maclaurin-series/,tool-or-visual,DEFERRED_EDITORIAL_REVIEW,,,,,,,,Candidate remains provisional because broad inferred concept/skill overlap does not prove an exact learner action.
textbook-lesson.subjects-math-calculus-power-series-and-taylor-series-mixed-practice,/subjects/math/calculus/power-series-and-taylor-series/mixed-practice/,practice,DEFERRED_EDITORIAL_REVIEW,,,,,,,,Candidate remains provisional because broad inferred concept/skill overlap does not prove an exact learner action.
textbook-lesson.subjects-math-calculus-power-series-and-taylor-series-mixed-practice,/subjects/math/calculus/power-series-and-taylor-series/mixed-practice/,quick-explanation,NO_CANDIDATE,,,,,,,,No candidate was produced for this lesson and role.
textbook-lesson.subjects-math-calculus-power-series-and-taylor-series-mixed-practice,/subjects/math/calculus/power-series-and-taylor-series/mixed-practice/,worked-example,DEFERRED_EDITORIAL_REVIEW,,,,,,,,Candidate remains provisional because broad inferred concept/skill overlap does not prove an exact learner action.
textbook-lesson.subjects-math-calculus-power-series-and-taylor-series-mixed-practice,/subjects/math/calculus/power-series-and-taylor-series/mixed-practice/,reference,DEFERRED_EDITORIAL_REVIEW,,,,,,,,Candidate remains provisional because broad inferred concept/skill overlap does not prove an exact learner action.
textbook-lesson.subjects-math-calculus-power-series-and-taylor-series-mixed-practice,/subjects/math/calculus/power-series-and-taylor-series/mixed-practice/,tool-or-visual,DEFERRED_EDITORIAL_REVIEW,,,,,,,,Candidate remains provisional because broad inferred concept/skill overlap does not prove an exact learner action.
textbook-lesson.subjects-math-calculus-power-series-and-taylor-series-power-series-as-functions,/subjects/math/calculus/power-series-and-taylor-series/power-series-as-functions/,practice,DEFERRED_EDITORIAL_REVIEW,,,,,,,,Candidate remains provisional because broad inferred concept/skill overlap does not prove an exact learner action.
textbook-lesson.subjects-math-calculus-power-series-and-taylor-series-power-series-as-functions,/subjects/math/calculus/power-series-and-taylor-series/power-series-as-functions/,quick-explanation,NO_CANDIDATE,,,,,,,,No candidate was produced for this lesson and role.
textbook-lesson.subjects-math-calculus-power-series-and-taylor-series-power-series-as-functions,/subjects/math/calculus/power-series-and-taylor-series/power-series-as-functions/,worked-example,DEFERRED_EDITORIAL_REVIEW,,,,,,,,Candidate remains provisional because broad inferred concept/skill overlap does not prove an exact learner action.
textbook-lesson.subjects-math-calculus-power-series-and-taylor-series-power-series-as-functions,/subjects/math/calculus/power-series-and-taylor-series/power-series-as-functions/,reference,DEFERRED_EDITORIAL_REVIEW,,,,,,,,Candidate remains provisional because broad inferred concept/skill overlap does not prove an exact learner action.
textbook-lesson.subjects-math-calculus-power-series-and-taylor-series-power-series-as-functions,/subjects/math/calculus/power-series-and-taylor-series/power-series-as-functions/,tool-or-visual,DEFERRED_EDITORIAL_REVIEW,,,,,,,,Candidate remains provisional because broad inferred concept/skill overlap does not prove an exact learner action.
textbook-lesson.subjects-math-calculus-power-series-and-taylor-series-power-series-review,/subjects/math/calculus/power-series-and-taylor-series/power-series-review/,practice,DEFERRED_EDITORIAL_REVIEW,,,,,,,,Candidate remains provisional because broad inferred concept/skill overlap does not prove an exact learner action.
textbook-lesson.subjects-math-calculus-power-series-and-taylor-series-power-series-review,/subjects/math/calculus/power-series-and-taylor-series/power-series-review/,quick-explanation,NO_CANDIDATE,,,,,,,,No candidate was produced for this lesson and role.
textbook-lesson.subjects-math-calculus-power-series-and-taylor-series-power-series-review,/subjects/math/calculus/power-series-and-taylor-series/power-series-review/,worked-example,DEFERRED_EDITORIAL_REVIEW,,,,,,,,Candidate remains provisional because broad inferred concept/skill overlap does not prove an exact learner action.
textbook-lesson.subjects-math-calculus-power-series-and-taylor-series-power-series-review,/subjects/math/calculus/power-series-and-taylor-series/power-series-review/,reference,DEFERRED_EDITORIAL_REVIEW,,,,,,,,Candidate remains provisional because broad inferred concept/skill overlap does not prove an exact learner action.
textbook-lesson.subjects-math-calculus-power-series-and-taylor-series-power-series-review,/subjects/math/calculus/power-series-and-taylor-series/power-series-review/,tool-or-visual,DEFERRED_EDITORIAL_REVIEW,,,,,,,,Candidate remains provisional because broad inferred concept/skill overlap does not prove an exact learner action.
textbook-lesson.subjects-math-calculus-power-series-and-taylor-series-practice-exam-a-answer-key,/subjects/math/calculus/power-series-and-taylor-series/practice-exam-a-answer-key/,practice,DEFERRED_EDITORIAL_REVIEW,,,,,,,,Candidate remains provisional because broad inferred concept/skill overlap does not prove an exact learner action.
textbook-lesson.subjects-math-calculus-power-series-and-taylor-series-practice-exam-a-answer-key,/subjects/math/calculus/power-series-and-taylor-series/practice-exam-a-answer-key/,quick-explanation,NO_CANDIDATE,,,,,,,,No candidate was produced for this lesson and role.
textbook-lesson.subjects-math-calculus-power-series-and-taylor-series-practice-exam-a-answer-key,/subjects/math/calculus/power-series-and-taylor-series/practice-exam-a-answer-key/,worked-example,DEFERRED_EDITORIAL_REVIEW,,,,,,,,Candidate remains provisional because broad inferred concept/skill overlap does not prove an exact learner action.
textbook-lesson.subjects-math-calculus-power-series-and-taylor-series-practice-exam-a-answer-key,/subjects/math/calculus/power-series-and-taylor-series/practice-exam-a-answer-key/,reference,DEFERRED_EDITORIAL_REVIEW,,,,,,,,Candidate remains provisional because broad inferred concept/skill overlap does not prove an exact learner action.
textbook-lesson.subjects-math-calculus-power-series-and-taylor-series-practice-exam-a-answer-key,/subjects/math/calculus/power-series-and-taylor-series/practice-exam-a-answer-key/,tool-or-visual,DEFERRED_EDITORIAL_REVIEW,,,,,,,,Candidate remains provisional because broad inferred concept/skill overlap does not prove an exact learner action.
textbook-lesson.subjects-math-calculus-power-series-and-taylor-series-practice-exam-a,/subjects/math/calculus/power-series-and-taylor-series/practice-exam-a/,practice,DEFERRED_EDITORIAL_REVIEW,,,,,,,,Candidate remains provisional because broad inferred concept/skill overlap does not prove an exact learner action.
textbook-lesson.subjects-math-calculus-power-series-and-taylor-series-practice-exam-a,/subjects/math/calculus/power-series-and-taylor-series/practice-exam-a/,quick-explanation,NO_CANDIDATE,,,,,,,,No candidate was produced for this lesson and role.
textbook-lesson.subjects-math-calculus-power-series-and-taylor-series-practice-exam-a,/subjects/math/calculus/power-series-and-taylor-series/practice-exam-a/,worked-example,DEFERRED_EDITORIAL_REVIEW,,,,,,,,Candidate remains provisional because broad inferred concept/skill overlap does not prove an exact learner action.
textbook-lesson.subjects-math-calculus-power-series-and-taylor-series-practice-exam-a,/subjects/math/calculus/power-series-and-taylor-series/practice-exam-a/,reference,DEFERRED_EDITORIAL_REVIEW,,,,,,,,Candidate remains provisional because broad inferred concept/skill overlap does not prove an exact learner action.
textbook-lesson.subjects-math-calculus-power-series-and-taylor-series-practice-exam-a,/subjects/math/calculus/power-series-and-taylor-series/practice-exam-a/,tool-or-visual,DEFERRED_EDITORIAL_REVIEW,,,,,,,,Candidate remains provisional because broad inferred concept/skill overlap does not prove an exact learner action.
textbook-lesson.subjects-math-calculus-power-series-and-taylor-series-practice-exam-b-answer-key,/subjects/math/calculus/power-series-and-taylor-series/practice-exam-b-answer-key/,practice,DEFERRED_EDITORIAL_REVIEW,,,,,,,,Candidate remains provisional because broad inferred concept/skill overlap does not prove an exact learner action.
textbook-lesson.subjects-math-calculus-power-series-and-taylor-series-practice-exam-b-answer-key,/subjects/math/calculus/power-series-and-taylor-series/practice-exam-b-answer-key/,quick-explanation,NO_CANDIDATE,,,,,,,,No candidate was produced for this lesson and role.
textbook-lesson.subjects-math-calculus-power-series-and-taylor-series-practice-exam-b-answer-key,/subjects/math/calculus/power-series-and-taylor-series/practice-exam-b-answer-key/,worked-example,DEFERRED_EDITORIAL_REVIEW,,,,,,,,Candidate remains provisional because broad inferred concept/skill overlap does not prove an exact learner action.
textbook-lesson.subjects-math-calculus-power-series-and-taylor-series-practice-exam-b-answer-key,/subjects/math/calculus/power-series-and-taylor-series/practice-exam-b-answer-key/,reference,DEFERRED_EDITORIAL_REVIEW,,,,,,,,Candidate remains provisional because broad inferred concept/skill overlap does not prove an exact learner action.
textbook-lesson.subjects-math-calculus-power-series-and-taylor-series-practice-exam-b-answer-key,/subjects/math/calculus/power-series-and-taylor-series/practice-exam-b-answer-key/,tool-or-visual,DEFERRED_EDITORIAL_REVIEW,,,,,,,,Candidate remains provisional because broad inferred concept/skill overlap does not prove an exact learner action.
textbook-lesson.subjects-math-calculus-power-series-and-taylor-series-practice-exam-b,/subjects/math/calculus/power-series-and-taylor-series/practice-exam-b/,practice,DEFERRED_EDITORIAL_REVIEW,,,,,,,,Candidate remains provisional because broad inferred concept/skill overlap does not prove an exact learner action.
textbook-lesson.subjects-math-calculus-power-series-and-taylor-series-practice-exam-b,/subjects/math/calculus/power-series-and-taylor-series/practice-exam-b/,quick-explanation,NO_CANDIDATE,,,,,,,,No candidate was produced for this lesson and role.
textbook-lesson.subjects-math-calculus-power-series-and-taylor-series-practice-exam-b,/subjects/math/calculus/power-series-and-taylor-series/practice-exam-b/,worked-example,DEFERRED_EDITORIAL_REVIEW,,,,,,,,Candidate remains provisional because broad inferred concept/skill overlap does not prove an exact learner action.
textbook-lesson.subjects-math-calculus-power-series-and-taylor-series-practice-exam-b,/subjects/math/calculus/power-series-and-taylor-series/practice-exam-b/,reference,DEFERRED_EDITORIAL_REVIEW,,,,,,,,Candidate remains provisional because broad inferred concept/skill overlap does not prove an exact learner action.
textbook-lesson.subjects-math-calculus-power-series-and-taylor-series-practice-exam-b,/subjects/math/calculus/power-series-and-taylor-series/practice-exam-b/,tool-or-visual,DEFERRED_EDITORIAL_REVIEW,,,,,,,,Candidate remains provisional because broad inferred concept/skill overlap does not prove an exact learner action.
textbook-lesson.subjects-math-calculus-power-series-and-taylor-series-radius-and-interval-of-convergence,/subjects/math/calculus/power-series-and-taylor-series/radius-and-interval-of-convergence/,practice,DEFERRED_EDITORIAL_REVIEW,,,,,,,,Candidate remains provisional because broad inferred concept/skill overlap does not prove an exact learner action.
textbook-lesson.subjects-math-calculus-power-series-and-taylor-series-radius-and-interval-of-convergence,/subjects/math/calculus/power-series-and-taylor-series/radius-and-interval-of-convergence/,quick-explanation,NO_CANDIDATE,,,,,,,,No candidate was produced for this lesson and role.
textbook-lesson.subjects-math-calculus-power-series-and-taylor-series-radius-and-interval-of-convergence,/subjects/math/calculus/power-series-and-taylor-series/radius-and-interval-of-convergence/,worked-example,DEFERRED_EDITORIAL_REVIEW,,,,,,,,Candidate remains provisional because broad inferred concept/skill overlap does not prove an exact learner action.
textbook-lesson.subjects-math-calculus-power-series-and-taylor-series-radius-and-interval-of-convergence,/subjects/math/calculus/power-series-and-taylor-series/radius-and-interval-of-convergence/,reference,DEFERRED_EDITORIAL_REVIEW,,,,,,,,Candidate remains provisional because broad inferred concept/skill overlap does not prove an exact learner action.
textbook-lesson.subjects-math-calculus-power-series-and-taylor-series-radius-and-interval-of-convergence,/subjects/math/calculus/power-series-and-taylor-series/radius-and-interval-of-convergence/,tool-or-visual,DEFERRED_EDITORIAL_REVIEW,,,,,,,,Candidate remains provisional because broad inferred concept/skill overlap does not prove an exact learner action.
textbook-lesson.subjects-math-calculus-power-series-and-taylor-series-ratio-test-for-power-series,/subjects/math/calculus/power-series-and-taylor-series/ratio-test-for-power-series/,practice,DEFERRED_EDITORIAL_REVIEW,,,,,,,,Candidate remains provisional because broad inferred concept/skill overlap does not prove an exact learner action.
textbook-lesson.subjects-math-calculus-power-series-and-taylor-series-ratio-test-for-power-series,/subjects/math/calculus/power-series-and-taylor-series/ratio-test-for-power-series/,quick-explanation,NO_CANDIDATE,,,,,,,,No candidate was produced for this lesson and role.
textbook-lesson.subjects-math-calculus-power-series-and-taylor-series-ratio-test-for-power-series,/subjects/math/calculus/power-series-and-taylor-series/ratio-test-for-power-series/,worked-example,DEFERRED_EDITORIAL_REVIEW,,,,,,,,Candidate remains provisional because broad inferred concept/skill overlap does not prove an exact learner action.
textbook-lesson.subjects-math-calculus-power-series-and-taylor-series-ratio-test-for-power-series,/subjects/math/calculus/power-series-and-taylor-series/ratio-test-for-power-series/,reference,DEFERRED_EDITORIAL_REVIEW,,,,,,,,Candidate remains provisional because broad inferred concept/skill overlap does not prove an exact learner action.
textbook-lesson.subjects-math-calculus-power-series-and-taylor-series-ratio-test-for-power-series,/subjects/math/calculus/power-series-and-taylor-series/ratio-test-for-power-series/,tool-or-visual,DEFERRED_EDITORIAL_REVIEW,,,,,,,,Candidate remains provisional because broad inferred concept/skill overlap does not prove an exact learner action.
textbook-lesson.subjects-math-calculus-power-series-and-taylor-series-reference-sheet,/subjects/math/calculus/power-series-and-taylor-series/reference-sheet/,practice,DEFERRED_EDITORIAL_REVIEW,,,,,,,,Candidate remains provisional because broad inferred concept/skill overlap does not prove an exact learner action.
textbook-lesson.subjects-math-calculus-power-series-and-taylor-series-reference-sheet,/subjects/math/calculus/power-series-and-taylor-series/reference-sheet/,quick-explanation,NO_CANDIDATE,,,,,,,,No candidate was produced for this lesson and role.
textbook-lesson.subjects-math-calculus-power-series-and-taylor-series-reference-sheet,/subjects/math/calculus/power-series-and-taylor-series/reference-sheet/,worked-example,DEFERRED_EDITORIAL_REVIEW,,,,,,,,Candidate remains provisional because broad inferred concept/skill overlap does not prove an exact learner action.
textbook-lesson.subjects-math-calculus-power-series-and-taylor-series-reference-sheet,/subjects/math/calculus/power-series-and-taylor-series/reference-sheet/,reference,DEFERRED_EDITORIAL_REVIEW,,,,,,,,Candidate remains provisional because broad inferred concept/skill overlap does not prove an exact learner action.
textbook-lesson.subjects-math-calculus-power-series-and-taylor-series-reference-sheet,/subjects/math/calculus/power-series-and-taylor-series/reference-sheet/,tool-or-visual,DEFERRED_EDITORIAL_REVIEW,,,,,,,,Candidate remains provisional because broad inferred concept/skill overlap does not prove an exact learner action.
textbook-lesson.subjects-math-calculus-power-series-and-taylor-series-series-for-definite-integrals,/subjects/math/calculus/power-series-and-taylor-series/series-for-definite-integrals/,practice,DEFERRED_EDITORIAL_REVIEW,,,,,,,,Candidate remains provisional because broad inferred concept/skill overlap does not prove an exact learner action.
textbook-lesson.subjects-math-calculus-power-series-and-taylor-series-series-for-definite-integrals,/subjects/math/calculus/power-series-and-taylor-series/series-for-definite-integrals/,quick-explanation,NO_CANDIDATE,,,,,,,,No candidate was produced for this lesson and role.
textbook-lesson.subjects-math-calculus-power-series-and-taylor-series-series-for-definite-integrals,/subjects/math/calculus/power-series-and-taylor-series/series-for-definite-integrals/,worked-example,DEFERRED_EDITORIAL_REVIEW,,,,,,,,Candidate remains provisional because broad inferred concept/skill overlap does not prove an exact learner action.
textbook-lesson.subjects-math-calculus-power-series-and-taylor-series-series-for-definite-integrals,/subjects/math/calculus/power-series-and-taylor-series/series-for-definite-integrals/,reference,DEFERRED_EDITORIAL_REVIEW,,,,,,,,Candidate remains provisional because broad inferred concept/skill overlap does not prove an exact learner action.
textbook-lesson.subjects-math-calculus-power-series-and-taylor-series-series-for-definite-integrals,/subjects/math/calculus/power-series-and-taylor-series/series-for-definite-integrals/,tool-or-visual,DEFERRED_EDITORIAL_REVIEW,,,,,,,,Candidate remains provisional because broad inferred concept/skill overlap does not prove an exact learner action.
textbook-lesson.subjects-math-calculus-power-series-and-taylor-series-series-solutions-preview,/subjects/math/calculus/power-series-and-taylor-series/series-solutions-preview/,practice,DEFERRED_EDITORIAL_REVIEW,,,,,,,,Candidate remains provisional because broad inferred concept/skill overlap does not prove an exact learner action.
textbook-lesson.subjects-math-calculus-power-series-and-taylor-series-series-solutions-preview,/subjects/math/calculus/power-series-and-taylor-series/series-solutions-preview/,quick-explanation,NO_CANDIDATE,,,,,,,,No candidate was produced for this lesson and role.
textbook-lesson.subjects-math-calculus-power-series-and-taylor-series-series-solutions-preview,/subjects/math/calculus/power-series-and-taylor-series/series-solutions-preview/,worked-example,DEFERRED_EDITORIAL_REVIEW,,,,,,,,Candidate remains provisional because broad inferred concept/skill overlap does not prove an exact learner action.
textbook-lesson.subjects-math-calculus-power-series-and-taylor-series-series-solutions-preview,/subjects/math/calculus/power-series-and-taylor-series/series-solutions-preview/,reference,DEFERRED_EDITORIAL_REVIEW,,,,,,,,Candidate remains provisional because broad inferred concept/skill overlap does not prove an exact learner action.
textbook-lesson.subjects-math-calculus-power-series-and-taylor-series-series-solutions-preview,/subjects/math/calculus/power-series-and-taylor-series/series-solutions-preview/,tool-or-visual,DEFERRED_EDITORIAL_REVIEW,,,,,,,,Candidate remains provisional because broad inferred concept/skill overlap does not prove an exact learner action.
textbook-lesson.subjects-math-calculus-power-series-and-taylor-series-small-angle-physics,/subjects/math/calculus/power-series-and-taylor-series/small-angle-physics/,practice,DEFERRED_EDITORIAL_REVIEW,,,,,,,,Candidate remains provisional because broad inferred concept/skill overlap does not prove an exact learner action.
textbook-lesson.subjects-math-calculus-power-series-and-taylor-series-small-angle-physics,/subjects/math/calculus/power-series-and-taylor-series/small-angle-physics/,quick-explanation,NO_CANDIDATE,,,,,,,,No candidate was produced for this lesson and role.
textbook-lesson.subjects-math-calculus-power-series-and-taylor-series-small-angle-physics,/subjects/math/calculus/power-series-and-taylor-series/small-angle-physics/,worked-example,DEFERRED_EDITORIAL_REVIEW,,,,,,,,Candidate remains provisional because broad inferred concept/skill overlap does not prove an exact learner action.
textbook-lesson.subjects-math-calculus-power-series-and-taylor-series-small-angle-physics,/subjects/math/calculus/power-series-and-taylor-series/small-angle-physics/,reference,DEFERRED_EDITORIAL_REVIEW,,,,,,,,Candidate remains provisional because broad inferred concept/skill overlap does not prove an exact learner action.
textbook-lesson.subjects-math-calculus-power-series-and-taylor-series-small-angle-physics,/subjects/math/calculus/power-series-and-taylor-series/small-angle-physics/,tool-or-visual,DEFERRED_EDITORIAL_REVIEW,,,,,,,,Candidate remains provisional because broad inferred concept/skill overlap does not prove an exact learner action.
textbook-lesson.subjects-math-calculus-power-series-and-taylor-series-standard-maclaurin-series,/subjects/math/calculus/power-series-and-taylor-series/standard-maclaurin-series/,practice,DEFERRED_EDITORIAL_REVIEW,,,,,,,,Candidate remains provisional because broad inferred concept/skill overlap does not prove an exact learner action.
textbook-lesson.subjects-math-calculus-power-series-and-taylor-series-standard-maclaurin-series,/subjects/math/calculus/power-series-and-taylor-series/standard-maclaurin-series/,quick-explanation,NO_CANDIDATE,,,,,,,,No candidate was produced for this lesson and role.
textbook-lesson.subjects-math-calculus-power-series-and-taylor-series-standard-maclaurin-series,/subjects/math/calculus/power-series-and-taylor-series/standard-maclaurin-series/,worked-example,DEFERRED_EDITORIAL_REVIEW,,,,,,,,Candidate remains provisional because broad inferred concept/skill overlap does not prove an exact learner action.
textbook-lesson.subjects-math-calculus-power-series-and-taylor-series-standard-maclaurin-series,/subjects/math/calculus/power-series-and-taylor-series/standard-maclaurin-series/,reference,DEFERRED_EDITORIAL_REVIEW,,,,,,,,Candidate remains provisional because broad inferred concept/skill overlap does not prove an exact learner action.
textbook-lesson.subjects-math-calculus-power-series-and-taylor-series-standard-maclaurin-series,/subjects/math/calculus/power-series-and-taylor-series/standard-maclaurin-series/,tool-or-visual,DEFERRED_EDITORIAL_REVIEW,,,,,,,,Candidate remains provisional because broad inferred concept/skill overlap does not prove an exact learner action.
textbook-lesson.subjects-math-calculus-power-series-and-taylor-series-taylor-polynomials,/subjects/math/calculus/power-series-and-taylor-series/taylor-polynomials/,practice,DEFERRED_EDITORIAL_REVIEW,,,,,,,,Candidate remains provisional because broad inferred concept/skill overlap does not prove an exact learner action.
textbook-lesson.subjects-math-calculus-power-series-and-taylor-series-taylor-polynomials,/subjects/math/calculus/power-series-and-taylor-series/taylor-polynomials/,quick-explanation,NO_CANDIDATE,,,,,,,,No candidate was produced for this lesson and role.
textbook-lesson.subjects-math-calculus-power-series-and-taylor-series-taylor-polynomials,/subjects/math/calculus/power-series-and-taylor-series/taylor-polynomials/,worked-example,DEFERRED_EDITORIAL_REVIEW,,,,,,,,Candidate remains provisional because broad inferred concept/skill overlap does not prove an exact learner action.
textbook-lesson.subjects-math-calculus-power-series-and-taylor-series-taylor-polynomials,/subjects/math/calculus/power-series-and-taylor-series/taylor-polynomials/,reference,DEFERRED_EDITORIAL_REVIEW,,,,,,,,Candidate remains provisional because broad inferred concept/skill overlap does not prove an exact learner action.
textbook-lesson.subjects-math-calculus-power-series-and-taylor-series-taylor-polynomials,/subjects/math/calculus/power-series-and-taylor-series/taylor-polynomials/,tool-or-visual,DEFERRED_EDITORIAL_REVIEW,,,,,,,,Candidate remains provisional because broad inferred concept/skill overlap does not prove an exact learner action.
textbook-lesson.subjects-math-calculus-power-series-and-taylor-series-taylor-remainder-theorem,/subjects/math/calculus/power-series-and-taylor-series/taylor-remainder-theorem/,practice,DEFERRED_EDITORIAL_REVIEW,,,,,,,,Candidate remains provisional because broad inferred concept/skill overlap does not prove an exact learner action.
textbook-lesson.subjects-math-calculus-power-series-and-taylor-series-taylor-remainder-theorem,/subjects/math/calculus/power-series-and-taylor-series/taylor-remainder-theorem/,quick-explanation,NO_CANDIDATE,,,,,,,,No candidate was produced for this lesson and role.
textbook-lesson.subjects-math-calculus-power-series-and-taylor-series-taylor-remainder-theorem,/subjects/math/calculus/power-series-and-taylor-series/taylor-remainder-theorem/,worked-example,DEFERRED_EDITORIAL_REVIEW,,,,,,,,Candidate remains provisional because broad inferred concept/skill overlap does not prove an exact learner action.
textbook-lesson.subjects-math-calculus-power-series-and-taylor-series-taylor-remainder-theorem,/subjects/math/calculus/power-series-and-taylor-series/taylor-remainder-theorem/,reference,DEFERRED_EDITORIAL_REVIEW,,,,,,,,Candidate remains provisional because broad inferred concept/skill overlap does not prove an exact learner action.
textbook-lesson.subjects-math-calculus-power-series-and-taylor-series-taylor-remainder-theorem,/subjects/math/calculus/power-series-and-taylor-series/taylor-remainder-theorem/,tool-or-visual,DEFERRED_EDITORIAL_REVIEW,,,,,,,,Candidate remains provisional because broad inferred concept/skill overlap does not prove an exact learner action.
textbook-lesson.subjects-math-calculus-power-series-and-taylor-series-taylor-series-centered-at-a,/subjects/math/calculus/power-series-and-taylor-series/taylor-series-centered-at-a/,practice,APPROVED_EXACT_COMPANION,worksheet.calculus-resource-taylor-series,/subjects/math/calculus/worksheets/taylor-series/,practices,lesson-intro,Practice this skill,Manually adjudicated exact concept and instructional skill; complementary role; canonical published destination; one selected companion in this category.,high,
textbook-lesson.subjects-math-calculus-power-series-and-taylor-series-taylor-series-centered-at-a,/subjects/math/calculus/power-series-and-taylor-series/taylor-series-centered-at-a/,quick-explanation,NO_CANDIDATE,,,,,,,,No candidate was produced for this lesson and role.
textbook-lesson.subjects-math-calculus-power-series-and-taylor-series-taylor-series-centered-at-a,/subjects/math/calculus/power-series-and-taylor-series/taylor-series-centered-at-a/,worked-example,DEFERRED_EDITORIAL_REVIEW,,,,,,,,Candidate remains provisional because broad inferred concept/skill overlap does not prove an exact learner action.
textbook-lesson.subjects-math-calculus-power-series-and-taylor-series-taylor-series-centered-at-a,/subjects/math/calculus/power-series-and-taylor-series/taylor-series-centered-at-a/,reference,DEFERRED_EDITORIAL_REVIEW,,,,,,,,Candidate remains provisional because broad inferred concept/skill overlap does not prove an exact learner action.
textbook-lesson.subjects-math-calculus-power-series-and-taylor-series-taylor-series-centered-at-a,/subjects/math/calculus/power-series-and-taylor-series/taylor-series-centered-at-a/,tool-or-visual,DEFERRED_EDITORIAL_REVIEW,,,,,,,,Candidate remains provisional because broad inferred concept/skill overlap does not prove an exact learner action.
textbook-lesson.subjects-math-calculus-power-series-and-taylor-series-taylor-series-review,/subjects/math/calculus/power-series-and-taylor-series/taylor-series-review/,practice,DEFERRED_EDITORIAL_REVIEW,,,,,,,,Candidate remains provisional because broad inferred concept/skill overlap does not prove an exact learner action.
textbook-lesson.subjects-math-calculus-power-series-and-taylor-series-taylor-series-review,/subjects/math/calculus/power-series-and-taylor-series/taylor-series-review/,quick-explanation,NO_CANDIDATE,,,,,,,,No candidate was produced for this lesson and role.
textbook-lesson.subjects-math-calculus-power-series-and-taylor-series-taylor-series-review,/subjects/math/calculus/power-series-and-taylor-series/taylor-series-review/,worked-example,DEFERRED_EDITORIAL_REVIEW,,,,,,,,Candidate remains provisional because broad inferred concept/skill overlap does not prove an exact learner action.
textbook-lesson.subjects-math-calculus-power-series-and-taylor-series-taylor-series-review,/subjects/math/calculus/power-series-and-taylor-series/taylor-series-review/,reference,DEFERRED_EDITORIAL_REVIEW,,,,,,,,Candidate remains provisional because broad inferred concept/skill overlap does not prove an exact learner action.
textbook-lesson.subjects-math-calculus-power-series-and-taylor-series-taylor-series-review,/subjects/math/calculus/power-series-and-taylor-series/taylor-series-review/,tool-or-visual,DEFERRED_EDITORIAL_REVIEW,,,,,,,,Candidate remains provisional because broad inferred concept/skill overlap does not prove an exact learner action.
textbook-lesson.subjects-math-calculus-power-series-and-taylor-series-uniform-convergence-preview,/subjects/math/calculus/power-series-and-taylor-series/uniform-convergence-preview/,practice,DEFERRED_EDITORIAL_REVIEW,,,,,,,,Candidate remains provisional because broad inferred concept/skill overlap does not prove an exact learner action.
textbook-lesson.subjects-math-calculus-power-series-and-taylor-series-uniform-convergence-preview,/subjects/math/calculus/power-series-and-taylor-series/uniform-convergence-preview/,quick-explanation,NO_CANDIDATE,,,,,,,,No candidate was produced for this lesson and role.
textbook-lesson.subjects-math-calculus-power-series-and-taylor-series-uniform-convergence-preview,/subjects/math/calculus/power-series-and-taylor-series/uniform-convergence-preview/,worked-example,DEFERRED_EDITORIAL_REVIEW,,,,,,,,Candidate remains provisional because broad inferred concept/skill overlap does not prove an exact learner action.
textbook-lesson.subjects-math-calculus-power-series-and-taylor-series-uniform-convergence-preview,/subjects/math/calculus/power-series-and-taylor-series/uniform-convergence-preview/,reference,DEFERRED_EDITORIAL_REVIEW,,,,,,,,Candidate remains provisional because broad inferred concept/skill overlap does not prove an exact learner action.
textbook-lesson.subjects-math-calculus-power-series-and-taylor-series-uniform-convergence-preview,/subjects/math/calculus/power-series-and-taylor-series/uniform-convergence-preview/,tool-or-visual,DEFERRED_EDITORIAL_REVIEW,,,,,,,,Candidate remains provisional because broad inferred concept/skill overlap does not prove an exact learner action.
textbook-lesson.subjects-math-calculus-sequences-and-series-absolute-and-conditional-convergence,/subjects/math/calculus/sequences-and-series/absolute-and-conditional-convergence/,practice,NO_CANDIDATE,,,,,,,,No candidate was produced for this lesson and role.
textbook-lesson.subjects-math-calculus-sequences-and-series-absolute-and-conditional-convergence,/subjects/math/calculus/sequences-and-series/absolute-and-conditional-convergence/,quick-explanation,NO_CANDIDATE,,,,,,,,No candidate was produced for this lesson and role.
textbook-lesson.subjects-math-calculus-sequences-and-series-absolute-and-conditional-convergence,/subjects/math/calculus/sequences-and-series/absolute-and-conditional-convergence/,worked-example,NO_CANDIDATE,,,,,,,,No candidate was produced for this lesson and role.
textbook-lesson.subjects-math-calculus-sequences-and-series-absolute-and-conditional-convergence,/subjects/math/calculus/sequences-and-series/absolute-and-conditional-convergence/,reference,DEFERRED_EDITORIAL_REVIEW,,,,,,,,Candidate remains provisional because broad inferred concept/skill overlap does not prove an exact learner action.
textbook-lesson.subjects-math-calculus-sequences-and-series-absolute-and-conditional-convergence,/subjects/math/calculus/sequences-and-series/absolute-and-conditional-convergence/,tool-or-visual,NO_CANDIDATE,,,,,,,,No candidate was produced for this lesson and role.
textbook-lesson.subjects-math-calculus-sequences-and-series-alternating-series-error,/subjects/math/calculus/sequences-and-series/alternating-series-error/,practice,NO_CANDIDATE,,,,,,,,No candidate was produced for this lesson and role.
textbook-lesson.subjects-math-calculus-sequences-and-series-alternating-series-error,/subjects/math/calculus/sequences-and-series/alternating-series-error/,quick-explanation,NO_CANDIDATE,,,,,,,,No candidate was produced for this lesson and role.
textbook-lesson.subjects-math-calculus-sequences-and-series-alternating-series-error,/subjects/math/calculus/sequences-and-series/alternating-series-error/,worked-example,NO_CANDIDATE,,,,,,,,No candidate was produced for this lesson and role.
textbook-lesson.subjects-math-calculus-sequences-and-series-alternating-series-error,/subjects/math/calculus/sequences-and-series/alternating-series-error/,reference,DEFERRED_EDITORIAL_REVIEW,,,,,,,,Candidate remains provisional because broad inferred concept/skill overlap does not prove an exact learner action.
textbook-lesson.subjects-math-calculus-sequences-and-series-alternating-series-error,/subjects/math/calculus/sequences-and-series/alternating-series-error/,tool-or-visual,NO_CANDIDATE,,,,,,,,No candidate was produced for this lesson and role.
textbook-lesson.subjects-math-calculus-sequences-and-series-alternating-series-test,/subjects/math/calculus/sequences-and-series/alternating-series-test/,practice,NO_CANDIDATE,,,,,,,,No candidate was produced for this lesson and role.
textbook-lesson.subjects-math-calculus-sequences-and-series-alternating-series-test,/subjects/math/calculus/sequences-and-series/alternating-series-test/,quick-explanation,NO_CANDIDATE,,,,,,,,No candidate was produced for this lesson and role.
textbook-lesson.subjects-math-calculus-sequences-and-series-alternating-series-test,/subjects/math/calculus/sequences-and-series/alternating-series-test/,worked-example,NO_CANDIDATE,,,,,,,,No candidate was produced for this lesson and role.
textbook-lesson.subjects-math-calculus-sequences-and-series-alternating-series-test,/subjects/math/calculus/sequences-and-series/alternating-series-test/,reference,DEFERRED_EDITORIAL_REVIEW,,,,,,,,Candidate remains provisional because broad inferred concept/skill overlap does not prove an exact learner action.
textbook-lesson.subjects-math-calculus-sequences-and-series-alternating-series-test,/subjects/math/calculus/sequences-and-series/alternating-series-test/,tool-or-visual,NO_CANDIDATE,,,,,,,,No candidate was produced for this lesson and role.
textbook-lesson.subjects-math-calculus-sequences-and-series-cauchy-criterion-preview,/subjects/math/calculus/sequences-and-series/cauchy-criterion-preview/,practice,NO_CANDIDATE,,,,,,,,No candidate was produced for this lesson and role.
textbook-lesson.subjects-math-calculus-sequences-and-series-cauchy-criterion-preview,/subjects/math/calculus/sequences-and-series/cauchy-criterion-preview/,quick-explanation,NO_CANDIDATE,,,,,,,,No candidate was produced for this lesson and role.
textbook-lesson.subjects-math-calculus-sequences-and-series-cauchy-criterion-preview,/subjects/math/calculus/sequences-and-series/cauchy-criterion-preview/,worked-example,NO_CANDIDATE,,,,,,,,No candidate was produced for this lesson and role.
textbook-lesson.subjects-math-calculus-sequences-and-series-cauchy-criterion-preview,/subjects/math/calculus/sequences-and-series/cauchy-criterion-preview/,reference,DEFERRED_EDITORIAL_REVIEW,,,,,,,,Candidate remains provisional because broad inferred concept/skill overlap does not prove an exact learner action.
textbook-lesson.subjects-math-calculus-sequences-and-series-cauchy-criterion-preview,/subjects/math/calculus/sequences-and-series/cauchy-criterion-preview/,tool-or-visual,NO_CANDIDATE,,,,,,,,No candidate was produced for this lesson and role.
textbook-lesson.subjects-math-calculus-sequences-and-series-choosing-a-convergence-test,/subjects/math/calculus/sequences-and-series/choosing-a-convergence-test/,practice,NO_CANDIDATE,,,,,,,,No candidate was produced for this lesson and role.
textbook-lesson.subjects-math-calculus-sequences-and-series-choosing-a-convergence-test,/subjects/math/calculus/sequences-and-series/choosing-a-convergence-test/,quick-explanation,NO_CANDIDATE,,,,,,,,No candidate was produced for this lesson and role.
textbook-lesson.subjects-math-calculus-sequences-and-series-choosing-a-convergence-test,/subjects/math/calculus/sequences-and-series/choosing-a-convergence-test/,worked-example,NO_CANDIDATE,,,,,,,,No candidate was produced for this lesson and role.
textbook-lesson.subjects-math-calculus-sequences-and-series-choosing-a-convergence-test,/subjects/math/calculus/sequences-and-series/choosing-a-convergence-test/,reference,NO_CANDIDATE,,,,,,,,No candidate was produced for this lesson and role.
textbook-lesson.subjects-math-calculus-sequences-and-series-choosing-a-convergence-test,/subjects/math/calculus/sequences-and-series/choosing-a-convergence-test/,tool-or-visual,DEFERRED_EDITORIAL_REVIEW,,,,,,,,Candidate remains provisional because broad inferred concept/skill overlap does not prove an exact learner action.
textbook-lesson.subjects-math-calculus-sequences-and-series-common-errors,/subjects/math/calculus/sequences-and-series/common-errors/,practice,NO_CANDIDATE,,,,,,,,No candidate was produced for this lesson and role.
textbook-lesson.subjects-math-calculus-sequences-and-series-common-errors,/subjects/math/calculus/sequences-and-series/common-errors/,quick-explanation,NO_CANDIDATE,,,,,,,,No candidate was produced for this lesson and role.
textbook-lesson.subjects-math-calculus-sequences-and-series-common-errors,/subjects/math/calculus/sequences-and-series/common-errors/,worked-example,NO_CANDIDATE,,,,,,,,No candidate was produced for this lesson and role.
textbook-lesson.subjects-math-calculus-sequences-and-series-common-errors,/subjects/math/calculus/sequences-and-series/common-errors/,reference,DEFERRED_EDITORIAL_REVIEW,,,,,,,,Candidate remains provisional because broad inferred concept/skill overlap does not prove an exact learner action.
textbook-lesson.subjects-math-calculus-sequences-and-series-common-errors,/subjects/math/calculus/sequences-and-series/common-errors/,tool-or-visual,NO_CANDIDATE,,,,,,,,No candidate was produced for this lesson and role.
textbook-lesson.subjects-math-calculus-sequences-and-series-concept-quiz,/subjects/math/calculus/sequences-and-series/concept-quiz/,practice,NO_CANDIDATE,,,,,,,,No candidate was produced for this lesson and role.
textbook-lesson.subjects-math-calculus-sequences-and-series-concept-quiz,/subjects/math/calculus/sequences-and-series/concept-quiz/,quick-explanation,NO_CANDIDATE,,,,,,,,No candidate was produced for this lesson and role.
textbook-lesson.subjects-math-calculus-sequences-and-series-concept-quiz,/subjects/math/calculus/sequences-and-series/concept-quiz/,worked-example,NO_CANDIDATE,,,,,,,,No candidate was produced for this lesson and role.
textbook-lesson.subjects-math-calculus-sequences-and-series-concept-quiz,/subjects/math/calculus/sequences-and-series/concept-quiz/,reference,DEFERRED_EDITORIAL_REVIEW,,,,,,,,Candidate remains provisional because broad inferred concept/skill overlap does not prove an exact learner action.
textbook-lesson.subjects-math-calculus-sequences-and-series-concept-quiz,/subjects/math/calculus/sequences-and-series/concept-quiz/,tool-or-visual,NO_CANDIDATE,,,,,,,,No candidate was produced for this lesson and role.
textbook-lesson.subjects-math-calculus-sequences-and-series-convergence-tests-review,/subjects/math/calculus/sequences-and-series/convergence-tests-review/,practice,NO_CANDIDATE,,,,,,,,No candidate was produced for this lesson and role.
textbook-lesson.subjects-math-calculus-sequences-and-series-convergence-tests-review,/subjects/math/calculus/sequences-and-series/convergence-tests-review/,quick-explanation,NO_CANDIDATE,,,,,,,,No candidate was produced for this lesson and role.
textbook-lesson.subjects-math-calculus-sequences-and-series-convergence-tests-review,/subjects/math/calculus/sequences-and-series/convergence-tests-review/,worked-example,NO_CANDIDATE,,,,,,,,No candidate was produced for this lesson and role.
textbook-lesson.subjects-math-calculus-sequences-and-series-convergence-tests-review,/subjects/math/calculus/sequences-and-series/convergence-tests-review/,reference,NO_CANDIDATE,,,,,,,,No candidate was produced for this lesson and role.
textbook-lesson.subjects-math-calculus-sequences-and-series-convergence-tests-review,/subjects/math/calculus/sequences-and-series/convergence-tests-review/,tool-or-visual,DEFERRED_EDITORIAL_REVIEW,,,,,,,,Candidate remains provisional because broad inferred concept/skill overlap does not prove an exact learner action.
textbook-lesson.subjects-math-calculus-sequences-and-series-direct-comparison-test,/subjects/math/calculus/sequences-and-series/direct-comparison-test/,practice,NO_CANDIDATE,,,,,,,,No candidate was produced for this lesson and role.
textbook-lesson.subjects-math-calculus-sequences-and-series-direct-comparison-test,/subjects/math/calculus/sequences-and-series/direct-comparison-test/,quick-explanation,NO_CANDIDATE,,,,,,,,No candidate was produced for this lesson and role.
textbook-lesson.subjects-math-calculus-sequences-and-series-direct-comparison-test,/subjects/math/calculus/sequences-and-series/direct-comparison-test/,worked-example,NO_CANDIDATE,,,,,,,,No candidate was produced for this lesson and role.
textbook-lesson.subjects-math-calculus-sequences-and-series-direct-comparison-test,/subjects/math/calculus/sequences-and-series/direct-comparison-test/,reference,DEFERRED_EDITORIAL_REVIEW,,,,,,,,Candidate remains provisional because broad inferred concept/skill overlap does not prove an exact learner action.
textbook-lesson.subjects-math-calculus-sequences-and-series-direct-comparison-test,/subjects/math/calculus/sequences-and-series/direct-comparison-test/,tool-or-visual,NO_CANDIDATE,,,,,,,,No candidate was produced for this lesson and role.
textbook-lesson.subjects-math-calculus-sequences-and-series-explicit-and-recursive-sequences,/subjects/math/calculus/sequences-and-series/explicit-and-recursive-sequences/,practice,NO_CANDIDATE,,,,,,,,No candidate was produced for this lesson and role.
textbook-lesson.subjects-math-calculus-sequences-and-series-explicit-and-recursive-sequences,/subjects/math/calculus/sequences-and-series/explicit-and-recursive-sequences/,quick-explanation,NO_CANDIDATE,,,,,,,,No candidate was produced for this lesson and role.
textbook-lesson.subjects-math-calculus-sequences-and-series-explicit-and-recursive-sequences,/subjects/math/calculus/sequences-and-series/explicit-and-recursive-sequences/,worked-example,NO_CANDIDATE,,,,,,,,No candidate was produced for this lesson and role.
textbook-lesson.subjects-math-calculus-sequences-and-series-explicit-and-recursive-sequences,/subjects/math/calculus/sequences-and-series/explicit-and-recursive-sequences/,reference,DEFERRED_EDITORIAL_REVIEW,,,,,,,,Candidate remains provisional because broad inferred concept/skill overlap does not prove an exact learner action.
textbook-lesson.subjects-math-calculus-sequences-and-series-explicit-and-recursive-sequences,/subjects/math/calculus/sequences-and-series/explicit-and-recursive-sequences/,tool-or-visual,NO_CANDIDATE,,,,,,,,No candidate was produced for this lesson and role.
textbook-lesson.subjects-math-calculus-sequences-and-series-geometric-series,/subjects/math/calculus/sequences-and-series/geometric-series/,practice,APPROVED_EXACT_COMPANION,worksheet.calculus-resource-geometric-series,/subjects/math/calculus/worksheets/geometric-series/,practices,lesson-intro,Practice this skill,Manually adjudicated exact concept and instructional skill; complementary role; canonical published destination; one selected companion in this category.,high,
textbook-lesson.subjects-math-calculus-sequences-and-series-geometric-series,/subjects/math/calculus/sequences-and-series/geometric-series/,quick-explanation,NO_CANDIDATE,,,,,,,,No candidate was produced for this lesson and role.
textbook-lesson.subjects-math-calculus-sequences-and-series-geometric-series,/subjects/math/calculus/sequences-and-series/geometric-series/,worked-example,APPROVED_EXACT_COMPANION,worked-problem.worked-problem-shifted-geometric-series,/subjects/math/calculus/worked-problems/shifted-geometric-series/,explains,lesson-footer,See a worked example,Manually adjudicated exact concept and instructional skill; complementary role; canonical published destination; one selected companion in this category.,high,
textbook-lesson.subjects-math-calculus-sequences-and-series-geometric-series,/subjects/math/calculus/sequences-and-series/geometric-series/,reference,APPROVED_EXACT_COMPANION,glossary-term.glossary-resource-geometric-series,/glossary/math/geometric-series/,references,lesson-footer,Review the definition,Manually adjudicated exact concept and instructional skill; complementary role; canonical published destination; one selected companion in this category.,high,
textbook-lesson.subjects-math-calculus-sequences-and-series-geometric-series,/subjects/math/calculus/sequences-and-series/geometric-series/,tool-or-visual,NO_CANDIDATE,,,,,,,,No candidate was produced for this lesson and role.
textbook-lesson.subjects-math-calculus-sequences-and-series-harmonic-and-p-series,/subjects/math/calculus/sequences-and-series/harmonic-and-p-series/,practice,NO_CANDIDATE,,,,,,,,No candidate was produced for this lesson and role.
textbook-lesson.subjects-math-calculus-sequences-and-series-harmonic-and-p-series,/subjects/math/calculus/sequences-and-series/harmonic-and-p-series/,quick-explanation,DEFERRED_EDITORIAL_REVIEW,,,,,,,,Candidate remains provisional because broad inferred concept/skill overlap does not prove an exact learner action.
textbook-lesson.subjects-math-calculus-sequences-and-series-harmonic-and-p-series,/subjects/math/calculus/sequences-and-series/harmonic-and-p-series/,worked-example,NO_CANDIDATE,,,,,,,,No candidate was produced for this lesson and role.
textbook-lesson.subjects-math-calculus-sequences-and-series-harmonic-and-p-series,/subjects/math/calculus/sequences-and-series/harmonic-and-p-series/,reference,NO_CANDIDATE,,,,,,,,No candidate was produced for this lesson and role.
textbook-lesson.subjects-math-calculus-sequences-and-series-harmonic-and-p-series,/subjects/math/calculus/sequences-and-series/harmonic-and-p-series/,tool-or-visual,NO_CANDIDATE,,,,,,,,No candidate was produced for this lesson and role.
textbook-lesson.subjects-math-calculus-sequences-and-series-infinite-series-and-partial-sums,/subjects/math/calculus/sequences-and-series/infinite-series-and-partial-sums/,practice,NO_CANDIDATE,,,,,,,,No candidate was produced for this lesson and role.
textbook-lesson.subjects-math-calculus-sequences-and-series-infinite-series-and-partial-sums,/subjects/math/calculus/sequences-and-series/infinite-series-and-partial-sums/,quick-explanation,NO_CANDIDATE,,,,,,,,No candidate was produced for this lesson and role.
textbook-lesson.subjects-math-calculus-sequences-and-series-infinite-series-and-partial-sums,/subjects/math/calculus/sequences-and-series/infinite-series-and-partial-sums/,worked-example,NO_CANDIDATE,,,,,,,,No candidate was produced for this lesson and role.
textbook-lesson.subjects-math-calculus-sequences-and-series-infinite-series-and-partial-sums,/subjects/math/calculus/sequences-and-series/infinite-series-and-partial-sums/,reference,DEFERRED_EDITORIAL_REVIEW,,,,,,,,Candidate remains provisional because broad inferred concept/skill overlap does not prove an exact learner action.
textbook-lesson.subjects-math-calculus-sequences-and-series-infinite-series-and-partial-sums,/subjects/math/calculus/sequences-and-series/infinite-series-and-partial-sums/,tool-or-visual,NO_CANDIDATE,,,,,,,,No candidate was produced for this lesson and role.
textbook-lesson.subjects-math-calculus-sequences-and-series-integral-test-remainder-estimates,/subjects/math/calculus/sequences-and-series/integral-test-remainder-estimates/,practice,NO_CANDIDATE,,,,,,,,No candidate was produced for this lesson and role.
textbook-lesson.subjects-math-calculus-sequences-and-series-integral-test-remainder-estimates,/subjects/math/calculus/sequences-and-series/integral-test-remainder-estimates/,quick-explanation,DEFERRED_EDITORIAL_REVIEW,,,,,,,,Candidate remains provisional because broad inferred concept/skill overlap does not prove an exact learner action.
textbook-lesson.subjects-math-calculus-sequences-and-series-integral-test-remainder-estimates,/subjects/math/calculus/sequences-and-series/integral-test-remainder-estimates/,worked-example,NO_CANDIDATE,,,,,,,,No candidate was produced for this lesson and role.
textbook-lesson.subjects-math-calculus-sequences-and-series-integral-test-remainder-estimates,/subjects/math/calculus/sequences-and-series/integral-test-remainder-estimates/,reference,DEFERRED_EDITORIAL_REVIEW,,,,,,,,Candidate remains provisional because broad inferred concept/skill overlap does not prove an exact learner action.
textbook-lesson.subjects-math-calculus-sequences-and-series-integral-test-remainder-estimates,/subjects/math/calculus/sequences-and-series/integral-test-remainder-estimates/,tool-or-visual,DEFERRED_EDITORIAL_REVIEW,,,,,,,,Candidate remains provisional because broad inferred concept/skill overlap does not prove an exact learner action.
textbook-lesson.subjects-math-calculus-sequences-and-series-integral-test,/subjects/math/calculus/sequences-and-series/integral-test/,practice,NO_CANDIDATE,,,,,,,,No candidate was produced for this lesson and role.
textbook-lesson.subjects-math-calculus-sequences-and-series-integral-test,/subjects/math/calculus/sequences-and-series/integral-test/,quick-explanation,DEFERRED_EDITORIAL_REVIEW,,,,,,,,Candidate remains provisional because broad inferred concept/skill overlap does not prove an exact learner action.
textbook-lesson.subjects-math-calculus-sequences-and-series-integral-test,/subjects/math/calculus/sequences-and-series/integral-test/,worked-example,NO_CANDIDATE,,,,,,,,No candidate was produced for this lesson and role.
textbook-lesson.subjects-math-calculus-sequences-and-series-integral-test,/subjects/math/calculus/sequences-and-series/integral-test/,reference,DEFERRED_EDITORIAL_REVIEW,,,,,,,,Candidate remains provisional because broad inferred concept/skill overlap does not prove an exact learner action.
textbook-lesson.subjects-math-calculus-sequences-and-series-integral-test,/subjects/math/calculus/sequences-and-series/integral-test/,tool-or-visual,DEFERRED_EDITORIAL_REVIEW,,,,,,,,Candidate remains provisional because broad inferred concept/skill overlap does not prove an exact learner action.
textbook-lesson.subjects-math-calculus-sequences-and-series-limit-comparison-test,/subjects/math/calculus/sequences-and-series/limit-comparison-test/,practice,DEFERRED_EDITORIAL_REVIEW,,,,,,,,Candidate remains provisional because broad inferred concept/skill overlap does not prove an exact learner action.
textbook-lesson.subjects-math-calculus-sequences-and-series-limit-comparison-test,/subjects/math/calculus/sequences-and-series/limit-comparison-test/,quick-explanation,DEFERRED_EDITORIAL_REVIEW,,,,,,,,Candidate remains provisional because broad inferred concept/skill overlap does not prove an exact learner action.
textbook-lesson.subjects-math-calculus-sequences-and-series-limit-comparison-test,/subjects/math/calculus/sequences-and-series/limit-comparison-test/,worked-example,DEFERRED_EDITORIAL_REVIEW,,,,,,,,Candidate remains provisional because broad inferred concept/skill overlap does not prove an exact learner action.
textbook-lesson.subjects-math-calculus-sequences-and-series-limit-comparison-test,/subjects/math/calculus/sequences-and-series/limit-comparison-test/,reference,DEFERRED_EDITORIAL_REVIEW,,,,,,,,Candidate remains provisional because broad inferred concept/skill overlap does not prove an exact learner action.
textbook-lesson.subjects-math-calculus-sequences-and-series-limit-comparison-test,/subjects/math/calculus/sequences-and-series/limit-comparison-test/,tool-or-visual,NO_CANDIDATE,,,,,,,,No candidate was produced for this lesson and role.
textbook-lesson.subjects-math-calculus-sequences-and-series-limits-of-sequences,/subjects/math/calculus/sequences-and-series/limits-of-sequences/,practice,DEFERRED_EDITORIAL_REVIEW,,,,,,,,Candidate remains provisional because broad inferred concept/skill overlap does not prove an exact learner action.
textbook-lesson.subjects-math-calculus-sequences-and-series-limits-of-sequences,/subjects/math/calculus/sequences-and-series/limits-of-sequences/,quick-explanation,DEFERRED_EDITORIAL_REVIEW,,,,,,,,Candidate remains provisional because broad inferred concept/skill overlap does not prove an exact learner action.
textbook-lesson.subjects-math-calculus-sequences-and-series-limits-of-sequences,/subjects/math/calculus/sequences-and-series/limits-of-sequences/,worked-example,DEFERRED_EDITORIAL_REVIEW,,,,,,,,Candidate remains provisional because broad inferred concept/skill overlap does not prove an exact learner action.
textbook-lesson.subjects-math-calculus-sequences-and-series-limits-of-sequences,/subjects/math/calculus/sequences-and-series/limits-of-sequences/,reference,DEFERRED_EDITORIAL_REVIEW,,,,,,,,Candidate remains provisional because broad inferred concept/skill overlap does not prove an exact learner action.
textbook-lesson.subjects-math-calculus-sequences-and-series-limits-of-sequences,/subjects/math/calculus/sequences-and-series/limits-of-sequences/,tool-or-visual,NO_CANDIDATE,,,,,,,,No candidate was produced for this lesson and role.
textbook-lesson.subjects-math-calculus-sequences-and-series-monotone-and-bounded-sequences,/subjects/math/calculus/sequences-and-series/monotone-and-bounded-sequences/,practice,NO_CANDIDATE,,,,,,,,No candidate was produced for this lesson and role.
textbook-lesson.subjects-math-calculus-sequences-and-series-monotone-and-bounded-sequences,/subjects/math/calculus/sequences-and-series/monotone-and-bounded-sequences/,quick-explanation,NO_CANDIDATE,,,,,,,,No candidate was produced for this lesson and role.
textbook-lesson.subjects-math-calculus-sequences-and-series-monotone-and-bounded-sequences,/subjects/math/calculus/sequences-and-series/monotone-and-bounded-sequences/,worked-example,NO_CANDIDATE,,,,,,,,No candidate was produced for this lesson and role.
textbook-lesson.subjects-math-calculus-sequences-and-series-monotone-and-bounded-sequences,/subjects/math/calculus/sequences-and-series/monotone-and-bounded-sequences/,reference,DEFERRED_EDITORIAL_REVIEW,,,,,,,,Candidate remains provisional because broad inferred concept/skill overlap does not prove an exact learner action.
textbook-lesson.subjects-math-calculus-sequences-and-series-monotone-and-bounded-sequences,/subjects/math/calculus/sequences-and-series/monotone-and-bounded-sequences/,tool-or-visual,NO_CANDIDATE,,,,,,,,No candidate was produced for this lesson and role.
textbook-lesson.subjects-math-calculus-sequences-and-series-nth-term-divergence-test,/subjects/math/calculus/sequences-and-series/nth-term-divergence-test/,practice,NO_CANDIDATE,,,,,,,,No candidate was produced for this lesson and role.
textbook-lesson.subjects-math-calculus-sequences-and-series-nth-term-divergence-test,/subjects/math/calculus/sequences-and-series/nth-term-divergence-test/,quick-explanation,NO_CANDIDATE,,,,,,,,No candidate was produced for this lesson and role.
textbook-lesson.subjects-math-calculus-sequences-and-series-nth-term-divergence-test,/subjects/math/calculus/sequences-and-series/nth-term-divergence-test/,worked-example,NO_CANDIDATE,,,,,,,,No candidate was produced for this lesson and role.
textbook-lesson.subjects-math-calculus-sequences-and-series-nth-term-divergence-test,/subjects/math/calculus/sequences-and-series/nth-term-divergence-test/,reference,DEFERRED_EDITORIAL_REVIEW,,,,,,,,Candidate remains provisional because broad inferred concept/skill overlap does not prove an exact learner action.
textbook-lesson.subjects-math-calculus-sequences-and-series-nth-term-divergence-test,/subjects/math/calculus/sequences-and-series/nth-term-divergence-test/,tool-or-visual,NO_CANDIDATE,,,,,,,,No candidate was produced for this lesson and role.
textbook-lesson.subjects-math-calculus-sequences-and-series-practice-exam-a-answer-key,/subjects/math/calculus/sequences-and-series/practice-exam-a-answer-key/,practice,NO_CANDIDATE,,,,,,,,No candidate was produced for this lesson and role.
textbook-lesson.subjects-math-calculus-sequences-and-series-practice-exam-a-answer-key,/subjects/math/calculus/sequences-and-series/practice-exam-a-answer-key/,quick-explanation,NO_CANDIDATE,,,,,,,,No candidate was produced for this lesson and role.
textbook-lesson.subjects-math-calculus-sequences-and-series-practice-exam-a-answer-key,/subjects/math/calculus/sequences-and-series/practice-exam-a-answer-key/,worked-example,NO_CANDIDATE,,,,,,,,No candidate was produced for this lesson and role.
textbook-lesson.subjects-math-calculus-sequences-and-series-practice-exam-a-answer-key,/subjects/math/calculus/sequences-and-series/practice-exam-a-answer-key/,reference,DEFERRED_EDITORIAL_REVIEW,,,,,,,,Candidate remains provisional because broad inferred concept/skill overlap does not prove an exact learner action.
textbook-lesson.subjects-math-calculus-sequences-and-series-practice-exam-a-answer-key,/subjects/math/calculus/sequences-and-series/practice-exam-a-answer-key/,tool-or-visual,NO_CANDIDATE,,,,,,,,No candidate was produced for this lesson and role.
textbook-lesson.subjects-math-calculus-sequences-and-series-practice-exam-a,/subjects/math/calculus/sequences-and-series/practice-exam-a/,practice,NO_CANDIDATE,,,,,,,,No candidate was produced for this lesson and role.
textbook-lesson.subjects-math-calculus-sequences-and-series-practice-exam-a,/subjects/math/calculus/sequences-and-series/practice-exam-a/,quick-explanation,NO_CANDIDATE,,,,,,,,No candidate was produced for this lesson and role.
textbook-lesson.subjects-math-calculus-sequences-and-series-practice-exam-a,/subjects/math/calculus/sequences-and-series/practice-exam-a/,worked-example,NO_CANDIDATE,,,,,,,,No candidate was produced for this lesson and role.
textbook-lesson.subjects-math-calculus-sequences-and-series-practice-exam-a,/subjects/math/calculus/sequences-and-series/practice-exam-a/,reference,DEFERRED_EDITORIAL_REVIEW,,,,,,,,Candidate remains provisional because broad inferred concept/skill overlap does not prove an exact learner action.
textbook-lesson.subjects-math-calculus-sequences-and-series-practice-exam-a,/subjects/math/calculus/sequences-and-series/practice-exam-a/,tool-or-visual,NO_CANDIDATE,,,,,,,,No candidate was produced for this lesson and role.
textbook-lesson.subjects-math-calculus-sequences-and-series-practice-exam-b-answer-key,/subjects/math/calculus/sequences-and-series/practice-exam-b-answer-key/,practice,NO_CANDIDATE,,,,,,,,No candidate was produced for this lesson and role.
textbook-lesson.subjects-math-calculus-sequences-and-series-practice-exam-b-answer-key,/subjects/math/calculus/sequences-and-series/practice-exam-b-answer-key/,quick-explanation,NO_CANDIDATE,,,,,,,,No candidate was produced for this lesson and role.
textbook-lesson.subjects-math-calculus-sequences-and-series-practice-exam-b-answer-key,/subjects/math/calculus/sequences-and-series/practice-exam-b-answer-key/,worked-example,NO_CANDIDATE,,,,,,,,No candidate was produced for this lesson and role.
textbook-lesson.subjects-math-calculus-sequences-and-series-practice-exam-b-answer-key,/subjects/math/calculus/sequences-and-series/practice-exam-b-answer-key/,reference,DEFERRED_EDITORIAL_REVIEW,,,,,,,,Candidate remains provisional because broad inferred concept/skill overlap does not prove an exact learner action.
textbook-lesson.subjects-math-calculus-sequences-and-series-practice-exam-b-answer-key,/subjects/math/calculus/sequences-and-series/practice-exam-b-answer-key/,tool-or-visual,NO_CANDIDATE,,,,,,,,No candidate was produced for this lesson and role.
textbook-lesson.subjects-math-calculus-sequences-and-series-practice-exam-b,/subjects/math/calculus/sequences-and-series/practice-exam-b/,practice,NO_CANDIDATE,,,,,,,,No candidate was produced for this lesson and role.
textbook-lesson.subjects-math-calculus-sequences-and-series-practice-exam-b,/subjects/math/calculus/sequences-and-series/practice-exam-b/,quick-explanation,NO_CANDIDATE,,,,,,,,No candidate was produced for this lesson and role.
textbook-lesson.subjects-math-calculus-sequences-and-series-practice-exam-b,/subjects/math/calculus/sequences-and-series/practice-exam-b/,worked-example,NO_CANDIDATE,,,,,,,,No candidate was produced for this lesson and role.
textbook-lesson.subjects-math-calculus-sequences-and-series-practice-exam-b,/subjects/math/calculus/sequences-and-series/practice-exam-b/,reference,DEFERRED_EDITORIAL_REVIEW,,,,,,,,Candidate remains provisional because broad inferred concept/skill overlap does not prove an exact learner action.
textbook-lesson.subjects-math-calculus-sequences-and-series-practice-exam-b,/subjects/math/calculus/sequences-and-series/practice-exam-b/,tool-or-visual,NO_CANDIDATE,,,,,,,,No candidate was produced for this lesson and role.
textbook-lesson.subjects-math-calculus-sequences-and-series-prerequisite-diagnostic,/subjects/math/calculus/sequences-and-series/prerequisite-diagnostic/,practice,NO_CANDIDATE,,,,,,,,No candidate was produced for this lesson and role.
textbook-lesson.subjects-math-calculus-sequences-and-series-prerequisite-diagnostic,/subjects/math/calculus/sequences-and-series/prerequisite-diagnostic/,quick-explanation,NO_CANDIDATE,,,,,,,,No candidate was produced for this lesson and role.
textbook-lesson.subjects-math-calculus-sequences-and-series-prerequisite-diagnostic,/subjects/math/calculus/sequences-and-series/prerequisite-diagnostic/,worked-example,NO_CANDIDATE,,,,,,,,No candidate was produced for this lesson and role.
textbook-lesson.subjects-math-calculus-sequences-and-series-prerequisite-diagnostic,/subjects/math/calculus/sequences-and-series/prerequisite-diagnostic/,reference,DEFERRED_EDITORIAL_REVIEW,,,,,,,,Candidate remains provisional because broad inferred concept/skill overlap does not prove an exact learner action.
textbook-lesson.subjects-math-calculus-sequences-and-series-prerequisite-diagnostic,/subjects/math/calculus/sequences-and-series/prerequisite-diagnostic/,tool-or-visual,NO_CANDIDATE,,,,,,,,No candidate was produced for this lesson and role.
textbook-lesson.subjects-math-calculus-sequences-and-series-ratio-test,/subjects/math/calculus/sequences-and-series/ratio-test/,practice,NO_CANDIDATE,,,,,,,,No candidate was produced for this lesson and role.
textbook-lesson.subjects-math-calculus-sequences-and-series-ratio-test,/subjects/math/calculus/sequences-and-series/ratio-test/,quick-explanation,NO_CANDIDATE,,,,,,,,No candidate was produced for this lesson and role.
textbook-lesson.subjects-math-calculus-sequences-and-series-ratio-test,/subjects/math/calculus/sequences-and-series/ratio-test/,worked-example,NO_CANDIDATE,,,,,,,,No candidate was produced for this lesson and role.
textbook-lesson.subjects-math-calculus-sequences-and-series-ratio-test,/subjects/math/calculus/sequences-and-series/ratio-test/,reference,DEFERRED_EDITORIAL_REVIEW,,,,,,,,Candidate remains provisional because broad inferred concept/skill overlap does not prove an exact learner action.
textbook-lesson.subjects-math-calculus-sequences-and-series-ratio-test,/subjects/math/calculus/sequences-and-series/ratio-test/,tool-or-visual,NO_CANDIDATE,,,,,,,,No candidate was produced for this lesson and role.
textbook-lesson.subjects-math-calculus-sequences-and-series-reference-sheet,/subjects/math/calculus/sequences-and-series/reference-sheet/,practice,NO_CANDIDATE,,,,,,,,No candidate was produced for this lesson and role.
textbook-lesson.subjects-math-calculus-sequences-and-series-reference-sheet,/subjects/math/calculus/sequences-and-series/reference-sheet/,quick-explanation,NO_CANDIDATE,,,,,,,,No candidate was produced for this lesson and role.
textbook-lesson.subjects-math-calculus-sequences-and-series-reference-sheet,/subjects/math/calculus/sequences-and-series/reference-sheet/,worked-example,NO_CANDIDATE,,,,,,,,No candidate was produced for this lesson and role.
textbook-lesson.subjects-math-calculus-sequences-and-series-reference-sheet,/subjects/math/calculus/sequences-and-series/reference-sheet/,reference,DEFERRED_EDITORIAL_REVIEW,,,,,,,,Candidate remains provisional because broad inferred concept/skill overlap does not prove an exact learner action.
textbook-lesson.subjects-math-calculus-sequences-and-series-reference-sheet,/subjects/math/calculus/sequences-and-series/reference-sheet/,tool-or-visual,NO_CANDIDATE,,,,,,,,No candidate was produced for this lesson and role.
textbook-lesson.subjects-math-calculus-sequences-and-series-root-test,/subjects/math/calculus/sequences-and-series/root-test/,practice,NO_CANDIDATE,,,,,,,,No candidate was produced for this lesson and role.
textbook-lesson.subjects-math-calculus-sequences-and-series-root-test,/subjects/math/calculus/sequences-and-series/root-test/,quick-explanation,NO_CANDIDATE,,,,,,,,No candidate was produced for this lesson and role.
textbook-lesson.subjects-math-calculus-sequences-and-series-root-test,/subjects/math/calculus/sequences-and-series/root-test/,worked-example,NO_CANDIDATE,,,,,,,,No candidate was produced for this lesson and role.
textbook-lesson.subjects-math-calculus-sequences-and-series-root-test,/subjects/math/calculus/sequences-and-series/root-test/,reference,DEFERRED_EDITORIAL_REVIEW,,,,,,,,Candidate remains provisional because broad inferred concept/skill overlap does not prove an exact learner action.
textbook-lesson.subjects-math-calculus-sequences-and-series-root-test,/subjects/math/calculus/sequences-and-series/root-test/,tool-or-visual,NO_CANDIDATE,,,,,,,,No candidate was produced for this lesson and role.
textbook-lesson.subjects-math-calculus-sequences-and-series-sequence-limit-laws,/subjects/math/calculus/sequences-and-series/sequence-limit-laws/,practice,DEFERRED_EDITORIAL_REVIEW,,,,,,,,Candidate remains provisional because broad inferred concept/skill overlap does not prove an exact learner action.
textbook-lesson.subjects-math-calculus-sequences-and-series-sequence-limit-laws,/subjects/math/calculus/sequences-and-series/sequence-limit-laws/,quick-explanation,DEFERRED_EDITORIAL_REVIEW,,,,,,,,Candidate remains provisional because broad inferred concept/skill overlap does not prove an exact learner action.
textbook-lesson.subjects-math-calculus-sequences-and-series-sequence-limit-laws,/subjects/math/calculus/sequences-and-series/sequence-limit-laws/,worked-example,DEFERRED_EDITORIAL_REVIEW,,,,,,,,Candidate remains provisional because broad inferred concept/skill overlap does not prove an exact learner action.
textbook-lesson.subjects-math-calculus-sequences-and-series-sequence-limit-laws,/subjects/math/calculus/sequences-and-series/sequence-limit-laws/,reference,DEFERRED_EDITORIAL_REVIEW,,,,,,,,Candidate remains provisional because broad inferred concept/skill overlap does not prove an exact learner action.
textbook-lesson.subjects-math-calculus-sequences-and-series-sequence-limit-laws,/subjects/math/calculus/sequences-and-series/sequence-limit-laws/,tool-or-visual,NO_CANDIDATE,,,,,,,,No candidate was produced for this lesson and role.
textbook-lesson.subjects-math-calculus-sequences-and-series-sequence-review,/subjects/math/calculus/sequences-and-series/sequence-review/,practice,NO_CANDIDATE,,,,,,,,No candidate was produced for this lesson and role.
textbook-lesson.subjects-math-calculus-sequences-and-series-sequence-review,/subjects/math/calculus/sequences-and-series/sequence-review/,quick-explanation,NO_CANDIDATE,,,,,,,,No candidate was produced for this lesson and role.
textbook-lesson.subjects-math-calculus-sequences-and-series-sequence-review,/subjects/math/calculus/sequences-and-series/sequence-review/,worked-example,NO_CANDIDATE,,,,,,,,No candidate was produced for this lesson and role.
textbook-lesson.subjects-math-calculus-sequences-and-series-sequence-review,/subjects/math/calculus/sequences-and-series/sequence-review/,reference,DEFERRED_EDITORIAL_REVIEW,,,,,,,,Candidate remains provisional because broad inferred concept/skill overlap does not prove an exact learner action.
textbook-lesson.subjects-math-calculus-sequences-and-series-sequence-review,/subjects/math/calculus/sequences-and-series/sequence-review/,tool-or-visual,NO_CANDIDATE,,,,,,,,No candidate was produced for this lesson and role.
textbook-lesson.subjects-math-calculus-sequences-and-series-sequences-as-functions,/subjects/math/calculus/sequences-and-series/sequences-as-functions/,practice,NO_CANDIDATE,,,,,,,,No candidate was produced for this lesson and role.
textbook-lesson.subjects-math-calculus-sequences-and-series-sequences-as-functions,/subjects/math/calculus/sequences-and-series/sequences-as-functions/,quick-explanation,NO_CANDIDATE,,,,,,,,No candidate was produced for this lesson and role.
textbook-lesson.subjects-math-calculus-sequences-and-series-sequences-as-functions,/subjects/math/calculus/sequences-and-series/sequences-as-functions/,worked-example,NO_CANDIDATE,,,,,,,,No candidate was produced for this lesson and role.
textbook-lesson.subjects-math-calculus-sequences-and-series-sequences-as-functions,/subjects/math/calculus/sequences-and-series/sequences-as-functions/,reference,DEFERRED_EDITORIAL_REVIEW,,,,,,,,Candidate remains provisional because broad inferred concept/skill overlap does not prove an exact learner action.
textbook-lesson.subjects-math-calculus-sequences-and-series-sequences-as-functions,/subjects/math/calculus/sequences-and-series/sequences-as-functions/,tool-or-visual,NO_CANDIDATE,,,,,,,,No candidate was produced for this lesson and role.
textbook-lesson.subjects-math-calculus-sequences-and-series-squeeze-theorem-for-sequences,/subjects/math/calculus/sequences-and-series/squeeze-theorem-for-sequences/,practice,NO_CANDIDATE,,,,,,,,No candidate was produced for this lesson and role.
textbook-lesson.subjects-math-calculus-sequences-and-series-squeeze-theorem-for-sequences,/subjects/math/calculus/sequences-and-series/squeeze-theorem-for-sequences/,quick-explanation,NO_CANDIDATE,,,,,,,,No candidate was produced for this lesson and role.
textbook-lesson.subjects-math-calculus-sequences-and-series-squeeze-theorem-for-sequences,/subjects/math/calculus/sequences-and-series/squeeze-theorem-for-sequences/,worked-example,NO_CANDIDATE,,,,,,,,No candidate was produced for this lesson and role.
textbook-lesson.subjects-math-calculus-sequences-and-series-squeeze-theorem-for-sequences,/subjects/math/calculus/sequences-and-series/squeeze-theorem-for-sequences/,reference,DEFERRED_EDITORIAL_REVIEW,,,,,,,,Candidate remains provisional because broad inferred concept/skill overlap does not prove an exact learner action.
textbook-lesson.subjects-math-calculus-sequences-and-series-squeeze-theorem-for-sequences,/subjects/math/calculus/sequences-and-series/squeeze-theorem-for-sequences/,tool-or-visual,NO_CANDIDATE,,,,,,,,No candidate was produced for this lesson and role.
textbook-lesson.subjects-math-calculus-sequences-and-series-telescoping-series,/subjects/math/calculus/sequences-and-series/telescoping-series/,practice,NO_CANDIDATE,,,,,,,,No candidate was produced for this lesson and role.
textbook-lesson.subjects-math-calculus-sequences-and-series-telescoping-series,/subjects/math/calculus/sequences-and-series/telescoping-series/,quick-explanation,NO_CANDIDATE,,,,,,,,No candidate was produced for this lesson and role.
textbook-lesson.subjects-math-calculus-sequences-and-series-telescoping-series,/subjects/math/calculus/sequences-and-series/telescoping-series/,worked-example,NO_CANDIDATE,,,,,,,,No candidate was produced for this lesson and role.
textbook-lesson.subjects-math-calculus-sequences-and-series-telescoping-series,/subjects/math/calculus/sequences-and-series/telescoping-series/,reference,DEFERRED_EDITORIAL_REVIEW,,,,,,,,Candidate remains provisional because broad inferred concept/skill overlap does not prove an exact learner action.
textbook-lesson.subjects-math-calculus-sequences-and-series-telescoping-series,/subjects/math/calculus/sequences-and-series/telescoping-series/,tool-or-visual,NO_CANDIDATE,,,,,,,,No candidate was produced for this lesson and role.
textbook-lesson.subjects-math-calculus-sequences-and-series-test-selection-practice,/subjects/math/calculus/sequences-and-series/test-selection-practice/,practice,NO_CANDIDATE,,,,,,,,No candidate was produced for this lesson and role.
textbook-lesson.subjects-math-calculus-sequences-and-series-test-selection-practice,/subjects/math/calculus/sequences-and-series/test-selection-practice/,quick-explanation,NO_CANDIDATE,,,,,,,,No candidate was produced for this lesson and role.
textbook-lesson.subjects-math-calculus-sequences-and-series-test-selection-practice,/subjects/math/calculus/sequences-and-series/test-selection-practice/,worked-example,NO_CANDIDATE,,,,,,,,No candidate was produced for this lesson and role.
textbook-lesson.subjects-math-calculus-sequences-and-series-test-selection-practice,/subjects/math/calculus/sequences-and-series/test-selection-practice/,reference,DEFERRED_EDITORIAL_REVIEW,,,,,,,,Candidate remains provisional because broad inferred concept/skill overlap does not prove an exact learner action.
textbook-lesson.subjects-math-calculus-sequences-and-series-test-selection-practice,/subjects/math/calculus/sequences-and-series/test-selection-practice/,tool-or-visual,NO_CANDIDATE,,,,,,,,No candidate was produced for this lesson and role.
