route,pageRole,currentTitle,currentH1,classification,lockedForHandoff3,editorialDecision,editorialNotes
"/learn/calculus/integration-by-parts/","method-guide","Integration by parts: recognition, setup, and examples | Better Grades","Integration by parts, without the guessing game.","TITLE_OPENING_REVIEW","false","DEFER_WITH_REASON","The current title and H1 identify a distinct route. Shared-template compression does not establish a route-specific title or opening defect; retain exact copy until query evidence and owner-approved replacement copy support a change."
"/subjects/math/algebra/expressions-equations/","quick-answer","Expressions & Equations Algebra resources | Better Grades","Expressions & Equations","TITLE_OPENING_REVIEW","false","DEFER_WITH_REASON","The current title and H1 identify a distinct route. Shared-template compression does not establish a route-specific title or opening defect; retain exact copy until query evidence and owner-approved replacement copy support a change."
"/subjects/math/algebra/expressions-equations/combining-like-terms/","method-guide","Combining like terms without combining things that only look alike | Better Grades","Combining like terms without combining things that only look alike","TITLE_OPENING_REVIEW","false","DEFER_WITH_REASON","The current title and H1 identify a distinct route. Shared-template compression does not establish a route-specific title or opening defect; retain exact copy until query evidence and owner-approved replacement copy support a change."
"/subjects/math/algebra/expressions-equations/distributive-property/","concept-explainer","The distributive property: why the outside factor reaches every term | Better Grades","The distributive property: why the outside factor reaches every term","TITLE_OPENING_REVIEW","false","DEFER_WITH_REASON","The current title and H1 identify a distinct route. Shared-template compression does not establish a route-specific title or opening defect; retain exact copy until query evidence and owner-approved replacement copy support a change."
"/subjects/math/algebra/expressions-equations/evaluating-expressions-by-substitution/","method-guide","Evaluating algebraic expressions by substitution | Better Grades","Evaluating algebraic expressions by substitution","TITLE_OPENING_REVIEW","false","DEFER_WITH_REASON","The current title and H1 identify a distinct route. Shared-template compression does not establish a route-specific title or opening defect; retain exact copy until query evidence and owner-approved replacement copy support a change."
"/subjects/math/algebra/expressions-equations/order-of-operations-with-variables/","concept-explainer","Order of operations with variables: what actually comes first? | Better Grades","Order of operations with variables: what actually comes first?","TITLE_OPENING_REVIEW","false","DEFER_WITH_REASON","The current title and H1 identify a distinct route. Shared-template compression does not establish a route-specific title or opening defect; retain exact copy until query evidence and owner-approved replacement copy support a change."
"/subjects/math/algebra/expressions-equations/solving-linear-equations/","method-guide","Solving linear equations: keep the balance, not a bag of tricks | Better Grades","Solving linear equations: keep the balance, not a bag of tricks","TITLE_OPENING_REVIEW","false","DEFER_WITH_REASON","The current title and H1 identify a distinct route. Shared-template compression does not establish a route-specific title or opening defect; retain exact copy until query evidence and owner-approved replacement copy support a change."
"/subjects/math/algebra/expressions-equations/variables-on-both-sides/","decision-guide","Variables on both sides: which side should you move them to? | Better Grades","Variables on both sides: which side should you move them to?","TITLE_OPENING_REVIEW","false","DEFER_WITH_REASON","The current title and H1 identify a distinct route. Shared-template compression does not establish a route-specific title or opening defect; retain exact copy until query evidence and owner-approved replacement copy support a change."
"/subjects/math/algebra/linear-relationships/","quick-answer","Linear Relationships Algebra resources | Better Grades","Linear Relationships","TITLE_OPENING_REVIEW","false","DEFER_WITH_REASON","The current title and H1 identify a distinct route. Shared-template compression does not establish a route-specific title or opening defect; retain exact copy until query evidence and owner-approved replacement copy support a change."
"/subjects/math/algebra/linear-relationships/equation-from-two-points/","method-guide","How to write a line equation from two points | Better Grades","How to write a line equation from two points","TITLE_OPENING_REVIEW","false","DEFER_WITH_REASON","The current title and H1 identify a distinct route. Shared-template compression does not establish a route-specific title or opening defect; retain exact copy until query evidence and owner-approved replacement copy support a change."
"/subjects/math/algebra/linear-relationships/graphing-linear-equations-from-standard-form/","method-guide","Graphing a linear equation from standard form | Better Grades","Graphing a linear equation from standard form","TITLE_OPENING_REVIEW","false","DEFER_WITH_REASON","The current title and H1 identify a distinct route. Shared-template compression does not establish a route-specific title or opening defect; retain exact copy until query evidence and owner-approved replacement copy support a change."
"/subjects/math/algebra/linear-relationships/interpreting-linear-models/","quick-answer","What do slope and intercept mean in a linear model? | Better Grades","What do slope and intercept mean in a linear model?","TITLE_OPENING_REVIEW","false","DEFER_WITH_REASON","The current title and H1 identify a distinct route. Shared-template compression does not establish a route-specific title or opening defect; retain exact copy until query evidence and owner-approved replacement copy support a change."
"/subjects/math/algebra/linear-relationships/parallel-perpendicular-lines/","concept-explainer","Parallel and perpendicular slopes, with the vertical-line exception | Better Grades","Parallel and perpendicular slopes, with the vertical-line exception","TITLE_OPENING_REVIEW","false","DEFER_WITH_REASON","The current title and H1 identify a distinct route. Shared-template compression does not establish a route-specific title or opening defect; retain exact copy until query evidence and owner-approved replacement copy support a change."
"/subjects/math/algebra/linear-relationships/point-slope-vs-slope-intercept/","decision-guide","Point-slope or slope-intercept form: which should you use? | Better Grades","Point-slope or slope-intercept form: which should you use?","TITLE_OPENING_REVIEW","false","DEFER_WITH_REASON","The current title and H1 identify a distinct route. Shared-template compression does not establish a route-specific title or opening defect; retain exact copy until query evidence and owner-approved replacement copy support a change."
"/subjects/math/algebra/linear-relationships/slope-as-rate-of-change/","concept-explainer","Slope is a rate of change, not just rise over run | Better Grades","Slope is a rate of change, not just rise over run","TITLE_OPENING_REVIEW","false","DEFER_WITH_REASON","The current title and H1 identify a distinct route. Shared-template compression does not establish a route-specific title or opening defect; retain exact copy until query evidence and owner-approved replacement copy support a change."
"/subjects/math/algebra/polynomials-factoring/","quick-answer","Polynomials & Factoring Algebra resources | Better Grades","Polynomials & Factoring","TITLE_OPENING_REVIEW","false","DEFER_WITH_REASON","The current title and H1 identify a distinct route. Shared-template compression does not establish a route-specific title or opening defect; retain exact copy until query evidence and owner-approved replacement copy support a change."
"/subjects/math/algebra/polynomials-factoring/completing-the-square/","method-guide","Completing the square without guessing | Better Grades","Completing the square without guessing","TITLE_OPENING_REVIEW","false","DEFER_WITH_REASON","The current title and H1 identify a distinct route. Shared-template compression does not establish a route-specific title or opening defect; retain exact copy until query evidence and owner-approved replacement copy support a change."
"/subjects/math/algebra/polynomials-factoring/exponent-rules/","concept-explainer","Exponent rules that come from counting factors | Better Grades","Exponent rules that come from counting factors","TITLE_OPENING_REVIEW","false","DEFER_WITH_REASON","The current title and H1 identify a distinct route. Shared-template compression does not establish a route-specific title or opening defect; retain exact copy until query evidence and owner-approved replacement copy support a change."
"/subjects/math/algebra/polynomials-factoring/factoring-trinomials/","method-guide","Factoring trinomials: use product and sum, not random guessing | Better Grades","Factoring trinomials: use product and sum, not random guessing","TITLE_OPENING_REVIEW","false","DEFER_WITH_REASON","The current title and H1 identify a distinct route. Shared-template compression does not establish a route-specific title or opening defect; retain exact copy until query evidence and owner-approved replacement copy support a change."
"/subjects/math/algebra/polynomials-factoring/greatest-common-factor/","method-guide","Factor the greatest common factor before anything fancy | Better Grades","Factor the greatest common factor before anything fancy","TITLE_OPENING_REVIEW","false","DEFER_WITH_REASON","The current title and H1 identify a distinct route. Shared-template compression does not establish a route-specific title or opening defect; retain exact copy until query evidence and owner-approved replacement copy support a change."
"/subjects/math/algebra/polynomials-factoring/multiply-polynomials/","method-guide","Multiplying polynomials without losing a term | Better Grades","Multiplying polynomials without losing a term","TITLE_OPENING_REVIEW","false","DEFER_WITH_REASON","The current title and H1 identify a distinct route. Shared-template compression does not establish a route-specific title or opening defect; retain exact copy until query evidence and owner-approved replacement copy support a change."
"/subjects/math/algebra/polynomials-factoring/special-factor-patterns/","decision-guide","Difference of squares or perfect-square trinomial? | Better Grades","Difference of squares or perfect-square trinomial?","TITLE_OPENING_REVIEW","false","DEFER_WITH_REASON","The current title and H1 identify a distinct route. Shared-template compression does not establish a route-specific title or opening defect; retain exact copy until query evidence and owner-approved replacement copy support a change."
"/subjects/math/algebra/radicals-exponents-functions/","quick-answer","Radicals, Exponents & Functions Algebra resources | Better Grades","Radicals, Exponents & Functions","TITLE_OPENING_REVIEW","false","DEFER_WITH_REASON","The current title and H1 identify a distinct route. Shared-template compression does not establish a route-specific title or opening defect; retain exact copy until query evidence and owner-approved replacement copy support a change."
"/subjects/math/algebra/radicals-exponents-functions/exponential-growth-and-decay/","concept-explainer","Exponential growth and decay: reading the model | Better Grades","Exponential growth and decay: reading the model","TITLE_OPENING_REVIEW","false","DEFER_WITH_REASON","The current title and H1 identify a distinct route. Shared-template compression does not establish a route-specific title or opening defect; retain exact copy until query evidence and owner-approved replacement copy support a change."
"/subjects/math/algebra/radicals-exponents-functions/function-notation/","concept-explainer","Function notation: inputs, outputs, and what f(x) does not mean | Better Grades","Function notation: inputs, outputs, and what f(x) does not mean","TITLE_OPENING_REVIEW","false","DEFER_WITH_REASON","The current title and H1 identify a distinct route. Shared-template compression does not establish a route-specific title or opening defect; retain exact copy until query evidence and owner-approved replacement copy support a change."
"/subjects/math/algebra/radicals-exponents-functions/inverse-functions-vs-reciprocals/","decision-guide","Inverse function or reciprocal? The −1 notation has two different jobs | Better Grades","Inverse function or reciprocal? The −1 notation has two different jobs","TITLE_OPENING_REVIEW","false","DEFER_WITH_REASON","The current title and H1 identify a distinct route. Shared-template compression does not establish a route-specific title or opening defect; retain exact copy until query evidence and owner-approved replacement copy support a change."
"/subjects/math/algebra/radicals-exponents-functions/rational-exponents/","concept-explainer","Rational exponents: the bridge between powers and roots | Better Grades","Rational exponents: the bridge between powers and roots","TITLE_OPENING_REVIEW","false","DEFER_WITH_REASON","The current title and H1 identify a distinct route. Shared-template compression does not establish a route-specific title or opening defect; retain exact copy until query evidence and owner-approved replacement copy support a change."
"/subjects/math/algebra/radicals-exponents-functions/simplifying-radicals/","method-guide","Simplifying radicals by pulling out perfect powers | Better Grades","Simplifying radicals by pulling out perfect powers","TITLE_OPENING_REVIEW","false","DEFER_WITH_REASON","The current title and H1 identify a distinct route. Shared-template compression does not establish a route-specific title or opening defect; retain exact copy until query evidence and owner-approved replacement copy support a change."
"/subjects/math/algebra/radicals-exponents-functions/solving-radical-equations/","method-guide","Solving radical equations and checking for extraneous roots | Better Grades","Solving radical equations and checking for extraneous roots","TITLE_OPENING_REVIEW","false","DEFER_WITH_REASON","The current title and H1 identify a distinct route. Shared-template compression does not establish a route-specific title or opening defect; retain exact copy until query evidence and owner-approved replacement copy support a change."
"/subjects/math/algebra/rational-expressions/","quick-answer","Rational Expressions Algebra resources | Better Grades","Rational Expressions","TITLE_OPENING_REVIEW","false","DEFER_WITH_REASON","The current title and H1 identify a distinct route. Shared-template compression does not establish a route-specific title or opening defect; retain exact copy until query evidence and owner-approved replacement copy support a change."
"/subjects/math/algebra/rational-expressions/add-subtract-rational-expressions/","method-guide","Adding and subtracting rational expressions | Better Grades","Adding and subtracting rational expressions","TITLE_OPENING_REVIEW","false","DEFER_WITH_REASON","The current title and H1 identify a distinct route. Shared-template compression does not establish a route-specific title or opening defect; retain exact copy until query evidence and owner-approved replacement copy support a change."
"/subjects/math/algebra/rational-expressions/direct-inverse-variation/","decision-guide","Direct or inverse variation: which model matches the relationship? | Better Grades","Direct or inverse variation: which model matches the relationship?","TITLE_OPENING_REVIEW","false","DEFER_WITH_REASON","The current title and H1 identify a distinct route. Shared-template compression does not establish a route-specific title or opening defect; retain exact copy until query evidence and owner-approved replacement copy support a change."
"/subjects/math/algebra/rational-expressions/rational-domain-restrictions/","concept-explainer","Domain restrictions in rational expressions | Better Grades","Domain restrictions in rational expressions","TITLE_OPENING_REVIEW","false","DEFER_WITH_REASON","The current title and H1 identify a distinct route. Shared-template compression does not establish a route-specific title or opening defect; retain exact copy until query evidence and owner-approved replacement copy support a change."
"/subjects/math/algebra/rational-expressions/simplifying-complex-rational-expressions/","method-guide","Simplifying complex rational expressions | Better Grades","Simplifying complex rational expressions","TITLE_OPENING_REVIEW","false","DEFER_WITH_REASON","The current title and H1 identify a distinct route. Shared-template compression does not establish a route-specific title or opening defect; retain exact copy until query evidence and owner-approved replacement copy support a change."
"/subjects/math/algebra/rational-expressions/simplifying-rational-expressions/","method-guide","Simplifying rational expressions by factors, not by terms | Better Grades","Simplifying rational expressions by factors, not by terms","TITLE_OPENING_REVIEW","false","DEFER_WITH_REASON","The current title and H1 identify a distinct route. Shared-template compression does not establish a route-specific title or opening defect; retain exact copy until query evidence and owner-approved replacement copy support a change."
"/subjects/math/algebra/rational-expressions/solving-rational-equations/","method-guide","Solving rational equations without accepting forbidden answers | Better Grades","Solving rational equations without accepting forbidden answers","TITLE_OPENING_REVIEW","false","DEFER_WITH_REASON","The current title and H1 identify a distinct route. Shared-template compression does not establish a route-specific title or opening defect; retain exact copy until query evidence and owner-approved replacement copy support a change."
"/subjects/math/algebra/systems-inequalities/","quick-answer","Systems & Inequalities Algebra resources | Better Grades","Systems & Inequalities","TITLE_OPENING_REVIEW","false","DEFER_WITH_REASON","The current title and H1 identify a distinct route. Shared-template compression does not establish a route-specific title or opening defect; retain exact copy until query evidence and owner-approved replacement copy support a change."
"/subjects/math/algebra/systems-inequalities/choosing-system-method/","decision-guide","Graphing, substitution, or elimination: which system method fits? | Better Grades","Graphing, substitution, or elimination: which system method fits?","TITLE_OPENING_REVIEW","false","DEFER_WITH_REASON","The current title and H1 identify a distinct route. Shared-template compression does not establish a route-specific title or opening defect; retain exact copy until query evidence and owner-approved replacement copy support a change."
"/subjects/math/algebra/systems-inequalities/compound-inequalities/","method-guide","Compound inequalities: and, or, and the sign flip | Better Grades","Compound inequalities: and, or, and the sign flip","TITLE_OPENING_REVIEW","false","DEFER_WITH_REASON","The current title and H1 identify a distinct route. Shared-template compression does not establish a route-specific title or opening defect; retain exact copy until query evidence and owner-approved replacement copy support a change."
"/subjects/math/algebra/systems-inequalities/elimination-systems/","method-guide","Solving systems by elimination | Better Grades","Solving systems by elimination","TITLE_OPENING_REVIEW","false","DEFER_WITH_REASON","The current title and H1 identify a distinct route. Shared-template compression does not establish a route-specific title or opening defect; retain exact copy until query evidence and owner-approved replacement copy support a change."
"/subjects/math/algebra/systems-inequalities/graphing-linear-inequalities/","method-guide","Graphing linear inequalities in two variables | Better Grades","Graphing linear inequalities in two variables","TITLE_OPENING_REVIEW","false","DEFER_WITH_REASON","The current title and H1 identify a distinct route. Shared-template compression does not establish a route-specific title or opening defect; retain exact copy until query evidence and owner-approved replacement copy support a change."
"/subjects/math/algebra/systems-inequalities/no-one-infinite-solutions/","concept-explainer","One solution, no solution, or infinitely many? | Better Grades","One solution, no solution, or infinitely many?","TITLE_OPENING_REVIEW","false","DEFER_WITH_REASON","The current title and H1 identify a distinct route. Shared-template compression does not establish a route-specific title or opening defect; retain exact copy until query evidence and owner-approved replacement copy support a change."
"/subjects/math/algebra/systems-inequalities/substitution-systems/","method-guide","Solving systems by substitution | Better Grades","Solving systems by substitution","TITLE_OPENING_REVIEW","false","DEFER_WITH_REASON","The current title and H1 identify a distinct route. Shared-template compression does not establish a route-specific title or opening defect; retain exact copy until query evidence and owner-approved replacement copy support a change."
"/subjects/math/calculus/derivative-applications/advanced-cauchy-mvt/","textbook-lesson","Cauchy s Mean Value Theorem and L Hopital s Rule | Unit 2B | Better Grades","Cauchy s Mean Value Theorem and L Hopital s Rule","TITLE_OPENING_REVIEW","false","DEFER_WITH_REASON","The current title and H1 identify a distinct route. Shared-template compression does not establish a route-specific title or opening defect; retain exact copy until query evidence and owner-approved replacement copy support a change."
"/subjects/math/calculus/derivative-applications/advanced-convexity/","textbook-lesson","Convexity, Tangent Inequalities, and Global Minima | Unit 2B | Better Grades","Convexity, Tangent Inequalities, and Global Minima","TITLE_OPENING_REVIEW","false","DEFER_WITH_REASON","The current title and H1 identify a distinct route. Shared-template compression does not establish a route-specific title or opening defect; retain exact copy until query evidence and owner-approved replacement copy support a change."
"/subjects/math/calculus/derivative-applications/advanced-newton-convergence/","textbook-lesson","Newton s Method: Convergence and Failure Modes | Unit 2B | Better Grades","Newton s Method: Convergence and Failure Modes","TITLE_OPENING_REVIEW","false","DEFER_WITH_REASON","The current title and H1 identify a distinct route. Shared-template compression does not establish a route-specific title or opening defect; retain exact copy until query evidence and owner-approved replacement copy support a change."
"/subjects/math/calculus/derivative-applications/advanced-notes/","textbook-lesson","Advanced Notes: Analysis Behind the Applications | Unit 2B | Better Grades","Advanced Notes: Analysis Behind the Applications","TITLE_OPENING_REVIEW","false","DEFER_WITH_REASON","The current title and H1 identify a distinct route. Shared-template compression does not establish a route-specific title or opening defect; retain exact copy until query evidence and owner-approved replacement copy support a change."
"/subjects/math/calculus/derivative-applications/advanced-sensitivity-elasticity/","textbook-lesson","Sensitivity, Elasticity, and Condition Numbers | Unit 2B | Better Grades","Sensitivity, Elasticity, and Condition Numbers","TITLE_OPENING_REVIEW","false","DEFER_WITH_REASON","The current title and H1 identify a distinct route. Shared-template compression does not establish a route-specific title or opening defect; retain exact copy until query evidence and owner-approved replacement copy support a change."
"/subjects/math/calculus/derivative-applications/anatomy-of-optimization/","textbook-lesson","The Anatomy of an Optimization Problem | Unit 2B | Better Grades","The Anatomy of an Optimization Problem","TITLE_OPENING_REVIEW","false","DEFER_WITH_REASON","The current title and H1 identify a distinct route. Shared-template compression does not establish a route-specific title or opening defect; retain exact copy until query evidence and owner-approved replacement copy support a change."
"/subjects/math/calculus/derivative-applications/approximation-concept-quiz/","textbook-lesson","Approximation Concept Quiz | Unit 2B | Better Grades","Approximation Concept Quiz","TITLE_OPENING_REVIEW","false","DEFER_WITH_REASON","The current title and H1 identify a distinct route. Shared-template compression does not establish a route-specific title or opening defect; retain exact copy until query evidence and owner-approved replacement copy support a change."
"/subjects/math/calculus/derivative-applications/approximation-review/","textbook-lesson","Approximation and Newton s Method Review | Unit 2B | Better Grades","Approximation and Newton s Method Review","TITLE_OPENING_REVIEW","false","DEFER_WITH_REASON","The current title and H1 identify a distinct route. Shared-template compression does not establish a route-specific title or opening defect; retain exact copy until query evidence and owner-approved replacement copy support a change."
"/subjects/math/calculus/derivative-applications/bridge-diagnostic/","textbook-lesson","Derivative Applications Bridge Diagnostic | Unit 2B | Better Grades","Derivative Applications Bridge Diagnostic","TITLE_OPENING_REVIEW","false","DEFER_WITH_REASON","The current title and H1 identify a distinct route. Shared-template compression does not establish a route-specific title or opening defect; retain exact copy until query evidence and owner-approved replacement copy support a change."
"/subjects/math/calculus/derivative-applications/closed-interval-method/","textbook-lesson","The Closed Interval Method | Unit 2B | Better Grades","The Closed Interval Method","TITLE_OPENING_REVIEW","false","DEFER_WITH_REASON","The current title and H1 identify a distinct route. Shared-template compression does not establish a route-specific title or opening defect; retain exact copy until query evidence and owner-approved replacement copy support a change."
"/subjects/math/calculus/derivative-applications/common-errors/","textbook-lesson","Common Derivative Application and Optimization Errors | Unit 2B | Better Grades","Common Derivative Application and Optimization Errors","TITLE_OPENING_REVIEW","false","DEFER_WITH_REASON","The current title and H1 identify a distinct route. Shared-template compression does not establish a route-specific title or opening defect; retain exact copy until query evidence and owner-approved replacement copy support a change."
"/subjects/math/calculus/derivative-applications/concavity/","textbook-lesson","Concavity and Inflection Points | Unit 2B | Better Grades","Concavity and Inflection Points","TITLE_OPENING_REVIEW","false","DEFER_WITH_REASON","The current title and H1 identify a distinct route. Shared-template compression does not establish a route-specific title or opening defect; retain exact copy until query evidence and owner-approved replacement copy support a change."
"/subjects/math/calculus/derivative-applications/cumulative-practice/","textbook-lesson","Unit 2B Cumulative Applications Practice | Better Grades","Unit 2B Cumulative Applications Practice","TITLE_OPENING_REVIEW","false","DEFER_WITH_REASON","The current title and H1 identify a distinct route. Shared-template compression does not establish a route-specific title or opening defect; retain exact copy until query evidence and owner-approved replacement copy support a change."
"/subjects/math/calculus/derivative-applications/curve-sketching-from-derivatives/","method-guide","Curve sketching from first and second derivatives | Unit 2B | Better Grades","Curve sketching from first and second derivatives","TITLE_OPENING_REVIEW","false","DEFER_WITH_REASON","The current title and H1 identify a distinct route. Shared-template compression does not establish a route-specific title or opening defect; retain exact copy until query evidence and owner-approved replacement copy support a change."
"/subjects/math/calculus/derivative-applications/curve-sketching/","textbook-lesson","Complete Curve Sketching | Unit 2B | Better Grades","Complete Curve Sketching","TITLE_OPENING_REVIEW","false","DEFER_WITH_REASON","The current title and H1 identify a distinct route. Shared-template compression does not establish a route-specific title or opening defect; retain exact copy until query evidence and owner-approved replacement copy support a change."
"/subjects/math/calculus/derivative-applications/derivative-graphs/","textbook-lesson","Reading Function and Derivative Graphs | Unit 2B | Better Grades","Reading Function and Derivative Graphs","TITLE_OPENING_REVIEW","false","DEFER_WITH_REASON","The current title and H1 identify a distinct route. Shared-template compression does not establish a route-specific title or opening defect; retain exact copy until query evidence and owner-approved replacement copy support a change."
"/subjects/math/calculus/derivative-applications/differentials/","textbook-lesson","Differentials | Unit 2B | Better Grades","Differentials","TITLE_OPENING_REVIEW","false","DEFER_WITH_REASON","The current title and H1 identify a distinct route. Shared-template compression does not establish a route-specific title or opening defect; retain exact copy until query evidence and owner-approved replacement copy support a change."
"/subjects/math/calculus/derivative-applications/error-estimation/","textbook-lesson","Error Estimation with Differentials | Unit 2B | Better Grades","Error Estimation with Differentials","TITLE_OPENING_REVIEW","false","DEFER_WITH_REASON","The current title and H1 identify a distinct route. Shared-template compression does not establish a route-specific title or opening defect; retain exact copy until query evidence and owner-approved replacement copy support a change."
"/subjects/math/calculus/derivative-applications/extrema-and-critical-numbers/","textbook-lesson","Extrema and Critical Numbers | Unit 2B | Better Grades","Extrema and Critical Numbers","TITLE_OPENING_REVIEW","false","DEFER_WITH_REASON","The current title and H1 identify a distinct route. Shared-template compression does not establish a route-specific title or opening defect; retain exact copy until query evidence and owner-approved replacement copy support a change."
"/subjects/math/calculus/derivative-applications/first-derivative-test/","textbook-lesson","The First Derivative Test | Unit 2B | Better Grades","The First Derivative Test","TITLE_OPENING_REVIEW","false","DEFER_WITH_REASON","The current title and H1 identify a distinct route. Shared-template compression does not establish a route-specific title or opening defect; retain exact copy until query evidence and owner-approved replacement copy support a change."
"/subjects/math/calculus/derivative-applications/graph-analysis-story/","textbook-lesson","Graph Analysis as a Coherent Story | Unit 2B | Better Grades","Graph Analysis as a Coherent Story","TITLE_OPENING_REVIEW","false","DEFER_WITH_REASON","The current title and H1 identify a distinct route. Shared-template compression does not establish a route-specific title or opening defect; retain exact copy until query evidence and owner-approved replacement copy support a change."
"/subjects/math/calculus/derivative-applications/how-to-translate-word-problems/","textbook-lesson","How to Translate Derivative Word Problems | Unit 2B | Better Grades","How to Translate Derivative Word Problems","TITLE_OPENING_REVIEW","false","DEFER_WITH_REASON","The current title and H1 identify a distinct route. Shared-template compression does not establish a route-specific title or opening defect; retain exact copy until query evidence and owner-approved replacement copy support a change."
"/subjects/math/calculus/derivative-applications/increasing-decreasing/","textbook-lesson","Increasing and Decreasing Intervals | Unit 2B | Better Grades","Increasing and Decreasing Intervals","TITLE_OPENING_REVIEW","false","DEFER_WITH_REASON","The current title and H1 identify a distinct route. Shared-template compression does not establish a route-specific title or opening defect; retain exact copy until query evidence and owner-approved replacement copy support a change."
"/subjects/math/calculus/derivative-applications/interpretation-concept-quiz/","textbook-lesson","Interpretation and Motion Concept Quiz | Unit 2B | Better Grades","Interpretation and Motion Concept Quiz","TITLE_OPENING_REVIEW","false","DEFER_WITH_REASON","The current title and H1 identify a distinct route. Shared-template compression does not establish a route-specific title or opening defect; retain exact copy until query evidence and owner-approved replacement copy support a change."
"/subjects/math/calculus/derivative-applications/interpretation-review/","textbook-lesson","Higher Derivatives and Motion Review | Unit 2B | Better Grades","Higher Derivatives and Motion Review","TITLE_OPENING_REVIEW","false","DEFER_WITH_REASON","The current title and H1 identify a distinct route. Shared-template compression does not establish a route-specific title or opening defect; retain exact copy until query evidence and owner-approved replacement copy support a change."
"/subjects/math/calculus/derivative-applications/interpreting-derivatives/","textbook-lesson","How to Interpret a Derivative in Context | Unit 2B | Better Grades","How to Interpret a Derivative in Context","TITLE_OPENING_REVIEW","false","DEFER_WITH_REASON","The current title and H1 identify a distinct route. Shared-template compression does not establish a route-specific title or opening defect; retain exact copy until query evidence and owner-approved replacement copy support a change."
"/subjects/math/calculus/derivative-applications/interpreting-higher-derivatives/","textbook-lesson","Interpreting Higher Derivatives | Unit 2B | Better Grades","Interpreting Higher Derivatives","TITLE_OPENING_REVIEW","false","DEFER_WITH_REASON","The current title and H1 identify a distinct route. Shared-template compression does not establish a route-specific title or opening defect; retain exact copy until query evidence and owner-approved replacement copy support a change."
"/subjects/math/calculus/derivative-applications/lhopital-concept-quiz/","textbook-lesson","L Hopital Concept Quiz | Unit 2B | Better Grades","L Hopital Concept Quiz","TITLE_OPENING_REVIEW","false","DEFER_WITH_REASON","The current title and H1 identify a distinct route. Shared-template compression does not establish a route-specific title or opening defect; retain exact copy until query evidence and owner-approved replacement copy support a change."
"/subjects/math/calculus/derivative-applications/lhopital-infinity-over-infinity/","textbook-lesson","L Hopital s Rule for infinity/infinity | Unit 2B | Better Grades","L Hopital s Rule for infinity/infinity","TITLE_OPENING_REVIEW","false","DEFER_WITH_REASON","The current title and H1 identify a distinct route. Shared-template compression does not establish a route-specific title or opening defect; retain exact copy until query evidence and owner-approved replacement copy support a change."
"/subjects/math/calculus/derivative-applications/lhopital-is-not-cancellation/","textbook-lesson","L Hopital s Rule Is Not Quotient Cancellation | Unit 2B | Better Grades","L Hopital s Rule Is Not Quotient Cancellation","TITLE_OPENING_REVIEW","false","DEFER_WITH_REASON","The current title and H1 identify a distinct route. Shared-template compression does not establish a route-specific title or opening defect; retain exact copy until query evidence and owner-approved replacement copy support a change."
"/subjects/math/calculus/derivative-applications/lhopital-review/","textbook-lesson","L Hopital s Rule Review | Unit 2B | Better Grades","L Hopital s Rule Review","TITLE_OPENING_REVIEW","false","DEFER_WITH_REASON","The current title and H1 identify a distinct route. Shared-template compression does not establish a route-specific title or opening defect; retain exact copy until query evidence and owner-approved replacement copy support a change."
"/subjects/math/calculus/derivative-applications/lhopital-rule/","textbook-lesson","L Hopital s Rule | Unit 2B | Better Grades","L Hopital s Rule","TITLE_OPENING_REVIEW","false","DEFER_WITH_REASON","The current title and H1 identify a distinct route. Shared-template compression does not establish a route-specific title or opening defect; retain exact copy until query evidence and owner-approved replacement copy support a change."
"/subjects/math/calculus/derivative-applications/lhopital-zero-over-zero/","textbook-lesson","L Hopital s Rule for 0/0 | Unit 2B | Better Grades","L Hopital s Rule for 0/0","TITLE_OPENING_REVIEW","false","DEFER_WITH_REASON","The current title and H1 identify a distinct route. Shared-template compression does not establish a route-specific title or opening defect; retain exact copy until query evidence and owner-approved replacement copy support a change."
"/subjects/math/calculus/derivative-applications/linear-approximation/","concept-explainer","Linear approximation: use the tangent line as a local calculator | Unit 2B | Better Grades","Linear approximation: use the tangent line as a local calculator","TITLE_OPENING_REVIEW","false","DEFER_WITH_REASON","The current title and H1 identify a distinct route. Shared-template compression does not establish a route-specific title or opening defect; retain exact copy until query evidence and owner-approved replacement copy support a change."
"/subjects/math/calculus/derivative-applications/linearization-practice/","textbook-lesson","Using Linearization | Unit 2B | Better Grades","Using Linearization","TITLE_OPENING_REVIEW","false","DEFER_WITH_REASON","The current title and H1 identify a distinct route. Shared-template compression does not establish a route-specific title or opening defect; retain exact copy until query evidence and owner-approved replacement copy support a change."
"/subjects/math/calculus/derivative-applications/local-linearity/","textbook-lesson","Local Linearity | Unit 2B | Better Grades","Local Linearity","TITLE_OPENING_REVIEW","false","DEFER_WITH_REASON","The current title and H1 identify a distinct route. Shared-template compression does not establish a route-specific title or opening defect; retain exact copy until query evidence and owner-approved replacement copy support a change."
"/subjects/math/calculus/derivative-applications/manufacturing-tolerance/","textbook-lesson","Manufacturing Tolerances and Error Propagation | Unit 2B | Better Grades","Manufacturing Tolerances and Error Propagation","TITLE_OPENING_REVIEW","false","DEFER_WITH_REASON","The current title and H1 identify a distinct route. Shared-template compression does not establish a route-specific title or opening defect; retain exact copy until query evidence and owner-approved replacement copy support a change."
"/subjects/math/calculus/derivative-applications/marginal-analysis/","textbook-lesson","Marginal Cost, Revenue, Profit, and Elasticity | Unit 2B | Better Grades","Marginal Cost, Revenue, Profit, and Elasticity","TITLE_OPENING_REVIEW","false","DEFER_WITH_REASON","The current title and H1 identify a distinct route. Shared-template compression does not establish a route-specific title or opening defect; retain exact copy until query evidence and owner-approved replacement copy support a change."
"/subjects/math/calculus/derivative-applications/mean-value-theorem/","textbook-lesson","The Mean Value Theorem | Unit 2B | Better Grades","The Mean Value Theorem","TITLE_OPENING_REVIEW","false","DEFER_WITH_REASON","The current title and H1 identify a distinct route. Shared-template compression does not establish a route-specific title or opening defect; retain exact copy until query evidence and owner-approved replacement copy support a change."
"/subjects/math/calculus/derivative-applications/medication-concentration/","textbook-lesson","Medication Concentration, Peak Timing, and Model Limits | Unit 2B | Better Grades","Medication Concentration, Peak Timing, and Model Limits","TITLE_OPENING_REVIEW","false","DEFER_WITH_REASON","The current title and H1 identify a distinct route. Shared-template compression does not establish a route-specific title or opening defect; retain exact copy until query evidence and owner-approved replacement copy support a change."
"/subjects/math/calculus/derivative-applications/modeling-studio-review/","textbook-lesson","Derivative Applications Modeling Studio Review | Unit 2B | Better Grades","Derivative Applications Modeling Studio Review","TITLE_OPENING_REVIEW","false","DEFER_WITH_REASON","The current title and H1 identify a distinct route. Shared-template compression does not establish a route-specific title or opening defect; retain exact copy until query evidence and owner-approved replacement copy support a change."
"/subjects/math/calculus/derivative-applications/modeling-studio/","textbook-lesson","Derivative Applications Modeling Studio | Unit 2B | Better Grades","Derivative Applications Modeling Studio","TITLE_OPENING_REVIEW","false","DEFER_WITH_REASON","The current title and H1 identify a distinct route. Shared-template compression does not establish a route-specific title or opening defect; retain exact copy until query evidence and owner-approved replacement copy support a change."
"/subjects/math/calculus/derivative-applications/newtons-method/","textbook-lesson","Newton s Method | Unit 2B | Better Grades","Newton s Method","TITLE_OPENING_REVIEW","false","DEFER_WITH_REASON","The current title and H1 identify a distinct route. Shared-template compression does not establish a route-specific title or opening defect; retain exact copy until query evidence and owner-approved replacement copy support a change."
"/subjects/math/calculus/derivative-applications/optimization-business-science/","textbook-lesson","Business and Scientific Optimization | Unit 2B | Better Grades","Business and Scientific Optimization","TITLE_OPENING_REVIEW","false","DEFER_WITH_REASON","The current title and H1 identify a distinct route. Shared-template compression does not establish a route-specific title or opening defect; retain exact copy until query evidence and owner-approved replacement copy support a change."
"/subjects/math/calculus/derivative-applications/optimization-closed-interval/","textbook-lesson","Closed-Interval Optimization | Unit 2B | Better Grades","Closed-Interval Optimization","TITLE_OPENING_REVIEW","false","DEFER_WITH_REASON","The current title and H1 identify a distinct route. Shared-template compression does not establish a route-specific title or opening defect; retain exact copy until query evidence and owner-approved replacement copy support a change."
"/subjects/math/calculus/derivative-applications/optimization-concept-quiz/","textbook-lesson","Optimization Concept Quiz | Unit 2B | Better Grades","Optimization Concept Quiz","TITLE_OPENING_REVIEW","false","DEFER_WITH_REASON","The current title and H1 identify a distinct route. Shared-template compression does not establish a route-specific title or opening defect; retain exact copy until query evidence and owner-approved replacement copy support a change."
"/subjects/math/calculus/derivative-applications/optimization-geometry/","textbook-lesson","Geometric Optimization | Unit 2B | Better Grades","Geometric Optimization","TITLE_OPENING_REVIEW","false","DEFER_WITH_REASON","The current title and H1 identify a distinct route. Shared-template compression does not establish a route-specific title or opening defect; retain exact copy until query evidence and owner-approved replacement copy support a change."
"/subjects/math/calculus/derivative-applications/optimization-modeling/","textbook-lesson","Optimization Modeling | Unit 2B | Better Grades","Optimization Modeling","TITLE_OPENING_REVIEW","false","DEFER_WITH_REASON","The current title and H1 identify a distinct route. Shared-template compression does not establish a route-specific title or opening defect; retain exact copy until query evidence and owner-approved replacement copy support a change."
"/subjects/math/calculus/derivative-applications/optimization-review/","textbook-lesson","Optimization Review | Unit 2B | Better Grades","Optimization Review","TITLE_OPENING_REVIEW","false","DEFER_WITH_REASON","The current title and H1 identify a distinct route. Shared-template compression does not establish a route-specific title or opening defect; retain exact copy until query evidence and owner-approved replacement copy support a change."
"/subjects/math/calculus/derivative-applications/optimization/","method-guide","A calculus optimization workflow that does not skip the model | Unit 2B | Better Grades","A calculus optimization workflow that does not skip the model","TITLE_OPENING_REVIEW","false","DEFER_WITH_REASON","The current title and H1 identify a distinct route. Shared-template compression does not establish a route-specific title or opening defect; retain exact copy until query evidence and owner-approved replacement copy support a change."
"/subjects/math/calculus/derivative-applications/other-indeterminate-forms/","textbook-lesson","Products, Differences, and Powers | Unit 2B | Better Grades","Products, Differences, and Powers","TITLE_OPENING_REVIEW","false","DEFER_WITH_REASON","The current title and H1 identify a distinct route. Shared-template compression does not establish a route-specific title or opening defect; retain exact copy until query evidence and owner-approved replacement copy support a change."
"/subjects/math/calculus/derivative-applications/position-velocity-acceleration/","textbook-lesson","Position, Velocity, and Acceleration | Unit 2B | Better Grades","Position, Velocity, and Acceleration","TITLE_OPENING_REVIEW","false","DEFER_WITH_REASON","The current title and H1 identify a distinct route. Shared-template compression does not establish a route-specific title or opening defect; retain exact copy until query evidence and owner-approved replacement copy support a change."
"/subjects/math/calculus/derivative-applications/practice-exam-a-answer-key/","textbook-lesson","Unit 2B Practice Exam A Answer Key | Better Grades","Unit 2B Practice Exam A Answer Key","TITLE_OPENING_REVIEW","false","DEFER_WITH_REASON","The current title and H1 identify a distinct route. Shared-template compression does not establish a route-specific title or opening defect; retain exact copy until query evidence and owner-approved replacement copy support a change."
"/subjects/math/calculus/derivative-applications/practice-exam-a/","textbook-lesson","Unit 2B Practice Exam A | Better Grades","Unit 2B Practice Exam A","TITLE_OPENING_REVIEW","false","DEFER_WITH_REASON","The current title and H1 identify a distinct route. Shared-template compression does not establish a route-specific title or opening defect; retain exact copy until query evidence and owner-approved replacement copy support a change."
"/subjects/math/calculus/derivative-applications/practice-exam-b-answer-key/","textbook-lesson","Unit 2B Practice Exam B Answer Key | Better Grades","Unit 2B Practice Exam B Answer Key","TITLE_OPENING_REVIEW","false","DEFER_WITH_REASON","The current title and H1 identify a distinct route. Shared-template compression does not establish a route-specific title or opening defect; retain exact copy until query evidence and owner-approved replacement copy support a change."
"/subjects/math/calculus/derivative-applications/practice-exam-b/","textbook-lesson","Unit 2B Practice Exam B | Better Grades","Unit 2B Practice Exam B","TITLE_OPENING_REVIEW","false","DEFER_WITH_REASON","The current title and H1 identify a distinct route. Shared-template compression does not establish a route-specific title or opening defect; retain exact copy until query evidence and owner-approved replacement copy support a change."
"/subjects/math/calculus/derivative-applications/radar-tracking/","textbook-lesson","Radar and Camera Tracking with Changing Angles | Unit 2B | Better Grades","Radar and Camera Tracking with Changing Angles","TITLE_OPENING_REVIEW","false","DEFER_WITH_REASON","The current title and H1 identify a distinct route. Shared-template compression does not establish a route-specific title or opening defect; retain exact copy until query evidence and owner-approved replacement copy support a change."
"/subjects/math/calculus/derivative-applications/rates-from-data/","textbook-lesson","Rates from Data and Units | Unit 2B | Better Grades","Rates from Data and Units","TITLE_OPENING_REVIEW","false","DEFER_WITH_REASON","The current title and H1 identify a distinct route. Shared-template compression does not establish a route-specific title or opening defect; retain exact copy until query evidence and owner-approved replacement copy support a change."
"/subjects/math/calculus/derivative-applications/reference/","textbook-lesson","Unit 2B Formula and Strategy Reference | Better Grades","Unit 2B Formula and Strategy Reference","TITLE_OPENING_REVIEW","false","DEFER_WITH_REASON","The current title and H1 identify a distinct route. Shared-template compression does not establish a route-specific title or opening defect; retain exact copy until query evidence and owner-approved replacement copy support a change."
"/subjects/math/calculus/derivative-applications/related-rates-angle/","textbook-lesson","Changing Angles | Unit 2B | Better Grades","Changing Angles","TITLE_OPENING_REVIEW","false","DEFER_WITH_REASON","The current title and H1 identify a distinct route. Shared-template compression does not establish a route-specific title or opening defect; retain exact copy until query evidence and owner-approved replacement copy support a change."
"/subjects/math/calculus/derivative-applications/related-rates-concept-quiz/","textbook-lesson","Related Rates Concept Quiz | Unit 2B | Better Grades","Related Rates Concept Quiz","TITLE_OPENING_REVIEW","false","DEFER_WITH_REASON","The current title and H1 identify a distinct route. Shared-template compression does not establish a route-specific title or opening defect; retain exact copy until query evidence and owner-approved replacement copy support a change."
"/subjects/math/calculus/derivative-applications/related-rates-mixed/","textbook-lesson","Mixed Related-Rates Problems | Unit 2B | Better Grades","Mixed Related-Rates Problems","TITLE_OPENING_REVIEW","false","DEFER_WITH_REASON","The current title and H1 identify a distinct route. Shared-template compression does not establish a route-specific title or opening defect; retain exact copy until query evidence and owner-approved replacement copy support a change."
"/subjects/math/calculus/derivative-applications/related-rates-pythagorean/","textbook-lesson","Pythagorean Related Rates | Unit 2B | Better Grades","Pythagorean Related Rates","TITLE_OPENING_REVIEW","false","DEFER_WITH_REASON","The current title and H1 identify a distinct route. Shared-template compression does not establish a route-specific title or opening defect; retain exact copy until query evidence and owner-approved replacement copy support a change."
"/subjects/math/calculus/derivative-applications/related-rates-review/","textbook-lesson","Related Rates Review | Unit 2B | Better Grades","Related Rates Review","TITLE_OPENING_REVIEW","false","DEFER_WITH_REASON","The current title and H1 identify a distinct route. Shared-template compression does not establish a route-specific title or opening defect; retain exact copy until query evidence and owner-approved replacement copy support a change."
"/subjects/math/calculus/derivative-applications/related-rates-shadows/","textbook-lesson","Shadows and Similar Triangles | Unit 2B | Better Grades","Shadows and Similar Triangles","TITLE_OPENING_REVIEW","false","DEFER_WITH_REASON","The current title and H1 identify a distinct route. Shared-template compression does not establish a route-specific title or opening defect; retain exact copy until query evidence and owner-approved replacement copy support a change."
"/subjects/math/calculus/derivative-applications/related-rates-volume/","textbook-lesson","Volume and Filling Problems | Unit 2B | Better Grades","Volume and Filling Problems","TITLE_OPENING_REVIEW","false","DEFER_WITH_REASON","The current title and H1 identify a distinct route. Shared-template compression does not establish a route-specific title or opening defect; retain exact copy until query evidence and owner-approved replacement copy support a change."
"/subjects/math/calculus/derivative-applications/related-rates-workflow/","textbook-lesson","Related Rates Workflow | Unit 2B | Better Grades","Related Rates Workflow","TITLE_OPENING_REVIEW","false","DEFER_WITH_REASON","The current title and H1 identify a distinct route. Shared-template compression does not establish a route-specific title or opening defect; retain exact copy until query evidence and owner-approved replacement copy support a change."
"/subjects/math/calculus/derivative-applications/related-rates/","method-guide","Related rates: translate the geometry before differentiating | Unit 2B | Better Grades","Related rates: translate the geometry before differentiating","TITLE_OPENING_REVIEW","false","DEFER_WITH_REASON","The current title and H1 identify a distinct route. Shared-template compression does not establish a route-specific title or opening defect; retain exact copy until query evidence and owner-approved replacement copy support a change."
"/subjects/math/calculus/derivative-applications/repeated-lhopital/","textbook-lesson","Repeated L Hopital Applications | Unit 2B | Better Grades","Repeated L Hopital Applications","TITLE_OPENING_REVIEW","false","DEFER_WITH_REASON","The current title and H1 identify a distinct route. Shared-template compression does not establish a route-specific title or opening defect; retain exact copy until query evidence and owner-approved replacement copy support a change."
"/subjects/math/calculus/derivative-applications/rolles-theorem/","textbook-lesson","Rolle s Theorem | Unit 2B | Better Grades","Rolle s Theorem","TITLE_OPENING_REVIEW","false","DEFER_WITH_REASON","The current title and H1 identify a distinct route. Shared-template compression does not establish a route-specific title or opening defect; retain exact copy until query evidence and owner-approved replacement copy support a change."
"/subjects/math/calculus/derivative-applications/second-derivative-test/","textbook-lesson","The Second Derivative Test | Unit 2B | Better Grades","The Second Derivative Test","TITLE_OPENING_REVIEW","false","DEFER_WITH_REASON","The current title and H1 identify a distinct route. Shared-template compression does not establish a route-specific title or opening defect; retain exact copy until query evidence and owner-approved replacement copy support a change."
"/subjects/math/calculus/derivative-applications/speeding-up-slowing-down/","textbook-lesson","Speeding Up and Slowing Down | Unit 2B | Better Grades","Speeding Up and Slowing Down","TITLE_OPENING_REVIEW","false","DEFER_WITH_REASON","The current title and H1 identify a distinct route. Shared-template compression does not establish a route-specific title or opening defect; retain exact copy until query evidence and owner-approved replacement copy support a change."
"/subjects/math/calculus/derivative-applications/stopping-distance/","textbook-lesson","Reaction Time, Braking, and Vehicle Stopping Distance | Unit 2B | Better Grades","Reaction Time, Braking, and Vehicle Stopping Distance","TITLE_OPENING_REVIEW","false","DEFER_WITH_REASON","The current title and H1 identify a distinct route. Shared-template compression does not establish a route-specific title or opening defect; retain exact copy until query evidence and owner-approved replacement copy support a change."
"/subjects/math/calculus/derivative-applications/theorems-shape-concept-quiz/","textbook-lesson","Derivative Theorems and Shape Concept Quiz | Unit 2B | Better Grades","Derivative Theorems and Shape Concept Quiz","TITLE_OPENING_REVIEW","false","DEFER_WITH_REASON","The current title and H1 identify a distinct route. Shared-template compression does not establish a route-specific title or opening defect; retain exact copy until query evidence and owner-approved replacement copy support a change."
"/subjects/math/calculus/derivative-applications/theorems-shape-review/","textbook-lesson","Derivative Theorems and Shape Review | Unit 2B | Better Grades","Derivative Theorems and Shape Review","TITLE_OPENING_REVIEW","false","DEFER_WITH_REASON","The current title and H1 identify a distinct route. Shared-template compression does not establish a route-specific title or opening defect; retain exact copy until query evidence and owner-approved replacement copy support a change."
"/subjects/math/calculus/derivative-applications/unit-2b-review/","decision-guide","Unit 2B Review: Applications of Derivatives | Better Grades","Unit 2B Review: Applications of Derivatives","TITLE_OPENING_REVIEW","false","DEFER_WITH_REASON","The current title and H1 identify a distinct route. Shared-template compression does not establish a route-specific title or opening defect; retain exact copy until query evidence and owner-approved replacement copy support a change."
"/subjects/math/calculus/derivative-applications/when-not-lhopital/","textbook-lesson","When Not to Use L Hopital s Rule | Unit 2B | Better Grades","When Not to Use L Hopital s Rule","TITLE_OPENING_REVIEW","false","DEFER_WITH_REASON","The current title and H1 identify a distinct route. Shared-template compression does not establish a route-specific title or opening defect; retain exact copy until query evidence and owner-approved replacement copy support a change."
"/subjects/math/calculus/derivative-applications/why-linear-approximation-works/","textbook-lesson","Why a Tangent Line Can Approximate a Curve | Unit 2B | Better Grades","Why a Tangent Line Can Approximate a Curve","TITLE_OPENING_REVIEW","false","DEFER_WITH_REASON","The current title and H1 identify a distinct route. Shared-template compression does not establish a route-specific title or opening defect; retain exact copy until query evidence and owner-approved replacement copy support a change."
"/subjects/math/calculus/derivative-applications/why-related-rates-feel-hard/","textbook-lesson","Why Related-Rates Problems Feel Hard | Unit 2B | Better Grades","Why Related-Rates Problems Feel Hard","TITLE_OPENING_REVIEW","false","DEFER_WITH_REASON","The current title and H1 identify a distinct route. Shared-template compression does not establish a route-specific title or opening defect; retain exact copy until query evidence and owner-approved replacement copy support a change."
"/subjects/math/calculus/derivatives/advanced-chain-rule-linear-maps/","textbook-lesson","The Chain Rule as Composition of Local Linear Maps | Unit 2A | Better Grades","The Chain Rule as Composition of Local Linear Maps","TITLE_OPENING_REVIEW","false","DEFER_WITH_REASON","The current title and H1 identify a distinct route. Shared-template compression does not establish a route-specific title or opening defect; retain exact copy until query evidence and owner-approved replacement copy support a change."
"/subjects/math/calculus/derivatives/advanced-darboux-derivatives/","textbook-lesson","Darboux s Theorem: Derivatives Cannot Jump | Unit 2A | Better Grades","Darboux s Theorem: Derivatives Cannot Jump","TITLE_OPENING_REVIEW","false","DEFER_WITH_REASON","The current title and H1 identify a distinct route. Shared-template compression does not establish a route-specific title or opening defect; retain exact copy until query evidence and owner-approved replacement copy support a change."
"/subjects/math/calculus/derivatives/advanced-implicit-function-theorem/","textbook-lesson","A Preview of the Implicit Function Theorem | Unit 2A | Better Grades","A Preview of the Implicit Function Theorem","TITLE_OPENING_REVIEW","false","DEFER_WITH_REASON","The current title and H1 identify a distinct route. Shared-template compression does not establish a route-specific title or opening defect; retain exact copy until query evidence and owner-approved replacement copy support a change."
"/subjects/math/calculus/derivatives/advanced-local-linearity-little-o/","textbook-lesson","Differentiability, Little-o Notation, and the Best Local Linear Model | Unit 2A | Better Grades","Differentiability, Little-o Notation, and the Best Local Linear Model","TITLE_OPENING_REVIEW","false","DEFER_WITH_REASON","The current title and H1 identify a distinct route. Shared-template compression does not establish a route-specific title or opening defect; retain exact copy until query evidence and owner-approved replacement copy support a change."
"/subjects/math/calculus/derivatives/advanced-notes-2a/","textbook-lesson","Advanced Notes: What Differentiability Is Really Saying | Unit 2A | Better Grades","Advanced Notes: What Differentiability Is Really Saying","TITLE_OPENING_REVIEW","false","DEFER_WITH_REASON","The current title and H1 identify a distinct route. Shared-template compression does not establish a route-specific title or opening defect; retain exact copy until query evidence and owner-approved replacement copy support a change."
"/subjects/math/calculus/derivatives/chain-exp-log/","textbook-lesson","Chain Rule with Exponentials and Logarithms | Unit 2A | Better Grades","Chain Rule with Exponentials and Logarithms","TITLE_OPENING_REVIEW","false","DEFER_WITH_REASON","The current title and H1 identify a distinct route. Shared-template compression does not establish a route-specific title or opening defect; retain exact copy until query evidence and owner-approved replacement copy support a change."
"/subjects/math/calculus/derivatives/chain-rule-basic/","textbook-lesson","The Basic Chain Rule | Unit 2A | Better Grades","The Basic Chain Rule","TITLE_OPENING_REVIEW","false","DEFER_WITH_REASON","The current title and H1 identify a distinct route. Shared-template compression does not establish a route-specific title or opening defect; retain exact copy until query evidence and owner-approved replacement copy support a change."
"/subjects/math/calculus/derivatives/chain-rule-concept-quiz/","textbook-lesson","Chain Rule Concept Quiz | Unit 2A | Better Grades","Chain Rule Concept Quiz","TITLE_OPENING_REVIEW","false","DEFER_WITH_REASON","The current title and H1 identify a distinct route. Shared-template compression does not establish a route-specific title or opening defect; retain exact copy until query evidence and owner-approved replacement copy support a change."
"/subjects/math/calculus/derivatives/chain-rule-map/","textbook-lesson","A Visual and Verbal Map of the Chain Rule | Unit 2A | Better Grades","A Visual and Verbal Map of the Chain Rule","TITLE_OPENING_REVIEW","false","DEFER_WITH_REASON","The current title and H1 identify a distinct route. Shared-template compression does not establish a route-specific title or opening defect; retain exact copy until query evidence and owner-approved replacement copy support a change."
"/subjects/math/calculus/derivatives/chain-rule-review/","textbook-lesson","Chain Rule Review | Unit 2A | Better Grades","Chain Rule Review","TITLE_OPENING_REVIEW","false","DEFER_WITH_REASON","The current title and H1 identify a distinct route. Shared-template compression does not establish a route-specific title or opening defect; retain exact copy until query evidence and owner-approved replacement copy support a change."
"/subjects/math/calculus/derivatives/chain-rule/","method-guide","The Chain Rule as a structure-reading skill | Unit 2A | Better Grades","The Chain Rule as a structure-reading skill","TITLE_OPENING_REVIEW","false","DEFER_WITH_REASON","The current title and H1 identify a distinct route. Shared-template compression does not establish a route-specific title or opening defect; retain exact copy until query evidence and owner-approved replacement copy support a change."
"/subjects/math/calculus/derivatives/chain-trig/","textbook-lesson","Chain Rule with Trigonometric Functions | Unit 2A | Better Grades","Chain Rule with Trigonometric Functions","TITLE_OPENING_REVIEW","false","DEFER_WITH_REASON","The current title and H1 identify a distinct route. Shared-template compression does not establish a route-specific title or opening defect; retain exact copy until query evidence and owner-approved replacement copy support a change."
"/subjects/math/calculus/derivatives/combined-rules/","textbook-lesson","Combining Product, Quotient, and Chain Rules | Unit 2A | Better Grades","Combining Product, Quotient, and Chain Rules","TITLE_OPENING_REVIEW","false","DEFER_WITH_REASON","The current title and H1 identify a distinct route. Shared-template compression does not establish a route-specific title or opening defect; retain exact copy until query evidence and owner-approved replacement copy support a change."
"/subjects/math/calculus/derivatives/composition/","textbook-lesson","Composition and the Need for the Chain Rule | Unit 2A | Better Grades","Composition and the Need for the Chain Rule","TITLE_OPENING_REVIEW","false","DEFER_WITH_REASON","The current title and H1 identify a distinct route. Shared-template compression does not establish a route-specific title or opening defect; retain exact copy until query evidence and owner-approved replacement copy support a change."
"/subjects/math/calculus/derivatives/core-rules-concept-quiz/","textbook-lesson","Core Rules Concept Quiz | Unit 2A | Better Grades","Core Rules Concept Quiz","TITLE_OPENING_REVIEW","false","DEFER_WITH_REASON","The current title and H1 identify a distinct route. Shared-template compression does not establish a route-specific title or opening defect; retain exact copy until query evidence and owner-approved replacement copy support a change."
"/subjects/math/calculus/derivatives/core-rules-review/","textbook-lesson","Core Differentiation Rules Review | Unit 2A | Better Grades","Core Differentiation Rules Review","TITLE_OPENING_REVIEW","false","DEFER_WITH_REASON","The current title and H1 identify a distinct route. Shared-template compression does not establish a route-specific title or opening defect; retain exact copy until query evidence and owner-approved replacement copy support a change."
"/subjects/math/calculus/derivatives/derivative-at-a-point/","textbook-lesson","The Derivative at a Point | Unit 2A | Better Grades","The Derivative at a Point","TITLE_OPENING_REVIEW","false","DEFER_WITH_REASON","The current title and H1 identify a distinct route. Shared-template compression does not establish a route-specific title or opening defect; retain exact copy until query evidence and owner-approved replacement copy support a change."
"/subjects/math/calculus/derivatives/derivative-computation-strategy/","textbook-lesson","A Complete Derivative Computation Strategy | Unit 2A | Better Grades","A Complete Derivative Computation Strategy","TITLE_OPENING_REVIEW","false","DEFER_WITH_REASON","The current title and H1 identify a distinct route. Shared-template compression does not establish a route-specific title or opening defect; retain exact copy until query evidence and owner-approved replacement copy support a change."
"/subjects/math/calculus/derivatives/derivative-function/","textbook-lesson","The Derivative as a Function | Unit 2A | Better Grades","The Derivative as a Function","TITLE_OPENING_REVIEW","false","DEFER_WITH_REASON","The current title and H1 identify a distinct route. Shared-template compression does not establish a route-specific title or opening defect; retain exact copy until query evidence and owner-approved replacement copy support a change."
"/subjects/math/calculus/derivatives/derivative-of-x-to-the-x/","quick-answer","What is the derivative of x to the x? | Unit 2A | Better Grades","What is the derivative of x to the x?","TITLE_OPENING_REVIEW","false","DEFER_WITH_REASON","The current title and H1 identify a distinct route. Shared-template compression does not establish a route-specific title or opening defect; retain exact copy until query evidence and owner-approved replacement copy support a change."
"/subjects/math/calculus/derivatives/derivatives-of-inverse-trig-functions/","method-guide","Derivatives of inverse trigonometric functions | Unit 2A | Better Grades","Derivatives of inverse trigonometric functions","TITLE_OPENING_REVIEW","false","DEFER_WITH_REASON","The current title and H1 identify a distinct route. Shared-template compression does not establish a route-specific title or opening defect; retain exact copy until query evidence and owner-approved replacement copy support a change."
"/subjects/math/calculus/derivatives/difference-quotient-algebra/","textbook-lesson","Difference Quotient Algebra Without Skipped Steps | Unit 2A | Better Grades","Difference Quotient Algebra Without Skipped Steps","TITLE_OPENING_REVIEW","false","DEFER_WITH_REASON","The current title and H1 identify a distinct route. Shared-template compression does not establish a route-specific title or opening defect; retain exact copy until query evidence and owner-approved replacement copy support a change."
"/subjects/math/calculus/derivatives/differentiability-and-continuity/","textbook-lesson","Differentiability and Continuity | Unit 2A | Better Grades","Differentiability and Continuity","TITLE_OPENING_REVIEW","false","DEFER_WITH_REASON","The current title and H1 identify a distinct route. Shared-template compression does not establish a route-specific title or opening defect; retain exact copy until query evidence and owner-approved replacement copy support a change."
"/subjects/math/calculus/derivatives/exponential-e/","textbook-lesson","The Derivative of the Natural Exponential | Unit 2A | Better Grades","The Derivative of the Natural Exponential","TITLE_OPENING_REVIEW","false","DEFER_WITH_REASON","The current title and H1 identify a distinct route. Shared-template compression does not establish a route-specific title or opening defect; retain exact copy until query evidence and owner-approved replacement copy support a change."
"/subjects/math/calculus/derivatives/foundations-concept-quiz/","textbook-lesson","Derivative Foundations Concept Quiz | Unit 2A | Better Grades","Derivative Foundations Concept Quiz","TITLE_OPENING_REVIEW","false","DEFER_WITH_REASON","The current title and H1 identify a distinct route. Shared-template compression does not establish a route-specific title or opening defect; retain exact copy until query evidence and owner-approved replacement copy support a change."
"/subjects/math/calculus/derivatives/foundations-review/","textbook-lesson","Derivative Foundations Review | Unit 2A | Better Grades","Derivative Foundations Review","TITLE_OPENING_REVIEW","false","DEFER_WITH_REASON","The current title and H1 identify a distinct route. Shared-template compression does not establish a route-specific title or opening defect; retain exact copy until query evidence and owner-approved replacement copy support a change."
"/subjects/math/calculus/derivatives/from-graphs-and-tables/","textbook-lesson","Estimating Derivatives from Graphs and Tables | Unit 2A | Better Grades","Estimating Derivatives from Graphs and Tables","TITLE_OPENING_REVIEW","false","DEFER_WITH_REASON","The current title and H1 identify a distinct route. Shared-template compression does not establish a route-specific title or opening defect; retain exact copy until query evidence and owner-approved replacement copy support a change."
"/subjects/math/calculus/derivatives/general-exponential/","textbook-lesson","Derivatives of General Exponential Functions | Unit 2A | Better Grades","Derivatives of General Exponential Functions","TITLE_OPENING_REVIEW","false","DEFER_WITH_REASON","The current title and H1 identify a distinct route. Shared-template compression does not establish a route-specific title or opening defect; retain exact copy until query evidence and owner-approved replacement copy support a change."
"/subjects/math/calculus/derivatives/general-logarithms/","textbook-lesson","Derivatives of General Logarithms | Unit 2A | Better Grades","Derivatives of General Logarithms","TITLE_OPENING_REVIEW","false","DEFER_WITH_REASON","The current title and H1 identify a distinct route. Shared-template compression does not establish a route-specific title or opening defect; retain exact copy until query evidence and owner-approved replacement copy support a change."
"/subjects/math/calculus/derivatives/higher-derivative-techniques/","textbook-lesson","How to Compute Higher Derivatives Reliably | Unit 2A | Better Grades","How to Compute Higher Derivatives Reliably","TITLE_OPENING_REVIEW","false","DEFER_WITH_REASON","The current title and H1 identify a distinct route. Shared-template compression does not establish a route-specific title or opening defect; retain exact copy until query evidence and owner-approved replacement copy support a change."
"/subjects/math/calculus/derivatives/higher-derivatives/","textbook-lesson","Higher Derivatives | Unit 2A | Better Grades","Higher Derivatives","TITLE_OPENING_REVIEW","false","DEFER_WITH_REASON","The current title and H1 identify a distinct route. Shared-template compression does not establish a route-specific title or opening defect; retain exact copy until query evidence and owner-approved replacement copy support a change."
"/subjects/math/calculus/derivatives/implicit-differentiation/","textbook-lesson","Implicit Differentiation | Unit 2A | Better Grades","Implicit Differentiation","TITLE_OPENING_REVIEW","false","DEFER_WITH_REASON","The current title and H1 identify a distinct route. Shared-template compression does not establish a route-specific title or opening defect; retain exact copy until query evidence and owner-approved replacement copy support a change."
"/subjects/math/calculus/derivatives/implicit-inverse-concept-quiz/","textbook-lesson","Implicit and Inverse Concept Quiz | Unit 2A | Better Grades","Implicit and Inverse Concept Quiz","TITLE_OPENING_REVIEW","false","DEFER_WITH_REASON","The current title and H1 identify a distinct route. Shared-template compression does not establish a route-specific title or opening defect; retain exact copy until query evidence and owner-approved replacement copy support a change."
"/subjects/math/calculus/derivatives/implicit-inverse-review/","textbook-lesson","Implicit, Inverse, and Logarithmic Differentiation Review | Unit 2A | Better Grades","Implicit, Inverse, and Logarithmic Differentiation Review","TITLE_OPENING_REVIEW","false","DEFER_WITH_REASON","The current title and H1 identify a distinct route. Shared-template compression does not establish a route-specific title or opening defect; retain exact copy until query evidence and owner-approved replacement copy support a change."
"/subjects/math/calculus/derivatives/implicit-second-derivative/","textbook-lesson","Second Derivatives from Implicit Equations | Unit 2A | Better Grades","Second Derivatives from Implicit Equations","TITLE_OPENING_REVIEW","false","DEFER_WITH_REASON","The current title and H1 identify a distinct route. Shared-template compression does not establish a route-specific title or opening defect; retain exact copy until query evidence and owner-approved replacement copy support a change."
"/subjects/math/calculus/derivatives/implicit-tangent-lines/","textbook-lesson","Tangent Lines to Implicit Curves | Unit 2A | Better Grades","Tangent Lines to Implicit Curves","TITLE_OPENING_REVIEW","false","DEFER_WITH_REASON","The current title and H1 identify a distinct route. Shared-template compression does not establish a route-specific title or opening defect; retain exact copy until query evidence and owner-approved replacement copy support a change."
"/subjects/math/calculus/derivatives/inverse-function-rule/","textbook-lesson","Derivative of an Inverse Function | Unit 2A | Better Grades","Derivative of an Inverse Function","TITLE_OPENING_REVIEW","false","DEFER_WITH_REASON","The current title and H1 identify a distinct route. Shared-template compression does not establish a route-specific title or opening defect; retain exact copy until query evidence and owner-approved replacement copy support a change."
"/subjects/math/calculus/derivatives/inverse-trig/","textbook-lesson","Inverse Trigonometric Derivatives | Unit 2A | Better Grades","Inverse Trigonometric Derivatives","TITLE_OPENING_REVIEW","false","DEFER_WITH_REASON","The current title and H1 identify a distinct route. Shared-template compression does not establish a route-specific title or opening defect; retain exact copy until query evidence and owner-approved replacement copy support a change."
"/subjects/math/calculus/derivatives/logarithmic-differentiation/","textbook-lesson","Logarithmic Differentiation | Unit 2A | Better Grades","Logarithmic Differentiation","TITLE_OPENING_REVIEW","false","DEFER_WITH_REASON","The current title and H1 identify a distinct route. Shared-template compression does not establish a route-specific title or opening defect; retain exact copy until query evidence and owner-approved replacement copy support a change."
"/subjects/math/calculus/derivatives/multiple-chain-layers/","textbook-lesson","Multiple Chain-Rule Layers | Unit 2A | Better Grades","Multiple Chain-Rule Layers","TITLE_OPENING_REVIEW","false","DEFER_WITH_REASON","The current title and H1 identify a distinct route. Shared-template compression does not establish a route-specific title or opening defect; retain exact copy until query evidence and owner-approved replacement copy support a change."
"/subjects/math/calculus/derivatives/natural-log/","textbook-lesson","The Derivative of the Natural Logarithm | Unit 2A | Better Grades","The Derivative of the Natural Logarithm","TITLE_OPENING_REVIEW","false","DEFER_WITH_REASON","The current title and H1 identify a distinct route. Shared-template compression does not establish a route-specific title or opening defect; retain exact copy until query evidence and owner-approved replacement copy support a change."
"/subjects/math/calculus/derivatives/negative-fractional-powers/","textbook-lesson","Negative and Fractional Powers | Unit 2A | Better Grades","Negative and Fractional Powers","TITLE_OPENING_REVIEW","false","DEFER_WITH_REASON","The current title and H1 identify a distinct route. Shared-template compression does not establish a route-specific title or opening defect; retain exact copy until query evidence and owner-approved replacement copy support a change."
"/subjects/math/calculus/derivatives/notation-and-units/","textbook-lesson","Derivative Notation and Units | Unit 2A | Better Grades","Derivative Notation and Units","TITLE_OPENING_REVIEW","false","DEFER_WITH_REASON","The current title and H1 identify a distinct route. Shared-template compression does not establish a route-specific title or opening defect; retain exact copy until query evidence and owner-approved replacement copy support a change."
"/subjects/math/calculus/derivatives/notation-guide/","textbook-lesson","Derivative Notation Guide | Unit 2A | Better Grades","Derivative Notation Guide","TITLE_OPENING_REVIEW","false","DEFER_WITH_REASON","The current title and H1 identify a distinct route. Shared-template compression does not establish a route-specific title or opening defect; retain exact copy until query evidence and owner-approved replacement copy support a change."
"/subjects/math/calculus/derivatives/other-trig-functions/","textbook-lesson","Derivatives of the Other Trigonometric Functions | Unit 2A | Better Grades","Derivatives of the Other Trigonometric Functions","TITLE_OPENING_REVIEW","false","DEFER_WITH_REASON","The current title and H1 identify a distinct route. Shared-template compression does not establish a route-specific title or opening defect; retain exact copy until query evidence and owner-approved replacement copy support a change."
"/subjects/math/calculus/derivatives/power-rule/","textbook-lesson","The Constant and Power Rules | Unit 2A | Better Grades","The Constant and Power Rules","TITLE_OPENING_REVIEW","false","DEFER_WITH_REASON","The current title and H1 identify a distinct route. Shared-template compression does not establish a route-specific title or opening defect; retain exact copy until query evidence and owner-approved replacement copy support a change."
"/subjects/math/calculus/derivatives/practice-exam-a-answer-key/","textbook-lesson","Unit 2A Practice Exam A Answer Key | Better Grades","Unit 2A Practice Exam A Answer Key","TITLE_OPENING_REVIEW","false","DEFER_WITH_REASON","The current title and H1 identify a distinct route. Shared-template compression does not establish a route-specific title or opening defect; retain exact copy until query evidence and owner-approved replacement copy support a change."
"/subjects/math/calculus/derivatives/practice-exam-b-answer-key/","textbook-lesson","Unit 2A Practice Exam B Answer Key | Better Grades","Unit 2A Practice Exam B Answer Key","TITLE_OPENING_REVIEW","false","DEFER_WITH_REASON","The current title and H1 identify a distinct route. Shared-template compression does not establish a route-specific title or opening defect; retain exact copy until query evidence and owner-approved replacement copy support a change."
"/subjects/math/calculus/derivatives/prerequisite-diagnostic/","textbook-lesson","Derivative Prerequisite Diagnostic | Unit 2A | Better Grades","Derivative Prerequisite Diagnostic","TITLE_OPENING_REVIEW","false","DEFER_WITH_REASON","The current title and H1 identify a distinct route. Shared-template compression does not establish a route-specific title or opening defect; retain exact copy until query evidence and owner-approved replacement copy support a change."
"/subjects/math/calculus/derivatives/product-rule-vs-quotient-rule/","decision-guide","Product Rule or Quotient Rule? | Unit 2A | Better Grades","Product Rule or Quotient Rule?","TITLE_OPENING_REVIEW","false","DEFER_WITH_REASON","The current title and H1 identify a distinct route. Shared-template compression does not establish a route-specific title or opening defect; retain exact copy until query evidence and owner-approved replacement copy support a change."
"/subjects/math/calculus/derivatives/product-rule/","textbook-lesson","The Product Rule | Unit 2A | Better Grades","The Product Rule","TITLE_OPENING_REVIEW","false","DEFER_WITH_REASON","The current title and H1 identify a distinct route. Shared-template compression does not establish a route-specific title or opening defect; retain exact copy until query evidence and owner-approved replacement copy support a change."
"/subjects/math/calculus/derivatives/quotient-rule/","textbook-lesson","The Quotient Rule | Unit 2A | Better Grades","The Quotient Rule","TITLE_OPENING_REVIEW","false","DEFER_WITH_REASON","The current title and H1 identify a distinct route. Shared-template compression does not establish a route-specific title or opening defect; retain exact copy until query evidence and owner-approved replacement copy support a change."
"/subjects/math/calculus/derivatives/rule-selection/","textbook-lesson","How to Choose a Differentiation Rule | Unit 2A | Better Grades","How to Choose a Differentiation Rule","TITLE_OPENING_REVIEW","false","DEFER_WITH_REASON","The current title and H1 identify a distinct route. Shared-template compression does not establish a route-specific title or opening defect; retain exact copy until query evidence and owner-approved replacement copy support a change."
"/subjects/math/calculus/derivatives/sine-and-cosine/","textbook-lesson","Derivatives of Sine and Cosine | Unit 2A | Better Grades","Derivatives of Sine and Cosine","TITLE_OPENING_REVIEW","false","DEFER_WITH_REASON","The current title and H1 identify a distinct route. Shared-template compression does not establish a route-specific title or opening defect; retain exact copy until query evidence and owner-approved replacement copy support a change."
"/subjects/math/calculus/derivatives/special-functions-concept-quiz/","textbook-lesson","Special Functions Concept Quiz | Unit 2A | Better Grades","Special Functions Concept Quiz","TITLE_OPENING_REVIEW","false","DEFER_WITH_REASON","The current title and H1 identify a distinct route. Shared-template compression does not establish a route-specific title or opening defect; retain exact copy until query evidence and owner-approved replacement copy support a change."
"/subjects/math/calculus/derivatives/special-functions-review/","textbook-lesson","Trigonometric, Exponential, and Logarithmic Review | Unit 2A | Better Grades","Trigonometric, Exponential, and Logarithmic Review","TITLE_OPENING_REVIEW","false","DEFER_WITH_REASON","The current title and H1 identify a distinct route. Shared-template compression does not establish a route-specific title or opening defect; retain exact copy until query evidence and owner-approved replacement copy support a change."
"/subjects/math/calculus/derivatives/sum-and-constant-multiple-rules/","textbook-lesson","Sums and Constant Multiples | Unit 2A | Better Grades","Sums and Constant Multiples","TITLE_OPENING_REVIEW","false","DEFER_WITH_REASON","The current title and H1 identify a distinct route. Shared-template compression does not establish a route-specific title or opening defect; retain exact copy until query evidence and owner-approved replacement copy support a change."
"/subjects/math/calculus/derivatives/tangent-line-equation/","textbook-lesson","Tangent and Normal Lines | Unit 2A | Better Grades","Tangent and Normal Lines","TITLE_OPENING_REVIEW","false","DEFER_WITH_REASON","The current title and H1 identify a distinct route. Shared-template compression does not establish a route-specific title or opening defect; retain exact copy until query evidence and owner-approved replacement copy support a change."
"/subjects/math/calculus/derivatives/unit-2a-common-errors/","textbook-lesson","Common Derivative Computation Errors and How to Repair Them | Unit 2A | Better Grades","Common Derivative Computation Errors and How to Repair Them","TITLE_OPENING_REVIEW","false","DEFER_WITH_REASON","The current title and H1 identify a distinct route. Shared-template compression does not establish a route-specific title or opening defect; retain exact copy until query evidence and owner-approved replacement copy support a change."
"/subjects/math/calculus/derivatives/unit-2a-cumulative-practice/","textbook-lesson","Unit 2A Cumulative Derivative Practice | Better Grades","Unit 2A Cumulative Derivative Practice","TITLE_OPENING_REVIEW","false","DEFER_WITH_REASON","The current title and H1 identify a distinct route. Shared-template compression does not establish a route-specific title or opening defect; retain exact copy until query evidence and owner-approved replacement copy support a change."
"/subjects/math/calculus/derivatives/unit-2a-practice-exam-a/","textbook-lesson","Unit 2A Practice Exam A | Better Grades","Unit 2A Practice Exam A","TITLE_OPENING_REVIEW","false","DEFER_WITH_REASON","The current title and H1 identify a distinct route. Shared-template compression does not establish a route-specific title or opening defect; retain exact copy until query evidence and owner-approved replacement copy support a change."
"/subjects/math/calculus/derivatives/unit-2a-practice-exam-b/","textbook-lesson","Unit 2A Practice Exam B | Better Grades","Unit 2A Practice Exam B","TITLE_OPENING_REVIEW","false","DEFER_WITH_REASON","The current title and H1 identify a distinct route. Shared-template compression does not establish a route-specific title or opening defect; retain exact copy until query evidence and owner-approved replacement copy support a change."
"/subjects/math/calculus/derivatives/unit-2a-reference/","textbook-lesson","Unit 2A Formula and Strategy Reference | Better Grades","Unit 2A Formula and Strategy Reference","TITLE_OPENING_REVIEW","false","DEFER_WITH_REASON","The current title and H1 identify a distinct route. Shared-template compression does not establish a route-specific title or opening defect; retain exact copy until query evidence and owner-approved replacement copy support a change."
"/subjects/math/calculus/derivatives/unit-2a-review/","textbook-lesson","Unit 2A Review: Derivative Meaning and Computation | Better Grades","Unit 2A Review: Derivative Meaning and Computation","TITLE_OPENING_REVIEW","false","DEFER_WITH_REASON","The current title and H1 identify a distinct route. Shared-template compression does not establish a route-specific title or opening defect; retain exact copy until query evidence and owner-approved replacement copy support a change."
"/subjects/math/calculus/derivatives/variable-exponents/","textbook-lesson","Variable Bases and Exponents | Unit 2A | Better Grades","Variable Bases and Exponents","TITLE_OPENING_REVIEW","false","DEFER_WITH_REASON","The current title and H1 identify a distinct route. Shared-template compression does not establish a route-specific title or opening defect; retain exact copy until query evidence and owner-approved replacement copy support a change."
"/subjects/math/calculus/derivatives/what-does-derivative-mean/","textbook-lesson","What Does the Word Derivative Mean in Calculus? | Unit 2A | Better Grades","What Does the Word Derivative Mean in Calculus?","TITLE_OPENING_REVIEW","false","DEFER_WITH_REASON","The current title and H1 identify a distinct route. Shared-template compression does not establish a route-specific title or opening defect; retain exact copy until query evidence and owner-approved replacement copy support a change."
"/subjects/math/calculus/derivatives/what-implicit-means/","textbook-lesson","What “Implicit” Means and Why It Matters | Unit 2A | Better Grades","What “Implicit” Means and Why It Matters","TITLE_OPENING_REVIEW","false","DEFER_WITH_REASON","The current title and H1 identify a distinct route. Shared-template compression does not establish a route-specific title or opening defect; retain exact copy until query evidence and owner-approved replacement copy support a change."
"/subjects/math/calculus/derivatives/why-derivative-rules-work/","textbook-lesson","Derivative Rules Are Shortcuts, Not New Definitions | Unit 2A | Better Grades","Derivative Rules Are Shortcuts, Not New Definitions","TITLE_OPENING_REVIEW","false","DEFER_WITH_REASON","The current title and H1 identify a distinct route. Shared-template compression does not establish a route-specific title or opening defect; retain exact copy until query evidence and owner-approved replacement copy support a change."
"/subjects/math/calculus/derivatives/why-derivatives-matter/","textbook-lesson","Why Derivatives Matter | Unit 2A | Better Grades","Why Derivatives Matter","TITLE_OPENING_REVIEW","false","DEFER_WITH_REASON","The current title and H1 identify a distinct route. Shared-template compression does not establish a route-specific title or opening defect; retain exact copy until query evidence and owner-approved replacement copy support a change."
"/subjects/math/calculus/derivatives/why-special-derivatives-are-not-random/","textbook-lesson","Why Special-Function Derivatives Are Not Random | Unit 2A | Better Grades","Why Special-Function Derivatives Are Not Random","TITLE_OPENING_REVIEW","false","DEFER_WITH_REASON","The current title and H1 identify a distinct route. Shared-template compression does not establish a route-specific title or opening defect; retain exact copy until query evidence and owner-approved replacement copy support a change."
"/subjects/math/calculus/integrals/accumulation-functions/","textbook-lesson","Accumulation Functions | Unit 3A | Better Grades","Accumulation Functions","TITLE_OPENING_REVIEW","false","DEFER_WITH_REASON","The current title and H1 identify a distinct route. Shared-template compression does not establish a route-specific title or opening defect; retain exact copy until query evidence and owner-approved replacement copy support a change."
"/subjects/math/calculus/integrals/antiderivatives/","textbook-lesson","Antiderivatives: Reversing a Derivative | Unit 3A | Better Grades","Antiderivatives: Reversing a Derivative","TITLE_OPENING_REVIEW","false","DEFER_WITH_REASON","The current title and H1 identify a distinct route. Shared-template compression does not establish a route-specific title or opening defect; retain exact copy until query evidence and owner-approved replacement copy support a change."
"/subjects/math/calculus/integrals/average-value-of-a-function/","textbook-lesson","Average Value of a Function | Unit 3A | Better Grades","Average Value of a Function","TITLE_OPENING_REVIEW","false","DEFER_WITH_REASON","The current title and H1 identify a distinct route. Shared-template compression does not establish a route-specific title or opening defect; retain exact copy until query evidence and owner-approved replacement copy support a change."
"/subjects/math/calculus/integrals/basic-antiderivative-rules/","textbook-lesson","Basic Antiderivative Rules | Unit 3A | Better Grades","Basic Antiderivative Rules","TITLE_OPENING_REVIEW","false","DEFER_WITH_REASON","The current title and H1 identify a distinct route. Shared-template compression does not establish a route-specific title or opening defect; retain exact copy until query evidence and owner-approved replacement copy support a change."
"/subjects/math/calculus/integrals/common-errors/","textbook-lesson","Common Integral Errors and How to Repair Them | Unit 3A | Better Grades","Common Integral Errors and How to Repair Them","TITLE_OPENING_REVIEW","false","DEFER_WITH_REASON","The current title and H1 identify a distinct route. Shared-template compression does not establish a route-specific title or opening defect; retain exact copy until query evidence and owner-approved replacement copy support a change."
"/subjects/math/calculus/integrals/cumulative-practice/","textbook-lesson","Unit 3A Cumulative Practice | Better Grades","Unit 3A Cumulative Practice","TITLE_OPENING_REVIEW","false","DEFER_WITH_REASON","The current title and H1 identify a distinct route. Shared-template compression does not establish a route-specific title or opening defect; retain exact copy until query evidence and owner-approved replacement copy support a change."
"/subjects/math/calculus/integrals/definite-integral-signed-area/","textbook-lesson","The Definite Integral as Signed Area | Unit 3A | Better Grades","The Definite Integral as Signed Area","TITLE_OPENING_REVIEW","false","DEFER_WITH_REASON","The current title and H1 identify a distinct route. Shared-template compression does not establish a route-specific title or opening defect; retain exact copy until query evidence and owner-approved replacement copy support a change."
"/subjects/math/calculus/integrals/definite-integrals-by-substitution/","textbook-lesson","Definite Integrals by Substitution | Unit 3A | Better Grades","Definite Integrals by Substitution","TITLE_OPENING_REVIEW","false","DEFER_WITH_REASON","The current title and H1 identify a distinct route. Shared-template compression does not establish a route-specific title or opening defect; retain exact copy until query evidence and owner-approved replacement copy support a change."
"/subjects/math/calculus/integrals/displacement-and-distance/","textbook-lesson","Displacement, Distance, and Signed Accumulation | Unit 3A | Better Grades","Displacement, Distance, and Signed Accumulation","TITLE_OPENING_REVIEW","false","DEFER_WITH_REASON","The current title and H1 identify a distinct route. Shared-template compression does not establish a route-specific title or opening defect; retain exact copy until query evidence and owner-approved replacement copy support a change."
"/subjects/math/calculus/integrals/fundamental-theorem-part-one/","textbook-lesson","Fundamental Theorem of Calculus, Part I | Unit 3A | Better Grades","Fundamental Theorem of Calculus, Part I","TITLE_OPENING_REVIEW","false","DEFER_WITH_REASON","The current title and H1 identify a distinct route. Shared-template compression does not establish a route-specific title or opening defect; retain exact copy until query evidence and owner-approved replacement copy support a change."
"/subjects/math/calculus/integrals/fundamental-theorem-part-two/","textbook-lesson","Fundamental Theorem of Calculus, Part II | Unit 3A | Better Grades","Fundamental Theorem of Calculus, Part II","TITLE_OPENING_REVIEW","false","DEFER_WITH_REASON","The current title and H1 identify a distinct route. Shared-template compression does not establish a route-specific title or opening defect; retain exact copy until query evidence and owner-approved replacement copy support a change."
"/subjects/math/calculus/integrals/improper-integrals-infinite-intervals/","textbook-lesson","Improper Integrals over Infinite Intervals | Unit 3A | Better Grades","Improper Integrals over Infinite Intervals","TITLE_OPENING_REVIEW","false","DEFER_WITH_REASON","The current title and H1 identify a distinct route. Shared-template compression does not establish a route-specific title or opening defect; retain exact copy until query evidence and owner-approved replacement copy support a change."
"/subjects/math/calculus/integrals/improper-integrals-unbounded-functions/","textbook-lesson","Improper Integrals with Unbounded Integrands | Unit 3A | Better Grades","Improper Integrals with Unbounded Integrands","TITLE_OPENING_REVIEW","false","DEFER_WITH_REASON","The current title and H1 identify a distinct route. Shared-template compression does not establish a route-specific title or opening defect; retain exact copy until query evidence and owner-approved replacement copy support a change."
"/subjects/math/calculus/integrals/indefinite-integrals-and-c/","textbook-lesson","Indefinite Integrals and the Constant of Integration | Unit 3A | Better Grades","Indefinite Integrals and the Constant of Integration","TITLE_OPENING_REVIEW","false","DEFER_WITH_REASON","The current title and H1 identify a distinct route. Shared-template compression does not establish a route-specific title or opening defect; retain exact copy until query evidence and owner-approved replacement copy support a change."
"/subjects/math/calculus/integrals/initial-value-problems/","textbook-lesson","Initial-Value Problems and Recovering a Function | Unit 3A | Better Grades","Initial-Value Problems and Recovering a Function","TITLE_OPENING_REVIEW","false","DEFER_WITH_REASON","The current title and H1 identify a distinct route. Shared-template compression does not establish a route-specific title or opening defect; retain exact copy until query evidence and owner-approved replacement copy support a change."
"/subjects/math/calculus/integrals/integration-by-parts/","textbook-lesson","Integration by Parts | Unit 3A | Better Grades","Integration by Parts","TITLE_OPENING_REVIEW","false","DEFER_WITH_REASON","The current title and H1 identify a distinct route. Shared-template compression does not establish a route-specific title or opening defect; retain exact copy until query evidence and owner-approved replacement copy support a change."
"/subjects/math/calculus/integrals/integration-strategy/","textbook-lesson","Choosing an Integration Strategy | Unit 3A | Better Grades","Choosing an Integration Strategy","TITLE_OPENING_REVIEW","false","DEFER_WITH_REASON","The current title and H1 identify a distinct route. Shared-template compression does not establish a route-specific title or opening defect; retain exact copy until query evidence and owner-approved replacement copy support a change."
"/subjects/math/calculus/integrals/left-right-midpoint-riemann-sums/","textbook-lesson","Left, Right, and Midpoint Riemann Sums | Unit 3A | Better Grades","Left, Right, and Midpoint Riemann Sums","TITLE_OPENING_REVIEW","false","DEFER_WITH_REASON","The current title and H1 identify a distinct route. Shared-template compression does not establish a route-specific title or opening defect; retain exact copy until query evidence and owner-approved replacement copy support a change."
"/subjects/math/calculus/integrals/net-change-theorem/","textbook-lesson","The Net Change Theorem | Unit 3A | Better Grades","The Net Change Theorem","TITLE_OPENING_REVIEW","false","DEFER_WITH_REASON","The current title and H1 identify a distinct route. Shared-template compression does not establish a route-specific title or opening defect; retain exact copy until query evidence and owner-approved replacement copy support a change."
"/subjects/math/calculus/integrals/numerical-integration/","textbook-lesson","Midpoint and Trapezoidal Rules | Unit 3A | Better Grades","Midpoint and Trapezoidal Rules","TITLE_OPENING_REVIEW","false","DEFER_WITH_REASON","The current title and H1 identify a distinct route. Shared-template compression does not establish a route-specific title or opening defect; retain exact copy until query evidence and owner-approved replacement copy support a change."
"/subjects/math/calculus/integrals/partial-fractions/","textbook-lesson","Partial Fractions | Unit 3A | Better Grades","Partial Fractions","TITLE_OPENING_REVIEW","false","DEFER_WITH_REASON","The current title and H1 identify a distinct route. Shared-template compression does not establish a route-specific title or opening defect; retain exact copy until query evidence and owner-approved replacement copy support a change."
"/subjects/math/calculus/integrals/partitions-and-sigma-notation/","textbook-lesson","Partitions and Sigma Notation | Unit 3A | Better Grades","Partitions and Sigma Notation","TITLE_OPENING_REVIEW","false","DEFER_WITH_REASON","The current title and H1 identify a distinct route. Shared-template compression does not establish a route-specific title or opening defect; retain exact copy until query evidence and owner-approved replacement copy support a change."
"/subjects/math/calculus/integrals/practice-exam-a-answer-key/","textbook-lesson","Unit 3A Practice Exam A Answer Key | Better Grades","Unit 3A Practice Exam A Answer Key","TITLE_OPENING_REVIEW","false","DEFER_WITH_REASON","The current title and H1 identify a distinct route. Shared-template compression does not establish a route-specific title or opening defect; retain exact copy until query evidence and owner-approved replacement copy support a change."
"/subjects/math/calculus/integrals/practice-exam-a/","textbook-lesson","Unit 3A Practice Exam A | Better Grades","Unit 3A Practice Exam A","TITLE_OPENING_REVIEW","false","DEFER_WITH_REASON","The current title and H1 identify a distinct route. Shared-template compression does not establish a route-specific title or opening defect; retain exact copy until query evidence and owner-approved replacement copy support a change."
"/subjects/math/calculus/integrals/practice-exam-b-answer-key/","textbook-lesson","Unit 3A Practice Exam B Answer Key | Better Grades","Unit 3A Practice Exam B Answer Key","TITLE_OPENING_REVIEW","false","DEFER_WITH_REASON","The current title and H1 identify a distinct route. Shared-template compression does not establish a route-specific title or opening defect; retain exact copy until query evidence and owner-approved replacement copy support a change."
"/subjects/math/calculus/integrals/practice-exam-b/","textbook-lesson","Unit 3A Practice Exam B | Better Grades","Unit 3A Practice Exam B","TITLE_OPENING_REVIEW","false","DEFER_WITH_REASON","The current title and H1 identify a distinct route. Shared-template compression does not establish a route-specific title or opening defect; retain exact copy until query evidence and owner-approved replacement copy support a change."
"/subjects/math/calculus/integrals/properties-of-definite-integrals/","textbook-lesson","Properties and Orientation of Definite Integrals | Unit 3A | Better Grades","Properties and Orientation of Definite Integrals","TITLE_OPENING_REVIEW","false","DEFER_WITH_REASON","The current title and H1 identify a distinct route. Shared-template compression does not establish a route-specific title or opening defect; retain exact copy until query evidence and owner-approved replacement copy support a change."
"/subjects/math/calculus/integrals/rates-to-total-change/","textbook-lesson","From a Rate to Total Change | Unit 3A | Better Grades","From a Rate to Total Change","TITLE_OPENING_REVIEW","false","DEFER_WITH_REASON","The current title and H1 identify a distinct route. Shared-template compression does not establish a route-specific title or opening defect; retain exact copy until query evidence and owner-approved replacement copy support a change."
"/subjects/math/calculus/integrals/review/","textbook-lesson","Unit 3A Review: Integral Foundations and Techniques | Better Grades","Unit 3A Review: Integral Foundations and Techniques","TITLE_OPENING_REVIEW","false","DEFER_WITH_REASON","The current title and H1 identify a distinct route. Shared-template compression does not establish a route-specific title or opening defect; retain exact copy until query evidence and owner-approved replacement copy support a change."
"/subjects/math/calculus/integrals/riemann-sum-limit/","textbook-lesson","The Riemann-Sum Definition of the Definite Integral | Unit 3A | Better Grades","The Riemann-Sum Definition of the Definite Integral","TITLE_OPENING_REVIEW","false","DEFER_WITH_REASON","The current title and H1 identify a distinct route. Shared-template compression does not establish a route-specific title or opening defect; retain exact copy until query evidence and owner-approved replacement copy support a change."
"/subjects/math/calculus/integrals/simpsons-rule/","textbook-lesson","Simpson’s Rule | Unit 3A | Better Grades","Simpson’s Rule","TITLE_OPENING_REVIEW","false","DEFER_WITH_REASON","The current title and H1 identify a distinct route. Shared-template compression does not establish a route-specific title or opening defect; retain exact copy until query evidence and owner-approved replacement copy support a change."
"/subjects/math/calculus/integrals/substitution/","textbook-lesson","Substitution: Reversing the Chain Rule | Unit 3A | Better Grades","Substitution: Reversing the Chain Rule","TITLE_OPENING_REVIEW","false","DEFER_WITH_REASON","The current title and H1 identify a distinct route. Shared-template compression does not establish a route-specific title or opening defect; retain exact copy until query evidence and owner-approved replacement copy support a change."
"/subjects/math/calculus/integrals/trigonometric-integrals/","textbook-lesson","Trigonometric Integrals | Unit 3A | Better Grades","Trigonometric Integrals","TITLE_OPENING_REVIEW","false","DEFER_WITH_REASON","The current title and H1 identify a distinct route. Shared-template compression does not establish a route-specific title or opening defect; retain exact copy until query evidence and owner-approved replacement copy support a change."
"/subjects/math/calculus/integrals/trigonometric-substitution/","textbook-lesson","Trigonometric Substitution | Unit 3A | Better Grades","Trigonometric Substitution","TITLE_OPENING_REVIEW","false","DEFER_WITH_REASON","The current title and H1 identify a distinct route. Shared-template compression does not establish a route-specific title or opening defect; retain exact copy until query evidence and owner-approved replacement copy support a change."
"/subjects/math/calculus/integrals/variable-limits-and-chain-rule/","textbook-lesson","Variable Limits and the Chain Rule | Unit 3A | Better Grades","Variable Limits and the Chain Rule","TITLE_OPENING_REVIEW","false","DEFER_WITH_REASON","The current title and H1 identify a distinct route. Shared-template compression does not establish a route-specific title or opening defect; retain exact copy until query evidence and owner-approved replacement copy support a change."
"/subjects/math/calculus/integration-applications/arc-length/","textbook-lesson","Arc Length | Unit 3B | Better Grades","Arc Length","TITLE_OPENING_REVIEW","false","DEFER_WITH_REASON","The current title and H1 identify a distinct route. Shared-template compression does not establish a route-specific title or opening defect; retain exact copy until query evidence and owner-approved replacement copy support a change."
"/subjects/math/calculus/integration-applications/area-between-curves/","textbook-lesson","Area Between Curves | Unit 3B | Better Grades","Area Between Curves","TITLE_OPENING_REVIEW","false","DEFER_WITH_REASON","The current title and H1 identify a distinct route. Shared-template compression does not establish a route-specific title or opening defect; retain exact copy until query evidence and owner-approved replacement copy support a change."
"/subjects/math/calculus/integration-applications/average-value-of-a-function/","concept-explainer","Average value of a function on an interval | Unit 3B | Better Grades","Average value of a function on an interval","TITLE_OPENING_REVIEW","false","DEFER_WITH_REASON","The current title and H1 identify a distinct route. Shared-template compression does not establish a route-specific title or opening defect; retain exact copy until query evidence and owner-approved replacement copy support a change."
"/subjects/math/calculus/integration-applications/choosing-a-volume-method/","textbook-lesson","Choosing a Volume Method | Unit 3B | Better Grades","Choosing a Volume Method","TITLE_OPENING_REVIEW","false","DEFER_WITH_REASON","The current title and H1 identify a distinct route. Shared-template compression does not establish a route-specific title or opening defect; retain exact copy until query evidence and owner-approved replacement copy support a change."
"/subjects/math/calculus/integration-applications/common-errors/","textbook-lesson","Common Application Errors and How to Repair Them | Unit 3B | Better Grades","Common Application Errors and How to Repair Them","TITLE_OPENING_REVIEW","false","DEFER_WITH_REASON","The current title and H1 identify a distinct route. Shared-template compression does not establish a route-specific title or opening defect; retain exact copy until query evidence and owner-approved replacement copy support a change."
"/subjects/math/calculus/integration-applications/cumulative-practice/","textbook-lesson","Unit 3B Cumulative Practice | Better Grades","Unit 3B Cumulative Practice","TITLE_OPENING_REVIEW","false","DEFER_WITH_REASON","The current title and H1 identify a distinct route. Shared-template compression does not establish a route-specific title or opening defect; retain exact copy until query evidence and owner-approved replacement copy support a change."
"/subjects/math/calculus/integration-applications/cylindrical-shells/","textbook-lesson","Cylindrical Shells | Unit 3B | Better Grades","Cylindrical Shells","TITLE_OPENING_REVIEW","false","DEFER_WITH_REASON","The current title and H1 identify a distinct route. Shared-template compression does not establish a route-specific title or opening defect; retain exact copy until query evidence and owner-approved replacement copy support a change."
"/subjects/math/calculus/integration-applications/density-and-mass/","textbook-lesson","Density and Mass | Unit 3B | Better Grades","Density and Mass","TITLE_OPENING_REVIEW","false","DEFER_WITH_REASON","The current title and H1 identify a distinct route. Shared-template compression does not establish a route-specific title or opening defect; retain exact copy until query evidence and owner-approved replacement copy support a change."
"/subjects/math/calculus/integration-applications/disks-and-washers/","textbook-lesson","Disks and Washers | Unit 3B | Better Grades","Disks and Washers","TITLE_OPENING_REVIEW","false","DEFER_WITH_REASON","The current title and H1 identify a distinct route. Shared-template compression does not establish a route-specific title or opening defect; retain exact copy until query evidence and owner-approved replacement copy support a change."
"/subjects/math/calculus/integration-applications/fluid-pressure/","textbook-lesson","Fluid Pressure and Hydrostatic Force | Unit 3B | Better Grades","Fluid Pressure and Hydrostatic Force","TITLE_OPENING_REVIEW","false","DEFER_WITH_REASON","The current title and H1 identify a distinct route. Shared-template compression does not establish a route-specific title or opening defect; retain exact copy until query evidence and owner-approved replacement copy support a change."
"/subjects/math/calculus/integration-applications/horizontal-slices/","textbook-lesson","Choosing Vertical or Horizontal Slices | Unit 3B | Better Grades","Choosing Vertical or Horizontal Slices","TITLE_OPENING_REVIEW","false","DEFER_WITH_REASON","The current title and H1 identify a distinct route. Shared-template compression does not establish a route-specific title or opening defect; retain exact copy until query evidence and owner-approved replacement copy support a change."
"/subjects/math/calculus/integration-applications/marginal-quantities/","textbook-lesson","Recovering Totals from Marginal Quantities | Unit 3B | Better Grades","Recovering Totals from Marginal Quantities","TITLE_OPENING_REVIEW","false","DEFER_WITH_REASON","The current title and H1 identify a distinct route. Shared-template compression does not establish a route-specific title or opening defect; retain exact copy until query evidence and owner-approved replacement copy support a change."
"/subjects/math/calculus/integration-applications/moments-and-center-of-mass/","textbook-lesson","Moments and Center of Mass | Unit 3B | Better Grades","Moments and Center of Mass","TITLE_OPENING_REVIEW","false","DEFER_WITH_REASON","The current title and H1 identify a distinct route. Shared-template compression does not establish a route-specific title or opening defect; retain exact copy until query evidence and owner-approved replacement copy support a change."
"/subjects/math/calculus/integration-applications/physics-application-studio/","textbook-lesson","Physics Application Studio | Unit 3B | Better Grades","Physics Application Studio","TITLE_OPENING_REVIEW","false","DEFER_WITH_REASON","The current title and H1 identify a distinct route. Shared-template compression does not establish a route-specific title or opening defect; retain exact copy until query evidence and owner-approved replacement copy support a change."
"/subjects/math/calculus/integration-applications/practice-exam-a-answer-key/","textbook-lesson","Unit 3B Practice Exam A Answer Key | Better Grades","Unit 3B Practice Exam A Answer Key","TITLE_OPENING_REVIEW","false","DEFER_WITH_REASON","The current title and H1 identify a distinct route. Shared-template compression does not establish a route-specific title or opening defect; retain exact copy until query evidence and owner-approved replacement copy support a change."
"/subjects/math/calculus/integration-applications/practice-exam-a/","textbook-lesson","Unit 3B Practice Exam A | Better Grades","Unit 3B Practice Exam A","TITLE_OPENING_REVIEW","false","DEFER_WITH_REASON","The current title and H1 identify a distinct route. Shared-template compression does not establish a route-specific title or opening defect; retain exact copy until query evidence and owner-approved replacement copy support a change."
"/subjects/math/calculus/integration-applications/practice-exam-b-answer-key/","textbook-lesson","Unit 3B Practice Exam B Answer Key | Better Grades","Unit 3B Practice Exam B Answer Key","TITLE_OPENING_REVIEW","false","DEFER_WITH_REASON","The current title and H1 identify a distinct route. Shared-template compression does not establish a route-specific title or opening defect; retain exact copy until query evidence and owner-approved replacement copy support a change."
"/subjects/math/calculus/integration-applications/practice-exam-b/","textbook-lesson","Unit 3B Practice Exam B | Better Grades","Unit 3B Practice Exam B","TITLE_OPENING_REVIEW","false","DEFER_WITH_REASON","The current title and H1 identify a distinct route. Shared-template compression does not establish a route-specific title or opening defect; retain exact copy until query evidence and owner-approved replacement copy support a change."
"/subjects/math/calculus/integration-applications/probability-density/","textbook-lesson","Probability Density and Expected Value | Unit 3B | Better Grades","Probability Density and Expected Value","TITLE_OPENING_REVIEW","false","DEFER_WITH_REASON","The current title and H1 identify a distinct route. Shared-template compression does not establish a route-specific title or opening defect; retain exact copy until query evidence and owner-approved replacement copy support a change."
"/subjects/math/calculus/integration-applications/pumping-liquids/","textbook-lesson","Pumping Liquids | Unit 3B | Better Grades","Pumping Liquids","TITLE_OPENING_REVIEW","false","DEFER_WITH_REASON","The current title and H1 identify a distinct route. Shared-template compression does not establish a route-specific title or opening defect; retain exact copy until query evidence and owner-approved replacement copy support a change."
"/subjects/math/calculus/integration-applications/review/","textbook-lesson","Unit 3B Review: Applications of Integration | Better Grades","Unit 3B Review: Applications of Integration","TITLE_OPENING_REVIEW","false","DEFER_WITH_REASON","The current title and H1 identify a distinct route. Shared-template compression does not establish a route-specific title or opening defect; retain exact copy until query evidence and owner-approved replacement copy support a change."
"/subjects/math/calculus/integration-applications/spring-work/","textbook-lesson","Work Done on Springs | Unit 3B | Better Grades","Work Done on Springs","TITLE_OPENING_REVIEW","false","DEFER_WITH_REASON","The current title and H1 identify a distinct route. Shared-template compression does not establish a route-specific title or opening defect; retain exact copy until query evidence and owner-approved replacement copy support a change."
"/subjects/math/calculus/integration-applications/surface-area-of-revolution/","textbook-lesson","Surface Area of Revolution | Unit 3B | Better Grades","Surface Area of Revolution","TITLE_OPENING_REVIEW","false","DEFER_WITH_REASON","The current title and H1 identify a distinct route. Shared-template compression does not establish a route-specific title or opening defect; retain exact copy until query evidence and owner-approved replacement copy support a change."
"/subjects/math/calculus/integration-applications/volumes-by-slicing/","textbook-lesson","Volumes by Slicing | Unit 3B | Better Grades","Volumes by Slicing","TITLE_OPENING_REVIEW","false","DEFER_WITH_REASON","The current title and H1 identify a distinct route. Shared-template compression does not establish a route-specific title or opening defect; retain exact copy until query evidence and owner-approved replacement copy support a change."
"/subjects/math/calculus/integration-applications/washer-vs-shell/","decision-guide","Washer method or shell method? | Unit 3B | Better Grades","Washer method or shell method?","TITLE_OPENING_REVIEW","false","DEFER_WITH_REASON","The current title and H1 identify a distinct route. Shared-template compression does not establish a route-specific title or opening defect; retain exact copy until query evidence and owner-approved replacement copy support a change."
"/subjects/math/calculus/integration-applications/work-and-fluid-force/","method-guide","Setting up work and fluid-force integrals | Unit 3B | Better Grades","Setting up work and fluid-force integrals","TITLE_OPENING_REVIEW","false","DEFER_WITH_REASON","The current title and H1 identify a distinct route. Shared-template compression does not establish a route-specific title or opening defect; retain exact copy until query evidence and owner-approved replacement copy support a change."
"/subjects/math/calculus/integration-applications/work-and-variable-force/","textbook-lesson","Work and Variable Force | Unit 3B | Better Grades","Work and Variable Force","TITLE_OPENING_REVIEW","false","DEFER_WITH_REASON","The current title and H1 identify a distinct route. Shared-template compression does not establish a route-specific title or opening defect; retain exact copy until query evidence and owner-approved replacement copy support a change."
"/subjects/math/calculus/integration-techniques/","quick-answer","Integration Techniques Calculus resources | Better Grades","Integration Techniques","TITLE_OPENING_REVIEW","false","DEFER_WITH_REASON","The current title and H1 identify a distinct route. Shared-template compression does not establish a route-specific title or opening defect; retain exact copy until query evidence and owner-approved replacement copy support a change."
"/subjects/math/calculus/integration-techniques/improper-integrals/","concept-explainer","Improper integrals are limits, not unusual notation | Better Grades","Improper integrals are limits, not unusual notation","TITLE_OPENING_REVIEW","false","DEFER_WITH_REASON","The current title and H1 identify a distinct route. Shared-template compression does not establish a route-specific title or opening defect; retain exact copy until query evidence and owner-approved replacement copy support a change."
"/subjects/math/calculus/integration-techniques/integration-by-parts-strategy/","method-guide","Integration by parts: choosing u and knowing when to repeat | Better Grades","Integration by parts: choosing u and knowing when to repeat","TITLE_OPENING_REVIEW","false","DEFER_WITH_REASON","The current title and H1 identify a distinct route. Shared-template compression does not establish a route-specific title or opening defect; retain exact copy until query evidence and owner-approved replacement copy support a change."
"/subjects/math/calculus/integration-techniques/partial-fractions/","method-guide","Partial fractions: decompose before integrating | Better Grades","Partial fractions: decompose before integrating","TITLE_OPENING_REVIEW","false","DEFER_WITH_REASON","The current title and H1 identify a distinct route. Shared-template compression does not establish a route-specific title or opening defect; retain exact copy until query evidence and owner-approved replacement copy support a change."
"/subjects/math/calculus/integration-techniques/trigonometric-integrals/","decision-guide","How to choose an identity for a trigonometric integral | Better Grades","How to choose an identity for a trigonometric integral","TITLE_OPENING_REVIEW","false","DEFER_WITH_REASON","The current title and H1 identify a distinct route. Shared-template compression does not establish a route-specific title or opening defect; retain exact copy until query evidence and owner-approved replacement copy support a change."
"/subjects/math/calculus/integration-techniques/trigonometric-substitution/","decision-guide","Choosing the right trigonometric substitution | Better Grades","Choosing the right trigonometric substitution","TITLE_OPENING_REVIEW","false","DEFER_WITH_REASON","The current title and H1 identify a distinct route. Shared-template compression does not establish a route-specific title or opening defect; retain exact copy until query evidence and owner-approved replacement copy support a change."
"/subjects/math/calculus/integration-techniques/u-substitution/","method-guide","u-substitution as the reverse Chain Rule | Better Grades","u-substitution as the reverse Chain Rule","TITLE_OPENING_REVIEW","false","DEFER_WITH_REASON","The current title and H1 identify a distinct route. Shared-template compression does not establish a route-specific title or opening defect; retain exact copy until query evidence and owner-approved replacement copy support a change."
"/subjects/math/calculus/limits-continuity/continuity-at-a-point/","concept-explainer","What continuity at a point really requires | Better Grades","What continuity at a point really requires","TITLE_OPENING_REVIEW","false","DEFER_WITH_REASON","The current title and H1 identify a distinct route. Shared-template compression does not establish a route-specific title or opening defect; retain exact copy until query evidence and owner-approved replacement copy support a change."
"/subjects/math/calculus/limits-continuity/evaluating-indeterminate-limits/","method-guide","How to evaluate an indeterminate limit | Better Grades","How to evaluate an indeterminate limit","TITLE_OPENING_REVIEW","false","DEFER_WITH_REASON","The current title and H1 identify a distinct route. Shared-template compression does not establish a route-specific title or opening defect; retain exact copy until query evidence and owner-approved replacement copy support a change."
"/subjects/math/calculus/limits-continuity/infinite-limits-and-asymptotes/","concept-explainer","Infinite limits and vertical asymptotes | Better Grades","Infinite limits and vertical asymptotes","TITLE_OPENING_REVIEW","false","DEFER_WITH_REASON","The current title and H1 identify a distinct route. Shared-template compression does not establish a route-specific title or opening defect; retain exact copy until query evidence and owner-approved replacement copy support a change."
"/subjects/math/calculus/limits-continuity/limit-of-sin-x-over-x/","quick-answer","Why is the limit of sin x over x equal to 1? | Better Grades","Why is the limit of sin x over x equal to 1?","TITLE_OPENING_REVIEW","false","DEFER_WITH_REASON","The current title and H1 identify a distinct route. Shared-template compression does not establish a route-specific title or opening defect; retain exact copy until query evidence and owner-approved replacement copy support a change."
"/subjects/math/calculus/limits-continuity/one-sided-limits-and-jump-discontinuities/","concept-explainer","One-sided limits and jump discontinuities | Better Grades","One-sided limits and jump discontinuities","TITLE_OPENING_REVIEW","false","DEFER_WITH_REASON","The current title and H1 identify a distinct route. Shared-template compression does not establish a route-specific title or opening defect; retain exact copy until query evidence and owner-approved replacement copy support a change."
"/subjects/math/calculus/limits-continuity/squeeze-theorem/","method-guide","How and when to use the Squeeze Theorem | Better Grades","How and when to use the Squeeze Theorem","TITLE_OPENING_REVIEW","false","DEFER_WITH_REASON","The current title and H1 identify a distinct route. Shared-template compression does not establish a route-specific title or opening defect; retain exact copy until query evidence and owner-approved replacement copy support a change."
"/subjects/math/calculus/limits-continuity/unit/","decision-guide","Limits and Continuity Course Overview | Better Grades","Limits and Continuity Course Overview","TITLE_OPENING_REVIEW","false","DEFER_WITH_REASON","The current title and H1 identify a distinct route. Shared-template compression does not establish a route-specific title or opening defect; retain exact copy until query evidence and owner-approved replacement copy support a change."
"/subjects/math/calculus/limits-continuity/unit/continuity/bisection-method/","textbook-lesson","Bisection Method After the IVT | Better Grades","Bisection Method After the IVT","TITLE_OPENING_REVIEW","false","DEFER_WITH_REASON","The current title and H1 identify a distinct route. Shared-template compression does not establish a route-specific title or opening defect; retain exact copy until query evidence and owner-approved replacement copy support a change."
"/subjects/math/calculus/limits-continuity/unit/continuity/continuity-at-a-point/","textbook-lesson","Continuity at a Point | Better Grades","Continuity at a Point","TITLE_OPENING_REVIEW","false","DEFER_WITH_REASON","The current title and H1 identify a distinct route. Shared-template compression does not establish a route-specific title or opening defect; retain exact copy until query evidence and owner-approved replacement copy support a change."
"/subjects/math/calculus/limits-continuity/unit/continuity/continuity-concept-quiz/","textbook-lesson","Continuity Concept Quiz | Better Grades","Continuity Concept Quiz","TITLE_OPENING_REVIEW","false","DEFER_WITH_REASON","The current title and H1 identify a distinct route. Shared-template compression does not establish a route-specific title or opening defect; retain exact copy until query evidence and owner-approved replacement copy support a change."
"/subjects/math/calculus/limits-continuity/unit/continuity/continuity-practice/","textbook-lesson","Continuity and IVT Practice Problems | Better Grades","Continuity and IVT Practice Problems","TITLE_OPENING_REVIEW","false","DEFER_WITH_REASON","The current title and H1 identify a distinct route. Shared-template compression does not establish a route-specific title or opening defect; retain exact copy until query evidence and owner-approved replacement copy support a change."
"/subjects/math/calculus/limits-continuity/unit/continuity/continuity-review/","textbook-lesson","Continuity and IVT Review | Better Grades","Continuity and IVT Review","TITLE_OPENING_REVIEW","false","DEFER_WITH_REASON","The current title and H1 identify a distinct route. Shared-template compression does not establish a route-specific title or opening defect; retain exact copy until query evidence and owner-approved replacement copy support a change."
"/subjects/math/calculus/limits-continuity/unit/continuity/continuous-functions/","textbook-lesson","Which Functions Are Continuous? | Better Grades","Which Functions Are Continuous?","TITLE_OPENING_REVIEW","false","DEFER_WITH_REASON","The current title and H1 identify a distinct route. Shared-template compression does not establish a route-specific title or opening defect; retain exact copy until query evidence and owner-approved replacement copy support a change."
"/subjects/math/calculus/limits-continuity/unit/continuity/intermediate-value-theorem/","textbook-lesson","Intermediate Value Theorem | Better Grades","Intermediate Value Theorem","TITLE_OPENING_REVIEW","false","DEFER_WITH_REASON","The current title and H1 identify a distinct route. Shared-template compression does not establish a route-specific title or opening defect; retain exact copy until query evidence and owner-approved replacement copy support a change."
"/subjects/math/calculus/limits-continuity/unit/continuity/intervals-endpoints/","textbook-lesson","Continuity on Intervals and at Endpoints | Better Grades","Continuity on Intervals and at Endpoints","TITLE_OPENING_REVIEW","false","DEFER_WITH_REASON","The current title and H1 identify a distinct route. Shared-template compression does not establish a route-specific title or opening defect; retain exact copy until query evidence and owner-approved replacement copy support a change."
"/subjects/math/calculus/limits-continuity/unit/continuity/piecewise-parameters/","textbook-lesson","Choosing Parameters for Piecewise Continuity | Better Grades","Choosing Parameters for Piecewise Continuity","TITLE_OPENING_REVIEW","false","DEFER_WITH_REASON","The current title and H1 identify a distinct route. Shared-template compression does not establish a route-specific title or opening defect; retain exact copy until query evidence and owner-approved replacement copy support a change."
"/subjects/math/calculus/limits-continuity/unit/continuity/repair-removable-discontinuity/","textbook-lesson","How to Repair a Removable Discontinuity | Better Grades","How to Repair a Removable Discontinuity","TITLE_OPENING_REVIEW","false","DEFER_WITH_REASON","The current title and H1 identify a distinct route. Shared-template compression does not establish a route-specific title or opening defect; retain exact copy until query evidence and owner-approved replacement copy support a change."
"/subjects/math/calculus/limits-continuity/unit/continuity/two-parameter-continuity/","textbook-lesson","Two-Parameter Continuity Problems | Better Grades","Two-Parameter Continuity Problems","TITLE_OPENING_REVIEW","false","DEFER_WITH_REASON","The current title and H1 identify a distinct route. Shared-template compression does not establish a route-specific title or opening defect; retain exact copy until query evidence and owner-approved replacement copy support a change."
"/subjects/math/calculus/limits-continuity/unit/continuity/types-of-discontinuity/","textbook-lesson","Types of Discontinuity | Better Grades","Types of Discontinuity","TITLE_OPENING_REVIEW","false","DEFER_WITH_REASON","The current title and H1 identify a distinct route. Shared-template compression does not establish a route-specific title or opening defect; retain exact copy until query evidence and owner-approved replacement copy support a change."
"/subjects/math/calculus/limits-continuity/unit/limits/absolute-value-piecewise/","textbook-lesson","Limits With Absolute Values and Piecewise Functions | Better Grades","Limits With Absolute Values and Piecewise Functions","TITLE_OPENING_REVIEW","false","DEFER_WITH_REASON","The current title and H1 identify a distinct route. Shared-template compression does not establish a route-specific title or opening defect; retain exact copy until query evidence and owner-approved replacement copy support a change."
"/subjects/math/calculus/limits-continuity/unit/limits/common-exam-errors/","textbook-lesson","Common Limits Exam Errors | Better Grades","Common Limits Exam Errors","TITLE_OPENING_REVIEW","false","DEFER_WITH_REASON","The current title and H1 identify a distinct route. Shared-template compression does not establish a route-specific title or opening defect; retain exact copy until query evidence and owner-approved replacement copy support a change."
"/subjects/math/calculus/limits-continuity/unit/limits/complete-asymptote-analysis/","textbook-lesson","Complete Rational Function Asymptote Analysis | Better Grades","Complete Rational Function Asymptote Analysis","TITLE_OPENING_REVIEW","false","DEFER_WITH_REASON","The current title and H1 identify a distinct route. Shared-template compression does not establish a route-specific title or opening defect; retain exact copy until query evidence and owner-approved replacement copy support a change."
"/subjects/math/calculus/limits-continuity/unit/limits/complex-fractions/","textbook-lesson","Limits With Complex Fractions | Better Grades","Limits With Complex Fractions","TITLE_OPENING_REVIEW","false","DEFER_WITH_REASON","The current title and H1 identify a distinct route. Shared-template compression does not establish a route-specific title or opening defect; retain exact copy until query evidence and owner-approved replacement copy support a change."
"/subjects/math/calculus/limits-continuity/unit/limits/cosine-limits/","decision-guide","Cosine Limits and Trigonometric Identities | Better Grades","Cosine Limits and Trigonometric Identities","TITLE_OPENING_REVIEW","false","DEFER_WITH_REASON","The current title and H1 identify a distinct route. Shared-template compression does not establish a route-specific title or opening defect; retain exact copy until query evidence and owner-approved replacement copy support a change."
"/subjects/math/calculus/limits-continuity/unit/limits/cumulative-practice/","textbook-lesson","Cumulative Limits and Continuity Practice | Better Grades","Cumulative Limits and Continuity Practice","TITLE_OPENING_REVIEW","false","DEFER_WITH_REASON","The current title and H1 identify a distinct route. Shared-template compression does not establish a route-specific title or opening defect; retain exact copy until query evidence and owner-approved replacement copy support a change."
"/subjects/math/calculus/limits-continuity/unit/limits/direct-substitution/","textbook-lesson","Direct Substitution for Limits | Better Grades","Direct Substitution for Limits","TITLE_OPENING_REVIEW","false","DEFER_WITH_REASON","The current title and H1 identify a distinct route. Shared-template compression does not establish a route-specific title or opening defect; retain exact copy until query evidence and owner-approved replacement copy support a change."
"/subjects/math/calculus/limits-continuity/unit/limits/disprove-limit-epsilon-delta/","textbook-lesson","How to Disprove a Claimed Limit | Better Grades","How to Disprove a Claimed Limit","TITLE_OPENING_REVIEW","false","DEFER_WITH_REASON","The current title and H1 identify a distinct route. Shared-template compression does not establish a route-specific title or opening defect; retain exact copy until query evidence and owner-approved replacement copy support a change."
"/subjects/math/calculus/limits-continuity/unit/limits/epsilon-delta-concept-quiz/","textbook-lesson","Epsilon-Delta Concept Quiz | Better Grades","Epsilon-Delta Concept Quiz","TITLE_OPENING_REVIEW","false","DEFER_WITH_REASON","The current title and H1 identify a distinct route. Shared-template compression does not establish a route-specific title or opening defect; retain exact copy until query evidence and owner-approved replacement copy support a change."
"/subjects/math/calculus/limits-continuity/unit/limits/epsilon-delta-graph/","textbook-lesson","Reading Epsilon and Delta From a Graph | Better Grades","Reading Epsilon and Delta From a Graph","TITLE_OPENING_REVIEW","false","DEFER_WITH_REASON","The current title and H1 identify a distinct route. Shared-template compression does not establish a route-specific title or opening defect; retain exact copy until query evidence and owner-approved replacement copy support a change."
"/subjects/math/calculus/limits-continuity/unit/limits/epsilon-delta-introduction/","textbook-lesson","Epsilon-Delta Definition: An Introduction | Better Grades","Epsilon-Delta Definition: An Introduction","TITLE_OPENING_REVIEW","false","DEFER_WITH_REASON","The current title and H1 identify a distinct route. Shared-template compression does not establish a route-specific title or opening defect; retain exact copy until query evidence and owner-approved replacement copy support a change."
"/subjects/math/calculus/limits-continuity/unit/limits/epsilon-delta-linear/","textbook-lesson","Epsilon-Delta Proofs for Linear Functions | Better Grades","Epsilon-Delta Proofs for Linear Functions","TITLE_OPENING_REVIEW","false","DEFER_WITH_REASON","The current title and H1 identify a distinct route. Shared-template compression does not establish a route-specific title or opening defect; retain exact copy until query evidence and owner-approved replacement copy support a change."
"/subjects/math/calculus/limits-continuity/unit/limits/epsilon-delta-practice/","textbook-lesson","Epsilon-Delta Practice Problems | Better Grades","Epsilon-Delta Practice Problems","TITLE_OPENING_REVIEW","false","DEFER_WITH_REASON","The current title and H1 identify a distinct route. Shared-template compression does not establish a route-specific title or opening defect; retain exact copy until query evidence and owner-approved replacement copy support a change."
"/subjects/math/calculus/limits-continuity/unit/limits/epsilon-delta-quadratic/","textbook-lesson","Epsilon-Delta Proofs for Quadratic Functions | Better Grades","Epsilon-Delta Proofs for Quadratic Functions","TITLE_OPENING_REVIEW","false","DEFER_WITH_REASON","The current title and H1 identify a distinct route. Shared-template compression does not establish a route-specific title or opening defect; retain exact copy until query evidence and owner-approved replacement copy support a change."
"/subjects/math/calculus/limits-continuity/unit/limits/epsilon-delta-review/","textbook-lesson","Epsilon-Delta Review | Better Grades","Epsilon-Delta Review","TITLE_OPENING_REVIEW","false","DEFER_WITH_REASON","The current title and H1 identify a distinct route. Shared-template compression does not establish a route-specific title or opening defect; retain exact copy until query evidence and owner-approved replacement copy support a change."
"/subjects/math/calculus/limits-continuity/unit/limits/factoring-limits/","textbook-lesson","Evaluating Limits by Factoring | Better Grades","Evaluating Limits by Factoring","TITLE_OPENING_REVIEW","false","DEFER_WITH_REASON","The current title and H1 identify a distinct route. Shared-template compression does not establish a route-specific title or opening defect; retain exact copy until query evidence and owner-approved replacement copy support a change."
"/subjects/math/calculus/limits-continuity/unit/limits/finite-limit-decision-tree/","textbook-lesson","Finite Limit Decision Tree | Better Grades","Finite Limit Decision Tree","TITLE_OPENING_REVIEW","false","DEFER_WITH_REASON","The current title and H1 identify a distinct route. Shared-template compression does not establish a route-specific title or opening defect; retain exact copy until query evidence and owner-approved replacement copy support a change."
"/subjects/math/calculus/limits-continuity/unit/limits/finite-limits-concept-quiz/","textbook-lesson","Finite Limits Concept Quiz | Better Grades","Finite Limits Concept Quiz","TITLE_OPENING_REVIEW","false","DEFER_WITH_REASON","The current title and H1 identify a distinct route. Shared-template compression does not establish a route-specific title or opening defect; retain exact copy until query evidence and owner-approved replacement copy support a change."
"/subjects/math/calculus/limits-continuity/unit/limits/finite-limits-practice/","textbook-lesson","Finite Limit Practice Problems | Better Grades","Finite Limit Practice Problems","TITLE_OPENING_REVIEW","false","DEFER_WITH_REASON","The current title and H1 identify a distinct route. Shared-template compression does not establish a route-specific title or opening defect; retain exact copy until query evidence and owner-approved replacement copy support a change."
"/subjects/math/calculus/limits-continuity/unit/limits/finite-limits-review/","textbook-lesson","Finite Limits Review | Better Grades","Finite Limits Review","TITLE_OPENING_REVIEW","false","DEFER_WITH_REASON","The current title and H1 identify a distinct route. Shared-template compression does not establish a route-specific title or opening defect; retain exact copy until query evidence and owner-approved replacement copy support a change."
"/subjects/math/calculus/limits-continuity/unit/limits/formal-infinite-limits/","textbook-lesson","Formal Definition of an Infinite Limit | Better Grades","Formal Definition of an Infinite Limit","TITLE_OPENING_REVIEW","false","DEFER_WITH_REASON","The current title and H1 identify a distinct route. Shared-template compression does not establish a route-specific title or opening defect; retain exact copy until query evidence and owner-approved replacement copy support a change."
"/subjects/math/calculus/limits-continuity/unit/limits/function-value-vs-limit/","textbook-lesson","Function Value vs. Limit | Better Grades","Function Value vs. Limit","TITLE_OPENING_REVIEW","false","DEFER_WITH_REASON","The current title and H1 identify a distinct route. Shared-template compression does not establish a route-specific title or opening defect; retain exact copy until query evidence and owner-approved replacement copy support a change."
"/subjects/math/calculus/limits-continuity/unit/limits/infinite-behavior-concept-quiz/","textbook-lesson","Infinite Limits Concept Quiz | Better Grades","Infinite Limits Concept Quiz","TITLE_OPENING_REVIEW","false","DEFER_WITH_REASON","The current title and H1 identify a distinct route. Shared-template compression does not establish a route-specific title or opening defect; retain exact copy until query evidence and owner-approved replacement copy support a change."
"/subjects/math/calculus/limits-continuity/unit/limits/infinite-behavior-practice/","textbook-lesson","Infinite Limits and Asymptote Practice | Better Grades","Infinite Limits and Asymptote Practice","TITLE_OPENING_REVIEW","false","DEFER_WITH_REASON","The current title and H1 identify a distinct route. Shared-template compression does not establish a route-specific title or opening defect; retain exact copy until query evidence and owner-approved replacement copy support a change."
"/subjects/math/calculus/limits-continuity/unit/limits/infinite-behavior-review/","textbook-lesson","Infinite Limits and Asymptotes Review | Better Grades","Infinite Limits and Asymptotes Review","TITLE_OPENING_REVIEW","false","DEFER_WITH_REASON","The current title and H1 identify a distinct route. Shared-template compression does not establish a route-specific title or opening defect; retain exact copy until query evidence and owner-approved replacement copy support a change."
"/subjects/math/calculus/limits-continuity/unit/limits/infinite-limits/","decision-guide","Infinite Limits Explained | Better Grades","Infinite Limits Explained","TITLE_OPENING_REVIEW","false","DEFER_WITH_REASON","The current title and H1 identify a distinct route. Shared-template compression does not establish a route-specific title or opening defect; retain exact copy until query evidence and owner-approved replacement copy support a change."
"/subjects/math/calculus/limits-continuity/unit/limits/infinity-minus-infinity/","textbook-lesson","Infinity Minus Infinity Limits | Better Grades","Infinity Minus Infinity Limits","TITLE_OPENING_REVIEW","false","DEFER_WITH_REASON","The current title and H1 identify a distinct route. Shared-template compression does not establish a route-specific title or opening defect; retain exact copy until query evidence and owner-approved replacement copy support a change."
"/subjects/math/calculus/limits-continuity/unit/limits/limit-at-a-hole/","textbook-lesson","Limits at Holes and Undefined Points | Better Grades","Limits at Holes and Undefined Points","TITLE_OPENING_REVIEW","false","DEFER_WITH_REASON","The current title and H1 identify a distinct route. Shared-template compression does not establish a route-specific title or opening defect; retain exact copy until query evidence and owner-approved replacement copy support a change."
"/subjects/math/calculus/limits-continuity/unit/limits/limit-laws/","textbook-lesson","Limit Laws and How to Use Them | Better Grades","Limit Laws and How to Use Them","TITLE_OPENING_REVIEW","false","DEFER_WITH_REASON","The current title and H1 identify a distinct route. Shared-template compression does not establish a route-specific title or opening defect; retain exact copy until query evidence and owner-approved replacement copy support a change."
"/subjects/math/calculus/limits-continuity/unit/limits/limits-at-infinity/","textbook-lesson","Limits at Infinity and Horizontal Asymptotes | Better Grades","Limits at Infinity and Horizontal Asymptotes","TITLE_OPENING_REVIEW","false","DEFER_WITH_REASON","The current title and H1 identify a distinct route. Shared-template compression does not establish a route-specific title or opening defect; retain exact copy until query evidence and owner-approved replacement copy support a change."
"/subjects/math/calculus/limits-continuity/unit/limits/meaning-concept-quiz/","textbook-lesson","Limit Meaning Concept Quiz | Better Grades","Limit Meaning Concept Quiz","TITLE_OPENING_REVIEW","false","DEFER_WITH_REASON","The current title and H1 identify a distinct route. Shared-template compression does not establish a route-specific title or opening defect; retain exact copy until query evidence and owner-approved replacement copy support a change."
"/subjects/math/calculus/limits-continuity/unit/limits/meaning-practice/","textbook-lesson","Limit Meaning Practice Problems | Better Grades","Limit Meaning Practice Problems","TITLE_OPENING_REVIEW","false","DEFER_WITH_REASON","The current title and H1 identify a distinct route. Shared-template compression does not establish a route-specific title or opening defect; retain exact copy until query evidence and owner-approved replacement copy support a change."
"/subjects/math/calculus/limits-continuity/unit/limits/meaning-review/","textbook-lesson","Limit Meaning Review | Better Grades","Limit Meaning Review","TITLE_OPENING_REVIEW","false","DEFER_WITH_REASON","The current title and H1 identify a distinct route. Shared-template compression does not establish a route-specific title or opening defect; retain exact copy until query evidence and owner-approved replacement copy support a change."
"/subjects/math/calculus/limits-continuity/unit/limits/notation-guide/","textbook-lesson","Limit Notation Guide | Better Grades","Limit Notation Guide","TITLE_OPENING_REVIEW","false","DEFER_WITH_REASON","The current title and H1 identify a distinct route. Shared-template compression does not establish a route-specific title or opening defect; retain exact copy until query evidence and owner-approved replacement copy support a change."
"/subjects/math/calculus/limits-continuity/unit/limits/one-sided-limits/","textbook-lesson","One-Sided Limits From the Left and Right | Better Grades","One-Sided Limits From the Left and Right","TITLE_OPENING_REVIEW","false","DEFER_WITH_REASON","The current title and H1 identify a distinct route. Shared-template compression does not establish a route-specific title or opening defect; retain exact copy until query evidence and owner-approved replacement copy support a change."
"/subjects/math/calculus/limits-continuity/unit/limits/practice-exam-a/","textbook-lesson","Limits and Continuity Practice Exam A | Better Grades","Limits and Continuity Practice Exam A","TITLE_OPENING_REVIEW","false","DEFER_WITH_REASON","The current title and H1 identify a distinct route. Shared-template compression does not establish a route-specific title or opening defect; retain exact copy until query evidence and owner-approved replacement copy support a change."
"/subjects/math/calculus/limits-continuity/unit/limits/practice-exam-a/answer-key/","textbook-lesson","Limits and Continuity Practice Exam A Answer Key | Better Grades","Practice Exam A Answer Key","TITLE_OPENING_REVIEW","false","DEFER_WITH_REASON","The current title and H1 identify a distinct route. Shared-template compression does not establish a route-specific title or opening defect; retain exact copy until query evidence and owner-approved replacement copy support a change."
"/subjects/math/calculus/limits-continuity/unit/limits/practice-exam-b/","textbook-lesson","Limits and Continuity Practice Exam B | Better Grades","Limits and Continuity Practice Exam B","TITLE_OPENING_REVIEW","false","DEFER_WITH_REASON","The current title and H1 identify a distinct route. Shared-template compression does not establish a route-specific title or opening defect; retain exact copy until query evidence and owner-approved replacement copy support a change."
"/subjects/math/calculus/limits-continuity/unit/limits/practice-exam-b/answer-key/","textbook-lesson","Limits and Continuity Practice Exam B Answer Key | Better Grades","Practice Exam B Answer Key","TITLE_OPENING_REVIEW","false","DEFER_WITH_REASON","The current title and H1 identify a distinct route. Shared-template compression does not establish a route-specific title or opening defect; retain exact copy until query evidence and owner-approved replacement copy support a change."
"/subjects/math/calculus/limits-continuity/unit/limits/prerequisite-diagnostic/","textbook-lesson","Calculus Limits Prerequisite Diagnostic | Better Grades","Calculus Limits Prerequisite Diagnostic","TITLE_OPENING_REVIEW","false","DEFER_WITH_REASON","The current title and H1 identify a distinct route. Shared-template compression does not establish a route-specific title or opening defect; retain exact copy until query evidence and owner-approved replacement copy support a change."
"/subjects/math/calculus/limits-continuity/unit/limits/radicals-at-infinity/","textbook-lesson","Radical Limits at Infinity | Better Grades","Radical Limits at Infinity","TITLE_OPENING_REVIEW","false","DEFER_WITH_REASON","The current title and H1 identify a distinct route. Shared-template compression does not establish a route-specific title or opening defect; retain exact copy until query evidence and owner-approved replacement copy support a change."
"/subjects/math/calculus/limits-continuity/unit/limits/ratio-of-sines/","textbook-lesson","Limits of Ratios of Sine Functions | Better Grades","Limits of Ratios of Sine Functions","TITLE_OPENING_REVIEW","false","DEFER_WITH_REASON","The current title and H1 identify a distinct route. Shared-template compression does not establish a route-specific title or opening defect; retain exact copy until query evidence and owner-approved replacement copy support a change."
"/subjects/math/calculus/limits-continuity/unit/limits/rationalizing-radicals/","textbook-lesson","Evaluating Radical Limits With Conjugates | Better Grades","Evaluating Radical Limits With Conjugates","TITLE_OPENING_REVIEW","false","DEFER_WITH_REASON","The current title and H1 identify a distinct route. Shared-template compression does not establish a route-specific title or opening defect; retain exact copy until query evidence and owner-approved replacement copy support a change."
"/subjects/math/calculus/limits-continuity/unit/limits/read-limits-from-graphs/","textbook-lesson","How to Read Limits From a Graph | Better Grades","How to Read Limits From a Graph","TITLE_OPENING_REVIEW","false","DEFER_WITH_REASON","The current title and H1 identify a distinct route. Shared-template compression does not establish a route-specific title or opening defect; retain exact copy until query evidence and owner-approved replacement copy support a change."
"/subjects/math/calculus/limits-continuity/unit/limits/scaled-sine-tangent/","textbook-lesson","Scaled Sine and Tangent Limits | Better Grades","Scaled Sine and Tangent Limits","TITLE_OPENING_REVIEW","false","DEFER_WITH_REASON","The current title and H1 identify a distinct route. Shared-template compression does not establish a route-specific title or opening defect; retain exact copy until query evidence and owner-approved replacement copy support a change."
"/subjects/math/calculus/limits-continuity/unit/limits/sin-x-over-x-proof/","textbook-lesson","Geometric Proof of the sin(x)/x Limit | Better Grades","Geometric Proof of the sin(x)/x Limit","TITLE_OPENING_REVIEW","false","DEFER_WITH_REASON","The current title and H1 identify a distinct route. Shared-template compression does not establish a route-specific title or opening defect; retain exact copy until query evidence and owner-approved replacement copy support a change."
"/subjects/math/calculus/limits-continuity/unit/limits/sin-x-over-x/","textbook-lesson","Why sin(x)/x Approaches 1 | Better Grades","Why sin(x)/x Approaches 1","TITLE_OPENING_REVIEW","false","DEFER_WITH_REASON","The current title and H1 identify a distinct route. Shared-template compression does not establish a route-specific title or opening defect; retain exact copy until query evidence and owner-approved replacement copy support a change."
"/subjects/math/calculus/limits-continuity/unit/limits/slant-asymptotes/","textbook-lesson","Polynomial and Slant Asymptotes | Better Grades","Polynomial and Slant Asymptotes","TITLE_OPENING_REVIEW","false","DEFER_WITH_REASON","The current title and H1 identify a distinct route. Shared-template compression does not establish a route-specific title or opening defect; retain exact copy until query evidence and owner-approved replacement copy support a change."
"/subjects/math/calculus/limits-continuity/unit/limits/squeeze-theorem/","textbook-lesson","The Squeeze Theorem | Better Grades","The Squeeze Theorem","TITLE_OPENING_REVIEW","false","DEFER_WITH_REASON","The current title and H1 identify a distinct route. Shared-template compression does not establish a route-specific title or opening defect; retain exact copy until query evidence and owner-approved replacement copy support a change."
"/subjects/math/calculus/limits-continuity/unit/limits/trig-limit-decision-guide/","decision-guide","Trigonometric Limit Decision Guide | Better Grades","Trigonometric Limit Decision Guide","TITLE_OPENING_REVIEW","false","DEFER_WITH_REASON","The current title and H1 identify a distinct route. Shared-template compression does not establish a route-specific title or opening defect; retain exact copy until query evidence and owner-approved replacement copy support a change."
"/subjects/math/calculus/limits-continuity/unit/limits/trig-limits-concept-quiz/","decision-guide","Trigonometric Limits Concept Quiz | Better Grades","Trigonometric Limits Concept Quiz","TITLE_OPENING_REVIEW","false","DEFER_WITH_REASON","The current title and H1 identify a distinct route. Shared-template compression does not establish a route-specific title or opening defect; retain exact copy until query evidence and owner-approved replacement copy support a change."
"/subjects/math/calculus/limits-continuity/unit/limits/trig-limits-practice/","decision-guide","Trigonometric Limit Practice Problems | Better Grades","Trigonometric Limit Practice Problems","TITLE_OPENING_REVIEW","false","DEFER_WITH_REASON","The current title and H1 identify a distinct route. Shared-template compression does not establish a route-specific title or opening defect; retain exact copy until query evidence and owner-approved replacement copy support a change."
"/subjects/math/calculus/limits-continuity/unit/limits/trig-limits-review/","decision-guide","Squeeze and Trigonometric Limits Review | Better Grades","Squeeze and Trigonometric Limits Review","TITLE_OPENING_REVIEW","false","DEFER_WITH_REASON","The current title and H1 identify a distinct route. Shared-template compression does not establish a route-specific title or opening defect; retain exact copy until query evidence and owner-approved replacement copy support a change."
"/subjects/math/calculus/limits-continuity/unit/limits/unit-review/","textbook-lesson","Limits and Continuity Unit Review | Better Grades","Limits and Continuity Unit Review","TITLE_OPENING_REVIEW","false","DEFER_WITH_REASON","The current title and H1 identify a distinct route. Shared-template compression does not establish a route-specific title or opening defect; retain exact copy until query evidence and owner-approved replacement copy support a change."
"/subjects/math/calculus/limits-continuity/unit/limits/vertical-asymptotes/","textbook-lesson","Vertical Asymptotes and One-Sided Sign Analysis | Better Grades","Vertical Asymptotes and One-Sided Sign Analysis","TITLE_OPENING_REVIEW","false","DEFER_WITH_REASON","The current title and H1 identify a distinct route. Shared-template compression does not establish a route-specific title or opening defect; retain exact copy until query evidence and owner-approved replacement copy support a change."
"/subjects/math/calculus/limits-continuity/unit/limits/what-a-limit-means/","textbook-lesson","What a Limit Means | Better Grades","What a Limit Means","TITLE_OPENING_REVIEW","false","DEFER_WITH_REASON","The current title and H1 identify a distinct route. Shared-template compression does not establish a route-specific title or opening defect; retain exact copy until query evidence and owner-approved replacement copy support a change."
"/subjects/math/calculus/limits-continuity/unit/limits/when-a-limit-does-not-exist/","textbook-lesson","When a Limit Does Not Exist | Better Grades","When a Limit Does Not Exist","TITLE_OPENING_REVIEW","false","DEFER_WITH_REASON","The current title and H1 identify a distinct route. Shared-template compression does not establish a route-specific title or opening defect; retain exact copy until query evidence and owner-approved replacement copy support a change."
"/subjects/math/calculus/limits-continuity/unit/limits/why-limits-matter/","textbook-lesson","Why Limits Matter in Calculus | Better Grades","Why Limits Matter in Calculus","TITLE_OPENING_REVIEW","false","DEFER_WITH_REASON","The current title and H1 identify a distinct route. Shared-template compression does not establish a route-specific title or opening defect; retain exact copy until query evidence and owner-approved replacement copy support a change."
"/subjects/math/calculus/limits-continuity/unit/limits/zero-over-zero/","textbook-lesson","What 0/0 Means in a Limit | Better Grades","What 0/0 Means in a Limit","TITLE_OPENING_REVIEW","false","DEFER_WITH_REASON","The current title and H1 identify a distinct route. Shared-template compression does not establish a route-specific title or opening defect; retain exact copy until query evidence and owner-approved replacement copy support a change."
"/subjects/math/calculus/limits-continuity/unit/study/correct-practice-test/","textbook-lesson","How to Correct a Calculus Practice Test | Better Grades","How to Correct a Calculus Practice Test","TITLE_OPENING_REVIEW","false","DEFER_WITH_REASON","The current title and H1 identify a distinct route. Shared-template compression does not establish a route-specific title or opening defect; retain exact copy until query evidence and owner-approved replacement copy support a change."
"/subjects/math/calculus/power-series-and-taylor-series/algebra-with-power-series/","textbook-lesson","Algebra with Power Series | Unit 4B | Better Grades","Algebra with Power Series","TITLE_OPENING_REVIEW","false","DEFER_WITH_REASON","The current title and H1 identify a distinct route. Shared-template compression does not establish a route-specific title or opening defect; retain exact copy until query evidence and owner-approved replacement copy support a change."
"/subjects/math/calculus/power-series-and-taylor-series/alternating-series-approximation/","textbook-lesson","Alternating-Series Approximation for Taylor Series | Unit 4B | Better Grades","Alternating-Series Approximation for Taylor Series","TITLE_OPENING_REVIEW","false","DEFER_WITH_REASON","The current title and H1 identify a distinct route. Shared-template compression does not establish a route-specific title or opening defect; retain exact copy until query evidence and owner-approved replacement copy support a change."
"/subjects/math/calculus/power-series-and-taylor-series/binomial-series/","textbook-lesson","The Binomial Series | Unit 4B | Better Grades","The Binomial Series","TITLE_OPENING_REVIEW","false","DEFER_WITH_REASON","The current title and H1 identify a distinct route. Shared-template compression does not establish a route-specific title or opening defect; retain exact copy until query evidence and owner-approved replacement copy support a change."
"/subjects/math/calculus/power-series-and-taylor-series/building-new-series/","textbook-lesson","Building New Series from Known Ones | Unit 4B | Better Grades","Building New Series from Known Ones","TITLE_OPENING_REVIEW","false","DEFER_WITH_REASON","The current title and H1 identify a distinct route. Shared-template compression does not establish a route-specific title or opening defect; retain exact copy until query evidence and owner-approved replacement copy support a change."
"/subjects/math/calculus/power-series-and-taylor-series/common-errors/","textbook-lesson","Common Errors in Power and Taylor Series | Unit 4B | Better Grades","Common Errors in Power and Taylor Series","TITLE_OPENING_REVIEW","false","DEFER_WITH_REASON","The current title and H1 identify a distinct route. Shared-template compression does not establish a route-specific title or opening defect; retain exact copy until query evidence and owner-approved replacement copy support a change."
"/subjects/math/calculus/power-series-and-taylor-series/concept-quiz/","textbook-lesson","Unit 4B Concept Quiz | Better Grades","Unit 4B Concept Quiz","TITLE_OPENING_REVIEW","false","DEFER_WITH_REASON","The current title and H1 identify a distinct route. Shared-template compression does not establish a route-specific title or opening defect; retain exact copy until query evidence and owner-approved replacement copy support a change."
"/subjects/math/calculus/power-series-and-taylor-series/differentiating-and-integrating-power-series/","textbook-lesson","Differentiating and Integrating Power Series | Unit 4B | Better Grades","Differentiating and Integrating Power Series","TITLE_OPENING_REVIEW","false","DEFER_WITH_REASON","The current title and H1 identify a distinct route. Shared-template compression does not establish a route-specific title or opening defect; retain exact copy until query evidence and owner-approved replacement copy support a change."
"/subjects/math/calculus/power-series-and-taylor-series/endpoint-testing/","textbook-lesson","Endpoint Testing for Power Series | Unit 4B | Better Grades","Endpoint Testing for Power Series","TITLE_OPENING_REVIEW","false","DEFER_WITH_REASON","The current title and H1 identify a distinct route. Shared-template compression does not establish a route-specific title or opening defect; retain exact copy until query evidence and owner-approved replacement copy support a change."
"/subjects/math/calculus/power-series-and-taylor-series/geometric-series-library/","textbook-lesson","The Geometric Series as a Function Library | Unit 4B | Better Grades","The Geometric Series as a Function Library","TITLE_OPENING_REVIEW","false","DEFER_WITH_REASON","The current title and H1 identify a distinct route. Shared-template compression does not establish a route-specific title or opening defect; retain exact copy until query evidence and owner-approved replacement copy support a change."
"/subjects/math/calculus/power-series-and-taylor-series/logarithm-and-arctangent-series/","textbook-lesson","Logarithm and Arctangent Series | Unit 4B | Better Grades","Logarithm and Arctangent Series","TITLE_OPENING_REVIEW","false","DEFER_WITH_REASON","The current title and H1 identify a distinct route. Shared-template compression does not establish a route-specific title or opening defect; retain exact copy until query evidence and owner-approved replacement copy support a change."
"/subjects/math/calculus/power-series-and-taylor-series/maclaurin-series/","textbook-lesson","Maclaurin Series | Unit 4B | Better Grades","Maclaurin Series","TITLE_OPENING_REVIEW","false","DEFER_WITH_REASON","The current title and H1 identify a distinct route. Shared-template compression does not establish a route-specific title or opening defect; retain exact copy until query evidence and owner-approved replacement copy support a change."
"/subjects/math/calculus/power-series-and-taylor-series/mixed-practice/","textbook-lesson","Unit 4B Mixed Practice | Better Grades","Unit 4B Mixed Practice","TITLE_OPENING_REVIEW","false","DEFER_WITH_REASON","The current title and H1 identify a distinct route. Shared-template compression does not establish a route-specific title or opening defect; retain exact copy until query evidence and owner-approved replacement copy support a change."
"/subjects/math/calculus/power-series-and-taylor-series/power-series-as-functions/","textbook-lesson","Power Series as Functions | Unit 4B | Better Grades","Power Series as Functions","TITLE_OPENING_REVIEW","false","DEFER_WITH_REASON","The current title and H1 identify a distinct route. Shared-template compression does not establish a route-specific title or opening defect; retain exact copy until query evidence and owner-approved replacement copy support a change."
"/subjects/math/calculus/power-series-and-taylor-series/power-series-review/","textbook-lesson","Power Series Review | Unit 4B | Better Grades","Power Series Review","TITLE_OPENING_REVIEW","false","DEFER_WITH_REASON","The current title and H1 identify a distinct route. Shared-template compression does not establish a route-specific title or opening defect; retain exact copy until query evidence and owner-approved replacement copy support a change."
"/subjects/math/calculus/power-series-and-taylor-series/practice-exam-a-answer-key/","textbook-lesson","Unit 4B Practice Exam A Answer Key | Better Grades","Unit 4B Practice Exam A Answer Key","TITLE_OPENING_REVIEW","false","DEFER_WITH_REASON","The current title and H1 identify a distinct route. Shared-template compression does not establish a route-specific title or opening defect; retain exact copy until query evidence and owner-approved replacement copy support a change."
"/subjects/math/calculus/power-series-and-taylor-series/practice-exam-a/","textbook-lesson","Unit 4B Practice Exam A | Better Grades","Unit 4B Practice Exam A","TITLE_OPENING_REVIEW","false","DEFER_WITH_REASON","The current title and H1 identify a distinct route. Shared-template compression does not establish a route-specific title or opening defect; retain exact copy until query evidence and owner-approved replacement copy support a change."
"/subjects/math/calculus/power-series-and-taylor-series/practice-exam-b-answer-key/","textbook-lesson","Unit 4B Practice Exam B Answer Key | Better Grades","Unit 4B Practice Exam B Answer Key","TITLE_OPENING_REVIEW","false","DEFER_WITH_REASON","The current title and H1 identify a distinct route. Shared-template compression does not establish a route-specific title or opening defect; retain exact copy until query evidence and owner-approved replacement copy support a change."
"/subjects/math/calculus/power-series-and-taylor-series/practice-exam-b/","textbook-lesson","Unit 4B Practice Exam B | Better Grades","Unit 4B Practice Exam B","TITLE_OPENING_REVIEW","false","DEFER_WITH_REASON","The current title and H1 identify a distinct route. Shared-template compression does not establish a route-specific title or opening defect; retain exact copy until query evidence and owner-approved replacement copy support a change."
"/subjects/math/calculus/power-series-and-taylor-series/radius-and-interval-of-convergence/","textbook-lesson","Radius and Interval of Convergence | Unit 4B | Better Grades","Radius and Interval of Convergence","TITLE_OPENING_REVIEW","false","DEFER_WITH_REASON","The current title and H1 identify a distinct route. Shared-template compression does not establish a route-specific title or opening defect; retain exact copy until query evidence and owner-approved replacement copy support a change."
"/subjects/math/calculus/power-series-and-taylor-series/ratio-test-for-power-series/","textbook-lesson","Using the Ratio Test on Power Series | Unit 4B | Better Grades","Using the Ratio Test on Power Series","TITLE_OPENING_REVIEW","false","DEFER_WITH_REASON","The current title and H1 identify a distinct route. Shared-template compression does not establish a route-specific title or opening defect; retain exact copy until query evidence and owner-approved replacement copy support a change."
"/subjects/math/calculus/power-series-and-taylor-series/reference-sheet/","textbook-lesson","Unit 4B Reference Sheet | Better Grades","Unit 4B Reference Sheet","TITLE_OPENING_REVIEW","false","DEFER_WITH_REASON","The current title and H1 identify a distinct route. Shared-template compression does not establish a route-specific title or opening defect; retain exact copy until query evidence and owner-approved replacement copy support a change."
"/subjects/math/calculus/power-series-and-taylor-series/series-for-definite-integrals/","textbook-lesson","Using Series to Approximate Definite Integrals | Unit 4B | Better Grades","Using Series to Approximate Definite Integrals","TITLE_OPENING_REVIEW","false","DEFER_WITH_REASON","The current title and H1 identify a distinct route. Shared-template compression does not establish a route-specific title or opening defect; retain exact copy until query evidence and owner-approved replacement copy support a change."
"/subjects/math/calculus/power-series-and-taylor-series/series-solutions-preview/","textbook-lesson","A Preview of Series Solutions to Differential Equations | Unit 4B | Better Grades","A Preview of Series Solutions to Differential Equations","TITLE_OPENING_REVIEW","false","DEFER_WITH_REASON","The current title and H1 identify a distinct route. Shared-template compression does not establish a route-specific title or opening defect; retain exact copy until query evidence and owner-approved replacement copy support a change."
"/subjects/math/calculus/power-series-and-taylor-series/small-angle-physics/","textbook-lesson","Small-Angle Approximations in Physics | Unit 4B | Better Grades","Small-Angle Approximations in Physics","TITLE_OPENING_REVIEW","false","DEFER_WITH_REASON","The current title and H1 identify a distinct route. Shared-template compression does not establish a route-specific title or opening defect; retain exact copy until query evidence and owner-approved replacement copy support a change."
"/subjects/math/calculus/power-series-and-taylor-series/standard-maclaurin-series/","textbook-lesson","Standard Maclaurin Series | Unit 4B | Better Grades","Standard Maclaurin Series","TITLE_OPENING_REVIEW","false","DEFER_WITH_REASON","The current title and H1 identify a distinct route. Shared-template compression does not establish a route-specific title or opening defect; retain exact copy until query evidence and owner-approved replacement copy support a change."
"/subjects/math/calculus/power-series-and-taylor-series/taylor-polynomials/","textbook-lesson","Taylor Polynomials | Unit 4B | Better Grades","Taylor Polynomials","TITLE_OPENING_REVIEW","false","DEFER_WITH_REASON","The current title and H1 identify a distinct route. Shared-template compression does not establish a route-specific title or opening defect; retain exact copy until query evidence and owner-approved replacement copy support a change."
"/subjects/math/calculus/power-series-and-taylor-series/taylor-remainder-theorem/","textbook-lesson","Taylor s Theorem and the Remainder | Unit 4B | Better Grades","Taylor s Theorem and the Remainder","TITLE_OPENING_REVIEW","false","DEFER_WITH_REASON","The current title and H1 identify a distinct route. Shared-template compression does not establish a route-specific title or opening defect; retain exact copy until query evidence and owner-approved replacement copy support a change."
"/subjects/math/calculus/power-series-and-taylor-series/taylor-series-centered-at-a/","textbook-lesson","Taylor Series Centered at a | Unit 4B | Better Grades","Taylor Series Centered at a","TITLE_OPENING_REVIEW","false","DEFER_WITH_REASON","The current title and H1 identify a distinct route. Shared-template compression does not establish a route-specific title or opening defect; retain exact copy until query evidence and owner-approved replacement copy support a change."
"/subjects/math/calculus/power-series-and-taylor-series/taylor-series-review/","textbook-lesson","Taylor Series Review | Unit 4B | Better Grades","Taylor Series Review","TITLE_OPENING_REVIEW","false","DEFER_WITH_REASON","The current title and H1 identify a distinct route. Shared-template compression does not establish a route-specific title or opening defect; retain exact copy until query evidence and owner-approved replacement copy support a change."
"/subjects/math/calculus/power-series-and-taylor-series/uniform-convergence-preview/","textbook-lesson","Why Termwise Operations Need Uniform Control | Unit 4B | Better Grades","Why Termwise Operations Need Uniform Control","TITLE_OPENING_REVIEW","false","DEFER_WITH_REASON","The current title and H1 identify a distinct route. Shared-template compression does not establish a route-specific title or opening defect; retain exact copy until query evidence and owner-approved replacement copy support a change."
"/subjects/math/calculus/sequences-and-series/absolute-and-conditional-convergence/","textbook-lesson","Absolute and Conditional Convergence | Unit 4A | Better Grades","Absolute and Conditional Convergence","TITLE_OPENING_REVIEW","false","DEFER_WITH_REASON","The current title and H1 identify a distinct route. Shared-template compression does not establish a route-specific title or opening defect; retain exact copy until query evidence and owner-approved replacement copy support a change."
"/subjects/math/calculus/sequences-and-series/alternating-series-error/","textbook-lesson","Alternating-Series Error Estimates | Unit 4A | Better Grades","Alternating-Series Error Estimates","TITLE_OPENING_REVIEW","false","DEFER_WITH_REASON","The current title and H1 identify a distinct route. Shared-template compression does not establish a route-specific title or opening defect; retain exact copy until query evidence and owner-approved replacement copy support a change."
"/subjects/math/calculus/sequences-and-series/alternating-series-test/","textbook-lesson","Alternating Series | Unit 4A | Better Grades","Alternating Series","TITLE_OPENING_REVIEW","false","DEFER_WITH_REASON","The current title and H1 identify a distinct route. Shared-template compression does not establish a route-specific title or opening defect; retain exact copy until query evidence and owner-approved replacement copy support a change."
"/subjects/math/calculus/sequences-and-series/cauchy-criterion-preview/","textbook-lesson","Why Convergence Is About Tails: A Cauchy Preview | Unit 4A | Better Grades","Why Convergence Is About Tails: A Cauchy Preview","TITLE_OPENING_REVIEW","false","DEFER_WITH_REASON","The current title and H1 identify a distinct route. Shared-template compression does not establish a route-specific title or opening defect; retain exact copy until query evidence and owner-approved replacement copy support a change."
"/subjects/math/calculus/sequences-and-series/choosing-a-convergence-test/","textbook-lesson","Choosing a Convergence Test | Unit 4A | Better Grades","Choosing a Convergence Test","TITLE_OPENING_REVIEW","false","DEFER_WITH_REASON","The current title and H1 identify a distinct route. Shared-template compression does not establish a route-specific title or opening defect; retain exact copy until query evidence and owner-approved replacement copy support a change."
"/subjects/math/calculus/sequences-and-series/common-errors/","textbook-lesson","Common Errors in Sequence and Series Problems | Unit 4A | Better Grades","Common Errors in Sequence and Series Problems","TITLE_OPENING_REVIEW","false","DEFER_WITH_REASON","The current title and H1 identify a distinct route. Shared-template compression does not establish a route-specific title or opening defect; retain exact copy until query evidence and owner-approved replacement copy support a change."
"/subjects/math/calculus/sequences-and-series/concept-quiz/","textbook-lesson","Unit 4A Concept Quiz | Better Grades","Unit 4A Concept Quiz","TITLE_OPENING_REVIEW","false","DEFER_WITH_REASON","The current title and H1 identify a distinct route. Shared-template compression does not establish a route-specific title or opening defect; retain exact copy until query evidence and owner-approved replacement copy support a change."
"/subjects/math/calculus/sequences-and-series/convergence-tests-review/","textbook-lesson","Convergence Tests Review | Unit 4A | Better Grades","Convergence Tests Review","TITLE_OPENING_REVIEW","false","DEFER_WITH_REASON","The current title and H1 identify a distinct route. Shared-template compression does not establish a route-specific title or opening defect; retain exact copy until query evidence and owner-approved replacement copy support a change."
"/subjects/math/calculus/sequences-and-series/direct-comparison-test/","textbook-lesson","The Direct Comparison Test | Unit 4A | Better Grades","The Direct Comparison Test","TITLE_OPENING_REVIEW","false","DEFER_WITH_REASON","The current title and H1 identify a distinct route. Shared-template compression does not establish a route-specific title or opening defect; retain exact copy until query evidence and owner-approved replacement copy support a change."
"/subjects/math/calculus/sequences-and-series/explicit-and-recursive-sequences/","textbook-lesson","Explicit and Recursive Sequences | Unit 4A | Better Grades","Explicit and Recursive Sequences","TITLE_OPENING_REVIEW","false","DEFER_WITH_REASON","The current title and H1 identify a distinct route. Shared-template compression does not establish a route-specific title or opening defect; retain exact copy until query evidence and owner-approved replacement copy support a change."
"/subjects/math/calculus/sequences-and-series/geometric-series/","textbook-lesson","Geometric Series | Unit 4A | Better Grades","Geometric Series","TITLE_OPENING_REVIEW","false","DEFER_WITH_REASON","The current title and H1 identify a distinct route. Shared-template compression does not establish a route-specific title or opening defect; retain exact copy until query evidence and owner-approved replacement copy support a change."
"/subjects/math/calculus/sequences-and-series/harmonic-and-p-series/","textbook-lesson","The Harmonic Series and p-Series | Unit 4A | Better Grades","The Harmonic Series and p-Series","TITLE_OPENING_REVIEW","false","DEFER_WITH_REASON","The current title and H1 identify a distinct route. Shared-template compression does not establish a route-specific title or opening defect; retain exact copy until query evidence and owner-approved replacement copy support a change."
"/subjects/math/calculus/sequences-and-series/infinite-series-and-partial-sums/","textbook-lesson","Infinite Series and Partial Sums | Unit 4A | Better Grades","Infinite Series and Partial Sums","TITLE_OPENING_REVIEW","false","DEFER_WITH_REASON","The current title and H1 identify a distinct route. Shared-template compression does not establish a route-specific title or opening defect; retain exact copy until query evidence and owner-approved replacement copy support a change."
"/subjects/math/calculus/sequences-and-series/integral-test-remainder-estimates/","textbook-lesson","Integral-Test Remainder Estimates | Unit 4A | Better Grades","Integral-Test Remainder Estimates","TITLE_OPENING_REVIEW","false","DEFER_WITH_REASON","The current title and H1 identify a distinct route. Shared-template compression does not establish a route-specific title or opening defect; retain exact copy until query evidence and owner-approved replacement copy support a change."
"/subjects/math/calculus/sequences-and-series/integral-test/","textbook-lesson","The Integral Test | Unit 4A | Better Grades","The Integral Test","TITLE_OPENING_REVIEW","false","DEFER_WITH_REASON","The current title and H1 identify a distinct route. Shared-template compression does not establish a route-specific title or opening defect; retain exact copy until query evidence and owner-approved replacement copy support a change."
"/subjects/math/calculus/sequences-and-series/limit-comparison-test/","textbook-lesson","The Limit Comparison Test | Unit 4A | Better Grades","The Limit Comparison Test","TITLE_OPENING_REVIEW","false","DEFER_WITH_REASON","The current title and H1 identify a distinct route. Shared-template compression does not establish a route-specific title or opening defect; retain exact copy until query evidence and owner-approved replacement copy support a change."
"/subjects/math/calculus/sequences-and-series/limits-of-sequences/","textbook-lesson","Limits of Sequences | Unit 4A | Better Grades","Limits of Sequences","TITLE_OPENING_REVIEW","false","DEFER_WITH_REASON","The current title and H1 identify a distinct route. Shared-template compression does not establish a route-specific title or opening defect; retain exact copy until query evidence and owner-approved replacement copy support a change."
"/subjects/math/calculus/sequences-and-series/monotone-and-bounded-sequences/","textbook-lesson","Monotone and Bounded Sequences | Unit 4A | Better Grades","Monotone and Bounded Sequences","TITLE_OPENING_REVIEW","false","DEFER_WITH_REASON","The current title and H1 identify a distinct route. Shared-template compression does not establish a route-specific title or opening defect; retain exact copy until query evidence and owner-approved replacement copy support a change."
"/subjects/math/calculus/sequences-and-series/nth-term-divergence-test/","textbook-lesson","The nth-Term Test for Divergence | Unit 4A | Better Grades","The nth-Term Test for Divergence","TITLE_OPENING_REVIEW","false","DEFER_WITH_REASON","The current title and H1 identify a distinct route. Shared-template compression does not establish a route-specific title or opening defect; retain exact copy until query evidence and owner-approved replacement copy support a change."
"/subjects/math/calculus/sequences-and-series/practice-exam-a-answer-key/","textbook-lesson","Unit 4A Practice Exam A Answer Key | Better Grades","Unit 4A Practice Exam A Answer Key","TITLE_OPENING_REVIEW","false","DEFER_WITH_REASON","The current title and H1 identify a distinct route. Shared-template compression does not establish a route-specific title or opening defect; retain exact copy until query evidence and owner-approved replacement copy support a change."
"/subjects/math/calculus/sequences-and-series/practice-exam-a/","textbook-lesson","Unit 4A Practice Exam A | Better Grades","Unit 4A Practice Exam A","TITLE_OPENING_REVIEW","false","DEFER_WITH_REASON","The current title and H1 identify a distinct route. Shared-template compression does not establish a route-specific title or opening defect; retain exact copy until query evidence and owner-approved replacement copy support a change."
"/subjects/math/calculus/sequences-and-series/practice-exam-b-answer-key/","textbook-lesson","Unit 4A Practice Exam B Answer Key | Better Grades","Unit 4A Practice Exam B Answer Key","TITLE_OPENING_REVIEW","false","DEFER_WITH_REASON","The current title and H1 identify a distinct route. Shared-template compression does not establish a route-specific title or opening defect; retain exact copy until query evidence and owner-approved replacement copy support a change."
"/subjects/math/calculus/sequences-and-series/practice-exam-b/","textbook-lesson","Unit 4A Practice Exam B | Better Grades","Unit 4A Practice Exam B","TITLE_OPENING_REVIEW","false","DEFER_WITH_REASON","The current title and H1 identify a distinct route. Shared-template compression does not establish a route-specific title or opening defect; retain exact copy until query evidence and owner-approved replacement copy support a change."
"/subjects/math/calculus/sequences-and-series/prerequisite-diagnostic/","textbook-lesson","Unit 4A Prerequisite Diagnostic | Better Grades","Unit 4A Prerequisite Diagnostic","TITLE_OPENING_REVIEW","false","DEFER_WITH_REASON","The current title and H1 identify a distinct route. Shared-template compression does not establish a route-specific title or opening defect; retain exact copy until query evidence and owner-approved replacement copy support a change."
"/subjects/math/calculus/sequences-and-series/ratio-test/","textbook-lesson","The Ratio Test | Unit 4A | Better Grades","The Ratio Test","TITLE_OPENING_REVIEW","false","DEFER_WITH_REASON","The current title and H1 identify a distinct route. Shared-template compression does not establish a route-specific title or opening defect; retain exact copy until query evidence and owner-approved replacement copy support a change."
"/subjects/math/calculus/sequences-and-series/reference-sheet/","textbook-lesson","Unit 4A Reference Sheet | Better Grades","Unit 4A Reference Sheet","TITLE_OPENING_REVIEW","false","DEFER_WITH_REASON","The current title and H1 identify a distinct route. Shared-template compression does not establish a route-specific title or opening defect; retain exact copy until query evidence and owner-approved replacement copy support a change."
"/subjects/math/calculus/sequences-and-series/root-test/","textbook-lesson","The Root Test | Unit 4A | Better Grades","The Root Test","TITLE_OPENING_REVIEW","false","DEFER_WITH_REASON","The current title and H1 identify a distinct route. Shared-template compression does not establish a route-specific title or opening defect; retain exact copy until query evidence and owner-approved replacement copy support a change."
"/subjects/math/calculus/sequences-and-series/sequence-limit-laws/","textbook-lesson","Limit Laws for Sequences | Unit 4A | Better Grades","Limit Laws for Sequences","TITLE_OPENING_REVIEW","false","DEFER_WITH_REASON","The current title and H1 identify a distinct route. Shared-template compression does not establish a route-specific title or opening defect; retain exact copy until query evidence and owner-approved replacement copy support a change."
"/subjects/math/calculus/sequences-and-series/sequence-review/","textbook-lesson","Sequence Review | Unit 4A | Better Grades","Sequence Review","TITLE_OPENING_REVIEW","false","DEFER_WITH_REASON","The current title and H1 identify a distinct route. Shared-template compression does not establish a route-specific title or opening defect; retain exact copy until query evidence and owner-approved replacement copy support a change."
"/subjects/math/calculus/sequences-and-series/sequences-as-functions/","textbook-lesson","Sequences as Functions on the Integers | Unit 4A | Better Grades","Sequences as Functions on the Integers","TITLE_OPENING_REVIEW","false","DEFER_WITH_REASON","The current title and H1 identify a distinct route. Shared-template compression does not establish a route-specific title or opening defect; retain exact copy until query evidence and owner-approved replacement copy support a change."
"/subjects/math/calculus/sequences-and-series/squeeze-theorem-for-sequences/","textbook-lesson","The Squeeze Theorem for Sequences | Unit 4A | Better Grades","The Squeeze Theorem for Sequences","TITLE_OPENING_REVIEW","false","DEFER_WITH_REASON","The current title and H1 identify a distinct route. Shared-template compression does not establish a route-specific title or opening defect; retain exact copy until query evidence and owner-approved replacement copy support a change."
"/subjects/math/calculus/sequences-and-series/telescoping-series/","textbook-lesson","Telescoping Series | Unit 4A | Better Grades","Telescoping Series","TITLE_OPENING_REVIEW","false","DEFER_WITH_REASON","The current title and H1 identify a distinct route. Shared-template compression does not establish a route-specific title or opening defect; retain exact copy until query evidence and owner-approved replacement copy support a change."
"/subjects/math/calculus/sequences-and-series/test-selection-practice/","textbook-lesson","Convergence-Test Selection Practice | Unit 4A | Better Grades","Convergence-Test Selection Practice","TITLE_OPENING_REVIEW","false","DEFER_WITH_REASON","The current title and H1 identify a distinct route. Shared-template compression does not establish a route-specific title or opening defect; retain exact copy until query evidence and owner-approved replacement copy support a change."
"/subjects/math/calculus/sequences-series/harmonic-series-diverges/","quick-answer","Why does the harmonic series diverge? | Better Grades","Why does the harmonic series diverge?","TITLE_OPENING_REVIEW","false","DEFER_WITH_REASON","The current title and H1 identify a distinct route. Shared-template compression does not establish a route-specific title or opening defect; retain exact copy until query evidence and owner-approved replacement copy support a change."
"/subjects/math/calculus/sequences-series/ratio-test-vs-root-test/","decision-guide","Ratio test or root test? Choose from the series structure | Better Grades","Ratio test or root test? Choose from the series structure","TITLE_OPENING_REVIEW","false","DEFER_WITH_REASON","The current title and H1 identify a distinct route. Shared-template compression does not establish a route-specific title or opening defect; retain exact copy until query evidence and owner-approved replacement copy support a change."
