lessonId,lessonPath,category,companionId,companionPath,companionRole,currentLinkExists,confidence,recommendedDecision,recommendedPlacement,recommendedAnchor,editorialDecision,editorialNotes
"textbook-lesson.calc-1-unit-2b-derivative-applications-advanced-cauchy-mvt","/subjects/math/calculus/derivative-applications/advanced-cauchy-mvt/","quick-explanation","article.resource-math-calculus-derivative-applications-curve-sketching-from-derivatives","/subjects/math/calculus/derivative-applications/curve-sketching-from-derivatives/","method-guide","false","high-confidence-inferred","REVIEW","lesson-footer","See a clear explanation","",""
"textbook-lesson.calc-1-unit-2b-derivative-applications-advanced-cauchy-mvt","/subjects/math/calculus/derivative-applications/advanced-cauchy-mvt/","reference","glossary-term.glossary-resource-antiderivative","/glossary/math/antiderivative/","glossary-term","false","high-confidence-inferred","REVIEW","lesson-footer","Review the definition","",""
"textbook-lesson.calc-1-unit-2b-derivative-applications-advanced-cauchy-mvt","/subjects/math/calculus/derivative-applications/advanced-cauchy-mvt/","tool-or-visual","visual-guide.calculus-resource-derivative-rules-map","/subjects/math/calculus/visuals/derivative-rules-map/","visual-guide","false","high-confidence-inferred","REVIEW","lesson-footer","Use the tool or visual","",""
"textbook-lesson.calc-1-unit-2b-derivative-applications-advanced-cauchy-mvt","/subjects/math/calculus/derivative-applications/advanced-cauchy-mvt/","worked-example","worked-problem.worked-problem-fundamental-theorem-derivative","/subjects/math/calculus/worked-problems/fundamental-theorem-derivative/","worked-problem","false","high-confidence-inferred","REVIEW","lesson-footer","See a worked example","",""
"textbook-lesson.calc-1-unit-2b-derivative-applications-advanced-convexity","/subjects/math/calculus/derivative-applications/advanced-convexity/","quick-explanation","article.resource-math-calculus-derivative-applications-curve-sketching-from-derivatives","/subjects/math/calculus/derivative-applications/curve-sketching-from-derivatives/","method-guide","false","high-confidence-inferred","REVIEW","lesson-footer","See a clear explanation","",""
"textbook-lesson.calc-1-unit-2b-derivative-applications-advanced-convexity","/subjects/math/calculus/derivative-applications/advanced-convexity/","reference","glossary-term.glossary-resource-antiderivative","/glossary/math/antiderivative/","glossary-term","false","high-confidence-inferred","REVIEW","lesson-footer","Review the definition","",""
"textbook-lesson.calc-1-unit-2b-derivative-applications-advanced-convexity","/subjects/math/calculus/derivative-applications/advanced-convexity/","tool-or-visual","visual-guide.calculus-resource-derivative-rules-map","/subjects/math/calculus/visuals/derivative-rules-map/","visual-guide","false","high-confidence-inferred","REVIEW","lesson-footer","Use the tool or visual","",""
"textbook-lesson.calc-1-unit-2b-derivative-applications-advanced-convexity","/subjects/math/calculus/derivative-applications/advanced-convexity/","worked-example","worked-problem.worked-problem-fundamental-theorem-derivative","/subjects/math/calculus/worked-problems/fundamental-theorem-derivative/","worked-problem","false","high-confidence-inferred","REVIEW","lesson-footer","See a worked example","",""
"textbook-lesson.calc-1-unit-2b-derivative-applications-advanced-newton-convergence","/subjects/math/calculus/derivative-applications/advanced-newton-convergence/","quick-explanation","article.resource-math-calculus-derivative-applications-curve-sketching-from-derivatives","/subjects/math/calculus/derivative-applications/curve-sketching-from-derivatives/","method-guide","false","high-confidence-inferred","REVIEW","lesson-footer","See a clear explanation","",""
"textbook-lesson.calc-1-unit-2b-derivative-applications-advanced-newton-convergence","/subjects/math/calculus/derivative-applications/advanced-newton-convergence/","reference","glossary-term.glossary-resource-antiderivative","/glossary/math/antiderivative/","glossary-term","false","high-confidence-inferred","REVIEW","lesson-footer","Review the definition","",""
"textbook-lesson.calc-1-unit-2b-derivative-applications-advanced-newton-convergence","/subjects/math/calculus/derivative-applications/advanced-newton-convergence/","tool-or-visual","visual-guide.calculus-resource-derivative-rules-map","/subjects/math/calculus/visuals/derivative-rules-map/","visual-guide","false","high-confidence-inferred","REVIEW","lesson-footer","Use the tool or visual","",""
"textbook-lesson.calc-1-unit-2b-derivative-applications-advanced-newton-convergence","/subjects/math/calculus/derivative-applications/advanced-newton-convergence/","worked-example","worked-problem.worked-problem-fundamental-theorem-derivative","/subjects/math/calculus/worked-problems/fundamental-theorem-derivative/","worked-problem","false","high-confidence-inferred","REVIEW","lesson-footer","See a worked example","",""
"textbook-lesson.calc-1-unit-2b-derivative-applications-advanced-notes","/subjects/math/calculus/derivative-applications/advanced-notes/","quick-explanation","article.resource-math-calculus-derivative-applications-curve-sketching-from-derivatives","/subjects/math/calculus/derivative-applications/curve-sketching-from-derivatives/","method-guide","false","high-confidence-inferred","REVIEW","lesson-footer","See a clear explanation","",""
"textbook-lesson.calc-1-unit-2b-derivative-applications-advanced-notes","/subjects/math/calculus/derivative-applications/advanced-notes/","reference","glossary-term.glossary-resource-antiderivative","/glossary/math/antiderivative/","glossary-term","false","high-confidence-inferred","REVIEW","lesson-footer","Review the definition","",""
"textbook-lesson.calc-1-unit-2b-derivative-applications-advanced-notes","/subjects/math/calculus/derivative-applications/advanced-notes/","tool-or-visual","visual-guide.calculus-resource-derivative-rules-map","/subjects/math/calculus/visuals/derivative-rules-map/","visual-guide","false","high-confidence-inferred","REVIEW","lesson-footer","Use the tool or visual","",""
"textbook-lesson.calc-1-unit-2b-derivative-applications-advanced-notes","/subjects/math/calculus/derivative-applications/advanced-notes/","worked-example","worked-problem.worked-problem-fundamental-theorem-derivative","/subjects/math/calculus/worked-problems/fundamental-theorem-derivative/","worked-problem","false","high-confidence-inferred","REVIEW","lesson-footer","See a worked example","",""
"textbook-lesson.calc-1-unit-2b-derivative-applications-advanced-sensitivity-elasticity","/subjects/math/calculus/derivative-applications/advanced-sensitivity-elasticity/","quick-explanation","article.resource-math-calculus-derivative-applications-curve-sketching-from-derivatives","/subjects/math/calculus/derivative-applications/curve-sketching-from-derivatives/","method-guide","false","high-confidence-inferred","REVIEW","lesson-footer","See a clear explanation","",""
"textbook-lesson.calc-1-unit-2b-derivative-applications-advanced-sensitivity-elasticity","/subjects/math/calculus/derivative-applications/advanced-sensitivity-elasticity/","reference","glossary-term.glossary-resource-antiderivative","/glossary/math/antiderivative/","glossary-term","false","high-confidence-inferred","REVIEW","lesson-footer","Review the definition","",""
"textbook-lesson.calc-1-unit-2b-derivative-applications-advanced-sensitivity-elasticity","/subjects/math/calculus/derivative-applications/advanced-sensitivity-elasticity/","tool-or-visual","visual-guide.calculus-resource-derivative-rules-map","/subjects/math/calculus/visuals/derivative-rules-map/","visual-guide","false","high-confidence-inferred","REVIEW","lesson-footer","Use the tool or visual","",""
"textbook-lesson.calc-1-unit-2b-derivative-applications-advanced-sensitivity-elasticity","/subjects/math/calculus/derivative-applications/advanced-sensitivity-elasticity/","worked-example","worked-problem.worked-problem-fundamental-theorem-derivative","/subjects/math/calculus/worked-problems/fundamental-theorem-derivative/","worked-problem","false","high-confidence-inferred","REVIEW","lesson-footer","See a worked example","",""
"textbook-lesson.calc-1-unit-2b-derivative-applications-anatomy-of-optimization","/subjects/math/calculus/derivative-applications/anatomy-of-optimization/","practice","worksheet.calculus-resource-optimization","/subjects/math/calculus/worksheets/optimization/","worksheet","false","high-confidence-inferred","REVIEW","lesson-practice","Practice this skill","",""
"textbook-lesson.calc-1-unit-2b-derivative-applications-anatomy-of-optimization","/subjects/math/calculus/derivative-applications/anatomy-of-optimization/","quick-explanation","article.resource-math-calculus-derivative-applications-optimization","/subjects/math/calculus/derivative-applications/optimization/","method-guide","false","high-confidence-inferred","REVIEW","lesson-footer","See a clear explanation","",""
"textbook-lesson.calc-1-unit-2b-derivative-applications-anatomy-of-optimization","/subjects/math/calculus/derivative-applications/anatomy-of-optimization/","reference","glossary-term.glossary-resource-optimization","/glossary/math/optimization/","glossary-term","false","high-confidence-inferred","REVIEW","lesson-footer","Review the definition","",""
"textbook-lesson.calc-1-unit-2b-derivative-applications-anatomy-of-optimization","/subjects/math/calculus/derivative-applications/anatomy-of-optimization/","worked-example","worked-problem.worked-problem-fencing-optimization","/subjects/math/calculus/worked-problems/fencing-optimization/","worked-problem","false","high-confidence-inferred","REVIEW","lesson-footer","See a worked example","",""
"textbook-lesson.calc-1-unit-2b-derivative-applications-approximation-concept-quiz","/subjects/math/calculus/derivative-applications/approximation-concept-quiz/","quick-explanation","article.resource-math-calculus-derivative-applications-curve-sketching-from-derivatives","/subjects/math/calculus/derivative-applications/curve-sketching-from-derivatives/","method-guide","false","high-confidence-inferred","REVIEW","lesson-footer","See a clear explanation","",""
"textbook-lesson.calc-1-unit-2b-derivative-applications-approximation-concept-quiz","/subjects/math/calculus/derivative-applications/approximation-concept-quiz/","reference","glossary-term.glossary-resource-antiderivative","/glossary/math/antiderivative/","glossary-term","false","high-confidence-inferred","REVIEW","lesson-footer","Review the definition","",""
"textbook-lesson.calc-1-unit-2b-derivative-applications-approximation-concept-quiz","/subjects/math/calculus/derivative-applications/approximation-concept-quiz/","tool-or-visual","visual-guide.calculus-resource-derivative-rules-map","/subjects/math/calculus/visuals/derivative-rules-map/","visual-guide","false","high-confidence-inferred","REVIEW","lesson-footer","Use the tool or visual","",""
"textbook-lesson.calc-1-unit-2b-derivative-applications-approximation-concept-quiz","/subjects/math/calculus/derivative-applications/approximation-concept-quiz/","worked-example","worked-problem.worked-problem-fundamental-theorem-derivative","/subjects/math/calculus/worked-problems/fundamental-theorem-derivative/","worked-problem","false","high-confidence-inferred","REVIEW","lesson-footer","See a worked example","",""
"textbook-lesson.calc-1-unit-2b-derivative-applications-approximation-review","/subjects/math/calculus/derivative-applications/approximation-review/","quick-explanation","article.resource-math-calculus-derivative-applications-curve-sketching-from-derivatives","/subjects/math/calculus/derivative-applications/curve-sketching-from-derivatives/","method-guide","false","high-confidence-inferred","REVIEW","lesson-footer","See a clear explanation","",""
"textbook-lesson.calc-1-unit-2b-derivative-applications-approximation-review","/subjects/math/calculus/derivative-applications/approximation-review/","reference","glossary-term.glossary-resource-antiderivative","/glossary/math/antiderivative/","glossary-term","false","high-confidence-inferred","REVIEW","lesson-footer","Review the definition","",""
"textbook-lesson.calc-1-unit-2b-derivative-applications-approximation-review","/subjects/math/calculus/derivative-applications/approximation-review/","tool-or-visual","visual-guide.calculus-resource-derivative-rules-map","/subjects/math/calculus/visuals/derivative-rules-map/","visual-guide","false","high-confidence-inferred","REVIEW","lesson-footer","Use the tool or visual","",""
"textbook-lesson.calc-1-unit-2b-derivative-applications-approximation-review","/subjects/math/calculus/derivative-applications/approximation-review/","worked-example","worked-problem.worked-problem-fundamental-theorem-derivative","/subjects/math/calculus/worked-problems/fundamental-theorem-derivative/","worked-problem","false","high-confidence-inferred","REVIEW","lesson-footer","See a worked example","",""
"textbook-lesson.calc-1-unit-2b-derivative-applications-bridge-diagnostic","/subjects/math/calculus/derivative-applications/bridge-diagnostic/","quick-explanation","article.resource-math-calculus-derivative-applications-curve-sketching-from-derivatives","/subjects/math/calculus/derivative-applications/curve-sketching-from-derivatives/","method-guide","false","high-confidence-inferred","REVIEW","lesson-footer","See a clear explanation","",""
"textbook-lesson.calc-1-unit-2b-derivative-applications-bridge-diagnostic","/subjects/math/calculus/derivative-applications/bridge-diagnostic/","reference","glossary-term.glossary-resource-antiderivative","/glossary/math/antiderivative/","glossary-term","false","high-confidence-inferred","REVIEW","lesson-footer","Review the definition","",""
"textbook-lesson.calc-1-unit-2b-derivative-applications-bridge-diagnostic","/subjects/math/calculus/derivative-applications/bridge-diagnostic/","tool-or-visual","visual-guide.calculus-resource-derivative-rules-map","/subjects/math/calculus/visuals/derivative-rules-map/","visual-guide","false","high-confidence-inferred","REVIEW","lesson-footer","Use the tool or visual","",""
"textbook-lesson.calc-1-unit-2b-derivative-applications-bridge-diagnostic","/subjects/math/calculus/derivative-applications/bridge-diagnostic/","worked-example","worked-problem.worked-problem-fundamental-theorem-derivative","/subjects/math/calculus/worked-problems/fundamental-theorem-derivative/","worked-problem","false","high-confidence-inferred","REVIEW","lesson-footer","See a worked example","",""
"textbook-lesson.calc-1-unit-2b-derivative-applications-closed-interval-method","/subjects/math/calculus/derivative-applications/closed-interval-method/","quick-explanation","article.resource-math-calculus-derivative-applications-curve-sketching-from-derivatives","/subjects/math/calculus/derivative-applications/curve-sketching-from-derivatives/","method-guide","false","high-confidence-inferred","REVIEW","lesson-footer","See a clear explanation","",""
"textbook-lesson.calc-1-unit-2b-derivative-applications-closed-interval-method","/subjects/math/calculus/derivative-applications/closed-interval-method/","reference","glossary-term.glossary-resource-antiderivative","/glossary/math/antiderivative/","glossary-term","false","high-confidence-inferred","REVIEW","lesson-footer","Review the definition","",""
"textbook-lesson.calc-1-unit-2b-derivative-applications-closed-interval-method","/subjects/math/calculus/derivative-applications/closed-interval-method/","tool-or-visual","visual-guide.calculus-resource-derivative-rules-map","/subjects/math/calculus/visuals/derivative-rules-map/","visual-guide","false","high-confidence-inferred","REVIEW","lesson-footer","Use the tool or visual","",""
"textbook-lesson.calc-1-unit-2b-derivative-applications-closed-interval-method","/subjects/math/calculus/derivative-applications/closed-interval-method/","worked-example","worked-problem.worked-problem-fundamental-theorem-derivative","/subjects/math/calculus/worked-problems/fundamental-theorem-derivative/","worked-problem","false","high-confidence-inferred","REVIEW","lesson-footer","See a worked example","",""
"textbook-lesson.calc-1-unit-2b-derivative-applications-common-errors","/subjects/math/calculus/derivative-applications/common-errors/","practice","worksheet.calculus-resource-optimization","/subjects/math/calculus/worksheets/optimization/","worksheet","false","high-confidence-inferred","REVIEW","lesson-practice","Practice this skill","",""
"textbook-lesson.calc-1-unit-2b-derivative-applications-common-errors","/subjects/math/calculus/derivative-applications/common-errors/","quick-explanation","article.resource-math-calculus-derivative-applications-optimization","/subjects/math/calculus/derivative-applications/optimization/","method-guide","false","high-confidence-inferred","REVIEW","lesson-footer","See a clear explanation","",""
"textbook-lesson.calc-1-unit-2b-derivative-applications-common-errors","/subjects/math/calculus/derivative-applications/common-errors/","reference","glossary-term.glossary-resource-optimization","/glossary/math/optimization/","glossary-term","false","high-confidence-inferred","REVIEW","lesson-footer","Review the definition","",""
"textbook-lesson.calc-1-unit-2b-derivative-applications-common-errors","/subjects/math/calculus/derivative-applications/common-errors/","worked-example","worked-problem.worked-problem-fencing-optimization","/subjects/math/calculus/worked-problems/fencing-optimization/","worked-problem","false","high-confidence-inferred","REVIEW","lesson-footer","See a worked example","",""
"textbook-lesson.calc-1-unit-2b-derivative-applications-concavity","/subjects/math/calculus/derivative-applications/concavity/","quick-explanation","article.resource-math-calculus-derivative-applications-curve-sketching-from-derivatives","/subjects/math/calculus/derivative-applications/curve-sketching-from-derivatives/","method-guide","false","high-confidence-inferred","REVIEW","lesson-footer","See a clear explanation","",""
"textbook-lesson.calc-1-unit-2b-derivative-applications-concavity","/subjects/math/calculus/derivative-applications/concavity/","reference","glossary-term.glossary-resource-antiderivative","/glossary/math/antiderivative/","glossary-term","false","high-confidence-inferred","REVIEW","lesson-footer","Review the definition","",""
"textbook-lesson.calc-1-unit-2b-derivative-applications-concavity","/subjects/math/calculus/derivative-applications/concavity/","tool-or-visual","visual-guide.calculus-resource-derivative-rules-map","/subjects/math/calculus/visuals/derivative-rules-map/","visual-guide","false","high-confidence-inferred","REVIEW","lesson-footer","Use the tool or visual","",""
"textbook-lesson.calc-1-unit-2b-derivative-applications-concavity","/subjects/math/calculus/derivative-applications/concavity/","worked-example","worked-problem.worked-problem-fundamental-theorem-derivative","/subjects/math/calculus/worked-problems/fundamental-theorem-derivative/","worked-problem","false","high-confidence-inferred","REVIEW","lesson-footer","See a worked example","",""
"textbook-lesson.calc-1-unit-2b-derivative-applications-cumulative-practice","/subjects/math/calculus/derivative-applications/cumulative-practice/","quick-explanation","article.resource-math-calculus-derivative-applications-curve-sketching-from-derivatives","/subjects/math/calculus/derivative-applications/curve-sketching-from-derivatives/","method-guide","false","high-confidence-inferred","REVIEW","lesson-footer","See a clear explanation","",""
"textbook-lesson.calc-1-unit-2b-derivative-applications-cumulative-practice","/subjects/math/calculus/derivative-applications/cumulative-practice/","reference","glossary-term.glossary-resource-antiderivative","/glossary/math/antiderivative/","glossary-term","false","high-confidence-inferred","REVIEW","lesson-footer","Review the definition","",""
"textbook-lesson.calc-1-unit-2b-derivative-applications-cumulative-practice","/subjects/math/calculus/derivative-applications/cumulative-practice/","tool-or-visual","visual-guide.calculus-resource-derivative-rules-map","/subjects/math/calculus/visuals/derivative-rules-map/","visual-guide","false","high-confidence-inferred","REVIEW","lesson-footer","Use the tool or visual","",""
"textbook-lesson.calc-1-unit-2b-derivative-applications-cumulative-practice","/subjects/math/calculus/derivative-applications/cumulative-practice/","worked-example","worked-problem.worked-problem-fundamental-theorem-derivative","/subjects/math/calculus/worked-problems/fundamental-theorem-derivative/","worked-problem","false","high-confidence-inferred","REVIEW","lesson-footer","See a worked example","",""
"textbook-lesson.calc-1-unit-2b-derivative-applications-curve-sketching","/subjects/math/calculus/derivative-applications/curve-sketching/","quick-explanation","article.resource-math-calculus-derivative-applications-curve-sketching-from-derivatives","/subjects/math/calculus/derivative-applications/curve-sketching-from-derivatives/","method-guide","false","high-confidence-inferred","REVIEW","lesson-footer","See a clear explanation","",""
"textbook-lesson.calc-1-unit-2b-derivative-applications-curve-sketching","/subjects/math/calculus/derivative-applications/curve-sketching/","reference","glossary-term.glossary-resource-antiderivative","/glossary/math/antiderivative/","glossary-term","false","high-confidence-inferred","REVIEW","lesson-footer","Review the definition","",""
"textbook-lesson.calc-1-unit-2b-derivative-applications-curve-sketching","/subjects/math/calculus/derivative-applications/curve-sketching/","tool-or-visual","visual-guide.calculus-resource-derivative-rules-map","/subjects/math/calculus/visuals/derivative-rules-map/","visual-guide","false","high-confidence-inferred","REVIEW","lesson-footer","Use the tool or visual","",""
"textbook-lesson.calc-1-unit-2b-derivative-applications-curve-sketching","/subjects/math/calculus/derivative-applications/curve-sketching/","worked-example","worked-problem.worked-problem-fundamental-theorem-derivative","/subjects/math/calculus/worked-problems/fundamental-theorem-derivative/","worked-problem","false","high-confidence-inferred","REVIEW","lesson-footer","See a worked example","",""
"textbook-lesson.calc-1-unit-2b-derivative-applications-derivative-graphs","/subjects/math/calculus/derivative-applications/derivative-graphs/","quick-explanation","article.resource-math-calculus-derivative-applications-curve-sketching-from-derivatives","/subjects/math/calculus/derivative-applications/curve-sketching-from-derivatives/","method-guide","false","high-confidence-inferred","REVIEW","lesson-footer","See a clear explanation","",""
"textbook-lesson.calc-1-unit-2b-derivative-applications-derivative-graphs","/subjects/math/calculus/derivative-applications/derivative-graphs/","reference","glossary-term.glossary-resource-antiderivative","/glossary/math/antiderivative/","glossary-term","false","high-confidence-inferred","REVIEW","lesson-footer","Review the definition","",""
"textbook-lesson.calc-1-unit-2b-derivative-applications-derivative-graphs","/subjects/math/calculus/derivative-applications/derivative-graphs/","tool-or-visual","visual-guide.calculus-resource-derivative-rules-map","/subjects/math/calculus/visuals/derivative-rules-map/","visual-guide","false","high-confidence-inferred","REVIEW","lesson-footer","Use the tool or visual","",""
"textbook-lesson.calc-1-unit-2b-derivative-applications-derivative-graphs","/subjects/math/calculus/derivative-applications/derivative-graphs/","worked-example","worked-problem.worked-problem-fundamental-theorem-derivative","/subjects/math/calculus/worked-problems/fundamental-theorem-derivative/","worked-problem","false","high-confidence-inferred","REVIEW","lesson-footer","See a worked example","",""
"textbook-lesson.calc-1-unit-2b-derivative-applications-differentials","/subjects/math/calculus/derivative-applications/differentials/","quick-explanation","article.resource-math-calculus-derivative-applications-curve-sketching-from-derivatives","/subjects/math/calculus/derivative-applications/curve-sketching-from-derivatives/","method-guide","false","high-confidence-inferred","REVIEW","lesson-footer","See a clear explanation","",""
"textbook-lesson.calc-1-unit-2b-derivative-applications-differentials","/subjects/math/calculus/derivative-applications/differentials/","reference","glossary-term.glossary-resource-antiderivative","/glossary/math/antiderivative/","glossary-term","false","high-confidence-inferred","REVIEW","lesson-footer","Review the definition","",""
"textbook-lesson.calc-1-unit-2b-derivative-applications-differentials","/subjects/math/calculus/derivative-applications/differentials/","tool-or-visual","visual-guide.calculus-resource-derivative-rules-map","/subjects/math/calculus/visuals/derivative-rules-map/","visual-guide","false","high-confidence-inferred","REVIEW","lesson-footer","Use the tool or visual","",""
"textbook-lesson.calc-1-unit-2b-derivative-applications-differentials","/subjects/math/calculus/derivative-applications/differentials/","worked-example","worked-problem.worked-problem-fundamental-theorem-derivative","/subjects/math/calculus/worked-problems/fundamental-theorem-derivative/","worked-problem","false","high-confidence-inferred","REVIEW","lesson-footer","See a worked example","",""
"textbook-lesson.calc-1-unit-2b-derivative-applications-error-estimation","/subjects/math/calculus/derivative-applications/error-estimation/","quick-explanation","article.resource-math-calculus-derivative-applications-curve-sketching-from-derivatives","/subjects/math/calculus/derivative-applications/curve-sketching-from-derivatives/","method-guide","false","high-confidence-inferred","REVIEW","lesson-footer","See a clear explanation","",""
"textbook-lesson.calc-1-unit-2b-derivative-applications-error-estimation","/subjects/math/calculus/derivative-applications/error-estimation/","reference","glossary-term.glossary-resource-antiderivative","/glossary/math/antiderivative/","glossary-term","false","high-confidence-inferred","REVIEW","lesson-footer","Review the definition","",""
"textbook-lesson.calc-1-unit-2b-derivative-applications-error-estimation","/subjects/math/calculus/derivative-applications/error-estimation/","tool-or-visual","visual-guide.calculus-resource-derivative-rules-map","/subjects/math/calculus/visuals/derivative-rules-map/","visual-guide","false","high-confidence-inferred","REVIEW","lesson-footer","Use the tool or visual","",""
"textbook-lesson.calc-1-unit-2b-derivative-applications-error-estimation","/subjects/math/calculus/derivative-applications/error-estimation/","worked-example","worked-problem.worked-problem-fundamental-theorem-derivative","/subjects/math/calculus/worked-problems/fundamental-theorem-derivative/","worked-problem","false","high-confidence-inferred","REVIEW","lesson-footer","See a worked example","",""
"textbook-lesson.calc-1-unit-2b-derivative-applications-extrema-and-critical-numbers","/subjects/math/calculus/derivative-applications/extrema-and-critical-numbers/","quick-explanation","article.resource-math-calculus-derivative-applications-curve-sketching-from-derivatives","/subjects/math/calculus/derivative-applications/curve-sketching-from-derivatives/","method-guide","false","high-confidence-inferred","REVIEW","lesson-footer","See a clear explanation","",""
"textbook-lesson.calc-1-unit-2b-derivative-applications-extrema-and-critical-numbers","/subjects/math/calculus/derivative-applications/extrema-and-critical-numbers/","reference","glossary-term.glossary-resource-antiderivative","/glossary/math/antiderivative/","glossary-term","false","high-confidence-inferred","REVIEW","lesson-footer","Review the definition","",""
"textbook-lesson.calc-1-unit-2b-derivative-applications-extrema-and-critical-numbers","/subjects/math/calculus/derivative-applications/extrema-and-critical-numbers/","tool-or-visual","visual-guide.calculus-resource-derivative-rules-map","/subjects/math/calculus/visuals/derivative-rules-map/","visual-guide","false","high-confidence-inferred","REVIEW","lesson-footer","Use the tool or visual","",""
"textbook-lesson.calc-1-unit-2b-derivative-applications-extrema-and-critical-numbers","/subjects/math/calculus/derivative-applications/extrema-and-critical-numbers/","worked-example","worked-problem.worked-problem-fundamental-theorem-derivative","/subjects/math/calculus/worked-problems/fundamental-theorem-derivative/","worked-problem","false","high-confidence-inferred","REVIEW","lesson-footer","See a worked example","",""
"textbook-lesson.calc-1-unit-2b-derivative-applications-first-derivative-test","/subjects/math/calculus/derivative-applications/first-derivative-test/","quick-explanation","article.resource-math-calculus-derivative-applications-curve-sketching-from-derivatives","/subjects/math/calculus/derivative-applications/curve-sketching-from-derivatives/","method-guide","false","high-confidence-inferred","REVIEW","lesson-footer","See a clear explanation","",""
"textbook-lesson.calc-1-unit-2b-derivative-applications-first-derivative-test","/subjects/math/calculus/derivative-applications/first-derivative-test/","reference","glossary-term.glossary-resource-antiderivative","/glossary/math/antiderivative/","glossary-term","false","high-confidence-inferred","REVIEW","lesson-footer","Review the definition","",""
"textbook-lesson.calc-1-unit-2b-derivative-applications-first-derivative-test","/subjects/math/calculus/derivative-applications/first-derivative-test/","tool-or-visual","visual-guide.calculus-resource-derivative-rules-map","/subjects/math/calculus/visuals/derivative-rules-map/","visual-guide","false","high-confidence-inferred","REVIEW","lesson-footer","Use the tool or visual","",""
"textbook-lesson.calc-1-unit-2b-derivative-applications-first-derivative-test","/subjects/math/calculus/derivative-applications/first-derivative-test/","worked-example","worked-problem.worked-problem-fundamental-theorem-derivative","/subjects/math/calculus/worked-problems/fundamental-theorem-derivative/","worked-problem","false","high-confidence-inferred","REVIEW","lesson-footer","See a worked example","",""
"textbook-lesson.calc-1-unit-2b-derivative-applications-graph-analysis-story","/subjects/math/calculus/derivative-applications/graph-analysis-story/","quick-explanation","article.resource-math-calculus-derivative-applications-curve-sketching-from-derivatives","/subjects/math/calculus/derivative-applications/curve-sketching-from-derivatives/","method-guide","false","high-confidence-inferred","REVIEW","lesson-footer","See a clear explanation","",""
"textbook-lesson.calc-1-unit-2b-derivative-applications-graph-analysis-story","/subjects/math/calculus/derivative-applications/graph-analysis-story/","reference","glossary-term.glossary-resource-antiderivative","/glossary/math/antiderivative/","glossary-term","false","high-confidence-inferred","REVIEW","lesson-footer","Review the definition","",""
"textbook-lesson.calc-1-unit-2b-derivative-applications-graph-analysis-story","/subjects/math/calculus/derivative-applications/graph-analysis-story/","tool-or-visual","visual-guide.calculus-resource-derivative-rules-map","/subjects/math/calculus/visuals/derivative-rules-map/","visual-guide","false","high-confidence-inferred","REVIEW","lesson-footer","Use the tool or visual","",""
"textbook-lesson.calc-1-unit-2b-derivative-applications-graph-analysis-story","/subjects/math/calculus/derivative-applications/graph-analysis-story/","worked-example","worked-problem.worked-problem-fundamental-theorem-derivative","/subjects/math/calculus/worked-problems/fundamental-theorem-derivative/","worked-problem","false","high-confidence-inferred","REVIEW","lesson-footer","See a worked example","",""
"textbook-lesson.calc-1-unit-2b-derivative-applications-how-to-translate-word-problems","/subjects/math/calculus/derivative-applications/how-to-translate-word-problems/","quick-explanation","article.resource-math-calculus-derivative-applications-curve-sketching-from-derivatives","/subjects/math/calculus/derivative-applications/curve-sketching-from-derivatives/","method-guide","false","high-confidence-inferred","REVIEW","lesson-footer","See a clear explanation","",""
"textbook-lesson.calc-1-unit-2b-derivative-applications-how-to-translate-word-problems","/subjects/math/calculus/derivative-applications/how-to-translate-word-problems/","reference","glossary-term.glossary-resource-antiderivative","/glossary/math/antiderivative/","glossary-term","false","high-confidence-inferred","REVIEW","lesson-footer","Review the definition","",""
"textbook-lesson.calc-1-unit-2b-derivative-applications-how-to-translate-word-problems","/subjects/math/calculus/derivative-applications/how-to-translate-word-problems/","tool-or-visual","visual-guide.calculus-resource-derivative-rules-map","/subjects/math/calculus/visuals/derivative-rules-map/","visual-guide","false","high-confidence-inferred","REVIEW","lesson-footer","Use the tool or visual","",""
"textbook-lesson.calc-1-unit-2b-derivative-applications-how-to-translate-word-problems","/subjects/math/calculus/derivative-applications/how-to-translate-word-problems/","worked-example","worked-problem.worked-problem-fundamental-theorem-derivative","/subjects/math/calculus/worked-problems/fundamental-theorem-derivative/","worked-problem","false","high-confidence-inferred","REVIEW","lesson-footer","See a worked example","",""
"textbook-lesson.calc-1-unit-2b-derivative-applications-increasing-decreasing","/subjects/math/calculus/derivative-applications/increasing-decreasing/","quick-explanation","article.resource-math-calculus-derivative-applications-curve-sketching-from-derivatives","/subjects/math/calculus/derivative-applications/curve-sketching-from-derivatives/","method-guide","false","high-confidence-inferred","REVIEW","lesson-footer","See a clear explanation","",""
"textbook-lesson.calc-1-unit-2b-derivative-applications-increasing-decreasing","/subjects/math/calculus/derivative-applications/increasing-decreasing/","reference","glossary-term.glossary-resource-antiderivative","/glossary/math/antiderivative/","glossary-term","false","high-confidence-inferred","REVIEW","lesson-footer","Review the definition","",""
"textbook-lesson.calc-1-unit-2b-derivative-applications-increasing-decreasing","/subjects/math/calculus/derivative-applications/increasing-decreasing/","tool-or-visual","visual-guide.calculus-resource-derivative-rules-map","/subjects/math/calculus/visuals/derivative-rules-map/","visual-guide","false","high-confidence-inferred","REVIEW","lesson-footer","Use the tool or visual","",""
"textbook-lesson.calc-1-unit-2b-derivative-applications-increasing-decreasing","/subjects/math/calculus/derivative-applications/increasing-decreasing/","worked-example","worked-problem.worked-problem-fundamental-theorem-derivative","/subjects/math/calculus/worked-problems/fundamental-theorem-derivative/","worked-problem","false","high-confidence-inferred","REVIEW","lesson-footer","See a worked example","",""
"textbook-lesson.calc-1-unit-2b-derivative-applications-interpretation-concept-quiz","/subjects/math/calculus/derivative-applications/interpretation-concept-quiz/","quick-explanation","article.resource-math-calculus-derivative-applications-curve-sketching-from-derivatives","/subjects/math/calculus/derivative-applications/curve-sketching-from-derivatives/","method-guide","false","high-confidence-inferred","REVIEW","lesson-footer","See a clear explanation","",""
"textbook-lesson.calc-1-unit-2b-derivative-applications-interpretation-concept-quiz","/subjects/math/calculus/derivative-applications/interpretation-concept-quiz/","reference","glossary-term.glossary-resource-antiderivative","/glossary/math/antiderivative/","glossary-term","false","high-confidence-inferred","REVIEW","lesson-footer","Review the definition","",""
"textbook-lesson.calc-1-unit-2b-derivative-applications-interpretation-concept-quiz","/subjects/math/calculus/derivative-applications/interpretation-concept-quiz/","tool-or-visual","visual-guide.calculus-resource-derivative-rules-map","/subjects/math/calculus/visuals/derivative-rules-map/","visual-guide","false","high-confidence-inferred","REVIEW","lesson-footer","Use the tool or visual","",""
"textbook-lesson.calc-1-unit-2b-derivative-applications-interpretation-concept-quiz","/subjects/math/calculus/derivative-applications/interpretation-concept-quiz/","worked-example","worked-problem.worked-problem-fundamental-theorem-derivative","/subjects/math/calculus/worked-problems/fundamental-theorem-derivative/","worked-problem","false","high-confidence-inferred","REVIEW","lesson-footer","See a worked example","",""
"textbook-lesson.calc-1-unit-2b-derivative-applications-interpretation-review","/subjects/math/calculus/derivative-applications/interpretation-review/","quick-explanation","article.resource-math-calculus-derivative-applications-curve-sketching-from-derivatives","/subjects/math/calculus/derivative-applications/curve-sketching-from-derivatives/","method-guide","false","high-confidence-inferred","REVIEW","lesson-footer","See a clear explanation","",""
"textbook-lesson.calc-1-unit-2b-derivative-applications-interpretation-review","/subjects/math/calculus/derivative-applications/interpretation-review/","reference","glossary-term.glossary-resource-antiderivative","/glossary/math/antiderivative/","glossary-term","false","high-confidence-inferred","REVIEW","lesson-footer","Review the definition","",""
"textbook-lesson.calc-1-unit-2b-derivative-applications-interpretation-review","/subjects/math/calculus/derivative-applications/interpretation-review/","tool-or-visual","visual-guide.calculus-resource-derivative-rules-map","/subjects/math/calculus/visuals/derivative-rules-map/","visual-guide","false","high-confidence-inferred","REVIEW","lesson-footer","Use the tool or visual","",""
"textbook-lesson.calc-1-unit-2b-derivative-applications-interpretation-review","/subjects/math/calculus/derivative-applications/interpretation-review/","worked-example","worked-problem.worked-problem-fundamental-theorem-derivative","/subjects/math/calculus/worked-problems/fundamental-theorem-derivative/","worked-problem","false","high-confidence-inferred","REVIEW","lesson-footer","See a worked example","",""
"textbook-lesson.calc-1-unit-2b-derivative-applications-interpreting-derivatives","/subjects/math/calculus/derivative-applications/interpreting-derivatives/","quick-explanation","article.resource-math-calculus-derivative-applications-curve-sketching-from-derivatives","/subjects/math/calculus/derivative-applications/curve-sketching-from-derivatives/","method-guide","false","high-confidence-inferred","REVIEW","lesson-footer","See a clear explanation","",""
"textbook-lesson.calc-1-unit-2b-derivative-applications-interpreting-derivatives","/subjects/math/calculus/derivative-applications/interpreting-derivatives/","reference","glossary-term.glossary-resource-antiderivative","/glossary/math/antiderivative/","glossary-term","false","high-confidence-inferred","REVIEW","lesson-footer","Review the definition","",""
"textbook-lesson.calc-1-unit-2b-derivative-applications-interpreting-derivatives","/subjects/math/calculus/derivative-applications/interpreting-derivatives/","tool-or-visual","visual-guide.calculus-resource-derivative-rules-map","/subjects/math/calculus/visuals/derivative-rules-map/","visual-guide","false","high-confidence-inferred","REVIEW","lesson-footer","Use the tool or visual","",""
"textbook-lesson.calc-1-unit-2b-derivative-applications-interpreting-derivatives","/subjects/math/calculus/derivative-applications/interpreting-derivatives/","worked-example","worked-problem.worked-problem-fundamental-theorem-derivative","/subjects/math/calculus/worked-problems/fundamental-theorem-derivative/","worked-problem","false","high-confidence-inferred","REVIEW","lesson-footer","See a worked example","",""
"textbook-lesson.calc-1-unit-2b-derivative-applications-interpreting-higher-derivatives","/subjects/math/calculus/derivative-applications/interpreting-higher-derivatives/","quick-explanation","article.resource-math-calculus-derivative-applications-curve-sketching-from-derivatives","/subjects/math/calculus/derivative-applications/curve-sketching-from-derivatives/","method-guide","false","high-confidence-inferred","REVIEW","lesson-footer","See a clear explanation","",""
"textbook-lesson.calc-1-unit-2b-derivative-applications-interpreting-higher-derivatives","/subjects/math/calculus/derivative-applications/interpreting-higher-derivatives/","reference","glossary-term.glossary-resource-antiderivative","/glossary/math/antiderivative/","glossary-term","false","high-confidence-inferred","REVIEW","lesson-footer","Review the definition","",""
"textbook-lesson.calc-1-unit-2b-derivative-applications-interpreting-higher-derivatives","/subjects/math/calculus/derivative-applications/interpreting-higher-derivatives/","tool-or-visual","visual-guide.calculus-resource-derivative-rules-map","/subjects/math/calculus/visuals/derivative-rules-map/","visual-guide","false","high-confidence-inferred","REVIEW","lesson-footer","Use the tool or visual","",""
"textbook-lesson.calc-1-unit-2b-derivative-applications-interpreting-higher-derivatives","/subjects/math/calculus/derivative-applications/interpreting-higher-derivatives/","worked-example","worked-problem.worked-problem-fundamental-theorem-derivative","/subjects/math/calculus/worked-problems/fundamental-theorem-derivative/","worked-problem","false","high-confidence-inferred","REVIEW","lesson-footer","See a worked example","",""
"textbook-lesson.calc-1-unit-2b-derivative-applications-lhopital-concept-quiz","/subjects/math/calculus/derivative-applications/lhopital-concept-quiz/","quick-explanation","article.resource-math-calculus-derivative-applications-curve-sketching-from-derivatives","/subjects/math/calculus/derivative-applications/curve-sketching-from-derivatives/","method-guide","false","high-confidence-inferred","REVIEW","lesson-footer","See a clear explanation","",""
"textbook-lesson.calc-1-unit-2b-derivative-applications-lhopital-concept-quiz","/subjects/math/calculus/derivative-applications/lhopital-concept-quiz/","reference","glossary-term.glossary-resource-antiderivative","/glossary/math/antiderivative/","glossary-term","false","high-confidence-inferred","REVIEW","lesson-footer","Review the definition","",""
"textbook-lesson.calc-1-unit-2b-derivative-applications-lhopital-concept-quiz","/subjects/math/calculus/derivative-applications/lhopital-concept-quiz/","tool-or-visual","visual-guide.calculus-resource-derivative-rules-map","/subjects/math/calculus/visuals/derivative-rules-map/","visual-guide","false","high-confidence-inferred","REVIEW","lesson-footer","Use the tool or visual","",""
"textbook-lesson.calc-1-unit-2b-derivative-applications-lhopital-concept-quiz","/subjects/math/calculus/derivative-applications/lhopital-concept-quiz/","worked-example","worked-problem.worked-problem-fundamental-theorem-derivative","/subjects/math/calculus/worked-problems/fundamental-theorem-derivative/","worked-problem","false","high-confidence-inferred","REVIEW","lesson-footer","See a worked example","",""
"textbook-lesson.calc-1-unit-2b-derivative-applications-lhopital-infinity-over-infinity","/subjects/math/calculus/derivative-applications/lhopital-infinity-over-infinity/","quick-explanation","article.resource-math-calculus-derivative-applications-curve-sketching-from-derivatives","/subjects/math/calculus/derivative-applications/curve-sketching-from-derivatives/","method-guide","false","high-confidence-inferred","REVIEW","lesson-footer","See a clear explanation","",""
"textbook-lesson.calc-1-unit-2b-derivative-applications-lhopital-infinity-over-infinity","/subjects/math/calculus/derivative-applications/lhopital-infinity-over-infinity/","reference","glossary-term.glossary-resource-antiderivative","/glossary/math/antiderivative/","glossary-term","false","high-confidence-inferred","REVIEW","lesson-footer","Review the definition","",""
"textbook-lesson.calc-1-unit-2b-derivative-applications-lhopital-infinity-over-infinity","/subjects/math/calculus/derivative-applications/lhopital-infinity-over-infinity/","tool-or-visual","visual-guide.calculus-resource-derivative-rules-map","/subjects/math/calculus/visuals/derivative-rules-map/","visual-guide","false","high-confidence-inferred","REVIEW","lesson-footer","Use the tool or visual","",""
"textbook-lesson.calc-1-unit-2b-derivative-applications-lhopital-infinity-over-infinity","/subjects/math/calculus/derivative-applications/lhopital-infinity-over-infinity/","worked-example","worked-problem.worked-problem-fundamental-theorem-derivative","/subjects/math/calculus/worked-problems/fundamental-theorem-derivative/","worked-problem","false","high-confidence-inferred","REVIEW","lesson-footer","See a worked example","",""
"textbook-lesson.calc-1-unit-2b-derivative-applications-lhopital-is-not-cancellation","/subjects/math/calculus/derivative-applications/lhopital-is-not-cancellation/","quick-explanation","article.resource-math-calculus-derivative-applications-curve-sketching-from-derivatives","/subjects/math/calculus/derivative-applications/curve-sketching-from-derivatives/","method-guide","false","high-confidence-inferred","REVIEW","lesson-footer","See a clear explanation","",""
"textbook-lesson.calc-1-unit-2b-derivative-applications-lhopital-is-not-cancellation","/subjects/math/calculus/derivative-applications/lhopital-is-not-cancellation/","reference","glossary-term.glossary-resource-antiderivative","/glossary/math/antiderivative/","glossary-term","false","high-confidence-inferred","REVIEW","lesson-footer","Review the definition","",""
"textbook-lesson.calc-1-unit-2b-derivative-applications-lhopital-is-not-cancellation","/subjects/math/calculus/derivative-applications/lhopital-is-not-cancellation/","tool-or-visual","visual-guide.calculus-resource-derivative-rules-map","/subjects/math/calculus/visuals/derivative-rules-map/","visual-guide","false","high-confidence-inferred","REVIEW","lesson-footer","Use the tool or visual","",""
"textbook-lesson.calc-1-unit-2b-derivative-applications-lhopital-is-not-cancellation","/subjects/math/calculus/derivative-applications/lhopital-is-not-cancellation/","worked-example","worked-problem.worked-problem-fundamental-theorem-derivative","/subjects/math/calculus/worked-problems/fundamental-theorem-derivative/","worked-problem","false","high-confidence-inferred","REVIEW","lesson-footer","See a worked example","",""
"textbook-lesson.calc-1-unit-2b-derivative-applications-lhopital-review","/subjects/math/calculus/derivative-applications/lhopital-review/","quick-explanation","article.resource-math-calculus-derivative-applications-curve-sketching-from-derivatives","/subjects/math/calculus/derivative-applications/curve-sketching-from-derivatives/","method-guide","false","high-confidence-inferred","REVIEW","lesson-footer","See a clear explanation","",""
"textbook-lesson.calc-1-unit-2b-derivative-applications-lhopital-review","/subjects/math/calculus/derivative-applications/lhopital-review/","reference","glossary-term.glossary-resource-antiderivative","/glossary/math/antiderivative/","glossary-term","false","high-confidence-inferred","REVIEW","lesson-footer","Review the definition","",""
"textbook-lesson.calc-1-unit-2b-derivative-applications-lhopital-review","/subjects/math/calculus/derivative-applications/lhopital-review/","tool-or-visual","visual-guide.calculus-resource-derivative-rules-map","/subjects/math/calculus/visuals/derivative-rules-map/","visual-guide","false","high-confidence-inferred","REVIEW","lesson-footer","Use the tool or visual","",""
"textbook-lesson.calc-1-unit-2b-derivative-applications-lhopital-review","/subjects/math/calculus/derivative-applications/lhopital-review/","worked-example","worked-problem.worked-problem-fundamental-theorem-derivative","/subjects/math/calculus/worked-problems/fundamental-theorem-derivative/","worked-problem","false","high-confidence-inferred","REVIEW","lesson-footer","See a worked example","",""
"textbook-lesson.calc-1-unit-2b-derivative-applications-lhopital-rule","/subjects/math/calculus/derivative-applications/lhopital-rule/","quick-explanation","article.resource-math-calculus-derivative-applications-curve-sketching-from-derivatives","/subjects/math/calculus/derivative-applications/curve-sketching-from-derivatives/","method-guide","false","high-confidence-inferred","REVIEW","lesson-footer","See a clear explanation","",""
"textbook-lesson.calc-1-unit-2b-derivative-applications-lhopital-rule","/subjects/math/calculus/derivative-applications/lhopital-rule/","reference","glossary-term.glossary-resource-antiderivative","/glossary/math/antiderivative/","glossary-term","false","high-confidence-inferred","REVIEW","lesson-footer","Review the definition","",""
"textbook-lesson.calc-1-unit-2b-derivative-applications-lhopital-rule","/subjects/math/calculus/derivative-applications/lhopital-rule/","tool-or-visual","visual-guide.calculus-resource-derivative-rules-map","/subjects/math/calculus/visuals/derivative-rules-map/","visual-guide","false","high-confidence-inferred","REVIEW","lesson-footer","Use the tool or visual","",""
"textbook-lesson.calc-1-unit-2b-derivative-applications-lhopital-rule","/subjects/math/calculus/derivative-applications/lhopital-rule/","worked-example","worked-problem.worked-problem-fundamental-theorem-derivative","/subjects/math/calculus/worked-problems/fundamental-theorem-derivative/","worked-problem","false","high-confidence-inferred","REVIEW","lesson-footer","See a worked example","",""
"textbook-lesson.calc-1-unit-2b-derivative-applications-lhopital-zero-over-zero","/subjects/math/calculus/derivative-applications/lhopital-zero-over-zero/","quick-explanation","article.resource-math-calculus-derivative-applications-curve-sketching-from-derivatives","/subjects/math/calculus/derivative-applications/curve-sketching-from-derivatives/","method-guide","false","high-confidence-inferred","REVIEW","lesson-footer","See a clear explanation","",""
"textbook-lesson.calc-1-unit-2b-derivative-applications-lhopital-zero-over-zero","/subjects/math/calculus/derivative-applications/lhopital-zero-over-zero/","reference","glossary-term.glossary-resource-antiderivative","/glossary/math/antiderivative/","glossary-term","false","high-confidence-inferred","REVIEW","lesson-footer","Review the definition","",""
"textbook-lesson.calc-1-unit-2b-derivative-applications-lhopital-zero-over-zero","/subjects/math/calculus/derivative-applications/lhopital-zero-over-zero/","tool-or-visual","visual-guide.calculus-resource-derivative-rules-map","/subjects/math/calculus/visuals/derivative-rules-map/","visual-guide","false","high-confidence-inferred","REVIEW","lesson-footer","Use the tool or visual","",""
"textbook-lesson.calc-1-unit-2b-derivative-applications-lhopital-zero-over-zero","/subjects/math/calculus/derivative-applications/lhopital-zero-over-zero/","worked-example","worked-problem.worked-problem-fundamental-theorem-derivative","/subjects/math/calculus/worked-problems/fundamental-theorem-derivative/","worked-problem","false","high-confidence-inferred","REVIEW","lesson-footer","See a worked example","",""
"textbook-lesson.calc-1-unit-2b-derivative-applications-linearization-practice","/subjects/math/calculus/derivative-applications/linearization-practice/","quick-explanation","article.resource-math-calculus-derivative-applications-curve-sketching-from-derivatives","/subjects/math/calculus/derivative-applications/curve-sketching-from-derivatives/","method-guide","false","high-confidence-inferred","REVIEW","lesson-footer","See a clear explanation","",""
"textbook-lesson.calc-1-unit-2b-derivative-applications-linearization-practice","/subjects/math/calculus/derivative-applications/linearization-practice/","reference","glossary-term.glossary-resource-antiderivative","/glossary/math/antiderivative/","glossary-term","false","high-confidence-inferred","REVIEW","lesson-footer","Review the definition","",""
"textbook-lesson.calc-1-unit-2b-derivative-applications-linearization-practice","/subjects/math/calculus/derivative-applications/linearization-practice/","tool-or-visual","visual-guide.calculus-resource-derivative-rules-map","/subjects/math/calculus/visuals/derivative-rules-map/","visual-guide","false","high-confidence-inferred","REVIEW","lesson-footer","Use the tool or visual","",""
"textbook-lesson.calc-1-unit-2b-derivative-applications-linearization-practice","/subjects/math/calculus/derivative-applications/linearization-practice/","worked-example","worked-problem.worked-problem-fundamental-theorem-derivative","/subjects/math/calculus/worked-problems/fundamental-theorem-derivative/","worked-problem","false","high-confidence-inferred","REVIEW","lesson-footer","See a worked example","",""
"textbook-lesson.calc-1-unit-2b-derivative-applications-local-linearity","/subjects/math/calculus/derivative-applications/local-linearity/","quick-explanation","article.resource-math-calculus-derivative-applications-curve-sketching-from-derivatives","/subjects/math/calculus/derivative-applications/curve-sketching-from-derivatives/","method-guide","false","high-confidence-inferred","REVIEW","lesson-footer","See a clear explanation","",""
"textbook-lesson.calc-1-unit-2b-derivative-applications-local-linearity","/subjects/math/calculus/derivative-applications/local-linearity/","reference","glossary-term.glossary-resource-antiderivative","/glossary/math/antiderivative/","glossary-term","false","high-confidence-inferred","REVIEW","lesson-footer","Review the definition","",""
"textbook-lesson.calc-1-unit-2b-derivative-applications-local-linearity","/subjects/math/calculus/derivative-applications/local-linearity/","tool-or-visual","visual-guide.calculus-resource-derivative-rules-map","/subjects/math/calculus/visuals/derivative-rules-map/","visual-guide","false","high-confidence-inferred","REVIEW","lesson-footer","Use the tool or visual","",""
"textbook-lesson.calc-1-unit-2b-derivative-applications-local-linearity","/subjects/math/calculus/derivative-applications/local-linearity/","worked-example","worked-problem.worked-problem-fundamental-theorem-derivative","/subjects/math/calculus/worked-problems/fundamental-theorem-derivative/","worked-problem","false","high-confidence-inferred","REVIEW","lesson-footer","See a worked example","",""
"textbook-lesson.calc-1-unit-2b-derivative-applications-manufacturing-tolerance","/subjects/math/calculus/derivative-applications/manufacturing-tolerance/","quick-explanation","article.resource-math-calculus-derivative-applications-curve-sketching-from-derivatives","/subjects/math/calculus/derivative-applications/curve-sketching-from-derivatives/","method-guide","false","high-confidence-inferred","REVIEW","lesson-footer","See a clear explanation","",""
"textbook-lesson.calc-1-unit-2b-derivative-applications-manufacturing-tolerance","/subjects/math/calculus/derivative-applications/manufacturing-tolerance/","reference","glossary-term.glossary-resource-antiderivative","/glossary/math/antiderivative/","glossary-term","false","high-confidence-inferred","REVIEW","lesson-footer","Review the definition","",""
"textbook-lesson.calc-1-unit-2b-derivative-applications-manufacturing-tolerance","/subjects/math/calculus/derivative-applications/manufacturing-tolerance/","tool-or-visual","visual-guide.calculus-resource-derivative-rules-map","/subjects/math/calculus/visuals/derivative-rules-map/","visual-guide","false","high-confidence-inferred","REVIEW","lesson-footer","Use the tool or visual","",""
"textbook-lesson.calc-1-unit-2b-derivative-applications-manufacturing-tolerance","/subjects/math/calculus/derivative-applications/manufacturing-tolerance/","worked-example","worked-problem.worked-problem-fundamental-theorem-derivative","/subjects/math/calculus/worked-problems/fundamental-theorem-derivative/","worked-problem","false","high-confidence-inferred","REVIEW","lesson-footer","See a worked example","",""
"textbook-lesson.calc-1-unit-2b-derivative-applications-marginal-analysis","/subjects/math/calculus/derivative-applications/marginal-analysis/","quick-explanation","article.resource-math-calculus-derivative-applications-curve-sketching-from-derivatives","/subjects/math/calculus/derivative-applications/curve-sketching-from-derivatives/","method-guide","false","high-confidence-inferred","REVIEW","lesson-footer","See a clear explanation","",""
"textbook-lesson.calc-1-unit-2b-derivative-applications-marginal-analysis","/subjects/math/calculus/derivative-applications/marginal-analysis/","reference","glossary-term.glossary-resource-antiderivative","/glossary/math/antiderivative/","glossary-term","false","high-confidence-inferred","REVIEW","lesson-footer","Review the definition","",""
"textbook-lesson.calc-1-unit-2b-derivative-applications-marginal-analysis","/subjects/math/calculus/derivative-applications/marginal-analysis/","tool-or-visual","visual-guide.calculus-resource-derivative-rules-map","/subjects/math/calculus/visuals/derivative-rules-map/","visual-guide","false","high-confidence-inferred","REVIEW","lesson-footer","Use the tool or visual","",""
"textbook-lesson.calc-1-unit-2b-derivative-applications-marginal-analysis","/subjects/math/calculus/derivative-applications/marginal-analysis/","worked-example","worked-problem.worked-problem-fundamental-theorem-derivative","/subjects/math/calculus/worked-problems/fundamental-theorem-derivative/","worked-problem","false","high-confidence-inferred","REVIEW","lesson-footer","See a worked example","",""
"textbook-lesson.calc-1-unit-2b-derivative-applications-mean-value-theorem","/subjects/math/calculus/derivative-applications/mean-value-theorem/","quick-explanation","article.resource-math-calculus-derivative-applications-curve-sketching-from-derivatives","/subjects/math/calculus/derivative-applications/curve-sketching-from-derivatives/","method-guide","false","high-confidence-inferred","REVIEW","lesson-footer","See a clear explanation","",""
"textbook-lesson.calc-1-unit-2b-derivative-applications-mean-value-theorem","/subjects/math/calculus/derivative-applications/mean-value-theorem/","reference","glossary-term.glossary-resource-antiderivative","/glossary/math/antiderivative/","glossary-term","false","high-confidence-inferred","REVIEW","lesson-footer","Review the definition","",""
"textbook-lesson.calc-1-unit-2b-derivative-applications-mean-value-theorem","/subjects/math/calculus/derivative-applications/mean-value-theorem/","tool-or-visual","visual-guide.calculus-resource-derivative-rules-map","/subjects/math/calculus/visuals/derivative-rules-map/","visual-guide","false","high-confidence-inferred","REVIEW","lesson-footer","Use the tool or visual","",""
"textbook-lesson.calc-1-unit-2b-derivative-applications-mean-value-theorem","/subjects/math/calculus/derivative-applications/mean-value-theorem/","worked-example","worked-problem.worked-problem-fundamental-theorem-derivative","/subjects/math/calculus/worked-problems/fundamental-theorem-derivative/","worked-problem","false","high-confidence-inferred","REVIEW","lesson-footer","See a worked example","",""
"textbook-lesson.calc-1-unit-2b-derivative-applications-medication-concentration","/subjects/math/calculus/derivative-applications/medication-concentration/","practice","worksheet.calculus-resource-evaluating-limits","/subjects/math/calculus/worksheets/evaluating-limits/","worksheet","false","high-confidence-inferred","REVIEW","lesson-practice","Practice this skill","",""
"textbook-lesson.calc-1-unit-2b-derivative-applications-medication-concentration","/subjects/math/calculus/derivative-applications/medication-concentration/","quick-explanation","article.resource-math-calculus-integration-techniques-improper-integrals","/subjects/math/calculus/integration-techniques/improper-integrals/","quick-answer","false","high-confidence-inferred","REVIEW","lesson-footer","See a clear explanation","",""
"textbook-lesson.calc-1-unit-2b-derivative-applications-medication-concentration","/subjects/math/calculus/derivative-applications/medication-concentration/","reference","glossary-term.glossary-resource-limit","/glossary/math/limit/","glossary-term","false","high-confidence-inferred","REVIEW","lesson-footer","Review the definition","",""
"textbook-lesson.calc-1-unit-2b-derivative-applications-medication-concentration","/subjects/math/calculus/derivative-applications/medication-concentration/","worked-example","worked-problem.worked-problem-limit-by-factoring","/subjects/math/calculus/worked-problems/limit-by-factoring/","worked-problem","false","high-confidence-inferred","REVIEW","lesson-footer","See a worked example","",""
"textbook-lesson.calc-1-unit-2b-derivative-applications-modeling-studio-review","/subjects/math/calculus/derivative-applications/modeling-studio-review/","quick-explanation","article.resource-math-calculus-derivative-applications-curve-sketching-from-derivatives","/subjects/math/calculus/derivative-applications/curve-sketching-from-derivatives/","method-guide","false","high-confidence-inferred","REVIEW","lesson-footer","See a clear explanation","",""
"textbook-lesson.calc-1-unit-2b-derivative-applications-modeling-studio-review","/subjects/math/calculus/derivative-applications/modeling-studio-review/","reference","glossary-term.glossary-resource-antiderivative","/glossary/math/antiderivative/","glossary-term","false","high-confidence-inferred","REVIEW","lesson-footer","Review the definition","",""
"textbook-lesson.calc-1-unit-2b-derivative-applications-modeling-studio-review","/subjects/math/calculus/derivative-applications/modeling-studio-review/","tool-or-visual","visual-guide.calculus-resource-derivative-rules-map","/subjects/math/calculus/visuals/derivative-rules-map/","visual-guide","false","high-confidence-inferred","REVIEW","lesson-footer","Use the tool or visual","",""
"textbook-lesson.calc-1-unit-2b-derivative-applications-modeling-studio-review","/subjects/math/calculus/derivative-applications/modeling-studio-review/","worked-example","worked-problem.worked-problem-fundamental-theorem-derivative","/subjects/math/calculus/worked-problems/fundamental-theorem-derivative/","worked-problem","false","high-confidence-inferred","REVIEW","lesson-footer","See a worked example","",""
"textbook-lesson.calc-1-unit-2b-derivative-applications-modeling-studio","/subjects/math/calculus/derivative-applications/modeling-studio/","quick-explanation","article.resource-math-calculus-derivative-applications-curve-sketching-from-derivatives","/subjects/math/calculus/derivative-applications/curve-sketching-from-derivatives/","method-guide","false","high-confidence-inferred","REVIEW","lesson-footer","See a clear explanation","",""
"textbook-lesson.calc-1-unit-2b-derivative-applications-modeling-studio","/subjects/math/calculus/derivative-applications/modeling-studio/","reference","glossary-term.glossary-resource-antiderivative","/glossary/math/antiderivative/","glossary-term","false","high-confidence-inferred","REVIEW","lesson-footer","Review the definition","",""
"textbook-lesson.calc-1-unit-2b-derivative-applications-modeling-studio","/subjects/math/calculus/derivative-applications/modeling-studio/","tool-or-visual","visual-guide.calculus-resource-derivative-rules-map","/subjects/math/calculus/visuals/derivative-rules-map/","visual-guide","false","high-confidence-inferred","REVIEW","lesson-footer","Use the tool or visual","",""
"textbook-lesson.calc-1-unit-2b-derivative-applications-modeling-studio","/subjects/math/calculus/derivative-applications/modeling-studio/","worked-example","worked-problem.worked-problem-fundamental-theorem-derivative","/subjects/math/calculus/worked-problems/fundamental-theorem-derivative/","worked-problem","false","high-confidence-inferred","REVIEW","lesson-footer","See a worked example","",""
"textbook-lesson.calc-1-unit-2b-derivative-applications-newtons-method","/subjects/math/calculus/derivative-applications/newtons-method/","quick-explanation","article.resource-math-calculus-derivative-applications-curve-sketching-from-derivatives","/subjects/math/calculus/derivative-applications/curve-sketching-from-derivatives/","method-guide","false","high-confidence-inferred","REVIEW","lesson-footer","See a clear explanation","",""
"textbook-lesson.calc-1-unit-2b-derivative-applications-newtons-method","/subjects/math/calculus/derivative-applications/newtons-method/","reference","glossary-term.glossary-resource-antiderivative","/glossary/math/antiderivative/","glossary-term","false","high-confidence-inferred","REVIEW","lesson-footer","Review the definition","",""
"textbook-lesson.calc-1-unit-2b-derivative-applications-newtons-method","/subjects/math/calculus/derivative-applications/newtons-method/","tool-or-visual","visual-guide.calculus-resource-derivative-rules-map","/subjects/math/calculus/visuals/derivative-rules-map/","visual-guide","false","high-confidence-inferred","REVIEW","lesson-footer","Use the tool or visual","",""
"textbook-lesson.calc-1-unit-2b-derivative-applications-newtons-method","/subjects/math/calculus/derivative-applications/newtons-method/","worked-example","worked-problem.worked-problem-fundamental-theorem-derivative","/subjects/math/calculus/worked-problems/fundamental-theorem-derivative/","worked-problem","false","high-confidence-inferred","REVIEW","lesson-footer","See a worked example","",""
"textbook-lesson.calc-1-unit-2b-derivative-applications-optimization-business-science","/subjects/math/calculus/derivative-applications/optimization-business-science/","practice","worksheet.calculus-resource-optimization","/subjects/math/calculus/worksheets/optimization/","worksheet","false","high-confidence-inferred","REVIEW","lesson-practice","Practice this skill","",""
"textbook-lesson.calc-1-unit-2b-derivative-applications-optimization-business-science","/subjects/math/calculus/derivative-applications/optimization-business-science/","quick-explanation","article.resource-math-calculus-derivative-applications-optimization","/subjects/math/calculus/derivative-applications/optimization/","method-guide","false","high-confidence-inferred","REVIEW","lesson-footer","See a clear explanation","",""
"textbook-lesson.calc-1-unit-2b-derivative-applications-optimization-business-science","/subjects/math/calculus/derivative-applications/optimization-business-science/","reference","glossary-term.glossary-resource-optimization","/glossary/math/optimization/","glossary-term","false","high-confidence-inferred","REVIEW","lesson-footer","Review the definition","",""
"textbook-lesson.calc-1-unit-2b-derivative-applications-optimization-business-science","/subjects/math/calculus/derivative-applications/optimization-business-science/","worked-example","worked-problem.worked-problem-fencing-optimization","/subjects/math/calculus/worked-problems/fencing-optimization/","worked-problem","false","high-confidence-inferred","REVIEW","lesson-footer","See a worked example","",""
"textbook-lesson.calc-1-unit-2b-derivative-applications-optimization-closed-interval","/subjects/math/calculus/derivative-applications/optimization-closed-interval/","practice","worksheet.calculus-resource-optimization","/subjects/math/calculus/worksheets/optimization/","worksheet","false","high-confidence-inferred","REVIEW","lesson-practice","Practice this skill","",""
"textbook-lesson.calc-1-unit-2b-derivative-applications-optimization-closed-interval","/subjects/math/calculus/derivative-applications/optimization-closed-interval/","quick-explanation","article.resource-math-calculus-derivative-applications-optimization","/subjects/math/calculus/derivative-applications/optimization/","method-guide","false","high-confidence-inferred","REVIEW","lesson-footer","See a clear explanation","",""
"textbook-lesson.calc-1-unit-2b-derivative-applications-optimization-closed-interval","/subjects/math/calculus/derivative-applications/optimization-closed-interval/","reference","glossary-term.glossary-resource-optimization","/glossary/math/optimization/","glossary-term","false","high-confidence-inferred","REVIEW","lesson-footer","Review the definition","",""
"textbook-lesson.calc-1-unit-2b-derivative-applications-optimization-closed-interval","/subjects/math/calculus/derivative-applications/optimization-closed-interval/","worked-example","worked-problem.worked-problem-fencing-optimization","/subjects/math/calculus/worked-problems/fencing-optimization/","worked-problem","false","high-confidence-inferred","REVIEW","lesson-footer","See a worked example","",""
"textbook-lesson.calc-1-unit-2b-derivative-applications-optimization-concept-quiz","/subjects/math/calculus/derivative-applications/optimization-concept-quiz/","practice","worksheet.calculus-resource-optimization","/subjects/math/calculus/worksheets/optimization/","worksheet","false","high-confidence-inferred","REVIEW","lesson-practice","Practice this skill","",""
"textbook-lesson.calc-1-unit-2b-derivative-applications-optimization-concept-quiz","/subjects/math/calculus/derivative-applications/optimization-concept-quiz/","quick-explanation","article.resource-math-calculus-derivative-applications-optimization","/subjects/math/calculus/derivative-applications/optimization/","method-guide","false","high-confidence-inferred","REVIEW","lesson-footer","See a clear explanation","",""
"textbook-lesson.calc-1-unit-2b-derivative-applications-optimization-concept-quiz","/subjects/math/calculus/derivative-applications/optimization-concept-quiz/","reference","glossary-term.glossary-resource-optimization","/glossary/math/optimization/","glossary-term","false","high-confidence-inferred","REVIEW","lesson-footer","Review the definition","",""
"textbook-lesson.calc-1-unit-2b-derivative-applications-optimization-concept-quiz","/subjects/math/calculus/derivative-applications/optimization-concept-quiz/","worked-example","worked-problem.worked-problem-fencing-optimization","/subjects/math/calculus/worked-problems/fencing-optimization/","worked-problem","false","high-confidence-inferred","REVIEW","lesson-footer","See a worked example","",""
"textbook-lesson.calc-1-unit-2b-derivative-applications-optimization-geometry","/subjects/math/calculus/derivative-applications/optimization-geometry/","practice","worksheet.calculus-resource-optimization","/subjects/math/calculus/worksheets/optimization/","worksheet","false","high-confidence-inferred","REVIEW","lesson-practice","Practice this skill","",""
"textbook-lesson.calc-1-unit-2b-derivative-applications-optimization-geometry","/subjects/math/calculus/derivative-applications/optimization-geometry/","quick-explanation","article.resource-math-calculus-derivative-applications-optimization","/subjects/math/calculus/derivative-applications/optimization/","method-guide","false","high-confidence-inferred","REVIEW","lesson-footer","See a clear explanation","",""
"textbook-lesson.calc-1-unit-2b-derivative-applications-optimization-geometry","/subjects/math/calculus/derivative-applications/optimization-geometry/","reference","glossary-term.glossary-resource-optimization","/glossary/math/optimization/","glossary-term","false","high-confidence-inferred","REVIEW","lesson-footer","Review the definition","",""
"textbook-lesson.calc-1-unit-2b-derivative-applications-optimization-geometry","/subjects/math/calculus/derivative-applications/optimization-geometry/","worked-example","worked-problem.worked-problem-fencing-optimization","/subjects/math/calculus/worked-problems/fencing-optimization/","worked-problem","false","high-confidence-inferred","REVIEW","lesson-footer","See a worked example","",""
"textbook-lesson.calc-1-unit-2b-derivative-applications-optimization-modeling","/subjects/math/calculus/derivative-applications/optimization-modeling/","practice","worksheet.calculus-resource-optimization","/subjects/math/calculus/worksheets/optimization/","worksheet","false","high-confidence-inferred","REVIEW","lesson-practice","Practice this skill","",""
"textbook-lesson.calc-1-unit-2b-derivative-applications-optimization-modeling","/subjects/math/calculus/derivative-applications/optimization-modeling/","quick-explanation","article.resource-math-calculus-derivative-applications-optimization","/subjects/math/calculus/derivative-applications/optimization/","method-guide","false","high-confidence-inferred","REVIEW","lesson-footer","See a clear explanation","",""
"textbook-lesson.calc-1-unit-2b-derivative-applications-optimization-modeling","/subjects/math/calculus/derivative-applications/optimization-modeling/","reference","glossary-term.glossary-resource-optimization","/glossary/math/optimization/","glossary-term","false","high-confidence-inferred","REVIEW","lesson-footer","Review the definition","",""
"textbook-lesson.calc-1-unit-2b-derivative-applications-optimization-modeling","/subjects/math/calculus/derivative-applications/optimization-modeling/","worked-example","worked-problem.worked-problem-fencing-optimization","/subjects/math/calculus/worked-problems/fencing-optimization/","worked-problem","false","high-confidence-inferred","REVIEW","lesson-footer","See a worked example","",""
"textbook-lesson.calc-1-unit-2b-derivative-applications-optimization-review","/subjects/math/calculus/derivative-applications/optimization-review/","practice","worksheet.calculus-resource-optimization","/subjects/math/calculus/worksheets/optimization/","worksheet","false","high-confidence-inferred","REVIEW","lesson-practice","Practice this skill","",""
"textbook-lesson.calc-1-unit-2b-derivative-applications-optimization-review","/subjects/math/calculus/derivative-applications/optimization-review/","quick-explanation","article.resource-math-calculus-derivative-applications-optimization","/subjects/math/calculus/derivative-applications/optimization/","method-guide","false","high-confidence-inferred","REVIEW","lesson-footer","See a clear explanation","",""
"textbook-lesson.calc-1-unit-2b-derivative-applications-optimization-review","/subjects/math/calculus/derivative-applications/optimization-review/","reference","glossary-term.glossary-resource-optimization","/glossary/math/optimization/","glossary-term","false","high-confidence-inferred","REVIEW","lesson-footer","Review the definition","",""
"textbook-lesson.calc-1-unit-2b-derivative-applications-optimization-review","/subjects/math/calculus/derivative-applications/optimization-review/","worked-example","worked-problem.worked-problem-fencing-optimization","/subjects/math/calculus/worked-problems/fencing-optimization/","worked-problem","false","high-confidence-inferred","REVIEW","lesson-footer","See a worked example","",""
"textbook-lesson.calc-1-unit-2b-derivative-applications-other-indeterminate-forms","/subjects/math/calculus/derivative-applications/other-indeterminate-forms/","quick-explanation","article.resource-math-calculus-derivative-applications-curve-sketching-from-derivatives","/subjects/math/calculus/derivative-applications/curve-sketching-from-derivatives/","method-guide","false","high-confidence-inferred","REVIEW","lesson-footer","See a clear explanation","",""
"textbook-lesson.calc-1-unit-2b-derivative-applications-other-indeterminate-forms","/subjects/math/calculus/derivative-applications/other-indeterminate-forms/","reference","glossary-term.glossary-resource-antiderivative","/glossary/math/antiderivative/","glossary-term","false","high-confidence-inferred","REVIEW","lesson-footer","Review the definition","",""
"textbook-lesson.calc-1-unit-2b-derivative-applications-other-indeterminate-forms","/subjects/math/calculus/derivative-applications/other-indeterminate-forms/","tool-or-visual","visual-guide.calculus-resource-derivative-rules-map","/subjects/math/calculus/visuals/derivative-rules-map/","visual-guide","false","high-confidence-inferred","REVIEW","lesson-footer","Use the tool or visual","",""
"textbook-lesson.calc-1-unit-2b-derivative-applications-other-indeterminate-forms","/subjects/math/calculus/derivative-applications/other-indeterminate-forms/","worked-example","worked-problem.worked-problem-fundamental-theorem-derivative","/subjects/math/calculus/worked-problems/fundamental-theorem-derivative/","worked-problem","false","high-confidence-inferred","REVIEW","lesson-footer","See a worked example","",""
"textbook-lesson.calc-1-unit-2b-derivative-applications-position-velocity-acceleration","/subjects/math/calculus/derivative-applications/position-velocity-acceleration/","quick-explanation","article.resource-math-calculus-derivative-applications-curve-sketching-from-derivatives","/subjects/math/calculus/derivative-applications/curve-sketching-from-derivatives/","method-guide","false","high-confidence-inferred","REVIEW","lesson-footer","See a clear explanation","",""
"textbook-lesson.calc-1-unit-2b-derivative-applications-position-velocity-acceleration","/subjects/math/calculus/derivative-applications/position-velocity-acceleration/","reference","glossary-term.glossary-resource-antiderivative","/glossary/math/antiderivative/","glossary-term","false","high-confidence-inferred","REVIEW","lesson-footer","Review the definition","",""
"textbook-lesson.calc-1-unit-2b-derivative-applications-position-velocity-acceleration","/subjects/math/calculus/derivative-applications/position-velocity-acceleration/","tool-or-visual","visual-guide.calculus-resource-derivative-rules-map","/subjects/math/calculus/visuals/derivative-rules-map/","visual-guide","false","high-confidence-inferred","REVIEW","lesson-footer","Use the tool or visual","",""
"textbook-lesson.calc-1-unit-2b-derivative-applications-position-velocity-acceleration","/subjects/math/calculus/derivative-applications/position-velocity-acceleration/","worked-example","worked-problem.worked-problem-fundamental-theorem-derivative","/subjects/math/calculus/worked-problems/fundamental-theorem-derivative/","worked-problem","false","high-confidence-inferred","REVIEW","lesson-footer","See a worked example","",""
"textbook-lesson.calc-1-unit-2b-derivative-applications-practice-exam-a-answer-key","/subjects/math/calculus/derivative-applications/practice-exam-a-answer-key/","quick-explanation","article.resource-math-calculus-derivative-applications-curve-sketching-from-derivatives","/subjects/math/calculus/derivative-applications/curve-sketching-from-derivatives/","method-guide","false","high-confidence-inferred","REVIEW","lesson-footer","See a clear explanation","",""
"textbook-lesson.calc-1-unit-2b-derivative-applications-practice-exam-a-answer-key","/subjects/math/calculus/derivative-applications/practice-exam-a-answer-key/","reference","glossary-term.glossary-resource-antiderivative","/glossary/math/antiderivative/","glossary-term","false","high-confidence-inferred","REVIEW","lesson-footer","Review the definition","",""
"textbook-lesson.calc-1-unit-2b-derivative-applications-practice-exam-a-answer-key","/subjects/math/calculus/derivative-applications/practice-exam-a-answer-key/","tool-or-visual","visual-guide.calculus-resource-derivative-rules-map","/subjects/math/calculus/visuals/derivative-rules-map/","visual-guide","false","high-confidence-inferred","REVIEW","lesson-footer","Use the tool or visual","",""
"textbook-lesson.calc-1-unit-2b-derivative-applications-practice-exam-a-answer-key","/subjects/math/calculus/derivative-applications/practice-exam-a-answer-key/","worked-example","worked-problem.worked-problem-fundamental-theorem-derivative","/subjects/math/calculus/worked-problems/fundamental-theorem-derivative/","worked-problem","false","high-confidence-inferred","REVIEW","lesson-footer","See a worked example","",""
"textbook-lesson.calc-1-unit-2b-derivative-applications-practice-exam-a","/subjects/math/calculus/derivative-applications/practice-exam-a/","quick-explanation","article.resource-math-calculus-derivative-applications-curve-sketching-from-derivatives","/subjects/math/calculus/derivative-applications/curve-sketching-from-derivatives/","method-guide","false","high-confidence-inferred","REVIEW","lesson-footer","See a clear explanation","",""
"textbook-lesson.calc-1-unit-2b-derivative-applications-practice-exam-a","/subjects/math/calculus/derivative-applications/practice-exam-a/","reference","glossary-term.glossary-resource-antiderivative","/glossary/math/antiderivative/","glossary-term","false","high-confidence-inferred","REVIEW","lesson-footer","Review the definition","",""
"textbook-lesson.calc-1-unit-2b-derivative-applications-practice-exam-a","/subjects/math/calculus/derivative-applications/practice-exam-a/","tool-or-visual","visual-guide.calculus-resource-derivative-rules-map","/subjects/math/calculus/visuals/derivative-rules-map/","visual-guide","false","high-confidence-inferred","REVIEW","lesson-footer","Use the tool or visual","",""
"textbook-lesson.calc-1-unit-2b-derivative-applications-practice-exam-a","/subjects/math/calculus/derivative-applications/practice-exam-a/","worked-example","worked-problem.worked-problem-fundamental-theorem-derivative","/subjects/math/calculus/worked-problems/fundamental-theorem-derivative/","worked-problem","false","high-confidence-inferred","REVIEW","lesson-footer","See a worked example","",""
"textbook-lesson.calc-1-unit-2b-derivative-applications-practice-exam-b-answer-key","/subjects/math/calculus/derivative-applications/practice-exam-b-answer-key/","quick-explanation","article.resource-math-calculus-derivative-applications-curve-sketching-from-derivatives","/subjects/math/calculus/derivative-applications/curve-sketching-from-derivatives/","method-guide","false","high-confidence-inferred","REVIEW","lesson-footer","See a clear explanation","",""
"textbook-lesson.calc-1-unit-2b-derivative-applications-practice-exam-b-answer-key","/subjects/math/calculus/derivative-applications/practice-exam-b-answer-key/","reference","glossary-term.glossary-resource-antiderivative","/glossary/math/antiderivative/","glossary-term","false","high-confidence-inferred","REVIEW","lesson-footer","Review the definition","",""
"textbook-lesson.calc-1-unit-2b-derivative-applications-practice-exam-b-answer-key","/subjects/math/calculus/derivative-applications/practice-exam-b-answer-key/","tool-or-visual","visual-guide.calculus-resource-derivative-rules-map","/subjects/math/calculus/visuals/derivative-rules-map/","visual-guide","false","high-confidence-inferred","REVIEW","lesson-footer","Use the tool or visual","",""
"textbook-lesson.calc-1-unit-2b-derivative-applications-practice-exam-b-answer-key","/subjects/math/calculus/derivative-applications/practice-exam-b-answer-key/","worked-example","worked-problem.worked-problem-fundamental-theorem-derivative","/subjects/math/calculus/worked-problems/fundamental-theorem-derivative/","worked-problem","false","high-confidence-inferred","REVIEW","lesson-footer","See a worked example","",""
"textbook-lesson.calc-1-unit-2b-derivative-applications-practice-exam-b","/subjects/math/calculus/derivative-applications/practice-exam-b/","quick-explanation","article.resource-math-calculus-derivative-applications-curve-sketching-from-derivatives","/subjects/math/calculus/derivative-applications/curve-sketching-from-derivatives/","method-guide","false","high-confidence-inferred","REVIEW","lesson-footer","See a clear explanation","",""
"textbook-lesson.calc-1-unit-2b-derivative-applications-practice-exam-b","/subjects/math/calculus/derivative-applications/practice-exam-b/","reference","glossary-term.glossary-resource-antiderivative","/glossary/math/antiderivative/","glossary-term","false","high-confidence-inferred","REVIEW","lesson-footer","Review the definition","",""
"textbook-lesson.calc-1-unit-2b-derivative-applications-practice-exam-b","/subjects/math/calculus/derivative-applications/practice-exam-b/","tool-or-visual","visual-guide.calculus-resource-derivative-rules-map","/subjects/math/calculus/visuals/derivative-rules-map/","visual-guide","false","high-confidence-inferred","REVIEW","lesson-footer","Use the tool or visual","",""
"textbook-lesson.calc-1-unit-2b-derivative-applications-practice-exam-b","/subjects/math/calculus/derivative-applications/practice-exam-b/","worked-example","worked-problem.worked-problem-fundamental-theorem-derivative","/subjects/math/calculus/worked-problems/fundamental-theorem-derivative/","worked-problem","false","high-confidence-inferred","REVIEW","lesson-footer","See a worked example","",""
"textbook-lesson.calc-1-unit-2b-derivative-applications-radar-tracking","/subjects/math/calculus/derivative-applications/radar-tracking/","quick-explanation","article.resource-math-calculus-derivative-applications-curve-sketching-from-derivatives","/subjects/math/calculus/derivative-applications/curve-sketching-from-derivatives/","method-guide","false","high-confidence-inferred","REVIEW","lesson-footer","See a clear explanation","",""
"textbook-lesson.calc-1-unit-2b-derivative-applications-radar-tracking","/subjects/math/calculus/derivative-applications/radar-tracking/","reference","glossary-term.glossary-resource-antiderivative","/glossary/math/antiderivative/","glossary-term","false","high-confidence-inferred","REVIEW","lesson-footer","Review the definition","",""
"textbook-lesson.calc-1-unit-2b-derivative-applications-radar-tracking","/subjects/math/calculus/derivative-applications/radar-tracking/","tool-or-visual","visual-guide.calculus-resource-derivative-rules-map","/subjects/math/calculus/visuals/derivative-rules-map/","visual-guide","false","high-confidence-inferred","REVIEW","lesson-footer","Use the tool or visual","",""
"textbook-lesson.calc-1-unit-2b-derivative-applications-radar-tracking","/subjects/math/calculus/derivative-applications/radar-tracking/","worked-example","worked-problem.worked-problem-fundamental-theorem-derivative","/subjects/math/calculus/worked-problems/fundamental-theorem-derivative/","worked-problem","false","high-confidence-inferred","REVIEW","lesson-footer","See a worked example","",""
"textbook-lesson.calc-1-unit-2b-derivative-applications-rates-from-data","/subjects/math/calculus/derivative-applications/rates-from-data/","quick-explanation","article.resource-math-calculus-derivative-applications-curve-sketching-from-derivatives","/subjects/math/calculus/derivative-applications/curve-sketching-from-derivatives/","method-guide","false","high-confidence-inferred","REVIEW","lesson-footer","See a clear explanation","",""
"textbook-lesson.calc-1-unit-2b-derivative-applications-rates-from-data","/subjects/math/calculus/derivative-applications/rates-from-data/","reference","glossary-term.glossary-resource-antiderivative","/glossary/math/antiderivative/","glossary-term","false","high-confidence-inferred","REVIEW","lesson-footer","Review the definition","",""
"textbook-lesson.calc-1-unit-2b-derivative-applications-rates-from-data","/subjects/math/calculus/derivative-applications/rates-from-data/","tool-or-visual","visual-guide.calculus-resource-derivative-rules-map","/subjects/math/calculus/visuals/derivative-rules-map/","visual-guide","false","high-confidence-inferred","REVIEW","lesson-footer","Use the tool or visual","",""
"textbook-lesson.calc-1-unit-2b-derivative-applications-rates-from-data","/subjects/math/calculus/derivative-applications/rates-from-data/","worked-example","worked-problem.worked-problem-fundamental-theorem-derivative","/subjects/math/calculus/worked-problems/fundamental-theorem-derivative/","worked-problem","false","high-confidence-inferred","REVIEW","lesson-footer","See a worked example","",""
"textbook-lesson.calc-1-unit-2b-derivative-applications-reference","/subjects/math/calculus/derivative-applications/reference/","quick-explanation","article.resource-math-calculus-derivative-applications-curve-sketching-from-derivatives","/subjects/math/calculus/derivative-applications/curve-sketching-from-derivatives/","method-guide","false","high-confidence-inferred","REVIEW","lesson-footer","See a clear explanation","",""
"textbook-lesson.calc-1-unit-2b-derivative-applications-reference","/subjects/math/calculus/derivative-applications/reference/","reference","glossary-term.glossary-resource-antiderivative","/glossary/math/antiderivative/","glossary-term","false","high-confidence-inferred","REVIEW","lesson-footer","Review the definition","",""
"textbook-lesson.calc-1-unit-2b-derivative-applications-reference","/subjects/math/calculus/derivative-applications/reference/","tool-or-visual","visual-guide.calculus-resource-derivative-rules-map","/subjects/math/calculus/visuals/derivative-rules-map/","visual-guide","false","high-confidence-inferred","REVIEW","lesson-footer","Use the tool or visual","",""
"textbook-lesson.calc-1-unit-2b-derivative-applications-reference","/subjects/math/calculus/derivative-applications/reference/","worked-example","worked-problem.worked-problem-fundamental-theorem-derivative","/subjects/math/calculus/worked-problems/fundamental-theorem-derivative/","worked-problem","false","high-confidence-inferred","REVIEW","lesson-footer","See a worked example","",""
"textbook-lesson.calc-1-unit-2b-derivative-applications-related-rates-angle","/subjects/math/calculus/derivative-applications/related-rates-angle/","quick-explanation","article.resource-math-calculus-derivative-applications-curve-sketching-from-derivatives","/subjects/math/calculus/derivative-applications/curve-sketching-from-derivatives/","method-guide","false","high-confidence-inferred","REVIEW","lesson-footer","See a clear explanation","",""
"textbook-lesson.calc-1-unit-2b-derivative-applications-related-rates-angle","/subjects/math/calculus/derivative-applications/related-rates-angle/","reference","glossary-term.glossary-resource-antiderivative","/glossary/math/antiderivative/","glossary-term","false","high-confidence-inferred","REVIEW","lesson-footer","Review the definition","",""
"textbook-lesson.calc-1-unit-2b-derivative-applications-related-rates-angle","/subjects/math/calculus/derivative-applications/related-rates-angle/","tool-or-visual","visual-guide.calculus-resource-derivative-rules-map","/subjects/math/calculus/visuals/derivative-rules-map/","visual-guide","false","high-confidence-inferred","REVIEW","lesson-footer","Use the tool or visual","",""
"textbook-lesson.calc-1-unit-2b-derivative-applications-related-rates-angle","/subjects/math/calculus/derivative-applications/related-rates-angle/","worked-example","worked-problem.worked-problem-fundamental-theorem-derivative","/subjects/math/calculus/worked-problems/fundamental-theorem-derivative/","worked-problem","false","high-confidence-inferred","REVIEW","lesson-footer","See a worked example","",""
"textbook-lesson.calc-1-unit-2b-derivative-applications-related-rates-concept-quiz","/subjects/math/calculus/derivative-applications/related-rates-concept-quiz/","quick-explanation","article.resource-math-calculus-derivative-applications-curve-sketching-from-derivatives","/subjects/math/calculus/derivative-applications/curve-sketching-from-derivatives/","method-guide","false","high-confidence-inferred","REVIEW","lesson-footer","See a clear explanation","",""
"textbook-lesson.calc-1-unit-2b-derivative-applications-related-rates-concept-quiz","/subjects/math/calculus/derivative-applications/related-rates-concept-quiz/","reference","glossary-term.glossary-resource-antiderivative","/glossary/math/antiderivative/","glossary-term","false","high-confidence-inferred","REVIEW","lesson-footer","Review the definition","",""
"textbook-lesson.calc-1-unit-2b-derivative-applications-related-rates-concept-quiz","/subjects/math/calculus/derivative-applications/related-rates-concept-quiz/","tool-or-visual","visual-guide.calculus-resource-derivative-rules-map","/subjects/math/calculus/visuals/derivative-rules-map/","visual-guide","false","high-confidence-inferred","REVIEW","lesson-footer","Use the tool or visual","",""
"textbook-lesson.calc-1-unit-2b-derivative-applications-related-rates-concept-quiz","/subjects/math/calculus/derivative-applications/related-rates-concept-quiz/","worked-example","worked-problem.worked-problem-fundamental-theorem-derivative","/subjects/math/calculus/worked-problems/fundamental-theorem-derivative/","worked-problem","false","high-confidence-inferred","REVIEW","lesson-footer","See a worked example","",""
"textbook-lesson.calc-1-unit-2b-derivative-applications-related-rates-mixed","/subjects/math/calculus/derivative-applications/related-rates-mixed/","quick-explanation","article.resource-math-calculus-derivative-applications-curve-sketching-from-derivatives","/subjects/math/calculus/derivative-applications/curve-sketching-from-derivatives/","method-guide","false","high-confidence-inferred","REVIEW","lesson-footer","See a clear explanation","",""
"textbook-lesson.calc-1-unit-2b-derivative-applications-related-rates-mixed","/subjects/math/calculus/derivative-applications/related-rates-mixed/","reference","glossary-term.glossary-resource-antiderivative","/glossary/math/antiderivative/","glossary-term","false","high-confidence-inferred","REVIEW","lesson-footer","Review the definition","",""
"textbook-lesson.calc-1-unit-2b-derivative-applications-related-rates-mixed","/subjects/math/calculus/derivative-applications/related-rates-mixed/","tool-or-visual","visual-guide.calculus-resource-derivative-rules-map","/subjects/math/calculus/visuals/derivative-rules-map/","visual-guide","false","high-confidence-inferred","REVIEW","lesson-footer","Use the tool or visual","",""
"textbook-lesson.calc-1-unit-2b-derivative-applications-related-rates-mixed","/subjects/math/calculus/derivative-applications/related-rates-mixed/","worked-example","worked-problem.worked-problem-fundamental-theorem-derivative","/subjects/math/calculus/worked-problems/fundamental-theorem-derivative/","worked-problem","false","high-confidence-inferred","REVIEW","lesson-footer","See a worked example","",""
"textbook-lesson.calc-1-unit-2b-derivative-applications-related-rates-pythagorean","/subjects/math/calculus/derivative-applications/related-rates-pythagorean/","quick-explanation","article.resource-math-calculus-derivative-applications-curve-sketching-from-derivatives","/subjects/math/calculus/derivative-applications/curve-sketching-from-derivatives/","method-guide","false","high-confidence-inferred","REVIEW","lesson-footer","See a clear explanation","",""
"textbook-lesson.calc-1-unit-2b-derivative-applications-related-rates-pythagorean","/subjects/math/calculus/derivative-applications/related-rates-pythagorean/","reference","glossary-term.glossary-resource-antiderivative","/glossary/math/antiderivative/","glossary-term","false","high-confidence-inferred","REVIEW","lesson-footer","Review the definition","",""
"textbook-lesson.calc-1-unit-2b-derivative-applications-related-rates-pythagorean","/subjects/math/calculus/derivative-applications/related-rates-pythagorean/","tool-or-visual","visual-guide.calculus-resource-derivative-rules-map","/subjects/math/calculus/visuals/derivative-rules-map/","visual-guide","false","high-confidence-inferred","REVIEW","lesson-footer","Use the tool or visual","",""
"textbook-lesson.calc-1-unit-2b-derivative-applications-related-rates-pythagorean","/subjects/math/calculus/derivative-applications/related-rates-pythagorean/","worked-example","worked-problem.worked-problem-fundamental-theorem-derivative","/subjects/math/calculus/worked-problems/fundamental-theorem-derivative/","worked-problem","false","high-confidence-inferred","REVIEW","lesson-footer","See a worked example","",""
"textbook-lesson.calc-1-unit-2b-derivative-applications-related-rates-review","/subjects/math/calculus/derivative-applications/related-rates-review/","quick-explanation","article.resource-math-calculus-derivative-applications-curve-sketching-from-derivatives","/subjects/math/calculus/derivative-applications/curve-sketching-from-derivatives/","method-guide","false","high-confidence-inferred","REVIEW","lesson-footer","See a clear explanation","",""
"textbook-lesson.calc-1-unit-2b-derivative-applications-related-rates-review","/subjects/math/calculus/derivative-applications/related-rates-review/","reference","glossary-term.glossary-resource-antiderivative","/glossary/math/antiderivative/","glossary-term","false","high-confidence-inferred","REVIEW","lesson-footer","Review the definition","",""
"textbook-lesson.calc-1-unit-2b-derivative-applications-related-rates-review","/subjects/math/calculus/derivative-applications/related-rates-review/","tool-or-visual","visual-guide.calculus-resource-derivative-rules-map","/subjects/math/calculus/visuals/derivative-rules-map/","visual-guide","false","high-confidence-inferred","REVIEW","lesson-footer","Use the tool or visual","",""
"textbook-lesson.calc-1-unit-2b-derivative-applications-related-rates-review","/subjects/math/calculus/derivative-applications/related-rates-review/","worked-example","worked-problem.worked-problem-fundamental-theorem-derivative","/subjects/math/calculus/worked-problems/fundamental-theorem-derivative/","worked-problem","false","high-confidence-inferred","REVIEW","lesson-footer","See a worked example","",""
"textbook-lesson.calc-1-unit-2b-derivative-applications-related-rates-shadows","/subjects/math/calculus/derivative-applications/related-rates-shadows/","quick-explanation","article.resource-math-calculus-derivative-applications-curve-sketching-from-derivatives","/subjects/math/calculus/derivative-applications/curve-sketching-from-derivatives/","method-guide","false","high-confidence-inferred","REVIEW","lesson-footer","See a clear explanation","",""
"textbook-lesson.calc-1-unit-2b-derivative-applications-related-rates-shadows","/subjects/math/calculus/derivative-applications/related-rates-shadows/","reference","glossary-term.glossary-resource-antiderivative","/glossary/math/antiderivative/","glossary-term","false","high-confidence-inferred","REVIEW","lesson-footer","Review the definition","",""
"textbook-lesson.calc-1-unit-2b-derivative-applications-related-rates-shadows","/subjects/math/calculus/derivative-applications/related-rates-shadows/","tool-or-visual","visual-guide.calculus-resource-derivative-rules-map","/subjects/math/calculus/visuals/derivative-rules-map/","visual-guide","false","high-confidence-inferred","REVIEW","lesson-footer","Use the tool or visual","",""
"textbook-lesson.calc-1-unit-2b-derivative-applications-related-rates-shadows","/subjects/math/calculus/derivative-applications/related-rates-shadows/","worked-example","worked-problem.worked-problem-fundamental-theorem-derivative","/subjects/math/calculus/worked-problems/fundamental-theorem-derivative/","worked-problem","false","high-confidence-inferred","REVIEW","lesson-footer","See a worked example","",""
"textbook-lesson.calc-1-unit-2b-derivative-applications-related-rates-volume","/subjects/math/calculus/derivative-applications/related-rates-volume/","quick-explanation","article.resource-math-calculus-derivative-applications-curve-sketching-from-derivatives","/subjects/math/calculus/derivative-applications/curve-sketching-from-derivatives/","method-guide","false","high-confidence-inferred","REVIEW","lesson-footer","See a clear explanation","",""
"textbook-lesson.calc-1-unit-2b-derivative-applications-related-rates-volume","/subjects/math/calculus/derivative-applications/related-rates-volume/","reference","glossary-term.glossary-resource-antiderivative","/glossary/math/antiderivative/","glossary-term","false","high-confidence-inferred","REVIEW","lesson-footer","Review the definition","",""
"textbook-lesson.calc-1-unit-2b-derivative-applications-related-rates-volume","/subjects/math/calculus/derivative-applications/related-rates-volume/","tool-or-visual","visual-guide.calculus-resource-derivative-rules-map","/subjects/math/calculus/visuals/derivative-rules-map/","visual-guide","false","high-confidence-inferred","REVIEW","lesson-footer","Use the tool or visual","",""
"textbook-lesson.calc-1-unit-2b-derivative-applications-related-rates-volume","/subjects/math/calculus/derivative-applications/related-rates-volume/","worked-example","worked-problem.worked-problem-fundamental-theorem-derivative","/subjects/math/calculus/worked-problems/fundamental-theorem-derivative/","worked-problem","false","high-confidence-inferred","REVIEW","lesson-footer","See a worked example","",""
"textbook-lesson.calc-1-unit-2b-derivative-applications-related-rates-workflow","/subjects/math/calculus/derivative-applications/related-rates-workflow/","quick-explanation","article.resource-math-calculus-derivative-applications-curve-sketching-from-derivatives","/subjects/math/calculus/derivative-applications/curve-sketching-from-derivatives/","method-guide","false","high-confidence-inferred","REVIEW","lesson-footer","See a clear explanation","",""
"textbook-lesson.calc-1-unit-2b-derivative-applications-related-rates-workflow","/subjects/math/calculus/derivative-applications/related-rates-workflow/","reference","glossary-term.glossary-resource-antiderivative","/glossary/math/antiderivative/","glossary-term","false","high-confidence-inferred","REVIEW","lesson-footer","Review the definition","",""
"textbook-lesson.calc-1-unit-2b-derivative-applications-related-rates-workflow","/subjects/math/calculus/derivative-applications/related-rates-workflow/","tool-or-visual","visual-guide.calculus-resource-derivative-rules-map","/subjects/math/calculus/visuals/derivative-rules-map/","visual-guide","false","high-confidence-inferred","REVIEW","lesson-footer","Use the tool or visual","",""
"textbook-lesson.calc-1-unit-2b-derivative-applications-related-rates-workflow","/subjects/math/calculus/derivative-applications/related-rates-workflow/","worked-example","worked-problem.worked-problem-fundamental-theorem-derivative","/subjects/math/calculus/worked-problems/fundamental-theorem-derivative/","worked-problem","false","high-confidence-inferred","REVIEW","lesson-footer","See a worked example","",""
"textbook-lesson.calc-1-unit-2b-derivative-applications-repeated-lhopital","/subjects/math/calculus/derivative-applications/repeated-lhopital/","quick-explanation","article.resource-math-calculus-derivative-applications-curve-sketching-from-derivatives","/subjects/math/calculus/derivative-applications/curve-sketching-from-derivatives/","method-guide","false","high-confidence-inferred","REVIEW","lesson-footer","See a clear explanation","",""
"textbook-lesson.calc-1-unit-2b-derivative-applications-repeated-lhopital","/subjects/math/calculus/derivative-applications/repeated-lhopital/","reference","glossary-term.glossary-resource-antiderivative","/glossary/math/antiderivative/","glossary-term","false","high-confidence-inferred","REVIEW","lesson-footer","Review the definition","",""
"textbook-lesson.calc-1-unit-2b-derivative-applications-repeated-lhopital","/subjects/math/calculus/derivative-applications/repeated-lhopital/","tool-or-visual","visual-guide.calculus-resource-derivative-rules-map","/subjects/math/calculus/visuals/derivative-rules-map/","visual-guide","false","high-confidence-inferred","REVIEW","lesson-footer","Use the tool or visual","",""
"textbook-lesson.calc-1-unit-2b-derivative-applications-repeated-lhopital","/subjects/math/calculus/derivative-applications/repeated-lhopital/","worked-example","worked-problem.worked-problem-fundamental-theorem-derivative","/subjects/math/calculus/worked-problems/fundamental-theorem-derivative/","worked-problem","false","high-confidence-inferred","REVIEW","lesson-footer","See a worked example","",""
"textbook-lesson.calc-1-unit-2b-derivative-applications-rolles-theorem","/subjects/math/calculus/derivative-applications/rolles-theorem/","quick-explanation","article.resource-math-calculus-derivative-applications-curve-sketching-from-derivatives","/subjects/math/calculus/derivative-applications/curve-sketching-from-derivatives/","method-guide","false","high-confidence-inferred","REVIEW","lesson-footer","See a clear explanation","",""
"textbook-lesson.calc-1-unit-2b-derivative-applications-rolles-theorem","/subjects/math/calculus/derivative-applications/rolles-theorem/","reference","glossary-term.glossary-resource-antiderivative","/glossary/math/antiderivative/","glossary-term","false","high-confidence-inferred","REVIEW","lesson-footer","Review the definition","",""
"textbook-lesson.calc-1-unit-2b-derivative-applications-rolles-theorem","/subjects/math/calculus/derivative-applications/rolles-theorem/","tool-or-visual","visual-guide.calculus-resource-derivative-rules-map","/subjects/math/calculus/visuals/derivative-rules-map/","visual-guide","false","high-confidence-inferred","REVIEW","lesson-footer","Use the tool or visual","",""
"textbook-lesson.calc-1-unit-2b-derivative-applications-rolles-theorem","/subjects/math/calculus/derivative-applications/rolles-theorem/","worked-example","worked-problem.worked-problem-fundamental-theorem-derivative","/subjects/math/calculus/worked-problems/fundamental-theorem-derivative/","worked-problem","false","high-confidence-inferred","REVIEW","lesson-footer","See a worked example","",""
"textbook-lesson.calc-1-unit-2b-derivative-applications-second-derivative-test","/subjects/math/calculus/derivative-applications/second-derivative-test/","quick-explanation","article.resource-math-calculus-derivative-applications-curve-sketching-from-derivatives","/subjects/math/calculus/derivative-applications/curve-sketching-from-derivatives/","method-guide","false","high-confidence-inferred","REVIEW","lesson-footer","See a clear explanation","",""
"textbook-lesson.calc-1-unit-2b-derivative-applications-second-derivative-test","/subjects/math/calculus/derivative-applications/second-derivative-test/","reference","glossary-term.glossary-resource-antiderivative","/glossary/math/antiderivative/","glossary-term","false","high-confidence-inferred","REVIEW","lesson-footer","Review the definition","",""
"textbook-lesson.calc-1-unit-2b-derivative-applications-second-derivative-test","/subjects/math/calculus/derivative-applications/second-derivative-test/","tool-or-visual","visual-guide.calculus-resource-derivative-rules-map","/subjects/math/calculus/visuals/derivative-rules-map/","visual-guide","false","high-confidence-inferred","REVIEW","lesson-footer","Use the tool or visual","",""
"textbook-lesson.calc-1-unit-2b-derivative-applications-second-derivative-test","/subjects/math/calculus/derivative-applications/second-derivative-test/","worked-example","worked-problem.worked-problem-fundamental-theorem-derivative","/subjects/math/calculus/worked-problems/fundamental-theorem-derivative/","worked-problem","false","high-confidence-inferred","REVIEW","lesson-footer","See a worked example","",""
"textbook-lesson.calc-1-unit-2b-derivative-applications-speeding-up-slowing-down","/subjects/math/calculus/derivative-applications/speeding-up-slowing-down/","quick-explanation","article.resource-math-calculus-derivative-applications-curve-sketching-from-derivatives","/subjects/math/calculus/derivative-applications/curve-sketching-from-derivatives/","method-guide","false","high-confidence-inferred","REVIEW","lesson-footer","See a clear explanation","",""
"textbook-lesson.calc-1-unit-2b-derivative-applications-speeding-up-slowing-down","/subjects/math/calculus/derivative-applications/speeding-up-slowing-down/","reference","glossary-term.glossary-resource-antiderivative","/glossary/math/antiderivative/","glossary-term","false","high-confidence-inferred","REVIEW","lesson-footer","Review the definition","",""
"textbook-lesson.calc-1-unit-2b-derivative-applications-speeding-up-slowing-down","/subjects/math/calculus/derivative-applications/speeding-up-slowing-down/","tool-or-visual","visual-guide.calculus-resource-derivative-rules-map","/subjects/math/calculus/visuals/derivative-rules-map/","visual-guide","false","high-confidence-inferred","REVIEW","lesson-footer","Use the tool or visual","",""
"textbook-lesson.calc-1-unit-2b-derivative-applications-speeding-up-slowing-down","/subjects/math/calculus/derivative-applications/speeding-up-slowing-down/","worked-example","worked-problem.worked-problem-fundamental-theorem-derivative","/subjects/math/calculus/worked-problems/fundamental-theorem-derivative/","worked-problem","false","high-confidence-inferred","REVIEW","lesson-footer","See a worked example","",""
"textbook-lesson.calc-1-unit-2b-derivative-applications-stopping-distance","/subjects/math/calculus/derivative-applications/stopping-distance/","quick-explanation","article.resource-math-calculus-derivative-applications-curve-sketching-from-derivatives","/subjects/math/calculus/derivative-applications/curve-sketching-from-derivatives/","method-guide","false","high-confidence-inferred","REVIEW","lesson-footer","See a clear explanation","",""
"textbook-lesson.calc-1-unit-2b-derivative-applications-stopping-distance","/subjects/math/calculus/derivative-applications/stopping-distance/","reference","glossary-term.glossary-resource-antiderivative","/glossary/math/antiderivative/","glossary-term","false","high-confidence-inferred","REVIEW","lesson-footer","Review the definition","",""
"textbook-lesson.calc-1-unit-2b-derivative-applications-stopping-distance","/subjects/math/calculus/derivative-applications/stopping-distance/","tool-or-visual","visual-guide.calculus-resource-derivative-rules-map","/subjects/math/calculus/visuals/derivative-rules-map/","visual-guide","false","high-confidence-inferred","REVIEW","lesson-footer","Use the tool or visual","",""
"textbook-lesson.calc-1-unit-2b-derivative-applications-stopping-distance","/subjects/math/calculus/derivative-applications/stopping-distance/","worked-example","worked-problem.worked-problem-fundamental-theorem-derivative","/subjects/math/calculus/worked-problems/fundamental-theorem-derivative/","worked-problem","false","high-confidence-inferred","REVIEW","lesson-footer","See a worked example","",""
"textbook-lesson.calc-1-unit-2b-derivative-applications-theorems-shape-concept-quiz","/subjects/math/calculus/derivative-applications/theorems-shape-concept-quiz/","quick-explanation","article.resource-math-calculus-derivative-applications-curve-sketching-from-derivatives","/subjects/math/calculus/derivative-applications/curve-sketching-from-derivatives/","method-guide","false","high-confidence-inferred","REVIEW","lesson-footer","See a clear explanation","",""
"textbook-lesson.calc-1-unit-2b-derivative-applications-theorems-shape-concept-quiz","/subjects/math/calculus/derivative-applications/theorems-shape-concept-quiz/","reference","glossary-term.glossary-resource-antiderivative","/glossary/math/antiderivative/","glossary-term","false","high-confidence-inferred","REVIEW","lesson-footer","Review the definition","",""
"textbook-lesson.calc-1-unit-2b-derivative-applications-theorems-shape-concept-quiz","/subjects/math/calculus/derivative-applications/theorems-shape-concept-quiz/","tool-or-visual","visual-guide.calculus-resource-derivative-rules-map","/subjects/math/calculus/visuals/derivative-rules-map/","visual-guide","false","high-confidence-inferred","REVIEW","lesson-footer","Use the tool or visual","",""
"textbook-lesson.calc-1-unit-2b-derivative-applications-theorems-shape-concept-quiz","/subjects/math/calculus/derivative-applications/theorems-shape-concept-quiz/","worked-example","worked-problem.worked-problem-fundamental-theorem-derivative","/subjects/math/calculus/worked-problems/fundamental-theorem-derivative/","worked-problem","false","high-confidence-inferred","REVIEW","lesson-footer","See a worked example","",""
"textbook-lesson.calc-1-unit-2b-derivative-applications-theorems-shape-review","/subjects/math/calculus/derivative-applications/theorems-shape-review/","quick-explanation","article.resource-math-calculus-derivative-applications-curve-sketching-from-derivatives","/subjects/math/calculus/derivative-applications/curve-sketching-from-derivatives/","method-guide","false","high-confidence-inferred","REVIEW","lesson-footer","See a clear explanation","",""
"textbook-lesson.calc-1-unit-2b-derivative-applications-theorems-shape-review","/subjects/math/calculus/derivative-applications/theorems-shape-review/","reference","glossary-term.glossary-resource-antiderivative","/glossary/math/antiderivative/","glossary-term","false","high-confidence-inferred","REVIEW","lesson-footer","Review the definition","",""
"textbook-lesson.calc-1-unit-2b-derivative-applications-theorems-shape-review","/subjects/math/calculus/derivative-applications/theorems-shape-review/","tool-or-visual","visual-guide.calculus-resource-derivative-rules-map","/subjects/math/calculus/visuals/derivative-rules-map/","visual-guide","false","high-confidence-inferred","REVIEW","lesson-footer","Use the tool or visual","",""
"textbook-lesson.calc-1-unit-2b-derivative-applications-theorems-shape-review","/subjects/math/calculus/derivative-applications/theorems-shape-review/","worked-example","worked-problem.worked-problem-fundamental-theorem-derivative","/subjects/math/calculus/worked-problems/fundamental-theorem-derivative/","worked-problem","false","high-confidence-inferred","REVIEW","lesson-footer","See a worked example","",""
"textbook-lesson.calc-1-unit-2b-derivative-applications-when-not-lhopital","/subjects/math/calculus/derivative-applications/when-not-lhopital/","quick-explanation","article.resource-math-calculus-derivative-applications-curve-sketching-from-derivatives","/subjects/math/calculus/derivative-applications/curve-sketching-from-derivatives/","method-guide","false","high-confidence-inferred","REVIEW","lesson-footer","See a clear explanation","",""
"textbook-lesson.calc-1-unit-2b-derivative-applications-when-not-lhopital","/subjects/math/calculus/derivative-applications/when-not-lhopital/","reference","glossary-term.glossary-resource-antiderivative","/glossary/math/antiderivative/","glossary-term","false","high-confidence-inferred","REVIEW","lesson-footer","Review the definition","",""
"textbook-lesson.calc-1-unit-2b-derivative-applications-when-not-lhopital","/subjects/math/calculus/derivative-applications/when-not-lhopital/","tool-or-visual","visual-guide.calculus-resource-derivative-rules-map","/subjects/math/calculus/visuals/derivative-rules-map/","visual-guide","false","high-confidence-inferred","REVIEW","lesson-footer","Use the tool or visual","",""
"textbook-lesson.calc-1-unit-2b-derivative-applications-when-not-lhopital","/subjects/math/calculus/derivative-applications/when-not-lhopital/","worked-example","worked-problem.worked-problem-fundamental-theorem-derivative","/subjects/math/calculus/worked-problems/fundamental-theorem-derivative/","worked-problem","false","high-confidence-inferred","REVIEW","lesson-footer","See a worked example","",""
"textbook-lesson.calc-1-unit-2b-derivative-applications-why-linear-approximation-works","/subjects/math/calculus/derivative-applications/why-linear-approximation-works/","quick-explanation","article.resource-math-calculus-derivative-applications-curve-sketching-from-derivatives","/subjects/math/calculus/derivative-applications/curve-sketching-from-derivatives/","method-guide","false","high-confidence-inferred","REVIEW","lesson-footer","See a clear explanation","",""
"textbook-lesson.calc-1-unit-2b-derivative-applications-why-linear-approximation-works","/subjects/math/calculus/derivative-applications/why-linear-approximation-works/","reference","glossary-term.glossary-resource-antiderivative","/glossary/math/antiderivative/","glossary-term","false","high-confidence-inferred","REVIEW","lesson-footer","Review the definition","",""
"textbook-lesson.calc-1-unit-2b-derivative-applications-why-linear-approximation-works","/subjects/math/calculus/derivative-applications/why-linear-approximation-works/","tool-or-visual","visual-guide.calculus-resource-derivative-rules-map","/subjects/math/calculus/visuals/derivative-rules-map/","visual-guide","false","high-confidence-inferred","REVIEW","lesson-footer","Use the tool or visual","",""
"textbook-lesson.calc-1-unit-2b-derivative-applications-why-linear-approximation-works","/subjects/math/calculus/derivative-applications/why-linear-approximation-works/","worked-example","worked-problem.worked-problem-fundamental-theorem-derivative","/subjects/math/calculus/worked-problems/fundamental-theorem-derivative/","worked-problem","false","high-confidence-inferred","REVIEW","lesson-footer","See a worked example","",""
"textbook-lesson.calc-1-unit-2b-derivative-applications-why-related-rates-feel-hard","/subjects/math/calculus/derivative-applications/why-related-rates-feel-hard/","quick-explanation","article.resource-math-calculus-derivative-applications-curve-sketching-from-derivatives","/subjects/math/calculus/derivative-applications/curve-sketching-from-derivatives/","method-guide","false","high-confidence-inferred","REVIEW","lesson-footer","See a clear explanation","",""
"textbook-lesson.calc-1-unit-2b-derivative-applications-why-related-rates-feel-hard","/subjects/math/calculus/derivative-applications/why-related-rates-feel-hard/","reference","glossary-term.glossary-resource-antiderivative","/glossary/math/antiderivative/","glossary-term","false","high-confidence-inferred","REVIEW","lesson-footer","Review the definition","",""
"textbook-lesson.calc-1-unit-2b-derivative-applications-why-related-rates-feel-hard","/subjects/math/calculus/derivative-applications/why-related-rates-feel-hard/","tool-or-visual","visual-guide.calculus-resource-derivative-rules-map","/subjects/math/calculus/visuals/derivative-rules-map/","visual-guide","false","high-confidence-inferred","REVIEW","lesson-footer","Use the tool or visual","",""
"textbook-lesson.calc-1-unit-2b-derivative-applications-why-related-rates-feel-hard","/subjects/math/calculus/derivative-applications/why-related-rates-feel-hard/","worked-example","worked-problem.worked-problem-fundamental-theorem-derivative","/subjects/math/calculus/worked-problems/fundamental-theorem-derivative/","worked-problem","false","high-confidence-inferred","REVIEW","lesson-footer","See a worked example","",""
"textbook-lesson.calc-1-unit-2a-derivative-foundations-techniques-advanced-chain-rule-linear-maps","/subjects/math/calculus/derivatives/advanced-chain-rule-linear-maps/","practice","worksheet.calculus-resource-chain-rule","/subjects/math/calculus/worksheets/chain-rule/","worksheet","false","high-confidence-inferred","REVIEW","lesson-practice","Practice this skill","",""
"textbook-lesson.calc-1-unit-2a-derivative-foundations-techniques-advanced-chain-rule-linear-maps","/subjects/math/calculus/derivatives/advanced-chain-rule-linear-maps/","quick-explanation","article.resource-math-calculus-derivatives-chain-rule","/subjects/math/calculus/derivatives/chain-rule/","method-guide","false","high-confidence-inferred","REVIEW","lesson-footer","See a clear explanation","",""
"textbook-lesson.calc-1-unit-2a-derivative-foundations-techniques-advanced-chain-rule-linear-maps","/subjects/math/calculus/derivatives/advanced-chain-rule-linear-maps/","reference","glossary-term.glossary-resource-chain-rule","/glossary/math/chain-rule/","glossary-term","false","high-confidence-inferred","REVIEW","lesson-footer","Review the definition","",""
"textbook-lesson.calc-1-unit-2a-derivative-foundations-techniques-advanced-chain-rule-linear-maps","/subjects/math/calculus/derivatives/advanced-chain-rule-linear-maps/","worked-example","worked-problem.worked-problem-basic-chain-rule","/subjects/math/calculus/worked-problems/basic-chain-rule/","worked-problem","false","high-confidence-inferred","REVIEW","lesson-footer","See a worked example","",""
"textbook-lesson.calc-1-unit-2a-derivative-foundations-techniques-advanced-darboux-derivatives","/subjects/math/calculus/derivatives/advanced-darboux-derivatives/","quick-explanation","article.resource-math-calculus-derivative-applications-curve-sketching-from-derivatives","/subjects/math/calculus/derivative-applications/curve-sketching-from-derivatives/","method-guide","false","high-confidence-inferred","REVIEW","lesson-footer","See a clear explanation","",""
"textbook-lesson.calc-1-unit-2a-derivative-foundations-techniques-advanced-darboux-derivatives","/subjects/math/calculus/derivatives/advanced-darboux-derivatives/","reference","glossary-term.glossary-resource-antiderivative","/glossary/math/antiderivative/","glossary-term","false","high-confidence-inferred","REVIEW","lesson-footer","Review the definition","",""
"textbook-lesson.calc-1-unit-2a-derivative-foundations-techniques-advanced-darboux-derivatives","/subjects/math/calculus/derivatives/advanced-darboux-derivatives/","tool-or-visual","visual-guide.calculus-resource-derivative-rules-map","/subjects/math/calculus/visuals/derivative-rules-map/","visual-guide","false","high-confidence-inferred","REVIEW","lesson-footer","Use the tool or visual","",""
"textbook-lesson.calc-1-unit-2a-derivative-foundations-techniques-advanced-darboux-derivatives","/subjects/math/calculus/derivatives/advanced-darboux-derivatives/","worked-example","worked-problem.worked-problem-fundamental-theorem-derivative","/subjects/math/calculus/worked-problems/fundamental-theorem-derivative/","worked-problem","false","high-confidence-inferred","REVIEW","lesson-footer","See a worked example","",""
"textbook-lesson.calc-1-unit-2a-derivative-foundations-techniques-advanced-implicit-function-theorem","/subjects/math/calculus/derivatives/advanced-implicit-function-theorem/","quick-explanation","article.resource-math-calculus-derivative-applications-curve-sketching-from-derivatives","/subjects/math/calculus/derivative-applications/curve-sketching-from-derivatives/","method-guide","false","high-confidence-inferred","REVIEW","lesson-footer","See a clear explanation","",""
"textbook-lesson.calc-1-unit-2a-derivative-foundations-techniques-advanced-implicit-function-theorem","/subjects/math/calculus/derivatives/advanced-implicit-function-theorem/","reference","glossary-term.glossary-resource-antiderivative","/glossary/math/antiderivative/","glossary-term","false","high-confidence-inferred","REVIEW","lesson-footer","Review the definition","",""
"textbook-lesson.calc-1-unit-2a-derivative-foundations-techniques-advanced-implicit-function-theorem","/subjects/math/calculus/derivatives/advanced-implicit-function-theorem/","tool-or-visual","visual-guide.calculus-resource-derivative-rules-map","/subjects/math/calculus/visuals/derivative-rules-map/","visual-guide","false","high-confidence-inferred","REVIEW","lesson-footer","Use the tool or visual","",""
"textbook-lesson.calc-1-unit-2a-derivative-foundations-techniques-advanced-implicit-function-theorem","/subjects/math/calculus/derivatives/advanced-implicit-function-theorem/","worked-example","worked-problem.worked-problem-fundamental-theorem-derivative","/subjects/math/calculus/worked-problems/fundamental-theorem-derivative/","worked-problem","false","high-confidence-inferred","REVIEW","lesson-footer","See a worked example","",""
"textbook-lesson.calc-1-unit-2a-derivative-foundations-techniques-advanced-local-linearity-little-o","/subjects/math/calculus/derivatives/advanced-local-linearity-little-o/","quick-explanation","article.resource-math-calculus-derivative-applications-curve-sketching-from-derivatives","/subjects/math/calculus/derivative-applications/curve-sketching-from-derivatives/","method-guide","false","high-confidence-inferred","REVIEW","lesson-footer","See a clear explanation","",""
"textbook-lesson.calc-1-unit-2a-derivative-foundations-techniques-advanced-local-linearity-little-o","/subjects/math/calculus/derivatives/advanced-local-linearity-little-o/","reference","glossary-term.glossary-resource-antiderivative","/glossary/math/antiderivative/","glossary-term","false","high-confidence-inferred","REVIEW","lesson-footer","Review the definition","",""
"textbook-lesson.calc-1-unit-2a-derivative-foundations-techniques-advanced-local-linearity-little-o","/subjects/math/calculus/derivatives/advanced-local-linearity-little-o/","tool-or-visual","visual-guide.calculus-resource-derivative-rules-map","/subjects/math/calculus/visuals/derivative-rules-map/","visual-guide","false","high-confidence-inferred","REVIEW","lesson-footer","Use the tool or visual","",""
"textbook-lesson.calc-1-unit-2a-derivative-foundations-techniques-advanced-local-linearity-little-o","/subjects/math/calculus/derivatives/advanced-local-linearity-little-o/","worked-example","worked-problem.worked-problem-fundamental-theorem-derivative","/subjects/math/calculus/worked-problems/fundamental-theorem-derivative/","worked-problem","false","high-confidence-inferred","REVIEW","lesson-footer","See a worked example","",""
"textbook-lesson.calc-1-unit-2a-derivative-foundations-techniques-advanced-notes-2a","/subjects/math/calculus/derivatives/advanced-notes-2a/","quick-explanation","article.resource-math-calculus-derivative-applications-curve-sketching-from-derivatives","/subjects/math/calculus/derivative-applications/curve-sketching-from-derivatives/","method-guide","false","high-confidence-inferred","REVIEW","lesson-footer","See a clear explanation","",""
"textbook-lesson.calc-1-unit-2a-derivative-foundations-techniques-advanced-notes-2a","/subjects/math/calculus/derivatives/advanced-notes-2a/","reference","glossary-term.glossary-resource-antiderivative","/glossary/math/antiderivative/","glossary-term","false","high-confidence-inferred","REVIEW","lesson-footer","Review the definition","",""
"textbook-lesson.calc-1-unit-2a-derivative-foundations-techniques-advanced-notes-2a","/subjects/math/calculus/derivatives/advanced-notes-2a/","tool-or-visual","visual-guide.calculus-resource-derivative-rules-map","/subjects/math/calculus/visuals/derivative-rules-map/","visual-guide","false","high-confidence-inferred","REVIEW","lesson-footer","Use the tool or visual","",""
"textbook-lesson.calc-1-unit-2a-derivative-foundations-techniques-advanced-notes-2a","/subjects/math/calculus/derivatives/advanced-notes-2a/","worked-example","worked-problem.worked-problem-fundamental-theorem-derivative","/subjects/math/calculus/worked-problems/fundamental-theorem-derivative/","worked-problem","false","high-confidence-inferred","REVIEW","lesson-footer","See a worked example","",""
"textbook-lesson.calc-1-unit-2a-derivative-foundations-techniques-chain-exp-log","/subjects/math/calculus/derivatives/chain-exp-log/","practice","worksheet.calculus-resource-chain-rule","/subjects/math/calculus/worksheets/chain-rule/","worksheet","false","high-confidence-inferred","REVIEW","lesson-practice","Practice this skill","",""
"textbook-lesson.calc-1-unit-2a-derivative-foundations-techniques-chain-exp-log","/subjects/math/calculus/derivatives/chain-exp-log/","quick-explanation","article.resource-math-calculus-derivatives-chain-rule","/subjects/math/calculus/derivatives/chain-rule/","method-guide","false","high-confidence-inferred","REVIEW","lesson-footer","See a clear explanation","",""
"textbook-lesson.calc-1-unit-2a-derivative-foundations-techniques-chain-exp-log","/subjects/math/calculus/derivatives/chain-exp-log/","reference","glossary-term.glossary-resource-chain-rule","/glossary/math/chain-rule/","glossary-term","false","high-confidence-inferred","REVIEW","lesson-footer","Review the definition","",""
"textbook-lesson.calc-1-unit-2a-derivative-foundations-techniques-chain-exp-log","/subjects/math/calculus/derivatives/chain-exp-log/","worked-example","worked-problem.worked-problem-basic-chain-rule","/subjects/math/calculus/worked-problems/basic-chain-rule/","worked-problem","false","high-confidence-inferred","REVIEW","lesson-footer","See a worked example","",""
"textbook-lesson.calc-1-unit-2a-derivative-foundations-techniques-chain-rule-basic","/subjects/math/calculus/derivatives/chain-rule-basic/","practice","worksheet.calculus-resource-chain-rule","/subjects/math/calculus/worksheets/chain-rule/","worksheet","false","high-confidence-inferred","REVIEW","lesson-practice","Practice this skill","",""
"textbook-lesson.calc-1-unit-2a-derivative-foundations-techniques-chain-rule-basic","/subjects/math/calculus/derivatives/chain-rule-basic/","quick-explanation","article.resource-math-calculus-derivatives-chain-rule","/subjects/math/calculus/derivatives/chain-rule/","method-guide","false","high-confidence-inferred","REVIEW","lesson-footer","See a clear explanation","",""
"textbook-lesson.calc-1-unit-2a-derivative-foundations-techniques-chain-rule-basic","/subjects/math/calculus/derivatives/chain-rule-basic/","reference","glossary-term.glossary-resource-chain-rule","/glossary/math/chain-rule/","glossary-term","false","high-confidence-inferred","REVIEW","lesson-footer","Review the definition","",""
"textbook-lesson.calc-1-unit-2a-derivative-foundations-techniques-chain-rule-basic","/subjects/math/calculus/derivatives/chain-rule-basic/","worked-example","worked-problem.worked-problem-basic-chain-rule","/subjects/math/calculus/worked-problems/basic-chain-rule/","worked-problem","false","high-confidence-inferred","REVIEW","lesson-footer","See a worked example","",""
"textbook-lesson.calc-1-unit-2a-derivative-foundations-techniques-chain-rule-concept-quiz","/subjects/math/calculus/derivatives/chain-rule-concept-quiz/","practice","worksheet.calculus-resource-chain-rule","/subjects/math/calculus/worksheets/chain-rule/","worksheet","false","high-confidence-inferred","REVIEW","lesson-practice","Practice this skill","",""
"textbook-lesson.calc-1-unit-2a-derivative-foundations-techniques-chain-rule-concept-quiz","/subjects/math/calculus/derivatives/chain-rule-concept-quiz/","quick-explanation","article.resource-math-calculus-derivatives-chain-rule","/subjects/math/calculus/derivatives/chain-rule/","method-guide","false","high-confidence-inferred","REVIEW","lesson-footer","See a clear explanation","",""
"textbook-lesson.calc-1-unit-2a-derivative-foundations-techniques-chain-rule-concept-quiz","/subjects/math/calculus/derivatives/chain-rule-concept-quiz/","reference","glossary-term.glossary-resource-chain-rule","/glossary/math/chain-rule/","glossary-term","false","high-confidence-inferred","REVIEW","lesson-footer","Review the definition","",""
"textbook-lesson.calc-1-unit-2a-derivative-foundations-techniques-chain-rule-concept-quiz","/subjects/math/calculus/derivatives/chain-rule-concept-quiz/","worked-example","worked-problem.worked-problem-basic-chain-rule","/subjects/math/calculus/worked-problems/basic-chain-rule/","worked-problem","false","high-confidence-inferred","REVIEW","lesson-footer","See a worked example","",""
"textbook-lesson.calc-1-unit-2a-derivative-foundations-techniques-chain-rule-map","/subjects/math/calculus/derivatives/chain-rule-map/","practice","worksheet.calculus-resource-chain-rule","/subjects/math/calculus/worksheets/chain-rule/","worksheet","false","high-confidence-inferred","REVIEW","lesson-practice","Practice this skill","",""
"textbook-lesson.calc-1-unit-2a-derivative-foundations-techniques-chain-rule-map","/subjects/math/calculus/derivatives/chain-rule-map/","quick-explanation","article.resource-math-calculus-derivatives-chain-rule","/subjects/math/calculus/derivatives/chain-rule/","method-guide","false","high-confidence-inferred","REVIEW","lesson-footer","See a clear explanation","",""
"textbook-lesson.calc-1-unit-2a-derivative-foundations-techniques-chain-rule-map","/subjects/math/calculus/derivatives/chain-rule-map/","reference","glossary-term.glossary-resource-chain-rule","/glossary/math/chain-rule/","glossary-term","false","high-confidence-inferred","REVIEW","lesson-footer","Review the definition","",""
"textbook-lesson.calc-1-unit-2a-derivative-foundations-techniques-chain-rule-map","/subjects/math/calculus/derivatives/chain-rule-map/","worked-example","worked-problem.worked-problem-basic-chain-rule","/subjects/math/calculus/worked-problems/basic-chain-rule/","worked-problem","false","high-confidence-inferred","REVIEW","lesson-footer","See a worked example","",""
"textbook-lesson.calc-1-unit-2a-derivative-foundations-techniques-chain-rule-review","/subjects/math/calculus/derivatives/chain-rule-review/","practice","worksheet.calculus-resource-chain-rule","/subjects/math/calculus/worksheets/chain-rule/","worksheet","false","high-confidence-inferred","REVIEW","lesson-practice","Practice this skill","",""
"textbook-lesson.calc-1-unit-2a-derivative-foundations-techniques-chain-rule-review","/subjects/math/calculus/derivatives/chain-rule-review/","quick-explanation","article.resource-math-calculus-derivatives-chain-rule","/subjects/math/calculus/derivatives/chain-rule/","method-guide","false","high-confidence-inferred","REVIEW","lesson-footer","See a clear explanation","",""
"textbook-lesson.calc-1-unit-2a-derivative-foundations-techniques-chain-rule-review","/subjects/math/calculus/derivatives/chain-rule-review/","reference","glossary-term.glossary-resource-chain-rule","/glossary/math/chain-rule/","glossary-term","false","high-confidence-inferred","REVIEW","lesson-footer","Review the definition","",""
"textbook-lesson.calc-1-unit-2a-derivative-foundations-techniques-chain-rule-review","/subjects/math/calculus/derivatives/chain-rule-review/","worked-example","worked-problem.worked-problem-basic-chain-rule","/subjects/math/calculus/worked-problems/basic-chain-rule/","worked-problem","false","high-confidence-inferred","REVIEW","lesson-footer","See a worked example","",""
"textbook-lesson.calc-1-unit-2a-derivative-foundations-techniques-chain-trig","/subjects/math/calculus/derivatives/chain-trig/","practice","worksheet.calculus-resource-chain-rule","/subjects/math/calculus/worksheets/chain-rule/","worksheet","false","high-confidence-inferred","REVIEW","lesson-practice","Practice this skill","",""
"textbook-lesson.calc-1-unit-2a-derivative-foundations-techniques-chain-trig","/subjects/math/calculus/derivatives/chain-trig/","quick-explanation","article.resource-math-calculus-derivatives-chain-rule","/subjects/math/calculus/derivatives/chain-rule/","method-guide","false","high-confidence-inferred","REVIEW","lesson-footer","See a clear explanation","",""
"textbook-lesson.calc-1-unit-2a-derivative-foundations-techniques-chain-trig","/subjects/math/calculus/derivatives/chain-trig/","reference","glossary-term.glossary-resource-chain-rule","/glossary/math/chain-rule/","glossary-term","false","high-confidence-inferred","REVIEW","lesson-footer","Review the definition","",""
"textbook-lesson.calc-1-unit-2a-derivative-foundations-techniques-chain-trig","/subjects/math/calculus/derivatives/chain-trig/","worked-example","worked-problem.worked-problem-basic-chain-rule","/subjects/math/calculus/worked-problems/basic-chain-rule/","worked-problem","false","high-confidence-inferred","REVIEW","lesson-footer","See a worked example","",""
"textbook-lesson.calc-1-unit-2a-derivative-foundations-techniques-combined-rules","/subjects/math/calculus/derivatives/combined-rules/","practice","worksheet.calculus-resource-chain-rule","/subjects/math/calculus/worksheets/chain-rule/","worksheet","false","high-confidence-inferred","REVIEW","lesson-practice","Practice this skill","",""
"textbook-lesson.calc-1-unit-2a-derivative-foundations-techniques-combined-rules","/subjects/math/calculus/derivatives/combined-rules/","quick-explanation","article.resource-math-calculus-derivatives-chain-rule","/subjects/math/calculus/derivatives/chain-rule/","method-guide","false","high-confidence-inferred","REVIEW","lesson-footer","See a clear explanation","",""
"textbook-lesson.calc-1-unit-2a-derivative-foundations-techniques-combined-rules","/subjects/math/calculus/derivatives/combined-rules/","reference","glossary-term.glossary-resource-chain-rule","/glossary/math/chain-rule/","glossary-term","false","high-confidence-inferred","REVIEW","lesson-footer","Review the definition","",""
"textbook-lesson.calc-1-unit-2a-derivative-foundations-techniques-combined-rules","/subjects/math/calculus/derivatives/combined-rules/","worked-example","worked-problem.worked-problem-basic-chain-rule","/subjects/math/calculus/worked-problems/basic-chain-rule/","worked-problem","false","high-confidence-inferred","REVIEW","lesson-footer","See a worked example","",""
"textbook-lesson.calc-1-unit-2a-derivative-foundations-techniques-composition","/subjects/math/calculus/derivatives/composition/","practice","worksheet.calculus-resource-chain-rule","/subjects/math/calculus/worksheets/chain-rule/","worksheet","false","high-confidence-inferred","REVIEW","lesson-practice","Practice this skill","",""
"textbook-lesson.calc-1-unit-2a-derivative-foundations-techniques-composition","/subjects/math/calculus/derivatives/composition/","quick-explanation","article.resource-math-calculus-derivatives-chain-rule","/subjects/math/calculus/derivatives/chain-rule/","method-guide","false","high-confidence-inferred","REVIEW","lesson-footer","See a clear explanation","",""
"textbook-lesson.calc-1-unit-2a-derivative-foundations-techniques-composition","/subjects/math/calculus/derivatives/composition/","reference","glossary-term.glossary-resource-chain-rule","/glossary/math/chain-rule/","glossary-term","false","high-confidence-inferred","REVIEW","lesson-footer","Review the definition","",""
"textbook-lesson.calc-1-unit-2a-derivative-foundations-techniques-composition","/subjects/math/calculus/derivatives/composition/","worked-example","worked-problem.worked-problem-basic-chain-rule","/subjects/math/calculus/worked-problems/basic-chain-rule/","worked-problem","false","high-confidence-inferred","REVIEW","lesson-footer","See a worked example","",""
"textbook-lesson.calc-1-unit-2a-derivative-foundations-techniques-core-rules-concept-quiz","/subjects/math/calculus/derivatives/core-rules-concept-quiz/","quick-explanation","article.resource-math-calculus-derivative-applications-curve-sketching-from-derivatives","/subjects/math/calculus/derivative-applications/curve-sketching-from-derivatives/","method-guide","false","high-confidence-inferred","REVIEW","lesson-footer","See a clear explanation","",""
"textbook-lesson.calc-1-unit-2a-derivative-foundations-techniques-core-rules-concept-quiz","/subjects/math/calculus/derivatives/core-rules-concept-quiz/","reference","glossary-term.glossary-resource-antiderivative","/glossary/math/antiderivative/","glossary-term","false","high-confidence-inferred","REVIEW","lesson-footer","Review the definition","",""
"textbook-lesson.calc-1-unit-2a-derivative-foundations-techniques-core-rules-concept-quiz","/subjects/math/calculus/derivatives/core-rules-concept-quiz/","tool-or-visual","visual-guide.calculus-resource-derivative-rules-map","/subjects/math/calculus/visuals/derivative-rules-map/","visual-guide","false","high-confidence-inferred","REVIEW","lesson-footer","Use the tool or visual","",""
"textbook-lesson.calc-1-unit-2a-derivative-foundations-techniques-core-rules-concept-quiz","/subjects/math/calculus/derivatives/core-rules-concept-quiz/","worked-example","worked-problem.worked-problem-fundamental-theorem-derivative","/subjects/math/calculus/worked-problems/fundamental-theorem-derivative/","worked-problem","false","high-confidence-inferred","REVIEW","lesson-footer","See a worked example","",""
"textbook-lesson.calc-1-unit-2a-derivative-foundations-techniques-core-rules-review","/subjects/math/calculus/derivatives/core-rules-review/","quick-explanation","article.resource-math-calculus-derivative-applications-curve-sketching-from-derivatives","/subjects/math/calculus/derivative-applications/curve-sketching-from-derivatives/","method-guide","false","high-confidence-inferred","REVIEW","lesson-footer","See a clear explanation","",""
"textbook-lesson.calc-1-unit-2a-derivative-foundations-techniques-core-rules-review","/subjects/math/calculus/derivatives/core-rules-review/","reference","glossary-term.glossary-resource-antiderivative","/glossary/math/antiderivative/","glossary-term","false","high-confidence-inferred","REVIEW","lesson-footer","Review the definition","",""
"textbook-lesson.calc-1-unit-2a-derivative-foundations-techniques-core-rules-review","/subjects/math/calculus/derivatives/core-rules-review/","tool-or-visual","visual-guide.calculus-resource-derivative-rules-map","/subjects/math/calculus/visuals/derivative-rules-map/","visual-guide","false","high-confidence-inferred","REVIEW","lesson-footer","Use the tool or visual","",""
"textbook-lesson.calc-1-unit-2a-derivative-foundations-techniques-core-rules-review","/subjects/math/calculus/derivatives/core-rules-review/","worked-example","worked-problem.worked-problem-fundamental-theorem-derivative","/subjects/math/calculus/worked-problems/fundamental-theorem-derivative/","worked-problem","false","high-confidence-inferred","REVIEW","lesson-footer","See a worked example","",""
"textbook-lesson.calc-1-unit-2a-derivative-foundations-techniques-derivative-at-a-point","/subjects/math/calculus/derivatives/derivative-at-a-point/","quick-explanation","article.resource-math-calculus-derivative-applications-curve-sketching-from-derivatives","/subjects/math/calculus/derivative-applications/curve-sketching-from-derivatives/","method-guide","false","high-confidence-inferred","REVIEW","lesson-footer","See a clear explanation","",""
"textbook-lesson.calc-1-unit-2a-derivative-foundations-techniques-derivative-at-a-point","/subjects/math/calculus/derivatives/derivative-at-a-point/","reference","glossary-term.glossary-resource-antiderivative","/glossary/math/antiderivative/","glossary-term","false","high-confidence-inferred","REVIEW","lesson-footer","Review the definition","",""
"textbook-lesson.calc-1-unit-2a-derivative-foundations-techniques-derivative-at-a-point","/subjects/math/calculus/derivatives/derivative-at-a-point/","tool-or-visual","visual-guide.calculus-resource-derivative-rules-map","/subjects/math/calculus/visuals/derivative-rules-map/","visual-guide","false","high-confidence-inferred","REVIEW","lesson-footer","Use the tool or visual","",""
"textbook-lesson.calc-1-unit-2a-derivative-foundations-techniques-derivative-at-a-point","/subjects/math/calculus/derivatives/derivative-at-a-point/","worked-example","worked-problem.worked-problem-fundamental-theorem-derivative","/subjects/math/calculus/worked-problems/fundamental-theorem-derivative/","worked-problem","false","high-confidence-inferred","REVIEW","lesson-footer","See a worked example","",""
"textbook-lesson.calc-1-unit-2a-derivative-foundations-techniques-derivative-computation-strategy","/subjects/math/calculus/derivatives/derivative-computation-strategy/","quick-explanation","article.resource-math-calculus-derivative-applications-curve-sketching-from-derivatives","/subjects/math/calculus/derivative-applications/curve-sketching-from-derivatives/","method-guide","false","high-confidence-inferred","REVIEW","lesson-footer","See a clear explanation","",""
"textbook-lesson.calc-1-unit-2a-derivative-foundations-techniques-derivative-computation-strategy","/subjects/math/calculus/derivatives/derivative-computation-strategy/","reference","glossary-term.glossary-resource-antiderivative","/glossary/math/antiderivative/","glossary-term","false","high-confidence-inferred","REVIEW","lesson-footer","Review the definition","",""
"textbook-lesson.calc-1-unit-2a-derivative-foundations-techniques-derivative-computation-strategy","/subjects/math/calculus/derivatives/derivative-computation-strategy/","tool-or-visual","visual-guide.calculus-resource-derivative-rules-map","/subjects/math/calculus/visuals/derivative-rules-map/","visual-guide","false","high-confidence-inferred","REVIEW","lesson-footer","Use the tool or visual","",""
"textbook-lesson.calc-1-unit-2a-derivative-foundations-techniques-derivative-computation-strategy","/subjects/math/calculus/derivatives/derivative-computation-strategy/","worked-example","worked-problem.worked-problem-fundamental-theorem-derivative","/subjects/math/calculus/worked-problems/fundamental-theorem-derivative/","worked-problem","false","high-confidence-inferred","REVIEW","lesson-footer","See a worked example","",""
"textbook-lesson.calc-1-unit-2a-derivative-foundations-techniques-derivative-function","/subjects/math/calculus/derivatives/derivative-function/","quick-explanation","article.resource-math-calculus-derivative-applications-curve-sketching-from-derivatives","/subjects/math/calculus/derivative-applications/curve-sketching-from-derivatives/","method-guide","false","high-confidence-inferred","REVIEW","lesson-footer","See a clear explanation","",""
"textbook-lesson.calc-1-unit-2a-derivative-foundations-techniques-derivative-function","/subjects/math/calculus/derivatives/derivative-function/","reference","glossary-term.glossary-resource-antiderivative","/glossary/math/antiderivative/","glossary-term","false","high-confidence-inferred","REVIEW","lesson-footer","Review the definition","",""
"textbook-lesson.calc-1-unit-2a-derivative-foundations-techniques-derivative-function","/subjects/math/calculus/derivatives/derivative-function/","tool-or-visual","visual-guide.calculus-resource-derivative-rules-map","/subjects/math/calculus/visuals/derivative-rules-map/","visual-guide","false","high-confidence-inferred","REVIEW","lesson-footer","Use the tool or visual","",""
"textbook-lesson.calc-1-unit-2a-derivative-foundations-techniques-derivative-function","/subjects/math/calculus/derivatives/derivative-function/","worked-example","worked-problem.worked-problem-fundamental-theorem-derivative","/subjects/math/calculus/worked-problems/fundamental-theorem-derivative/","worked-problem","false","high-confidence-inferred","REVIEW","lesson-footer","See a worked example","",""
"textbook-lesson.calc-1-unit-2a-derivative-foundations-techniques-difference-quotient-algebra","/subjects/math/calculus/derivatives/difference-quotient-algebra/","quick-explanation","article.resource-math-calculus-derivative-applications-curve-sketching-from-derivatives","/subjects/math/calculus/derivative-applications/curve-sketching-from-derivatives/","method-guide","false","high-confidence-inferred","REVIEW","lesson-footer","See a clear explanation","",""
"textbook-lesson.calc-1-unit-2a-derivative-foundations-techniques-difference-quotient-algebra","/subjects/math/calculus/derivatives/difference-quotient-algebra/","reference","glossary-term.glossary-resource-antiderivative","/glossary/math/antiderivative/","glossary-term","false","high-confidence-inferred","REVIEW","lesson-footer","Review the definition","",""
"textbook-lesson.calc-1-unit-2a-derivative-foundations-techniques-difference-quotient-algebra","/subjects/math/calculus/derivatives/difference-quotient-algebra/","tool-or-visual","visual-guide.calculus-resource-derivative-rules-map","/subjects/math/calculus/visuals/derivative-rules-map/","visual-guide","false","high-confidence-inferred","REVIEW","lesson-footer","Use the tool or visual","",""
"textbook-lesson.calc-1-unit-2a-derivative-foundations-techniques-difference-quotient-algebra","/subjects/math/calculus/derivatives/difference-quotient-algebra/","worked-example","worked-problem.worked-problem-fundamental-theorem-derivative","/subjects/math/calculus/worked-problems/fundamental-theorem-derivative/","worked-problem","false","high-confidence-inferred","REVIEW","lesson-footer","See a worked example","",""
"textbook-lesson.calc-1-unit-2a-derivative-foundations-techniques-differentiability-and-continuity","/subjects/math/calculus/derivatives/differentiability-and-continuity/","quick-explanation","article.resource-math-calculus-limits-continuity-continuity-at-a-point","/subjects/math/calculus/limits-continuity/continuity-at-a-point/","method-guide","false","high-confidence-inferred","REVIEW","lesson-footer","See a clear explanation","",""
"textbook-lesson.calc-1-unit-2a-derivative-foundations-techniques-differentiability-and-continuity","/subjects/math/calculus/derivatives/differentiability-and-continuity/","reference","glossary-term.glossary-resource-continuity","/glossary/math/continuity/","glossary-term","false","high-confidence-inferred","REVIEW","lesson-footer","Review the definition","",""
"textbook-lesson.calc-1-unit-2a-derivative-foundations-techniques-exponential-e","/subjects/math/calculus/derivatives/exponential-e/","quick-explanation","article.resource-math-calculus-derivative-applications-curve-sketching-from-derivatives","/subjects/math/calculus/derivative-applications/curve-sketching-from-derivatives/","method-guide","false","high-confidence-inferred","REVIEW","lesson-footer","See a clear explanation","",""
"textbook-lesson.calc-1-unit-2a-derivative-foundations-techniques-exponential-e","/subjects/math/calculus/derivatives/exponential-e/","reference","glossary-term.glossary-resource-antiderivative","/glossary/math/antiderivative/","glossary-term","false","high-confidence-inferred","REVIEW","lesson-footer","Review the definition","",""
"textbook-lesson.calc-1-unit-2a-derivative-foundations-techniques-exponential-e","/subjects/math/calculus/derivatives/exponential-e/","tool-or-visual","visual-guide.calculus-resource-derivative-rules-map","/subjects/math/calculus/visuals/derivative-rules-map/","visual-guide","false","high-confidence-inferred","REVIEW","lesson-footer","Use the tool or visual","",""
"textbook-lesson.calc-1-unit-2a-derivative-foundations-techniques-exponential-e","/subjects/math/calculus/derivatives/exponential-e/","worked-example","worked-problem.worked-problem-fundamental-theorem-derivative","/subjects/math/calculus/worked-problems/fundamental-theorem-derivative/","worked-problem","false","high-confidence-inferred","REVIEW","lesson-footer","See a worked example","",""
"textbook-lesson.calc-1-unit-2a-derivative-foundations-techniques-foundations-concept-quiz","/subjects/math/calculus/derivatives/foundations-concept-quiz/","quick-explanation","article.resource-math-calculus-derivative-applications-curve-sketching-from-derivatives","/subjects/math/calculus/derivative-applications/curve-sketching-from-derivatives/","method-guide","false","high-confidence-inferred","REVIEW","lesson-footer","See a clear explanation","",""
"textbook-lesson.calc-1-unit-2a-derivative-foundations-techniques-foundations-concept-quiz","/subjects/math/calculus/derivatives/foundations-concept-quiz/","reference","glossary-term.glossary-resource-antiderivative","/glossary/math/antiderivative/","glossary-term","false","high-confidence-inferred","REVIEW","lesson-footer","Review the definition","",""
"textbook-lesson.calc-1-unit-2a-derivative-foundations-techniques-foundations-concept-quiz","/subjects/math/calculus/derivatives/foundations-concept-quiz/","tool-or-visual","visual-guide.calculus-resource-derivative-rules-map","/subjects/math/calculus/visuals/derivative-rules-map/","visual-guide","false","high-confidence-inferred","REVIEW","lesson-footer","Use the tool or visual","",""
"textbook-lesson.calc-1-unit-2a-derivative-foundations-techniques-foundations-concept-quiz","/subjects/math/calculus/derivatives/foundations-concept-quiz/","worked-example","worked-problem.worked-problem-fundamental-theorem-derivative","/subjects/math/calculus/worked-problems/fundamental-theorem-derivative/","worked-problem","false","high-confidence-inferred","REVIEW","lesson-footer","See a worked example","",""
"textbook-lesson.calc-1-unit-2a-derivative-foundations-techniques-foundations-review","/subjects/math/calculus/derivatives/foundations-review/","quick-explanation","article.resource-math-calculus-derivative-applications-curve-sketching-from-derivatives","/subjects/math/calculus/derivative-applications/curve-sketching-from-derivatives/","method-guide","false","high-confidence-inferred","REVIEW","lesson-footer","See a clear explanation","",""
"textbook-lesson.calc-1-unit-2a-derivative-foundations-techniques-foundations-review","/subjects/math/calculus/derivatives/foundations-review/","reference","glossary-term.glossary-resource-antiderivative","/glossary/math/antiderivative/","glossary-term","false","high-confidence-inferred","REVIEW","lesson-footer","Review the definition","",""
"textbook-lesson.calc-1-unit-2a-derivative-foundations-techniques-foundations-review","/subjects/math/calculus/derivatives/foundations-review/","tool-or-visual","visual-guide.calculus-resource-derivative-rules-map","/subjects/math/calculus/visuals/derivative-rules-map/","visual-guide","false","high-confidence-inferred","REVIEW","lesson-footer","Use the tool or visual","",""
"textbook-lesson.calc-1-unit-2a-derivative-foundations-techniques-foundations-review","/subjects/math/calculus/derivatives/foundations-review/","worked-example","worked-problem.worked-problem-fundamental-theorem-derivative","/subjects/math/calculus/worked-problems/fundamental-theorem-derivative/","worked-problem","false","high-confidence-inferred","REVIEW","lesson-footer","See a worked example","",""
"textbook-lesson.calc-1-unit-2a-derivative-foundations-techniques-from-graphs-and-tables","/subjects/math/calculus/derivatives/from-graphs-and-tables/","quick-explanation","article.resource-math-calculus-derivative-applications-curve-sketching-from-derivatives","/subjects/math/calculus/derivative-applications/curve-sketching-from-derivatives/","method-guide","false","high-confidence-inferred","REVIEW","lesson-footer","See a clear explanation","",""
"textbook-lesson.calc-1-unit-2a-derivative-foundations-techniques-from-graphs-and-tables","/subjects/math/calculus/derivatives/from-graphs-and-tables/","reference","glossary-term.glossary-resource-antiderivative","/glossary/math/antiderivative/","glossary-term","false","high-confidence-inferred","REVIEW","lesson-footer","Review the definition","",""
"textbook-lesson.calc-1-unit-2a-derivative-foundations-techniques-from-graphs-and-tables","/subjects/math/calculus/derivatives/from-graphs-and-tables/","tool-or-visual","visual-guide.calculus-resource-derivative-rules-map","/subjects/math/calculus/visuals/derivative-rules-map/","visual-guide","false","high-confidence-inferred","REVIEW","lesson-footer","Use the tool or visual","",""
"textbook-lesson.calc-1-unit-2a-derivative-foundations-techniques-from-graphs-and-tables","/subjects/math/calculus/derivatives/from-graphs-and-tables/","worked-example","worked-problem.worked-problem-fundamental-theorem-derivative","/subjects/math/calculus/worked-problems/fundamental-theorem-derivative/","worked-problem","false","high-confidence-inferred","REVIEW","lesson-footer","See a worked example","",""
"textbook-lesson.calc-1-unit-2a-derivative-foundations-techniques-general-exponential","/subjects/math/calculus/derivatives/general-exponential/","quick-explanation","article.resource-math-calculus-derivative-applications-curve-sketching-from-derivatives","/subjects/math/calculus/derivative-applications/curve-sketching-from-derivatives/","method-guide","false","high-confidence-inferred","REVIEW","lesson-footer","See a clear explanation","",""
"textbook-lesson.calc-1-unit-2a-derivative-foundations-techniques-general-exponential","/subjects/math/calculus/derivatives/general-exponential/","reference","glossary-term.glossary-resource-antiderivative","/glossary/math/antiderivative/","glossary-term","false","high-confidence-inferred","REVIEW","lesson-footer","Review the definition","",""
"textbook-lesson.calc-1-unit-2a-derivative-foundations-techniques-general-exponential","/subjects/math/calculus/derivatives/general-exponential/","tool-or-visual","visual-guide.calculus-resource-derivative-rules-map","/subjects/math/calculus/visuals/derivative-rules-map/","visual-guide","false","high-confidence-inferred","REVIEW","lesson-footer","Use the tool or visual","",""
"textbook-lesson.calc-1-unit-2a-derivative-foundations-techniques-general-exponential","/subjects/math/calculus/derivatives/general-exponential/","worked-example","worked-problem.worked-problem-fundamental-theorem-derivative","/subjects/math/calculus/worked-problems/fundamental-theorem-derivative/","worked-problem","false","high-confidence-inferred","REVIEW","lesson-footer","See a worked example","",""
"textbook-lesson.calc-1-unit-2a-derivative-foundations-techniques-general-logarithms","/subjects/math/calculus/derivatives/general-logarithms/","quick-explanation","article.resource-math-calculus-derivative-applications-curve-sketching-from-derivatives","/subjects/math/calculus/derivative-applications/curve-sketching-from-derivatives/","method-guide","false","high-confidence-inferred","REVIEW","lesson-footer","See a clear explanation","",""
"textbook-lesson.calc-1-unit-2a-derivative-foundations-techniques-general-logarithms","/subjects/math/calculus/derivatives/general-logarithms/","reference","glossary-term.glossary-resource-antiderivative","/glossary/math/antiderivative/","glossary-term","false","high-confidence-inferred","REVIEW","lesson-footer","Review the definition","",""
"textbook-lesson.calc-1-unit-2a-derivative-foundations-techniques-general-logarithms","/subjects/math/calculus/derivatives/general-logarithms/","tool-or-visual","visual-guide.calculus-resource-derivative-rules-map","/subjects/math/calculus/visuals/derivative-rules-map/","visual-guide","false","high-confidence-inferred","REVIEW","lesson-footer","Use the tool or visual","",""
"textbook-lesson.calc-1-unit-2a-derivative-foundations-techniques-general-logarithms","/subjects/math/calculus/derivatives/general-logarithms/","worked-example","worked-problem.worked-problem-fundamental-theorem-derivative","/subjects/math/calculus/worked-problems/fundamental-theorem-derivative/","worked-problem","false","high-confidence-inferred","REVIEW","lesson-footer","See a worked example","",""
"textbook-lesson.calc-1-unit-2a-derivative-foundations-techniques-higher-derivative-techniques","/subjects/math/calculus/derivatives/higher-derivative-techniques/","quick-explanation","article.resource-math-calculus-derivative-applications-curve-sketching-from-derivatives","/subjects/math/calculus/derivative-applications/curve-sketching-from-derivatives/","method-guide","false","high-confidence-inferred","REVIEW","lesson-footer","See a clear explanation","",""
"textbook-lesson.calc-1-unit-2a-derivative-foundations-techniques-higher-derivative-techniques","/subjects/math/calculus/derivatives/higher-derivative-techniques/","reference","glossary-term.glossary-resource-antiderivative","/glossary/math/antiderivative/","glossary-term","false","high-confidence-inferred","REVIEW","lesson-footer","Review the definition","",""
"textbook-lesson.calc-1-unit-2a-derivative-foundations-techniques-higher-derivative-techniques","/subjects/math/calculus/derivatives/higher-derivative-techniques/","tool-or-visual","visual-guide.calculus-resource-derivative-rules-map","/subjects/math/calculus/visuals/derivative-rules-map/","visual-guide","false","high-confidence-inferred","REVIEW","lesson-footer","Use the tool or visual","",""
"textbook-lesson.calc-1-unit-2a-derivative-foundations-techniques-higher-derivative-techniques","/subjects/math/calculus/derivatives/higher-derivative-techniques/","worked-example","worked-problem.worked-problem-fundamental-theorem-derivative","/subjects/math/calculus/worked-problems/fundamental-theorem-derivative/","worked-problem","false","high-confidence-inferred","REVIEW","lesson-footer","See a worked example","",""
"textbook-lesson.calc-1-unit-2a-derivative-foundations-techniques-higher-derivatives","/subjects/math/calculus/derivatives/higher-derivatives/","quick-explanation","article.resource-math-calculus-derivative-applications-curve-sketching-from-derivatives","/subjects/math/calculus/derivative-applications/curve-sketching-from-derivatives/","method-guide","false","high-confidence-inferred","REVIEW","lesson-footer","See a clear explanation","",""
"textbook-lesson.calc-1-unit-2a-derivative-foundations-techniques-higher-derivatives","/subjects/math/calculus/derivatives/higher-derivatives/","reference","glossary-term.glossary-resource-antiderivative","/glossary/math/antiderivative/","glossary-term","false","high-confidence-inferred","REVIEW","lesson-footer","Review the definition","",""
"textbook-lesson.calc-1-unit-2a-derivative-foundations-techniques-higher-derivatives","/subjects/math/calculus/derivatives/higher-derivatives/","tool-or-visual","visual-guide.calculus-resource-derivative-rules-map","/subjects/math/calculus/visuals/derivative-rules-map/","visual-guide","false","high-confidence-inferred","REVIEW","lesson-footer","Use the tool or visual","",""
"textbook-lesson.calc-1-unit-2a-derivative-foundations-techniques-higher-derivatives","/subjects/math/calculus/derivatives/higher-derivatives/","worked-example","worked-problem.worked-problem-fundamental-theorem-derivative","/subjects/math/calculus/worked-problems/fundamental-theorem-derivative/","worked-problem","false","high-confidence-inferred","REVIEW","lesson-footer","See a worked example","",""
"textbook-lesson.calc-1-unit-2a-derivative-foundations-techniques-implicit-differentiation","/subjects/math/calculus/derivatives/implicit-differentiation/","quick-explanation","article.resource-math-calculus-derivative-applications-curve-sketching-from-derivatives","/subjects/math/calculus/derivative-applications/curve-sketching-from-derivatives/","method-guide","false","high-confidence-inferred","REVIEW","lesson-footer","See a clear explanation","",""
"textbook-lesson.calc-1-unit-2a-derivative-foundations-techniques-implicit-differentiation","/subjects/math/calculus/derivatives/implicit-differentiation/","reference","glossary-term.glossary-resource-antiderivative","/glossary/math/antiderivative/","glossary-term","false","high-confidence-inferred","REVIEW","lesson-footer","Review the definition","",""
"textbook-lesson.calc-1-unit-2a-derivative-foundations-techniques-implicit-differentiation","/subjects/math/calculus/derivatives/implicit-differentiation/","tool-or-visual","visual-guide.calculus-resource-derivative-rules-map","/subjects/math/calculus/visuals/derivative-rules-map/","visual-guide","false","high-confidence-inferred","REVIEW","lesson-footer","Use the tool or visual","",""
"textbook-lesson.calc-1-unit-2a-derivative-foundations-techniques-implicit-differentiation","/subjects/math/calculus/derivatives/implicit-differentiation/","worked-example","worked-problem.worked-problem-fundamental-theorem-derivative","/subjects/math/calculus/worked-problems/fundamental-theorem-derivative/","worked-problem","false","high-confidence-inferred","REVIEW","lesson-footer","See a worked example","",""
"textbook-lesson.calc-1-unit-2a-derivative-foundations-techniques-implicit-inverse-concept-quiz","/subjects/math/calculus/derivatives/implicit-inverse-concept-quiz/","quick-explanation","article.resource-math-calculus-derivative-applications-curve-sketching-from-derivatives","/subjects/math/calculus/derivative-applications/curve-sketching-from-derivatives/","method-guide","false","high-confidence-inferred","REVIEW","lesson-footer","See a clear explanation","",""
"textbook-lesson.calc-1-unit-2a-derivative-foundations-techniques-implicit-inverse-concept-quiz","/subjects/math/calculus/derivatives/implicit-inverse-concept-quiz/","reference","glossary-term.glossary-resource-antiderivative","/glossary/math/antiderivative/","glossary-term","false","high-confidence-inferred","REVIEW","lesson-footer","Review the definition","",""
"textbook-lesson.calc-1-unit-2a-derivative-foundations-techniques-implicit-inverse-concept-quiz","/subjects/math/calculus/derivatives/implicit-inverse-concept-quiz/","tool-or-visual","visual-guide.calculus-resource-derivative-rules-map","/subjects/math/calculus/visuals/derivative-rules-map/","visual-guide","false","high-confidence-inferred","REVIEW","lesson-footer","Use the tool or visual","",""
"textbook-lesson.calc-1-unit-2a-derivative-foundations-techniques-implicit-inverse-concept-quiz","/subjects/math/calculus/derivatives/implicit-inverse-concept-quiz/","worked-example","worked-problem.worked-problem-fundamental-theorem-derivative","/subjects/math/calculus/worked-problems/fundamental-theorem-derivative/","worked-problem","false","high-confidence-inferred","REVIEW","lesson-footer","See a worked example","",""
"textbook-lesson.calc-1-unit-2a-derivative-foundations-techniques-implicit-inverse-review","/subjects/math/calculus/derivatives/implicit-inverse-review/","quick-explanation","article.resource-math-calculus-derivative-applications-curve-sketching-from-derivatives","/subjects/math/calculus/derivative-applications/curve-sketching-from-derivatives/","method-guide","false","high-confidence-inferred","REVIEW","lesson-footer","See a clear explanation","",""
"textbook-lesson.calc-1-unit-2a-derivative-foundations-techniques-implicit-inverse-review","/subjects/math/calculus/derivatives/implicit-inverse-review/","reference","glossary-term.glossary-resource-antiderivative","/glossary/math/antiderivative/","glossary-term","false","high-confidence-inferred","REVIEW","lesson-footer","Review the definition","",""
"textbook-lesson.calc-1-unit-2a-derivative-foundations-techniques-implicit-inverse-review","/subjects/math/calculus/derivatives/implicit-inverse-review/","tool-or-visual","visual-guide.calculus-resource-derivative-rules-map","/subjects/math/calculus/visuals/derivative-rules-map/","visual-guide","false","high-confidence-inferred","REVIEW","lesson-footer","Use the tool or visual","",""
"textbook-lesson.calc-1-unit-2a-derivative-foundations-techniques-implicit-inverse-review","/subjects/math/calculus/derivatives/implicit-inverse-review/","worked-example","worked-problem.worked-problem-fundamental-theorem-derivative","/subjects/math/calculus/worked-problems/fundamental-theorem-derivative/","worked-problem","false","high-confidence-inferred","REVIEW","lesson-footer","See a worked example","",""
"textbook-lesson.calc-1-unit-2a-derivative-foundations-techniques-implicit-second-derivative","/subjects/math/calculus/derivatives/implicit-second-derivative/","quick-explanation","article.resource-math-calculus-derivative-applications-curve-sketching-from-derivatives","/subjects/math/calculus/derivative-applications/curve-sketching-from-derivatives/","method-guide","false","high-confidence-inferred","REVIEW","lesson-footer","See a clear explanation","",""
"textbook-lesson.calc-1-unit-2a-derivative-foundations-techniques-implicit-second-derivative","/subjects/math/calculus/derivatives/implicit-second-derivative/","reference","glossary-term.glossary-resource-antiderivative","/glossary/math/antiderivative/","glossary-term","false","high-confidence-inferred","REVIEW","lesson-footer","Review the definition","",""
"textbook-lesson.calc-1-unit-2a-derivative-foundations-techniques-implicit-second-derivative","/subjects/math/calculus/derivatives/implicit-second-derivative/","tool-or-visual","visual-guide.calculus-resource-derivative-rules-map","/subjects/math/calculus/visuals/derivative-rules-map/","visual-guide","false","high-confidence-inferred","REVIEW","lesson-footer","Use the tool or visual","",""
"textbook-lesson.calc-1-unit-2a-derivative-foundations-techniques-implicit-second-derivative","/subjects/math/calculus/derivatives/implicit-second-derivative/","worked-example","worked-problem.worked-problem-fundamental-theorem-derivative","/subjects/math/calculus/worked-problems/fundamental-theorem-derivative/","worked-problem","false","high-confidence-inferred","REVIEW","lesson-footer","See a worked example","",""
"textbook-lesson.calc-1-unit-2a-derivative-foundations-techniques-implicit-tangent-lines","/subjects/math/calculus/derivatives/implicit-tangent-lines/","quick-explanation","article.resource-math-calculus-derivative-applications-curve-sketching-from-derivatives","/subjects/math/calculus/derivative-applications/curve-sketching-from-derivatives/","method-guide","false","high-confidence-inferred","REVIEW","lesson-footer","See a clear explanation","",""
"textbook-lesson.calc-1-unit-2a-derivative-foundations-techniques-implicit-tangent-lines","/subjects/math/calculus/derivatives/implicit-tangent-lines/","reference","glossary-term.glossary-resource-antiderivative","/glossary/math/antiderivative/","glossary-term","false","high-confidence-inferred","REVIEW","lesson-footer","Review the definition","",""
"textbook-lesson.calc-1-unit-2a-derivative-foundations-techniques-implicit-tangent-lines","/subjects/math/calculus/derivatives/implicit-tangent-lines/","tool-or-visual","visual-guide.calculus-resource-derivative-rules-map","/subjects/math/calculus/visuals/derivative-rules-map/","visual-guide","false","high-confidence-inferred","REVIEW","lesson-footer","Use the tool or visual","",""
"textbook-lesson.calc-1-unit-2a-derivative-foundations-techniques-implicit-tangent-lines","/subjects/math/calculus/derivatives/implicit-tangent-lines/","worked-example","worked-problem.worked-problem-fundamental-theorem-derivative","/subjects/math/calculus/worked-problems/fundamental-theorem-derivative/","worked-problem","false","high-confidence-inferred","REVIEW","lesson-footer","See a worked example","",""
"textbook-lesson.calc-1-unit-2a-derivative-foundations-techniques-inverse-function-rule","/subjects/math/calculus/derivatives/inverse-function-rule/","quick-explanation","article.resource-math-calculus-derivative-applications-curve-sketching-from-derivatives","/subjects/math/calculus/derivative-applications/curve-sketching-from-derivatives/","method-guide","false","high-confidence-inferred","REVIEW","lesson-footer","See a clear explanation","",""
"textbook-lesson.calc-1-unit-2a-derivative-foundations-techniques-inverse-function-rule","/subjects/math/calculus/derivatives/inverse-function-rule/","reference","glossary-term.glossary-resource-antiderivative","/glossary/math/antiderivative/","glossary-term","false","high-confidence-inferred","REVIEW","lesson-footer","Review the definition","",""
"textbook-lesson.calc-1-unit-2a-derivative-foundations-techniques-inverse-function-rule","/subjects/math/calculus/derivatives/inverse-function-rule/","tool-or-visual","visual-guide.calculus-resource-derivative-rules-map","/subjects/math/calculus/visuals/derivative-rules-map/","visual-guide","false","high-confidence-inferred","REVIEW","lesson-footer","Use the tool or visual","",""
"textbook-lesson.calc-1-unit-2a-derivative-foundations-techniques-inverse-function-rule","/subjects/math/calculus/derivatives/inverse-function-rule/","worked-example","worked-problem.worked-problem-fundamental-theorem-derivative","/subjects/math/calculus/worked-problems/fundamental-theorem-derivative/","worked-problem","false","high-confidence-inferred","REVIEW","lesson-footer","See a worked example","",""
"textbook-lesson.calc-1-unit-2a-derivative-foundations-techniques-inverse-trig","/subjects/math/calculus/derivatives/inverse-trig/","quick-explanation","article.resource-math-calculus-derivative-applications-curve-sketching-from-derivatives","/subjects/math/calculus/derivative-applications/curve-sketching-from-derivatives/","method-guide","false","high-confidence-inferred","REVIEW","lesson-footer","See a clear explanation","",""
"textbook-lesson.calc-1-unit-2a-derivative-foundations-techniques-inverse-trig","/subjects/math/calculus/derivatives/inverse-trig/","reference","glossary-term.glossary-resource-antiderivative","/glossary/math/antiderivative/","glossary-term","false","high-confidence-inferred","REVIEW","lesson-footer","Review the definition","",""
"textbook-lesson.calc-1-unit-2a-derivative-foundations-techniques-inverse-trig","/subjects/math/calculus/derivatives/inverse-trig/","tool-or-visual","visual-guide.calculus-resource-derivative-rules-map","/subjects/math/calculus/visuals/derivative-rules-map/","visual-guide","false","high-confidence-inferred","REVIEW","lesson-footer","Use the tool or visual","",""
"textbook-lesson.calc-1-unit-2a-derivative-foundations-techniques-inverse-trig","/subjects/math/calculus/derivatives/inverse-trig/","worked-example","worked-problem.worked-problem-fundamental-theorem-derivative","/subjects/math/calculus/worked-problems/fundamental-theorem-derivative/","worked-problem","false","high-confidence-inferred","REVIEW","lesson-footer","See a worked example","",""
"textbook-lesson.calc-1-unit-2a-derivative-foundations-techniques-logarithmic-differentiation","/subjects/math/calculus/derivatives/logarithmic-differentiation/","quick-explanation","article.resource-math-calculus-derivative-applications-curve-sketching-from-derivatives","/subjects/math/calculus/derivative-applications/curve-sketching-from-derivatives/","method-guide","false","high-confidence-inferred","REVIEW","lesson-footer","See a clear explanation","",""
"textbook-lesson.calc-1-unit-2a-derivative-foundations-techniques-logarithmic-differentiation","/subjects/math/calculus/derivatives/logarithmic-differentiation/","reference","glossary-term.glossary-resource-antiderivative","/glossary/math/antiderivative/","glossary-term","false","high-confidence-inferred","REVIEW","lesson-footer","Review the definition","",""
"textbook-lesson.calc-1-unit-2a-derivative-foundations-techniques-logarithmic-differentiation","/subjects/math/calculus/derivatives/logarithmic-differentiation/","tool-or-visual","visual-guide.calculus-resource-derivative-rules-map","/subjects/math/calculus/visuals/derivative-rules-map/","visual-guide","false","high-confidence-inferred","REVIEW","lesson-footer","Use the tool or visual","",""
"textbook-lesson.calc-1-unit-2a-derivative-foundations-techniques-logarithmic-differentiation","/subjects/math/calculus/derivatives/logarithmic-differentiation/","worked-example","worked-problem.worked-problem-fundamental-theorem-derivative","/subjects/math/calculus/worked-problems/fundamental-theorem-derivative/","worked-problem","false","high-confidence-inferred","REVIEW","lesson-footer","See a worked example","",""
"textbook-lesson.calc-1-unit-2a-derivative-foundations-techniques-multiple-chain-layers","/subjects/math/calculus/derivatives/multiple-chain-layers/","quick-explanation","article.resource-math-calculus-derivative-applications-curve-sketching-from-derivatives","/subjects/math/calculus/derivative-applications/curve-sketching-from-derivatives/","method-guide","false","high-confidence-inferred","REVIEW","lesson-footer","See a clear explanation","",""
"textbook-lesson.calc-1-unit-2a-derivative-foundations-techniques-multiple-chain-layers","/subjects/math/calculus/derivatives/multiple-chain-layers/","reference","glossary-term.glossary-resource-antiderivative","/glossary/math/antiderivative/","glossary-term","false","high-confidence-inferred","REVIEW","lesson-footer","Review the definition","",""
"textbook-lesson.calc-1-unit-2a-derivative-foundations-techniques-multiple-chain-layers","/subjects/math/calculus/derivatives/multiple-chain-layers/","tool-or-visual","visual-guide.calculus-resource-derivative-rules-map","/subjects/math/calculus/visuals/derivative-rules-map/","visual-guide","false","high-confidence-inferred","REVIEW","lesson-footer","Use the tool or visual","",""
"textbook-lesson.calc-1-unit-2a-derivative-foundations-techniques-multiple-chain-layers","/subjects/math/calculus/derivatives/multiple-chain-layers/","worked-example","worked-problem.worked-problem-fundamental-theorem-derivative","/subjects/math/calculus/worked-problems/fundamental-theorem-derivative/","worked-problem","false","high-confidence-inferred","REVIEW","lesson-footer","See a worked example","",""
"textbook-lesson.calc-1-unit-2a-derivative-foundations-techniques-natural-log","/subjects/math/calculus/derivatives/natural-log/","quick-explanation","article.resource-math-calculus-derivative-applications-curve-sketching-from-derivatives","/subjects/math/calculus/derivative-applications/curve-sketching-from-derivatives/","method-guide","false","high-confidence-inferred","REVIEW","lesson-footer","See a clear explanation","",""
"textbook-lesson.calc-1-unit-2a-derivative-foundations-techniques-natural-log","/subjects/math/calculus/derivatives/natural-log/","reference","glossary-term.glossary-resource-antiderivative","/glossary/math/antiderivative/","glossary-term","false","high-confidence-inferred","REVIEW","lesson-footer","Review the definition","",""
"textbook-lesson.calc-1-unit-2a-derivative-foundations-techniques-natural-log","/subjects/math/calculus/derivatives/natural-log/","tool-or-visual","visual-guide.calculus-resource-derivative-rules-map","/subjects/math/calculus/visuals/derivative-rules-map/","visual-guide","false","high-confidence-inferred","REVIEW","lesson-footer","Use the tool or visual","",""
"textbook-lesson.calc-1-unit-2a-derivative-foundations-techniques-natural-log","/subjects/math/calculus/derivatives/natural-log/","worked-example","worked-problem.worked-problem-fundamental-theorem-derivative","/subjects/math/calculus/worked-problems/fundamental-theorem-derivative/","worked-problem","false","high-confidence-inferred","REVIEW","lesson-footer","See a worked example","",""
"textbook-lesson.calc-1-unit-2a-derivative-foundations-techniques-negative-fractional-powers","/subjects/math/calculus/derivatives/negative-fractional-powers/","quick-explanation","article.resource-math-calculus-derivative-applications-curve-sketching-from-derivatives","/subjects/math/calculus/derivative-applications/curve-sketching-from-derivatives/","method-guide","false","high-confidence-inferred","REVIEW","lesson-footer","See a clear explanation","",""
"textbook-lesson.calc-1-unit-2a-derivative-foundations-techniques-negative-fractional-powers","/subjects/math/calculus/derivatives/negative-fractional-powers/","reference","glossary-term.glossary-resource-antiderivative","/glossary/math/antiderivative/","glossary-term","false","high-confidence-inferred","REVIEW","lesson-footer","Review the definition","",""
"textbook-lesson.calc-1-unit-2a-derivative-foundations-techniques-negative-fractional-powers","/subjects/math/calculus/derivatives/negative-fractional-powers/","tool-or-visual","visual-guide.calculus-resource-derivative-rules-map","/subjects/math/calculus/visuals/derivative-rules-map/","visual-guide","false","high-confidence-inferred","REVIEW","lesson-footer","Use the tool or visual","",""
"textbook-lesson.calc-1-unit-2a-derivative-foundations-techniques-negative-fractional-powers","/subjects/math/calculus/derivatives/negative-fractional-powers/","worked-example","worked-problem.worked-problem-fundamental-theorem-derivative","/subjects/math/calculus/worked-problems/fundamental-theorem-derivative/","worked-problem","false","high-confidence-inferred","REVIEW","lesson-footer","See a worked example","",""
"textbook-lesson.calc-1-unit-2a-derivative-foundations-techniques-notation-and-units","/subjects/math/calculus/derivatives/notation-and-units/","quick-explanation","article.resource-math-calculus-derivative-applications-curve-sketching-from-derivatives","/subjects/math/calculus/derivative-applications/curve-sketching-from-derivatives/","method-guide","false","high-confidence-inferred","REVIEW","lesson-footer","See a clear explanation","",""
"textbook-lesson.calc-1-unit-2a-derivative-foundations-techniques-notation-and-units","/subjects/math/calculus/derivatives/notation-and-units/","reference","glossary-term.glossary-resource-antiderivative","/glossary/math/antiderivative/","glossary-term","false","high-confidence-inferred","REVIEW","lesson-footer","Review the definition","",""
"textbook-lesson.calc-1-unit-2a-derivative-foundations-techniques-notation-and-units","/subjects/math/calculus/derivatives/notation-and-units/","tool-or-visual","visual-guide.calculus-resource-derivative-rules-map","/subjects/math/calculus/visuals/derivative-rules-map/","visual-guide","false","high-confidence-inferred","REVIEW","lesson-footer","Use the tool or visual","",""
"textbook-lesson.calc-1-unit-2a-derivative-foundations-techniques-notation-and-units","/subjects/math/calculus/derivatives/notation-and-units/","worked-example","worked-problem.worked-problem-fundamental-theorem-derivative","/subjects/math/calculus/worked-problems/fundamental-theorem-derivative/","worked-problem","false","high-confidence-inferred","REVIEW","lesson-footer","See a worked example","",""
"textbook-lesson.calc-1-unit-2a-derivative-foundations-techniques-notation-guide","/subjects/math/calculus/derivatives/notation-guide/","quick-explanation","article.resource-math-calculus-derivative-applications-curve-sketching-from-derivatives","/subjects/math/calculus/derivative-applications/curve-sketching-from-derivatives/","method-guide","false","high-confidence-inferred","REVIEW","lesson-footer","See a clear explanation","",""
"textbook-lesson.calc-1-unit-2a-derivative-foundations-techniques-notation-guide","/subjects/math/calculus/derivatives/notation-guide/","reference","glossary-term.glossary-resource-antiderivative","/glossary/math/antiderivative/","glossary-term","false","high-confidence-inferred","REVIEW","lesson-footer","Review the definition","",""
"textbook-lesson.calc-1-unit-2a-derivative-foundations-techniques-notation-guide","/subjects/math/calculus/derivatives/notation-guide/","tool-or-visual","visual-guide.calculus-resource-derivative-rules-map","/subjects/math/calculus/visuals/derivative-rules-map/","visual-guide","false","high-confidence-inferred","REVIEW","lesson-footer","Use the tool or visual","",""
"textbook-lesson.calc-1-unit-2a-derivative-foundations-techniques-notation-guide","/subjects/math/calculus/derivatives/notation-guide/","worked-example","worked-problem.worked-problem-fundamental-theorem-derivative","/subjects/math/calculus/worked-problems/fundamental-theorem-derivative/","worked-problem","false","high-confidence-inferred","REVIEW","lesson-footer","See a worked example","",""
"textbook-lesson.calc-1-unit-2a-derivative-foundations-techniques-other-trig-functions","/subjects/math/calculus/derivatives/other-trig-functions/","quick-explanation","article.resource-math-calculus-derivative-applications-curve-sketching-from-derivatives","/subjects/math/calculus/derivative-applications/curve-sketching-from-derivatives/","method-guide","false","high-confidence-inferred","REVIEW","lesson-footer","See a clear explanation","",""
"textbook-lesson.calc-1-unit-2a-derivative-foundations-techniques-other-trig-functions","/subjects/math/calculus/derivatives/other-trig-functions/","reference","glossary-term.glossary-resource-antiderivative","/glossary/math/antiderivative/","glossary-term","false","high-confidence-inferred","REVIEW","lesson-footer","Review the definition","",""
"textbook-lesson.calc-1-unit-2a-derivative-foundations-techniques-other-trig-functions","/subjects/math/calculus/derivatives/other-trig-functions/","tool-or-visual","visual-guide.calculus-resource-derivative-rules-map","/subjects/math/calculus/visuals/derivative-rules-map/","visual-guide","false","high-confidence-inferred","REVIEW","lesson-footer","Use the tool or visual","",""
"textbook-lesson.calc-1-unit-2a-derivative-foundations-techniques-other-trig-functions","/subjects/math/calculus/derivatives/other-trig-functions/","worked-example","worked-problem.worked-problem-fundamental-theorem-derivative","/subjects/math/calculus/worked-problems/fundamental-theorem-derivative/","worked-problem","false","high-confidence-inferred","REVIEW","lesson-footer","See a worked example","",""
"textbook-lesson.calc-1-unit-2a-derivative-foundations-techniques-power-rule","/subjects/math/calculus/derivatives/power-rule/","quick-explanation","article.resource-math-calculus-derivative-applications-curve-sketching-from-derivatives","/subjects/math/calculus/derivative-applications/curve-sketching-from-derivatives/","method-guide","false","high-confidence-inferred","REVIEW","lesson-footer","See a clear explanation","",""
"textbook-lesson.calc-1-unit-2a-derivative-foundations-techniques-power-rule","/subjects/math/calculus/derivatives/power-rule/","reference","glossary-term.glossary-resource-antiderivative","/glossary/math/antiderivative/","glossary-term","false","high-confidence-inferred","REVIEW","lesson-footer","Review the definition","",""
"textbook-lesson.calc-1-unit-2a-derivative-foundations-techniques-power-rule","/subjects/math/calculus/derivatives/power-rule/","tool-or-visual","visual-guide.calculus-resource-derivative-rules-map","/subjects/math/calculus/visuals/derivative-rules-map/","visual-guide","false","high-confidence-inferred","REVIEW","lesson-footer","Use the tool or visual","",""
"textbook-lesson.calc-1-unit-2a-derivative-foundations-techniques-power-rule","/subjects/math/calculus/derivatives/power-rule/","worked-example","worked-problem.worked-problem-fundamental-theorem-derivative","/subjects/math/calculus/worked-problems/fundamental-theorem-derivative/","worked-problem","false","high-confidence-inferred","REVIEW","lesson-footer","See a worked example","",""
"textbook-lesson.calc-1-unit-2a-derivative-foundations-techniques-practice-exam-a-answer-key","/subjects/math/calculus/derivatives/practice-exam-a-answer-key/","quick-explanation","article.resource-math-calculus-derivative-applications-curve-sketching-from-derivatives","/subjects/math/calculus/derivative-applications/curve-sketching-from-derivatives/","method-guide","false","high-confidence-inferred","REVIEW","lesson-footer","See a clear explanation","",""
"textbook-lesson.calc-1-unit-2a-derivative-foundations-techniques-practice-exam-a-answer-key","/subjects/math/calculus/derivatives/practice-exam-a-answer-key/","reference","glossary-term.glossary-resource-antiderivative","/glossary/math/antiderivative/","glossary-term","false","high-confidence-inferred","REVIEW","lesson-footer","Review the definition","",""
"textbook-lesson.calc-1-unit-2a-derivative-foundations-techniques-practice-exam-a-answer-key","/subjects/math/calculus/derivatives/practice-exam-a-answer-key/","tool-or-visual","visual-guide.calculus-resource-derivative-rules-map","/subjects/math/calculus/visuals/derivative-rules-map/","visual-guide","false","high-confidence-inferred","REVIEW","lesson-footer","Use the tool or visual","",""
"textbook-lesson.calc-1-unit-2a-derivative-foundations-techniques-practice-exam-a-answer-key","/subjects/math/calculus/derivatives/practice-exam-a-answer-key/","worked-example","worked-problem.worked-problem-fundamental-theorem-derivative","/subjects/math/calculus/worked-problems/fundamental-theorem-derivative/","worked-problem","false","high-confidence-inferred","REVIEW","lesson-footer","See a worked example","",""
"textbook-lesson.calc-1-unit-2a-derivative-foundations-techniques-practice-exam-b-answer-key","/subjects/math/calculus/derivatives/practice-exam-b-answer-key/","quick-explanation","article.resource-math-calculus-derivative-applications-curve-sketching-from-derivatives","/subjects/math/calculus/derivative-applications/curve-sketching-from-derivatives/","method-guide","false","high-confidence-inferred","REVIEW","lesson-footer","See a clear explanation","",""
"textbook-lesson.calc-1-unit-2a-derivative-foundations-techniques-practice-exam-b-answer-key","/subjects/math/calculus/derivatives/practice-exam-b-answer-key/","reference","glossary-term.glossary-resource-antiderivative","/glossary/math/antiderivative/","glossary-term","false","high-confidence-inferred","REVIEW","lesson-footer","Review the definition","",""
"textbook-lesson.calc-1-unit-2a-derivative-foundations-techniques-practice-exam-b-answer-key","/subjects/math/calculus/derivatives/practice-exam-b-answer-key/","tool-or-visual","visual-guide.calculus-resource-derivative-rules-map","/subjects/math/calculus/visuals/derivative-rules-map/","visual-guide","false","high-confidence-inferred","REVIEW","lesson-footer","Use the tool or visual","",""
"textbook-lesson.calc-1-unit-2a-derivative-foundations-techniques-practice-exam-b-answer-key","/subjects/math/calculus/derivatives/practice-exam-b-answer-key/","worked-example","worked-problem.worked-problem-fundamental-theorem-derivative","/subjects/math/calculus/worked-problems/fundamental-theorem-derivative/","worked-problem","false","high-confidence-inferred","REVIEW","lesson-footer","See a worked example","",""
"textbook-lesson.calc-1-unit-2a-derivative-foundations-techniques-prerequisite-diagnostic","/subjects/math/calculus/derivatives/prerequisite-diagnostic/","quick-explanation","article.resource-math-calculus-derivative-applications-curve-sketching-from-derivatives","/subjects/math/calculus/derivative-applications/curve-sketching-from-derivatives/","method-guide","false","high-confidence-inferred","REVIEW","lesson-footer","See a clear explanation","",""
"textbook-lesson.calc-1-unit-2a-derivative-foundations-techniques-prerequisite-diagnostic","/subjects/math/calculus/derivatives/prerequisite-diagnostic/","reference","glossary-term.glossary-resource-antiderivative","/glossary/math/antiderivative/","glossary-term","false","high-confidence-inferred","REVIEW","lesson-footer","Review the definition","",""
"textbook-lesson.calc-1-unit-2a-derivative-foundations-techniques-prerequisite-diagnostic","/subjects/math/calculus/derivatives/prerequisite-diagnostic/","tool-or-visual","visual-guide.calculus-resource-derivative-rules-map","/subjects/math/calculus/visuals/derivative-rules-map/","visual-guide","false","high-confidence-inferred","REVIEW","lesson-footer","Use the tool or visual","",""
"textbook-lesson.calc-1-unit-2a-derivative-foundations-techniques-prerequisite-diagnostic","/subjects/math/calculus/derivatives/prerequisite-diagnostic/","worked-example","worked-problem.worked-problem-fundamental-theorem-derivative","/subjects/math/calculus/worked-problems/fundamental-theorem-derivative/","worked-problem","false","high-confidence-inferred","REVIEW","lesson-footer","See a worked example","",""
"textbook-lesson.calc-1-unit-2a-derivative-foundations-techniques-product-rule","/subjects/math/calculus/derivatives/product-rule/","quick-explanation","article.resource-math-calculus-derivative-applications-curve-sketching-from-derivatives","/subjects/math/calculus/derivative-applications/curve-sketching-from-derivatives/","method-guide","false","high-confidence-inferred","REVIEW","lesson-footer","See a clear explanation","",""
"textbook-lesson.calc-1-unit-2a-derivative-foundations-techniques-product-rule","/subjects/math/calculus/derivatives/product-rule/","reference","glossary-term.glossary-resource-antiderivative","/glossary/math/antiderivative/","glossary-term","false","high-confidence-inferred","REVIEW","lesson-footer","Review the definition","",""
"textbook-lesson.calc-1-unit-2a-derivative-foundations-techniques-product-rule","/subjects/math/calculus/derivatives/product-rule/","tool-or-visual","visual-guide.calculus-resource-derivative-rules-map","/subjects/math/calculus/visuals/derivative-rules-map/","visual-guide","false","high-confidence-inferred","REVIEW","lesson-footer","Use the tool or visual","",""
"textbook-lesson.calc-1-unit-2a-derivative-foundations-techniques-product-rule","/subjects/math/calculus/derivatives/product-rule/","worked-example","worked-problem.worked-problem-fundamental-theorem-derivative","/subjects/math/calculus/worked-problems/fundamental-theorem-derivative/","worked-problem","false","high-confidence-inferred","REVIEW","lesson-footer","See a worked example","",""
"textbook-lesson.calc-1-unit-2a-derivative-foundations-techniques-quotient-rule","/subjects/math/calculus/derivatives/quotient-rule/","quick-explanation","article.resource-math-calculus-derivative-applications-curve-sketching-from-derivatives","/subjects/math/calculus/derivative-applications/curve-sketching-from-derivatives/","method-guide","false","high-confidence-inferred","REVIEW","lesson-footer","See a clear explanation","",""
"textbook-lesson.calc-1-unit-2a-derivative-foundations-techniques-quotient-rule","/subjects/math/calculus/derivatives/quotient-rule/","reference","glossary-term.glossary-resource-antiderivative","/glossary/math/antiderivative/","glossary-term","false","high-confidence-inferred","REVIEW","lesson-footer","Review the definition","",""
"textbook-lesson.calc-1-unit-2a-derivative-foundations-techniques-quotient-rule","/subjects/math/calculus/derivatives/quotient-rule/","tool-or-visual","visual-guide.calculus-resource-derivative-rules-map","/subjects/math/calculus/visuals/derivative-rules-map/","visual-guide","false","high-confidence-inferred","REVIEW","lesson-footer","Use the tool or visual","",""
"textbook-lesson.calc-1-unit-2a-derivative-foundations-techniques-quotient-rule","/subjects/math/calculus/derivatives/quotient-rule/","worked-example","worked-problem.worked-problem-fundamental-theorem-derivative","/subjects/math/calculus/worked-problems/fundamental-theorem-derivative/","worked-problem","false","high-confidence-inferred","REVIEW","lesson-footer","See a worked example","",""
"textbook-lesson.calc-1-unit-2a-derivative-foundations-techniques-rule-selection","/subjects/math/calculus/derivatives/rule-selection/","quick-explanation","article.resource-math-calculus-derivative-applications-curve-sketching-from-derivatives","/subjects/math/calculus/derivative-applications/curve-sketching-from-derivatives/","method-guide","false","high-confidence-inferred","REVIEW","lesson-footer","See a clear explanation","",""
"textbook-lesson.calc-1-unit-2a-derivative-foundations-techniques-rule-selection","/subjects/math/calculus/derivatives/rule-selection/","reference","glossary-term.glossary-resource-antiderivative","/glossary/math/antiderivative/","glossary-term","false","high-confidence-inferred","REVIEW","lesson-footer","Review the definition","",""
"textbook-lesson.calc-1-unit-2a-derivative-foundations-techniques-rule-selection","/subjects/math/calculus/derivatives/rule-selection/","tool-or-visual","visual-guide.calculus-resource-derivative-rules-map","/subjects/math/calculus/visuals/derivative-rules-map/","visual-guide","false","high-confidence-inferred","REVIEW","lesson-footer","Use the tool or visual","",""
"textbook-lesson.calc-1-unit-2a-derivative-foundations-techniques-rule-selection","/subjects/math/calculus/derivatives/rule-selection/","worked-example","worked-problem.worked-problem-fundamental-theorem-derivative","/subjects/math/calculus/worked-problems/fundamental-theorem-derivative/","worked-problem","false","high-confidence-inferred","REVIEW","lesson-footer","See a worked example","",""
"textbook-lesson.calc-1-unit-2a-derivative-foundations-techniques-sine-and-cosine","/subjects/math/calculus/derivatives/sine-and-cosine/","quick-explanation","article.resource-math-calculus-derivative-applications-curve-sketching-from-derivatives","/subjects/math/calculus/derivative-applications/curve-sketching-from-derivatives/","method-guide","false","high-confidence-inferred","REVIEW","lesson-footer","See a clear explanation","",""
"textbook-lesson.calc-1-unit-2a-derivative-foundations-techniques-sine-and-cosine","/subjects/math/calculus/derivatives/sine-and-cosine/","reference","glossary-term.glossary-resource-antiderivative","/glossary/math/antiderivative/","glossary-term","false","high-confidence-inferred","REVIEW","lesson-footer","Review the definition","",""
"textbook-lesson.calc-1-unit-2a-derivative-foundations-techniques-sine-and-cosine","/subjects/math/calculus/derivatives/sine-and-cosine/","tool-or-visual","visual-guide.calculus-resource-derivative-rules-map","/subjects/math/calculus/visuals/derivative-rules-map/","visual-guide","false","high-confidence-inferred","REVIEW","lesson-footer","Use the tool or visual","",""
"textbook-lesson.calc-1-unit-2a-derivative-foundations-techniques-sine-and-cosine","/subjects/math/calculus/derivatives/sine-and-cosine/","worked-example","worked-problem.worked-problem-fundamental-theorem-derivative","/subjects/math/calculus/worked-problems/fundamental-theorem-derivative/","worked-problem","false","high-confidence-inferred","REVIEW","lesson-footer","See a worked example","",""
"textbook-lesson.calc-1-unit-2a-derivative-foundations-techniques-special-functions-concept-quiz","/subjects/math/calculus/derivatives/special-functions-concept-quiz/","quick-explanation","article.resource-math-calculus-derivative-applications-curve-sketching-from-derivatives","/subjects/math/calculus/derivative-applications/curve-sketching-from-derivatives/","method-guide","false","high-confidence-inferred","REVIEW","lesson-footer","See a clear explanation","",""
"textbook-lesson.calc-1-unit-2a-derivative-foundations-techniques-special-functions-concept-quiz","/subjects/math/calculus/derivatives/special-functions-concept-quiz/","reference","glossary-term.glossary-resource-antiderivative","/glossary/math/antiderivative/","glossary-term","false","high-confidence-inferred","REVIEW","lesson-footer","Review the definition","",""
"textbook-lesson.calc-1-unit-2a-derivative-foundations-techniques-special-functions-concept-quiz","/subjects/math/calculus/derivatives/special-functions-concept-quiz/","tool-or-visual","visual-guide.calculus-resource-derivative-rules-map","/subjects/math/calculus/visuals/derivative-rules-map/","visual-guide","false","high-confidence-inferred","REVIEW","lesson-footer","Use the tool or visual","",""
"textbook-lesson.calc-1-unit-2a-derivative-foundations-techniques-special-functions-concept-quiz","/subjects/math/calculus/derivatives/special-functions-concept-quiz/","worked-example","worked-problem.worked-problem-fundamental-theorem-derivative","/subjects/math/calculus/worked-problems/fundamental-theorem-derivative/","worked-problem","false","high-confidence-inferred","REVIEW","lesson-footer","See a worked example","",""
"textbook-lesson.calc-1-unit-2a-derivative-foundations-techniques-special-functions-review","/subjects/math/calculus/derivatives/special-functions-review/","quick-explanation","article.resource-math-calculus-derivative-applications-curve-sketching-from-derivatives","/subjects/math/calculus/derivative-applications/curve-sketching-from-derivatives/","method-guide","false","high-confidence-inferred","REVIEW","lesson-footer","See a clear explanation","",""
"textbook-lesson.calc-1-unit-2a-derivative-foundations-techniques-special-functions-review","/subjects/math/calculus/derivatives/special-functions-review/","reference","glossary-term.glossary-resource-antiderivative","/glossary/math/antiderivative/","glossary-term","false","high-confidence-inferred","REVIEW","lesson-footer","Review the definition","",""
"textbook-lesson.calc-1-unit-2a-derivative-foundations-techniques-special-functions-review","/subjects/math/calculus/derivatives/special-functions-review/","tool-or-visual","visual-guide.calculus-resource-derivative-rules-map","/subjects/math/calculus/visuals/derivative-rules-map/","visual-guide","false","high-confidence-inferred","REVIEW","lesson-footer","Use the tool or visual","",""
"textbook-lesson.calc-1-unit-2a-derivative-foundations-techniques-special-functions-review","/subjects/math/calculus/derivatives/special-functions-review/","worked-example","worked-problem.worked-problem-fundamental-theorem-derivative","/subjects/math/calculus/worked-problems/fundamental-theorem-derivative/","worked-problem","false","high-confidence-inferred","REVIEW","lesson-footer","See a worked example","",""
"textbook-lesson.calc-1-unit-2a-derivative-foundations-techniques-sum-and-constant-multiple-rules","/subjects/math/calculus/derivatives/sum-and-constant-multiple-rules/","quick-explanation","article.resource-math-calculus-derivative-applications-curve-sketching-from-derivatives","/subjects/math/calculus/derivative-applications/curve-sketching-from-derivatives/","method-guide","false","high-confidence-inferred","REVIEW","lesson-footer","See a clear explanation","",""
"textbook-lesson.calc-1-unit-2a-derivative-foundations-techniques-sum-and-constant-multiple-rules","/subjects/math/calculus/derivatives/sum-and-constant-multiple-rules/","reference","glossary-term.glossary-resource-antiderivative","/glossary/math/antiderivative/","glossary-term","false","high-confidence-inferred","REVIEW","lesson-footer","Review the definition","",""
"textbook-lesson.calc-1-unit-2a-derivative-foundations-techniques-sum-and-constant-multiple-rules","/subjects/math/calculus/derivatives/sum-and-constant-multiple-rules/","tool-or-visual","visual-guide.calculus-resource-derivative-rules-map","/subjects/math/calculus/visuals/derivative-rules-map/","visual-guide","false","high-confidence-inferred","REVIEW","lesson-footer","Use the tool or visual","",""
"textbook-lesson.calc-1-unit-2a-derivative-foundations-techniques-sum-and-constant-multiple-rules","/subjects/math/calculus/derivatives/sum-and-constant-multiple-rules/","worked-example","worked-problem.worked-problem-fundamental-theorem-derivative","/subjects/math/calculus/worked-problems/fundamental-theorem-derivative/","worked-problem","false","high-confidence-inferred","REVIEW","lesson-footer","See a worked example","",""
"textbook-lesson.calc-1-unit-2a-derivative-foundations-techniques-tangent-line-equation","/subjects/math/calculus/derivatives/tangent-line-equation/","quick-explanation","article.resource-math-calculus-derivative-applications-curve-sketching-from-derivatives","/subjects/math/calculus/derivative-applications/curve-sketching-from-derivatives/","method-guide","false","high-confidence-inferred","REVIEW","lesson-footer","See a clear explanation","",""
"textbook-lesson.calc-1-unit-2a-derivative-foundations-techniques-tangent-line-equation","/subjects/math/calculus/derivatives/tangent-line-equation/","reference","glossary-term.glossary-resource-antiderivative","/glossary/math/antiderivative/","glossary-term","false","high-confidence-inferred","REVIEW","lesson-footer","Review the definition","",""
"textbook-lesson.calc-1-unit-2a-derivative-foundations-techniques-tangent-line-equation","/subjects/math/calculus/derivatives/tangent-line-equation/","tool-or-visual","visual-guide.calculus-resource-derivative-rules-map","/subjects/math/calculus/visuals/derivative-rules-map/","visual-guide","false","high-confidence-inferred","REVIEW","lesson-footer","Use the tool or visual","",""
"textbook-lesson.calc-1-unit-2a-derivative-foundations-techniques-tangent-line-equation","/subjects/math/calculus/derivatives/tangent-line-equation/","worked-example","worked-problem.worked-problem-fundamental-theorem-derivative","/subjects/math/calculus/worked-problems/fundamental-theorem-derivative/","worked-problem","false","high-confidence-inferred","REVIEW","lesson-footer","See a worked example","",""
"textbook-lesson.calc-1-unit-2a-derivative-foundations-techniques-unit-2a-common-errors","/subjects/math/calculus/derivatives/unit-2a-common-errors/","quick-explanation","article.resource-math-calculus-derivative-applications-curve-sketching-from-derivatives","/subjects/math/calculus/derivative-applications/curve-sketching-from-derivatives/","method-guide","false","high-confidence-inferred","REVIEW","lesson-footer","See a clear explanation","",""
"textbook-lesson.calc-1-unit-2a-derivative-foundations-techniques-unit-2a-common-errors","/subjects/math/calculus/derivatives/unit-2a-common-errors/","reference","glossary-term.glossary-resource-antiderivative","/glossary/math/antiderivative/","glossary-term","false","high-confidence-inferred","REVIEW","lesson-footer","Review the definition","",""
"textbook-lesson.calc-1-unit-2a-derivative-foundations-techniques-unit-2a-common-errors","/subjects/math/calculus/derivatives/unit-2a-common-errors/","tool-or-visual","visual-guide.calculus-resource-derivative-rules-map","/subjects/math/calculus/visuals/derivative-rules-map/","visual-guide","false","high-confidence-inferred","REVIEW","lesson-footer","Use the tool or visual","",""
"textbook-lesson.calc-1-unit-2a-derivative-foundations-techniques-unit-2a-common-errors","/subjects/math/calculus/derivatives/unit-2a-common-errors/","worked-example","worked-problem.worked-problem-fundamental-theorem-derivative","/subjects/math/calculus/worked-problems/fundamental-theorem-derivative/","worked-problem","false","high-confidence-inferred","REVIEW","lesson-footer","See a worked example","",""
"textbook-lesson.calc-1-unit-2a-derivative-foundations-techniques-unit-2a-cumulative-practice","/subjects/math/calculus/derivatives/unit-2a-cumulative-practice/","quick-explanation","article.resource-math-calculus-derivative-applications-curve-sketching-from-derivatives","/subjects/math/calculus/derivative-applications/curve-sketching-from-derivatives/","method-guide","false","high-confidence-inferred","REVIEW","lesson-footer","See a clear explanation","",""
"textbook-lesson.calc-1-unit-2a-derivative-foundations-techniques-unit-2a-cumulative-practice","/subjects/math/calculus/derivatives/unit-2a-cumulative-practice/","reference","glossary-term.glossary-resource-antiderivative","/glossary/math/antiderivative/","glossary-term","false","high-confidence-inferred","REVIEW","lesson-footer","Review the definition","",""
"textbook-lesson.calc-1-unit-2a-derivative-foundations-techniques-unit-2a-cumulative-practice","/subjects/math/calculus/derivatives/unit-2a-cumulative-practice/","tool-or-visual","visual-guide.calculus-resource-derivative-rules-map","/subjects/math/calculus/visuals/derivative-rules-map/","visual-guide","false","high-confidence-inferred","REVIEW","lesson-footer","Use the tool or visual","",""
"textbook-lesson.calc-1-unit-2a-derivative-foundations-techniques-unit-2a-cumulative-practice","/subjects/math/calculus/derivatives/unit-2a-cumulative-practice/","worked-example","worked-problem.worked-problem-fundamental-theorem-derivative","/subjects/math/calculus/worked-problems/fundamental-theorem-derivative/","worked-problem","false","high-confidence-inferred","REVIEW","lesson-footer","See a worked example","",""
"textbook-lesson.calc-1-unit-2a-derivative-foundations-techniques-unit-2a-practice-exam-a","/subjects/math/calculus/derivatives/unit-2a-practice-exam-a/","quick-explanation","article.resource-math-calculus-derivative-applications-curve-sketching-from-derivatives","/subjects/math/calculus/derivative-applications/curve-sketching-from-derivatives/","method-guide","false","high-confidence-inferred","REVIEW","lesson-footer","See a clear explanation","",""
"textbook-lesson.calc-1-unit-2a-derivative-foundations-techniques-unit-2a-practice-exam-a","/subjects/math/calculus/derivatives/unit-2a-practice-exam-a/","reference","glossary-term.glossary-resource-antiderivative","/glossary/math/antiderivative/","glossary-term","false","high-confidence-inferred","REVIEW","lesson-footer","Review the definition","",""
"textbook-lesson.calc-1-unit-2a-derivative-foundations-techniques-unit-2a-practice-exam-a","/subjects/math/calculus/derivatives/unit-2a-practice-exam-a/","tool-or-visual","visual-guide.calculus-resource-derivative-rules-map","/subjects/math/calculus/visuals/derivative-rules-map/","visual-guide","false","high-confidence-inferred","REVIEW","lesson-footer","Use the tool or visual","",""
"textbook-lesson.calc-1-unit-2a-derivative-foundations-techniques-unit-2a-practice-exam-a","/subjects/math/calculus/derivatives/unit-2a-practice-exam-a/","worked-example","worked-problem.worked-problem-fundamental-theorem-derivative","/subjects/math/calculus/worked-problems/fundamental-theorem-derivative/","worked-problem","false","high-confidence-inferred","REVIEW","lesson-footer","See a worked example","",""
"textbook-lesson.calc-1-unit-2a-derivative-foundations-techniques-unit-2a-practice-exam-b","/subjects/math/calculus/derivatives/unit-2a-practice-exam-b/","quick-explanation","article.resource-math-calculus-derivative-applications-curve-sketching-from-derivatives","/subjects/math/calculus/derivative-applications/curve-sketching-from-derivatives/","method-guide","false","high-confidence-inferred","REVIEW","lesson-footer","See a clear explanation","",""
"textbook-lesson.calc-1-unit-2a-derivative-foundations-techniques-unit-2a-practice-exam-b","/subjects/math/calculus/derivatives/unit-2a-practice-exam-b/","reference","glossary-term.glossary-resource-antiderivative","/glossary/math/antiderivative/","glossary-term","false","high-confidence-inferred","REVIEW","lesson-footer","Review the definition","",""
"textbook-lesson.calc-1-unit-2a-derivative-foundations-techniques-unit-2a-practice-exam-b","/subjects/math/calculus/derivatives/unit-2a-practice-exam-b/","tool-or-visual","visual-guide.calculus-resource-derivative-rules-map","/subjects/math/calculus/visuals/derivative-rules-map/","visual-guide","false","high-confidence-inferred","REVIEW","lesson-footer","Use the tool or visual","",""
"textbook-lesson.calc-1-unit-2a-derivative-foundations-techniques-unit-2a-practice-exam-b","/subjects/math/calculus/derivatives/unit-2a-practice-exam-b/","worked-example","worked-problem.worked-problem-fundamental-theorem-derivative","/subjects/math/calculus/worked-problems/fundamental-theorem-derivative/","worked-problem","false","high-confidence-inferred","REVIEW","lesson-footer","See a worked example","",""
"textbook-lesson.calc-1-unit-2a-derivative-foundations-techniques-unit-2a-reference","/subjects/math/calculus/derivatives/unit-2a-reference/","quick-explanation","article.resource-math-calculus-derivative-applications-curve-sketching-from-derivatives","/subjects/math/calculus/derivative-applications/curve-sketching-from-derivatives/","method-guide","false","high-confidence-inferred","REVIEW","lesson-footer","See a clear explanation","",""
"textbook-lesson.calc-1-unit-2a-derivative-foundations-techniques-unit-2a-reference","/subjects/math/calculus/derivatives/unit-2a-reference/","reference","glossary-term.glossary-resource-antiderivative","/glossary/math/antiderivative/","glossary-term","false","high-confidence-inferred","REVIEW","lesson-footer","Review the definition","",""
"textbook-lesson.calc-1-unit-2a-derivative-foundations-techniques-unit-2a-reference","/subjects/math/calculus/derivatives/unit-2a-reference/","tool-or-visual","visual-guide.calculus-resource-derivative-rules-map","/subjects/math/calculus/visuals/derivative-rules-map/","visual-guide","false","high-confidence-inferred","REVIEW","lesson-footer","Use the tool or visual","",""
"textbook-lesson.calc-1-unit-2a-derivative-foundations-techniques-unit-2a-reference","/subjects/math/calculus/derivatives/unit-2a-reference/","worked-example","worked-problem.worked-problem-fundamental-theorem-derivative","/subjects/math/calculus/worked-problems/fundamental-theorem-derivative/","worked-problem","false","high-confidence-inferred","REVIEW","lesson-footer","See a worked example","",""
"textbook-lesson.calc-1-unit-2a-derivative-foundations-techniques-unit-2a-review","/subjects/math/calculus/derivatives/unit-2a-review/","quick-explanation","article.resource-math-calculus-derivative-applications-curve-sketching-from-derivatives","/subjects/math/calculus/derivative-applications/curve-sketching-from-derivatives/","method-guide","false","high-confidence-inferred","REVIEW","lesson-footer","See a clear explanation","",""
"textbook-lesson.calc-1-unit-2a-derivative-foundations-techniques-unit-2a-review","/subjects/math/calculus/derivatives/unit-2a-review/","reference","glossary-term.glossary-resource-antiderivative","/glossary/math/antiderivative/","glossary-term","false","high-confidence-inferred","REVIEW","lesson-footer","Review the definition","",""
"textbook-lesson.calc-1-unit-2a-derivative-foundations-techniques-unit-2a-review","/subjects/math/calculus/derivatives/unit-2a-review/","tool-or-visual","visual-guide.calculus-resource-derivative-rules-map","/subjects/math/calculus/visuals/derivative-rules-map/","visual-guide","false","high-confidence-inferred","REVIEW","lesson-footer","Use the tool or visual","",""
"textbook-lesson.calc-1-unit-2a-derivative-foundations-techniques-unit-2a-review","/subjects/math/calculus/derivatives/unit-2a-review/","worked-example","worked-problem.worked-problem-fundamental-theorem-derivative","/subjects/math/calculus/worked-problems/fundamental-theorem-derivative/","worked-problem","false","high-confidence-inferred","REVIEW","lesson-footer","See a worked example","",""
"textbook-lesson.calc-1-unit-2a-derivative-foundations-techniques-variable-exponents","/subjects/math/calculus/derivatives/variable-exponents/","quick-explanation","article.resource-math-calculus-derivative-applications-curve-sketching-from-derivatives","/subjects/math/calculus/derivative-applications/curve-sketching-from-derivatives/","method-guide","false","high-confidence-inferred","REVIEW","lesson-footer","See a clear explanation","",""
"textbook-lesson.calc-1-unit-2a-derivative-foundations-techniques-variable-exponents","/subjects/math/calculus/derivatives/variable-exponents/","reference","glossary-term.glossary-resource-antiderivative","/glossary/math/antiderivative/","glossary-term","false","high-confidence-inferred","REVIEW","lesson-footer","Review the definition","",""
"textbook-lesson.calc-1-unit-2a-derivative-foundations-techniques-variable-exponents","/subjects/math/calculus/derivatives/variable-exponents/","tool-or-visual","visual-guide.calculus-resource-derivative-rules-map","/subjects/math/calculus/visuals/derivative-rules-map/","visual-guide","false","high-confidence-inferred","REVIEW","lesson-footer","Use the tool or visual","",""
"textbook-lesson.calc-1-unit-2a-derivative-foundations-techniques-variable-exponents","/subjects/math/calculus/derivatives/variable-exponents/","worked-example","worked-problem.worked-problem-fundamental-theorem-derivative","/subjects/math/calculus/worked-problems/fundamental-theorem-derivative/","worked-problem","false","high-confidence-inferred","REVIEW","lesson-footer","See a worked example","",""
"textbook-lesson.calc-1-unit-2a-derivative-foundations-techniques-what-does-derivative-mean","/subjects/math/calculus/derivatives/what-does-derivative-mean/","quick-explanation","article.resource-math-calculus-derivative-applications-curve-sketching-from-derivatives","/subjects/math/calculus/derivative-applications/curve-sketching-from-derivatives/","method-guide","false","high-confidence-inferred","REVIEW","lesson-footer","See a clear explanation","",""
"textbook-lesson.calc-1-unit-2a-derivative-foundations-techniques-what-does-derivative-mean","/subjects/math/calculus/derivatives/what-does-derivative-mean/","reference","glossary-term.glossary-resource-antiderivative","/glossary/math/antiderivative/","glossary-term","false","high-confidence-inferred","REVIEW","lesson-footer","Review the definition","",""
"textbook-lesson.calc-1-unit-2a-derivative-foundations-techniques-what-does-derivative-mean","/subjects/math/calculus/derivatives/what-does-derivative-mean/","tool-or-visual","visual-guide.calculus-resource-derivative-rules-map","/subjects/math/calculus/visuals/derivative-rules-map/","visual-guide","false","high-confidence-inferred","REVIEW","lesson-footer","Use the tool or visual","",""
"textbook-lesson.calc-1-unit-2a-derivative-foundations-techniques-what-does-derivative-mean","/subjects/math/calculus/derivatives/what-does-derivative-mean/","worked-example","worked-problem.worked-problem-fundamental-theorem-derivative","/subjects/math/calculus/worked-problems/fundamental-theorem-derivative/","worked-problem","false","high-confidence-inferred","REVIEW","lesson-footer","See a worked example","",""
"textbook-lesson.calc-1-unit-2a-derivative-foundations-techniques-what-implicit-means","/subjects/math/calculus/derivatives/what-implicit-means/","quick-explanation","article.resource-math-calculus-derivative-applications-curve-sketching-from-derivatives","/subjects/math/calculus/derivative-applications/curve-sketching-from-derivatives/","method-guide","false","high-confidence-inferred","REVIEW","lesson-footer","See a clear explanation","",""
"textbook-lesson.calc-1-unit-2a-derivative-foundations-techniques-what-implicit-means","/subjects/math/calculus/derivatives/what-implicit-means/","reference","glossary-term.glossary-resource-antiderivative","/glossary/math/antiderivative/","glossary-term","false","high-confidence-inferred","REVIEW","lesson-footer","Review the definition","",""
"textbook-lesson.calc-1-unit-2a-derivative-foundations-techniques-what-implicit-means","/subjects/math/calculus/derivatives/what-implicit-means/","tool-or-visual","visual-guide.calculus-resource-derivative-rules-map","/subjects/math/calculus/visuals/derivative-rules-map/","visual-guide","false","high-confidence-inferred","REVIEW","lesson-footer","Use the tool or visual","",""
"textbook-lesson.calc-1-unit-2a-derivative-foundations-techniques-what-implicit-means","/subjects/math/calculus/derivatives/what-implicit-means/","worked-example","worked-problem.worked-problem-fundamental-theorem-derivative","/subjects/math/calculus/worked-problems/fundamental-theorem-derivative/","worked-problem","false","high-confidence-inferred","REVIEW","lesson-footer","See a worked example","",""
"textbook-lesson.calc-1-unit-2a-derivative-foundations-techniques-why-derivative-rules-work","/subjects/math/calculus/derivatives/why-derivative-rules-work/","quick-explanation","article.resource-math-calculus-derivative-applications-curve-sketching-from-derivatives","/subjects/math/calculus/derivative-applications/curve-sketching-from-derivatives/","method-guide","false","high-confidence-inferred","REVIEW","lesson-footer","See a clear explanation","",""
"textbook-lesson.calc-1-unit-2a-derivative-foundations-techniques-why-derivative-rules-work","/subjects/math/calculus/derivatives/why-derivative-rules-work/","reference","glossary-term.glossary-resource-antiderivative","/glossary/math/antiderivative/","glossary-term","false","high-confidence-inferred","REVIEW","lesson-footer","Review the definition","",""
"textbook-lesson.calc-1-unit-2a-derivative-foundations-techniques-why-derivative-rules-work","/subjects/math/calculus/derivatives/why-derivative-rules-work/","tool-or-visual","visual-guide.calculus-resource-derivative-rules-map","/subjects/math/calculus/visuals/derivative-rules-map/","visual-guide","false","high-confidence-inferred","REVIEW","lesson-footer","Use the tool or visual","",""
"textbook-lesson.calc-1-unit-2a-derivative-foundations-techniques-why-derivative-rules-work","/subjects/math/calculus/derivatives/why-derivative-rules-work/","worked-example","worked-problem.worked-problem-fundamental-theorem-derivative","/subjects/math/calculus/worked-problems/fundamental-theorem-derivative/","worked-problem","false","high-confidence-inferred","REVIEW","lesson-footer","See a worked example","",""
"textbook-lesson.calc-1-unit-2a-derivative-foundations-techniques-why-derivatives-matter","/subjects/math/calculus/derivatives/why-derivatives-matter/","quick-explanation","article.resource-math-calculus-derivative-applications-curve-sketching-from-derivatives","/subjects/math/calculus/derivative-applications/curve-sketching-from-derivatives/","method-guide","false","high-confidence-inferred","REVIEW","lesson-footer","See a clear explanation","",""
"textbook-lesson.calc-1-unit-2a-derivative-foundations-techniques-why-derivatives-matter","/subjects/math/calculus/derivatives/why-derivatives-matter/","reference","glossary-term.glossary-resource-antiderivative","/glossary/math/antiderivative/","glossary-term","false","high-confidence-inferred","REVIEW","lesson-footer","Review the definition","",""
"textbook-lesson.calc-1-unit-2a-derivative-foundations-techniques-why-derivatives-matter","/subjects/math/calculus/derivatives/why-derivatives-matter/","tool-or-visual","visual-guide.calculus-resource-derivative-rules-map","/subjects/math/calculus/visuals/derivative-rules-map/","visual-guide","false","high-confidence-inferred","REVIEW","lesson-footer","Use the tool or visual","",""
"textbook-lesson.calc-1-unit-2a-derivative-foundations-techniques-why-derivatives-matter","/subjects/math/calculus/derivatives/why-derivatives-matter/","worked-example","worked-problem.worked-problem-fundamental-theorem-derivative","/subjects/math/calculus/worked-problems/fundamental-theorem-derivative/","worked-problem","false","high-confidence-inferred","REVIEW","lesson-footer","See a worked example","",""
"textbook-lesson.calc-1-unit-2a-derivative-foundations-techniques-why-special-derivatives-are-not-random","/subjects/math/calculus/derivatives/why-special-derivatives-are-not-random/","quick-explanation","article.resource-math-calculus-derivative-applications-curve-sketching-from-derivatives","/subjects/math/calculus/derivative-applications/curve-sketching-from-derivatives/","method-guide","false","high-confidence-inferred","REVIEW","lesson-footer","See a clear explanation","",""
"textbook-lesson.calc-1-unit-2a-derivative-foundations-techniques-why-special-derivatives-are-not-random","/subjects/math/calculus/derivatives/why-special-derivatives-are-not-random/","reference","glossary-term.glossary-resource-antiderivative","/glossary/math/antiderivative/","glossary-term","false","high-confidence-inferred","REVIEW","lesson-footer","Review the definition","",""
"textbook-lesson.calc-1-unit-2a-derivative-foundations-techniques-why-special-derivatives-are-not-random","/subjects/math/calculus/derivatives/why-special-derivatives-are-not-random/","tool-or-visual","visual-guide.calculus-resource-derivative-rules-map","/subjects/math/calculus/visuals/derivative-rules-map/","visual-guide","false","high-confidence-inferred","REVIEW","lesson-footer","Use the tool or visual","",""
"textbook-lesson.calc-1-unit-2a-derivative-foundations-techniques-why-special-derivatives-are-not-random","/subjects/math/calculus/derivatives/why-special-derivatives-are-not-random/","worked-example","worked-problem.worked-problem-fundamental-theorem-derivative","/subjects/math/calculus/worked-problems/fundamental-theorem-derivative/","worked-problem","false","high-confidence-inferred","REVIEW","lesson-footer","See a worked example","",""
"textbook-lesson.subjects-math-calculus-integrals-accumulation-functions","/subjects/math/calculus/integrals/accumulation-functions/","quick-explanation","article.resource-math-calculus-integration-applications-average-value-of-a-function","/subjects/math/calculus/integration-applications/average-value-of-a-function/","method-guide","false","high-confidence-inferred","REVIEW","lesson-footer","See a clear explanation","",""
"textbook-lesson.subjects-math-calculus-integrals-accumulation-functions","/subjects/math/calculus/integrals/accumulation-functions/","reference","glossary-term.glossary-resource-definite-integral","/glossary/math/definite-integral/","glossary-term","false","high-confidence-inferred","REVIEW","lesson-footer","Review the definition","",""
"textbook-lesson.subjects-math-calculus-integrals-accumulation-functions","/subjects/math/calculus/integrals/accumulation-functions/","tool-or-visual","visual-guide.calculus-resource-riemann-sum-progression","/subjects/math/calculus/visuals/riemann-sum-progression/","visual-guide","false","high-confidence-inferred","REVIEW","lesson-footer","Use the tool or visual","",""
"textbook-lesson.subjects-math-calculus-integrals-antiderivatives","/subjects/math/calculus/integrals/antiderivatives/","quick-explanation","article.resource-math-calculus-derivative-applications-curve-sketching-from-derivatives","/subjects/math/calculus/derivative-applications/curve-sketching-from-derivatives/","method-guide","false","high-confidence-inferred","REVIEW","lesson-footer","See a clear explanation","",""
"textbook-lesson.subjects-math-calculus-integrals-antiderivatives","/subjects/math/calculus/integrals/antiderivatives/","reference","glossary-term.glossary-resource-antiderivative","/glossary/math/antiderivative/","glossary-term","false","high-confidence-inferred","REVIEW","lesson-footer","Review the definition","",""
"textbook-lesson.subjects-math-calculus-integrals-antiderivatives","/subjects/math/calculus/integrals/antiderivatives/","tool-or-visual","visual-guide.calculus-resource-derivative-rules-map","/subjects/math/calculus/visuals/derivative-rules-map/","visual-guide","false","high-confidence-inferred","REVIEW","lesson-footer","Use the tool or visual","",""
"textbook-lesson.subjects-math-calculus-integrals-antiderivatives","/subjects/math/calculus/integrals/antiderivatives/","worked-example","worked-problem.worked-problem-fundamental-theorem-derivative","/subjects/math/calculus/worked-problems/fundamental-theorem-derivative/","worked-problem","false","high-confidence-inferred","REVIEW","lesson-footer","See a worked example","",""
"textbook-lesson.subjects-math-calculus-integrals-average-value-of-a-function","/subjects/math/calculus/integrals/average-value-of-a-function/","quick-explanation","article.resource-math-calculus-integration-applications-average-value-of-a-function","/subjects/math/calculus/integration-applications/average-value-of-a-function/","method-guide","false","high-confidence-inferred","REVIEW","lesson-footer","See a clear explanation","",""
"textbook-lesson.subjects-math-calculus-integrals-average-value-of-a-function","/subjects/math/calculus/integrals/average-value-of-a-function/","reference","glossary-term.glossary-resource-definite-integral","/glossary/math/definite-integral/","glossary-term","false","high-confidence-inferred","REVIEW","lesson-footer","Review the definition","",""
"textbook-lesson.subjects-math-calculus-integrals-average-value-of-a-function","/subjects/math/calculus/integrals/average-value-of-a-function/","tool-or-visual","visual-guide.calculus-resource-riemann-sum-progression","/subjects/math/calculus/visuals/riemann-sum-progression/","visual-guide","false","high-confidence-inferred","REVIEW","lesson-footer","Use the tool or visual","",""
"textbook-lesson.subjects-math-calculus-integrals-basic-antiderivative-rules","/subjects/math/calculus/integrals/basic-antiderivative-rules/","quick-explanation","article.resource-math-calculus-derivative-applications-curve-sketching-from-derivatives","/subjects/math/calculus/derivative-applications/curve-sketching-from-derivatives/","method-guide","false","high-confidence-inferred","REVIEW","lesson-footer","See a clear explanation","",""
"textbook-lesson.subjects-math-calculus-integrals-basic-antiderivative-rules","/subjects/math/calculus/integrals/basic-antiderivative-rules/","reference","glossary-term.glossary-resource-antiderivative","/glossary/math/antiderivative/","glossary-term","false","high-confidence-inferred","REVIEW","lesson-footer","Review the definition","",""
"textbook-lesson.subjects-math-calculus-integrals-basic-antiderivative-rules","/subjects/math/calculus/integrals/basic-antiderivative-rules/","tool-or-visual","visual-guide.calculus-resource-derivative-rules-map","/subjects/math/calculus/visuals/derivative-rules-map/","visual-guide","false","high-confidence-inferred","REVIEW","lesson-footer","Use the tool or visual","",""
"textbook-lesson.subjects-math-calculus-integrals-basic-antiderivative-rules","/subjects/math/calculus/integrals/basic-antiderivative-rules/","worked-example","worked-problem.worked-problem-fundamental-theorem-derivative","/subjects/math/calculus/worked-problems/fundamental-theorem-derivative/","worked-problem","false","high-confidence-inferred","REVIEW","lesson-footer","See a worked example","",""
"textbook-lesson.subjects-math-calculus-integrals-common-errors","/subjects/math/calculus/integrals/common-errors/","quick-explanation","article.resource-math-calculus-integration-applications-average-value-of-a-function","/subjects/math/calculus/integration-applications/average-value-of-a-function/","method-guide","false","high-confidence-inferred","REVIEW","lesson-footer","See a clear explanation","",""
"textbook-lesson.subjects-math-calculus-integrals-common-errors","/subjects/math/calculus/integrals/common-errors/","reference","glossary-term.glossary-resource-definite-integral","/glossary/math/definite-integral/","glossary-term","false","high-confidence-inferred","REVIEW","lesson-footer","Review the definition","",""
"textbook-lesson.subjects-math-calculus-integrals-common-errors","/subjects/math/calculus/integrals/common-errors/","tool-or-visual","visual-guide.calculus-resource-riemann-sum-progression","/subjects/math/calculus/visuals/riemann-sum-progression/","visual-guide","false","high-confidence-inferred","REVIEW","lesson-footer","Use the tool or visual","",""
"textbook-lesson.subjects-math-calculus-integrals-cumulative-practice","/subjects/math/calculus/integrals/cumulative-practice/","quick-explanation","article.resource-math-calculus-integration-applications-average-value-of-a-function","/subjects/math/calculus/integration-applications/average-value-of-a-function/","method-guide","false","high-confidence-inferred","REVIEW","lesson-footer","See a clear explanation","",""
"textbook-lesson.subjects-math-calculus-integrals-cumulative-practice","/subjects/math/calculus/integrals/cumulative-practice/","reference","glossary-term.glossary-resource-definite-integral","/glossary/math/definite-integral/","glossary-term","false","high-confidence-inferred","REVIEW","lesson-footer","Review the definition","",""
"textbook-lesson.subjects-math-calculus-integrals-cumulative-practice","/subjects/math/calculus/integrals/cumulative-practice/","tool-or-visual","visual-guide.calculus-resource-riemann-sum-progression","/subjects/math/calculus/visuals/riemann-sum-progression/","visual-guide","false","high-confidence-inferred","REVIEW","lesson-footer","Use the tool or visual","",""
"textbook-lesson.subjects-math-calculus-integrals-definite-integral-signed-area","/subjects/math/calculus/integrals/definite-integral-signed-area/","quick-explanation","article.resource-math-calculus-integration-applications-average-value-of-a-function","/subjects/math/calculus/integration-applications/average-value-of-a-function/","method-guide","false","high-confidence-inferred","REVIEW","lesson-footer","See a clear explanation","",""
"textbook-lesson.subjects-math-calculus-integrals-definite-integral-signed-area","/subjects/math/calculus/integrals/definite-integral-signed-area/","reference","glossary-term.glossary-resource-definite-integral","/glossary/math/definite-integral/","glossary-term","false","high-confidence-inferred","REVIEW","lesson-footer","Review the definition","",""
"textbook-lesson.subjects-math-calculus-integrals-definite-integral-signed-area","/subjects/math/calculus/integrals/definite-integral-signed-area/","tool-or-visual","visual-guide.calculus-resource-riemann-sum-progression","/subjects/math/calculus/visuals/riemann-sum-progression/","visual-guide","false","high-confidence-inferred","REVIEW","lesson-footer","Use the tool or visual","",""
"textbook-lesson.subjects-math-calculus-integrals-definite-integrals-by-substitution","/subjects/math/calculus/integrals/definite-integrals-by-substitution/","quick-explanation","article.resource-math-calculus-integration-applications-average-value-of-a-function","/subjects/math/calculus/integration-applications/average-value-of-a-function/","method-guide","false","high-confidence-inferred","REVIEW","lesson-footer","See a clear explanation","",""
"textbook-lesson.subjects-math-calculus-integrals-definite-integrals-by-substitution","/subjects/math/calculus/integrals/definite-integrals-by-substitution/","reference","glossary-term.glossary-resource-definite-integral","/glossary/math/definite-integral/","glossary-term","false","high-confidence-inferred","REVIEW","lesson-footer","Review the definition","",""
"textbook-lesson.subjects-math-calculus-integrals-definite-integrals-by-substitution","/subjects/math/calculus/integrals/definite-integrals-by-substitution/","tool-or-visual","visual-guide.calculus-resource-riemann-sum-progression","/subjects/math/calculus/visuals/riemann-sum-progression/","visual-guide","false","high-confidence-inferred","REVIEW","lesson-footer","Use the tool or visual","",""
"textbook-lesson.subjects-math-calculus-integrals-displacement-and-distance","/subjects/math/calculus/integrals/displacement-and-distance/","quick-explanation","article.resource-math-calculus-integration-applications-average-value-of-a-function","/subjects/math/calculus/integration-applications/average-value-of-a-function/","method-guide","false","high-confidence-inferred","REVIEW","lesson-footer","See a clear explanation","",""
"textbook-lesson.subjects-math-calculus-integrals-displacement-and-distance","/subjects/math/calculus/integrals/displacement-and-distance/","reference","glossary-term.glossary-resource-definite-integral","/glossary/math/definite-integral/","glossary-term","false","high-confidence-inferred","REVIEW","lesson-footer","Review the definition","",""
"textbook-lesson.subjects-math-calculus-integrals-displacement-and-distance","/subjects/math/calculus/integrals/displacement-and-distance/","tool-or-visual","visual-guide.calculus-resource-riemann-sum-progression","/subjects/math/calculus/visuals/riemann-sum-progression/","visual-guide","false","high-confidence-inferred","REVIEW","lesson-footer","Use the tool or visual","",""
"textbook-lesson.subjects-math-calculus-integrals-fundamental-theorem-part-one","/subjects/math/calculus/integrals/fundamental-theorem-part-one/","quick-explanation","article.resource-math-calculus-integration-applications-average-value-of-a-function","/subjects/math/calculus/integration-applications/average-value-of-a-function/","method-guide","false","high-confidence-inferred","REVIEW","lesson-footer","See a clear explanation","",""
"textbook-lesson.subjects-math-calculus-integrals-fundamental-theorem-part-one","/subjects/math/calculus/integrals/fundamental-theorem-part-one/","reference","glossary-term.glossary-resource-definite-integral","/glossary/math/definite-integral/","glossary-term","false","high-confidence-inferred","REVIEW","lesson-footer","Review the definition","",""
"textbook-lesson.subjects-math-calculus-integrals-fundamental-theorem-part-one","/subjects/math/calculus/integrals/fundamental-theorem-part-one/","tool-or-visual","visual-guide.calculus-resource-riemann-sum-progression","/subjects/math/calculus/visuals/riemann-sum-progression/","visual-guide","false","high-confidence-inferred","REVIEW","lesson-footer","Use the tool or visual","",""
"textbook-lesson.subjects-math-calculus-integrals-fundamental-theorem-part-two","/subjects/math/calculus/integrals/fundamental-theorem-part-two/","quick-explanation","article.resource-math-calculus-integration-applications-average-value-of-a-function","/subjects/math/calculus/integration-applications/average-value-of-a-function/","method-guide","false","high-confidence-inferred","REVIEW","lesson-footer","See a clear explanation","",""
"textbook-lesson.subjects-math-calculus-integrals-fundamental-theorem-part-two","/subjects/math/calculus/integrals/fundamental-theorem-part-two/","reference","glossary-term.glossary-resource-definite-integral","/glossary/math/definite-integral/","glossary-term","false","high-confidence-inferred","REVIEW","lesson-footer","Review the definition","",""
"textbook-lesson.subjects-math-calculus-integrals-fundamental-theorem-part-two","/subjects/math/calculus/integrals/fundamental-theorem-part-two/","tool-or-visual","visual-guide.calculus-resource-riemann-sum-progression","/subjects/math/calculus/visuals/riemann-sum-progression/","visual-guide","false","high-confidence-inferred","REVIEW","lesson-footer","Use the tool or visual","",""
"textbook-lesson.subjects-math-calculus-integrals-improper-integrals-infinite-intervals","/subjects/math/calculus/integrals/improper-integrals-infinite-intervals/","quick-explanation","article.resource-math-calculus-integration-applications-average-value-of-a-function","/subjects/math/calculus/integration-applications/average-value-of-a-function/","method-guide","false","high-confidence-inferred","REVIEW","lesson-footer","See a clear explanation","",""
"textbook-lesson.subjects-math-calculus-integrals-improper-integrals-infinite-intervals","/subjects/math/calculus/integrals/improper-integrals-infinite-intervals/","reference","glossary-term.glossary-resource-definite-integral","/glossary/math/definite-integral/","glossary-term","false","high-confidence-inferred","REVIEW","lesson-footer","Review the definition","",""
"textbook-lesson.subjects-math-calculus-integrals-improper-integrals-infinite-intervals","/subjects/math/calculus/integrals/improper-integrals-infinite-intervals/","tool-or-visual","visual-guide.calculus-resource-riemann-sum-progression","/subjects/math/calculus/visuals/riemann-sum-progression/","visual-guide","false","high-confidence-inferred","REVIEW","lesson-footer","Use the tool or visual","",""
"textbook-lesson.subjects-math-calculus-integrals-improper-integrals-unbounded-functions","/subjects/math/calculus/integrals/improper-integrals-unbounded-functions/","quick-explanation","article.resource-math-calculus-integration-applications-average-value-of-a-function","/subjects/math/calculus/integration-applications/average-value-of-a-function/","method-guide","false","high-confidence-inferred","REVIEW","lesson-footer","See a clear explanation","",""
"textbook-lesson.subjects-math-calculus-integrals-improper-integrals-unbounded-functions","/subjects/math/calculus/integrals/improper-integrals-unbounded-functions/","reference","glossary-term.glossary-resource-definite-integral","/glossary/math/definite-integral/","glossary-term","false","high-confidence-inferred","REVIEW","lesson-footer","Review the definition","",""
"textbook-lesson.subjects-math-calculus-integrals-improper-integrals-unbounded-functions","/subjects/math/calculus/integrals/improper-integrals-unbounded-functions/","tool-or-visual","visual-guide.calculus-resource-riemann-sum-progression","/subjects/math/calculus/visuals/riemann-sum-progression/","visual-guide","false","high-confidence-inferred","REVIEW","lesson-footer","Use the tool or visual","",""
"textbook-lesson.subjects-math-calculus-integrals-indefinite-integrals-and-c","/subjects/math/calculus/integrals/indefinite-integrals-and-c/","quick-explanation","article.resource-math-calculus-integration-applications-average-value-of-a-function","/subjects/math/calculus/integration-applications/average-value-of-a-function/","method-guide","false","high-confidence-inferred","REVIEW","lesson-footer","See a clear explanation","",""
"textbook-lesson.subjects-math-calculus-integrals-indefinite-integrals-and-c","/subjects/math/calculus/integrals/indefinite-integrals-and-c/","reference","glossary-term.glossary-resource-definite-integral","/glossary/math/definite-integral/","glossary-term","false","high-confidence-inferred","REVIEW","lesson-footer","Review the definition","",""
"textbook-lesson.subjects-math-calculus-integrals-indefinite-integrals-and-c","/subjects/math/calculus/integrals/indefinite-integrals-and-c/","tool-or-visual","visual-guide.calculus-resource-riemann-sum-progression","/subjects/math/calculus/visuals/riemann-sum-progression/","visual-guide","false","high-confidence-inferred","REVIEW","lesson-footer","Use the tool or visual","",""
"textbook-lesson.subjects-math-calculus-integrals-initial-value-problems","/subjects/math/calculus/integrals/initial-value-problems/","quick-explanation","article.resource-math-calculus-integration-applications-average-value-of-a-function","/subjects/math/calculus/integration-applications/average-value-of-a-function/","method-guide","false","high-confidence-inferred","REVIEW","lesson-footer","See a clear explanation","",""
"textbook-lesson.subjects-math-calculus-integrals-initial-value-problems","/subjects/math/calculus/integrals/initial-value-problems/","reference","glossary-term.glossary-resource-definite-integral","/glossary/math/definite-integral/","glossary-term","false","high-confidence-inferred","REVIEW","lesson-footer","Review the definition","",""
"textbook-lesson.subjects-math-calculus-integrals-initial-value-problems","/subjects/math/calculus/integrals/initial-value-problems/","tool-or-visual","visual-guide.calculus-resource-riemann-sum-progression","/subjects/math/calculus/visuals/riemann-sum-progression/","visual-guide","false","high-confidence-inferred","REVIEW","lesson-footer","Use the tool or visual","",""
"textbook-lesson.subjects-math-calculus-integrals-integration-by-parts","/subjects/math/calculus/integrals/integration-by-parts/","practice","worksheet.calculus-resource-integration-by-parts","/subjects/math/calculus/worksheets/integration-by-parts/","worksheet","false","high-confidence-inferred","REVIEW","lesson-practice","Practice this skill","",""
"textbook-lesson.subjects-math-calculus-integrals-integration-by-parts","/subjects/math/calculus/integrals/integration-by-parts/","quick-explanation","article.answer-cal-parts-when","/learn/calculus/integration-by-parts/","method-guide","false","high-confidence-inferred","REVIEW","lesson-footer","See a clear explanation","",""
"textbook-lesson.subjects-math-calculus-integrals-integration-by-parts","/subjects/math/calculus/integrals/integration-by-parts/","reference","glossary-term.glossary-resource-integration-by-parts","/glossary/math/integration-by-parts/","glossary-term","false","high-confidence-inferred","REVIEW","lesson-footer","Review the definition","",""
"textbook-lesson.subjects-math-calculus-integrals-integration-by-parts","/subjects/math/calculus/integrals/integration-by-parts/","worked-example","worked-problem.worked-problem-integration-by-parts-log-x","/subjects/math/calculus/worked-problems/integration-by-parts-log-x/","worked-problem","false","high-confidence-inferred","REVIEW","lesson-footer","See a worked example","",""
"textbook-lesson.subjects-math-calculus-integrals-integration-strategy","/subjects/math/calculus/integrals/integration-strategy/","quick-explanation","article.resource-math-calculus-integration-applications-average-value-of-a-function","/subjects/math/calculus/integration-applications/average-value-of-a-function/","method-guide","false","high-confidence-inferred","REVIEW","lesson-footer","See a clear explanation","",""
"textbook-lesson.subjects-math-calculus-integrals-integration-strategy","/subjects/math/calculus/integrals/integration-strategy/","reference","glossary-term.glossary-resource-definite-integral","/glossary/math/definite-integral/","glossary-term","false","high-confidence-inferred","REVIEW","lesson-footer","Review the definition","",""
"textbook-lesson.subjects-math-calculus-integrals-integration-strategy","/subjects/math/calculus/integrals/integration-strategy/","tool-or-visual","visual-guide.calculus-resource-riemann-sum-progression","/subjects/math/calculus/visuals/riemann-sum-progression/","visual-guide","false","high-confidence-inferred","REVIEW","lesson-footer","Use the tool or visual","",""
"textbook-lesson.subjects-math-calculus-integrals-left-right-midpoint-riemann-sums","/subjects/math/calculus/integrals/left-right-midpoint-riemann-sums/","quick-explanation","article.resource-math-calculus-integration-applications-average-value-of-a-function","/subjects/math/calculus/integration-applications/average-value-of-a-function/","method-guide","false","high-confidence-inferred","REVIEW","lesson-footer","See a clear explanation","",""
"textbook-lesson.subjects-math-calculus-integrals-left-right-midpoint-riemann-sums","/subjects/math/calculus/integrals/left-right-midpoint-riemann-sums/","reference","glossary-term.glossary-resource-definite-integral","/glossary/math/definite-integral/","glossary-term","false","high-confidence-inferred","REVIEW","lesson-footer","Review the definition","",""
"textbook-lesson.subjects-math-calculus-integrals-left-right-midpoint-riemann-sums","/subjects/math/calculus/integrals/left-right-midpoint-riemann-sums/","tool-or-visual","visual-guide.calculus-resource-riemann-sum-progression","/subjects/math/calculus/visuals/riemann-sum-progression/","visual-guide","false","high-confidence-inferred","REVIEW","lesson-footer","Use the tool or visual","",""
"textbook-lesson.subjects-math-calculus-integrals-net-change-theorem","/subjects/math/calculus/integrals/net-change-theorem/","quick-explanation","article.resource-math-calculus-integration-applications-average-value-of-a-function","/subjects/math/calculus/integration-applications/average-value-of-a-function/","method-guide","false","high-confidence-inferred","REVIEW","lesson-footer","See a clear explanation","",""
"textbook-lesson.subjects-math-calculus-integrals-net-change-theorem","/subjects/math/calculus/integrals/net-change-theorem/","reference","glossary-term.glossary-resource-definite-integral","/glossary/math/definite-integral/","glossary-term","false","high-confidence-inferred","REVIEW","lesson-footer","Review the definition","",""
"textbook-lesson.subjects-math-calculus-integrals-net-change-theorem","/subjects/math/calculus/integrals/net-change-theorem/","tool-or-visual","visual-guide.calculus-resource-riemann-sum-progression","/subjects/math/calculus/visuals/riemann-sum-progression/","visual-guide","false","high-confidence-inferred","REVIEW","lesson-footer","Use the tool or visual","",""
"textbook-lesson.subjects-math-calculus-integrals-numerical-integration","/subjects/math/calculus/integrals/numerical-integration/","quick-explanation","article.resource-math-calculus-integration-applications-average-value-of-a-function","/subjects/math/calculus/integration-applications/average-value-of-a-function/","method-guide","false","high-confidence-inferred","REVIEW","lesson-footer","See a clear explanation","",""
"textbook-lesson.subjects-math-calculus-integrals-numerical-integration","/subjects/math/calculus/integrals/numerical-integration/","reference","glossary-term.glossary-resource-definite-integral","/glossary/math/definite-integral/","glossary-term","false","high-confidence-inferred","REVIEW","lesson-footer","Review the definition","",""
"textbook-lesson.subjects-math-calculus-integrals-numerical-integration","/subjects/math/calculus/integrals/numerical-integration/","tool-or-visual","visual-guide.calculus-resource-riemann-sum-progression","/subjects/math/calculus/visuals/riemann-sum-progression/","visual-guide","false","high-confidence-inferred","REVIEW","lesson-footer","Use the tool or visual","",""
"textbook-lesson.subjects-math-calculus-integrals-partial-fractions","/subjects/math/calculus/integrals/partial-fractions/","quick-explanation","article.resource-math-calculus-integration-applications-average-value-of-a-function","/subjects/math/calculus/integration-applications/average-value-of-a-function/","method-guide","false","high-confidence-inferred","REVIEW","lesson-footer","See a clear explanation","",""
"textbook-lesson.subjects-math-calculus-integrals-partial-fractions","/subjects/math/calculus/integrals/partial-fractions/","reference","glossary-term.glossary-resource-definite-integral","/glossary/math/definite-integral/","glossary-term","false","high-confidence-inferred","REVIEW","lesson-footer","Review the definition","",""
"textbook-lesson.subjects-math-calculus-integrals-partial-fractions","/subjects/math/calculus/integrals/partial-fractions/","tool-or-visual","visual-guide.calculus-resource-riemann-sum-progression","/subjects/math/calculus/visuals/riemann-sum-progression/","visual-guide","false","high-confidence-inferred","REVIEW","lesson-footer","Use the tool or visual","",""
"textbook-lesson.subjects-math-calculus-integrals-partitions-and-sigma-notation","/subjects/math/calculus/integrals/partitions-and-sigma-notation/","quick-explanation","article.resource-math-calculus-integration-applications-average-value-of-a-function","/subjects/math/calculus/integration-applications/average-value-of-a-function/","method-guide","false","high-confidence-inferred","REVIEW","lesson-footer","See a clear explanation","",""
"textbook-lesson.subjects-math-calculus-integrals-partitions-and-sigma-notation","/subjects/math/calculus/integrals/partitions-and-sigma-notation/","reference","glossary-term.glossary-resource-definite-integral","/glossary/math/definite-integral/","glossary-term","false","high-confidence-inferred","REVIEW","lesson-footer","Review the definition","",""
"textbook-lesson.subjects-math-calculus-integrals-partitions-and-sigma-notation","/subjects/math/calculus/integrals/partitions-and-sigma-notation/","tool-or-visual","visual-guide.calculus-resource-riemann-sum-progression","/subjects/math/calculus/visuals/riemann-sum-progression/","visual-guide","false","high-confidence-inferred","REVIEW","lesson-footer","Use the tool or visual","",""
"textbook-lesson.subjects-math-calculus-integrals-practice-exam-a-answer-key","/subjects/math/calculus/integrals/practice-exam-a-answer-key/","quick-explanation","article.resource-math-calculus-integration-applications-average-value-of-a-function","/subjects/math/calculus/integration-applications/average-value-of-a-function/","method-guide","false","high-confidence-inferred","REVIEW","lesson-footer","See a clear explanation","",""
"textbook-lesson.subjects-math-calculus-integrals-practice-exam-a-answer-key","/subjects/math/calculus/integrals/practice-exam-a-answer-key/","reference","glossary-term.glossary-resource-definite-integral","/glossary/math/definite-integral/","glossary-term","false","high-confidence-inferred","REVIEW","lesson-footer","Review the definition","",""
"textbook-lesson.subjects-math-calculus-integrals-practice-exam-a-answer-key","/subjects/math/calculus/integrals/practice-exam-a-answer-key/","tool-or-visual","visual-guide.calculus-resource-riemann-sum-progression","/subjects/math/calculus/visuals/riemann-sum-progression/","visual-guide","false","high-confidence-inferred","REVIEW","lesson-footer","Use the tool or visual","",""
"textbook-lesson.subjects-math-calculus-integrals-practice-exam-a","/subjects/math/calculus/integrals/practice-exam-a/","quick-explanation","article.resource-math-calculus-integration-applications-average-value-of-a-function","/subjects/math/calculus/integration-applications/average-value-of-a-function/","method-guide","false","high-confidence-inferred","REVIEW","lesson-footer","See a clear explanation","",""
"textbook-lesson.subjects-math-calculus-integrals-practice-exam-a","/subjects/math/calculus/integrals/practice-exam-a/","reference","glossary-term.glossary-resource-definite-integral","/glossary/math/definite-integral/","glossary-term","false","high-confidence-inferred","REVIEW","lesson-footer","Review the definition","",""
"textbook-lesson.subjects-math-calculus-integrals-practice-exam-a","/subjects/math/calculus/integrals/practice-exam-a/","tool-or-visual","visual-guide.calculus-resource-riemann-sum-progression","/subjects/math/calculus/visuals/riemann-sum-progression/","visual-guide","false","high-confidence-inferred","REVIEW","lesson-footer","Use the tool or visual","",""
"textbook-lesson.subjects-math-calculus-integrals-practice-exam-b-answer-key","/subjects/math/calculus/integrals/practice-exam-b-answer-key/","quick-explanation","article.resource-math-calculus-integration-applications-average-value-of-a-function","/subjects/math/calculus/integration-applications/average-value-of-a-function/","method-guide","false","high-confidence-inferred","REVIEW","lesson-footer","See a clear explanation","",""
"textbook-lesson.subjects-math-calculus-integrals-practice-exam-b-answer-key","/subjects/math/calculus/integrals/practice-exam-b-answer-key/","reference","glossary-term.glossary-resource-definite-integral","/glossary/math/definite-integral/","glossary-term","false","high-confidence-inferred","REVIEW","lesson-footer","Review the definition","",""
"textbook-lesson.subjects-math-calculus-integrals-practice-exam-b-answer-key","/subjects/math/calculus/integrals/practice-exam-b-answer-key/","tool-or-visual","visual-guide.calculus-resource-riemann-sum-progression","/subjects/math/calculus/visuals/riemann-sum-progression/","visual-guide","false","high-confidence-inferred","REVIEW","lesson-footer","Use the tool or visual","",""
"textbook-lesson.subjects-math-calculus-integrals-practice-exam-b","/subjects/math/calculus/integrals/practice-exam-b/","quick-explanation","article.resource-math-calculus-integration-applications-average-value-of-a-function","/subjects/math/calculus/integration-applications/average-value-of-a-function/","method-guide","false","high-confidence-inferred","REVIEW","lesson-footer","See a clear explanation","",""
"textbook-lesson.subjects-math-calculus-integrals-practice-exam-b","/subjects/math/calculus/integrals/practice-exam-b/","reference","glossary-term.glossary-resource-definite-integral","/glossary/math/definite-integral/","glossary-term","false","high-confidence-inferred","REVIEW","lesson-footer","Review the definition","",""
"textbook-lesson.subjects-math-calculus-integrals-practice-exam-b","/subjects/math/calculus/integrals/practice-exam-b/","tool-or-visual","visual-guide.calculus-resource-riemann-sum-progression","/subjects/math/calculus/visuals/riemann-sum-progression/","visual-guide","false","high-confidence-inferred","REVIEW","lesson-footer","Use the tool or visual","",""
"textbook-lesson.subjects-math-calculus-integrals-properties-of-definite-integrals","/subjects/math/calculus/integrals/properties-of-definite-integrals/","quick-explanation","article.resource-math-calculus-integration-applications-average-value-of-a-function","/subjects/math/calculus/integration-applications/average-value-of-a-function/","method-guide","false","high-confidence-inferred","REVIEW","lesson-footer","See a clear explanation","",""
"textbook-lesson.subjects-math-calculus-integrals-properties-of-definite-integrals","/subjects/math/calculus/integrals/properties-of-definite-integrals/","reference","glossary-term.glossary-resource-definite-integral","/glossary/math/definite-integral/","glossary-term","false","high-confidence-inferred","REVIEW","lesson-footer","Review the definition","",""
"textbook-lesson.subjects-math-calculus-integrals-properties-of-definite-integrals","/subjects/math/calculus/integrals/properties-of-definite-integrals/","tool-or-visual","visual-guide.calculus-resource-riemann-sum-progression","/subjects/math/calculus/visuals/riemann-sum-progression/","visual-guide","false","high-confidence-inferred","REVIEW","lesson-footer","Use the tool or visual","",""
"textbook-lesson.subjects-math-calculus-integrals-rates-to-total-change","/subjects/math/calculus/integrals/rates-to-total-change/","quick-explanation","article.resource-math-calculus-integration-applications-average-value-of-a-function","/subjects/math/calculus/integration-applications/average-value-of-a-function/","method-guide","false","high-confidence-inferred","REVIEW","lesson-footer","See a clear explanation","",""
"textbook-lesson.subjects-math-calculus-integrals-rates-to-total-change","/subjects/math/calculus/integrals/rates-to-total-change/","reference","glossary-term.glossary-resource-definite-integral","/glossary/math/definite-integral/","glossary-term","false","high-confidence-inferred","REVIEW","lesson-footer","Review the definition","",""
"textbook-lesson.subjects-math-calculus-integrals-rates-to-total-change","/subjects/math/calculus/integrals/rates-to-total-change/","tool-or-visual","visual-guide.calculus-resource-riemann-sum-progression","/subjects/math/calculus/visuals/riemann-sum-progression/","visual-guide","false","high-confidence-inferred","REVIEW","lesson-footer","Use the tool or visual","",""
"textbook-lesson.subjects-math-calculus-integrals-review","/subjects/math/calculus/integrals/review/","quick-explanation","article.resource-math-calculus-integration-applications-average-value-of-a-function","/subjects/math/calculus/integration-applications/average-value-of-a-function/","method-guide","false","high-confidence-inferred","REVIEW","lesson-footer","See a clear explanation","",""
"textbook-lesson.subjects-math-calculus-integrals-review","/subjects/math/calculus/integrals/review/","reference","glossary-term.glossary-resource-definite-integral","/glossary/math/definite-integral/","glossary-term","false","high-confidence-inferred","REVIEW","lesson-footer","Review the definition","",""
"textbook-lesson.subjects-math-calculus-integrals-review","/subjects/math/calculus/integrals/review/","tool-or-visual","visual-guide.calculus-resource-riemann-sum-progression","/subjects/math/calculus/visuals/riemann-sum-progression/","visual-guide","false","high-confidence-inferred","REVIEW","lesson-footer","Use the tool or visual","",""
"textbook-lesson.subjects-math-calculus-integrals-riemann-sum-limit","/subjects/math/calculus/integrals/riemann-sum-limit/","practice","worksheet.calculus-resource-evaluating-limits","/subjects/math/calculus/worksheets/evaluating-limits/","worksheet","false","high-confidence-inferred","REVIEW","lesson-practice","Practice this skill","",""
"textbook-lesson.subjects-math-calculus-integrals-riemann-sum-limit","/subjects/math/calculus/integrals/riemann-sum-limit/","quick-explanation","article.resource-math-calculus-integration-techniques-improper-integrals","/subjects/math/calculus/integration-techniques/improper-integrals/","quick-answer","false","high-confidence-inferred","REVIEW","lesson-footer","See a clear explanation","",""
"textbook-lesson.subjects-math-calculus-integrals-riemann-sum-limit","/subjects/math/calculus/integrals/riemann-sum-limit/","reference","glossary-term.glossary-resource-limit","/glossary/math/limit/","glossary-term","false","high-confidence-inferred","REVIEW","lesson-footer","Review the definition","",""
"textbook-lesson.subjects-math-calculus-integrals-riemann-sum-limit","/subjects/math/calculus/integrals/riemann-sum-limit/","worked-example","worked-problem.worked-problem-limit-by-factoring","/subjects/math/calculus/worked-problems/limit-by-factoring/","worked-problem","false","high-confidence-inferred","REVIEW","lesson-footer","See a worked example","",""
"textbook-lesson.subjects-math-calculus-integrals-simpsons-rule","/subjects/math/calculus/integrals/simpsons-rule/","quick-explanation","article.resource-math-calculus-integration-applications-average-value-of-a-function","/subjects/math/calculus/integration-applications/average-value-of-a-function/","method-guide","false","high-confidence-inferred","REVIEW","lesson-footer","See a clear explanation","",""
"textbook-lesson.subjects-math-calculus-integrals-simpsons-rule","/subjects/math/calculus/integrals/simpsons-rule/","reference","glossary-term.glossary-resource-definite-integral","/glossary/math/definite-integral/","glossary-term","false","high-confidence-inferred","REVIEW","lesson-footer","Review the definition","",""
"textbook-lesson.subjects-math-calculus-integrals-simpsons-rule","/subjects/math/calculus/integrals/simpsons-rule/","tool-or-visual","visual-guide.calculus-resource-riemann-sum-progression","/subjects/math/calculus/visuals/riemann-sum-progression/","visual-guide","false","high-confidence-inferred","REVIEW","lesson-footer","Use the tool or visual","",""
"textbook-lesson.subjects-math-calculus-integrals-substitution","/subjects/math/calculus/integrals/substitution/","practice","worksheet.calculus-resource-chain-rule","/subjects/math/calculus/worksheets/chain-rule/","worksheet","false","high-confidence-inferred","REVIEW","lesson-practice","Practice this skill","",""
"textbook-lesson.subjects-math-calculus-integrals-substitution","/subjects/math/calculus/integrals/substitution/","quick-explanation","article.resource-math-calculus-derivatives-chain-rule","/subjects/math/calculus/derivatives/chain-rule/","method-guide","false","high-confidence-inferred","REVIEW","lesson-footer","See a clear explanation","",""
"textbook-lesson.subjects-math-calculus-integrals-substitution","/subjects/math/calculus/integrals/substitution/","reference","glossary-term.glossary-resource-chain-rule","/glossary/math/chain-rule/","glossary-term","false","high-confidence-inferred","REVIEW","lesson-footer","Review the definition","",""
"textbook-lesson.subjects-math-calculus-integrals-substitution","/subjects/math/calculus/integrals/substitution/","worked-example","worked-problem.worked-problem-basic-chain-rule","/subjects/math/calculus/worked-problems/basic-chain-rule/","worked-problem","false","high-confidence-inferred","REVIEW","lesson-footer","See a worked example","",""
"textbook-lesson.subjects-math-calculus-integrals-trigonometric-integrals","/subjects/math/calculus/integrals/trigonometric-integrals/","quick-explanation","article.resource-math-calculus-integration-applications-average-value-of-a-function","/subjects/math/calculus/integration-applications/average-value-of-a-function/","method-guide","false","high-confidence-inferred","REVIEW","lesson-footer","See a clear explanation","",""
"textbook-lesson.subjects-math-calculus-integrals-trigonometric-integrals","/subjects/math/calculus/integrals/trigonometric-integrals/","reference","glossary-term.glossary-resource-definite-integral","/glossary/math/definite-integral/","glossary-term","false","high-confidence-inferred","REVIEW","lesson-footer","Review the definition","",""
"textbook-lesson.subjects-math-calculus-integrals-trigonometric-integrals","/subjects/math/calculus/integrals/trigonometric-integrals/","tool-or-visual","visual-guide.calculus-resource-riemann-sum-progression","/subjects/math/calculus/visuals/riemann-sum-progression/","visual-guide","false","high-confidence-inferred","REVIEW","lesson-footer","Use the tool or visual","",""
"textbook-lesson.subjects-math-calculus-integrals-trigonometric-substitution","/subjects/math/calculus/integrals/trigonometric-substitution/","quick-explanation","article.resource-math-calculus-integration-applications-average-value-of-a-function","/subjects/math/calculus/integration-applications/average-value-of-a-function/","method-guide","false","high-confidence-inferred","REVIEW","lesson-footer","See a clear explanation","",""
"textbook-lesson.subjects-math-calculus-integrals-trigonometric-substitution","/subjects/math/calculus/integrals/trigonometric-substitution/","reference","glossary-term.glossary-resource-definite-integral","/glossary/math/definite-integral/","glossary-term","false","high-confidence-inferred","REVIEW","lesson-footer","Review the definition","",""
"textbook-lesson.subjects-math-calculus-integrals-trigonometric-substitution","/subjects/math/calculus/integrals/trigonometric-substitution/","tool-or-visual","visual-guide.calculus-resource-riemann-sum-progression","/subjects/math/calculus/visuals/riemann-sum-progression/","visual-guide","false","high-confidence-inferred","REVIEW","lesson-footer","Use the tool or visual","",""
"textbook-lesson.subjects-math-calculus-integrals-variable-limits-and-chain-rule","/subjects/math/calculus/integrals/variable-limits-and-chain-rule/","practice","worksheet.calculus-resource-chain-rule","/subjects/math/calculus/worksheets/chain-rule/","worksheet","false","high-confidence-inferred","REVIEW","lesson-practice","Practice this skill","",""
"textbook-lesson.subjects-math-calculus-integrals-variable-limits-and-chain-rule","/subjects/math/calculus/integrals/variable-limits-and-chain-rule/","quick-explanation","article.resource-math-calculus-derivatives-chain-rule","/subjects/math/calculus/derivatives/chain-rule/","method-guide","false","high-confidence-inferred","REVIEW","lesson-footer","See a clear explanation","",""
"textbook-lesson.subjects-math-calculus-integrals-variable-limits-and-chain-rule","/subjects/math/calculus/integrals/variable-limits-and-chain-rule/","reference","glossary-term.glossary-resource-chain-rule","/glossary/math/chain-rule/","glossary-term","false","high-confidence-inferred","REVIEW","lesson-footer","Review the definition","",""
"textbook-lesson.subjects-math-calculus-integrals-variable-limits-and-chain-rule","/subjects/math/calculus/integrals/variable-limits-and-chain-rule/","worked-example","worked-problem.worked-problem-basic-chain-rule","/subjects/math/calculus/worked-problems/basic-chain-rule/","worked-problem","false","high-confidence-inferred","REVIEW","lesson-footer","See a worked example","",""
"textbook-lesson.subjects-math-calculus-integration-applications-arc-length","/subjects/math/calculus/integration-applications/arc-length/","quick-explanation","article.resource-math-calculus-integration-applications-average-value-of-a-function","/subjects/math/calculus/integration-applications/average-value-of-a-function/","method-guide","false","high-confidence-inferred","REVIEW","lesson-footer","See a clear explanation","",""
"textbook-lesson.subjects-math-calculus-integration-applications-arc-length","/subjects/math/calculus/integration-applications/arc-length/","reference","glossary-term.glossary-resource-definite-integral","/glossary/math/definite-integral/","glossary-term","false","high-confidence-inferred","REVIEW","lesson-footer","Review the definition","",""
"textbook-lesson.subjects-math-calculus-integration-applications-arc-length","/subjects/math/calculus/integration-applications/arc-length/","tool-or-visual","visual-guide.calculus-resource-riemann-sum-progression","/subjects/math/calculus/visuals/riemann-sum-progression/","visual-guide","false","high-confidence-inferred","REVIEW","lesson-footer","Use the tool or visual","",""
"textbook-lesson.subjects-math-calculus-integration-applications-area-between-curves","/subjects/math/calculus/integration-applications/area-between-curves/","quick-explanation","article.resource-math-calculus-integration-applications-average-value-of-a-function","/subjects/math/calculus/integration-applications/average-value-of-a-function/","method-guide","false","high-confidence-inferred","REVIEW","lesson-footer","See a clear explanation","",""
"textbook-lesson.subjects-math-calculus-integration-applications-area-between-curves","/subjects/math/calculus/integration-applications/area-between-curves/","reference","glossary-term.glossary-resource-definite-integral","/glossary/math/definite-integral/","glossary-term","false","high-confidence-inferred","REVIEW","lesson-footer","Review the definition","",""
"textbook-lesson.subjects-math-calculus-integration-applications-area-between-curves","/subjects/math/calculus/integration-applications/area-between-curves/","tool-or-visual","visual-guide.calculus-resource-riemann-sum-progression","/subjects/math/calculus/visuals/riemann-sum-progression/","visual-guide","false","high-confidence-inferred","REVIEW","lesson-footer","Use the tool or visual","",""
"textbook-lesson.subjects-math-calculus-integration-applications-choosing-a-volume-method","/subjects/math/calculus/integration-applications/choosing-a-volume-method/","quick-explanation","article.resource-math-calculus-integration-applications-average-value-of-a-function","/subjects/math/calculus/integration-applications/average-value-of-a-function/","method-guide","false","high-confidence-inferred","REVIEW","lesson-footer","See a clear explanation","",""
"textbook-lesson.subjects-math-calculus-integration-applications-choosing-a-volume-method","/subjects/math/calculus/integration-applications/choosing-a-volume-method/","reference","glossary-term.glossary-resource-definite-integral","/glossary/math/definite-integral/","glossary-term","false","high-confidence-inferred","REVIEW","lesson-footer","Review the definition","",""
"textbook-lesson.subjects-math-calculus-integration-applications-choosing-a-volume-method","/subjects/math/calculus/integration-applications/choosing-a-volume-method/","tool-or-visual","visual-guide.calculus-resource-riemann-sum-progression","/subjects/math/calculus/visuals/riemann-sum-progression/","visual-guide","false","high-confidence-inferred","REVIEW","lesson-footer","Use the tool or visual","",""
"textbook-lesson.subjects-math-calculus-integration-applications-common-errors","/subjects/math/calculus/integration-applications/common-errors/","quick-explanation","article.resource-math-calculus-integration-applications-average-value-of-a-function","/subjects/math/calculus/integration-applications/average-value-of-a-function/","method-guide","false","high-confidence-inferred","REVIEW","lesson-footer","See a clear explanation","",""
"textbook-lesson.subjects-math-calculus-integration-applications-common-errors","/subjects/math/calculus/integration-applications/common-errors/","reference","glossary-term.glossary-resource-definite-integral","/glossary/math/definite-integral/","glossary-term","false","high-confidence-inferred","REVIEW","lesson-footer","Review the definition","",""
"textbook-lesson.subjects-math-calculus-integration-applications-common-errors","/subjects/math/calculus/integration-applications/common-errors/","tool-or-visual","visual-guide.calculus-resource-riemann-sum-progression","/subjects/math/calculus/visuals/riemann-sum-progression/","visual-guide","false","high-confidence-inferred","REVIEW","lesson-footer","Use the tool or visual","",""
"textbook-lesson.subjects-math-calculus-integration-applications-cumulative-practice","/subjects/math/calculus/integration-applications/cumulative-practice/","quick-explanation","article.resource-math-calculus-integration-applications-average-value-of-a-function","/subjects/math/calculus/integration-applications/average-value-of-a-function/","method-guide","false","high-confidence-inferred","REVIEW","lesson-footer","See a clear explanation","",""
"textbook-lesson.subjects-math-calculus-integration-applications-cumulative-practice","/subjects/math/calculus/integration-applications/cumulative-practice/","reference","glossary-term.glossary-resource-definite-integral","/glossary/math/definite-integral/","glossary-term","false","high-confidence-inferred","REVIEW","lesson-footer","Review the definition","",""
"textbook-lesson.subjects-math-calculus-integration-applications-cumulative-practice","/subjects/math/calculus/integration-applications/cumulative-practice/","tool-or-visual","visual-guide.calculus-resource-riemann-sum-progression","/subjects/math/calculus/visuals/riemann-sum-progression/","visual-guide","false","high-confidence-inferred","REVIEW","lesson-footer","Use the tool or visual","",""
"textbook-lesson.subjects-math-calculus-integration-applications-cylindrical-shells","/subjects/math/calculus/integration-applications/cylindrical-shells/","quick-explanation","article.resource-math-calculus-integration-applications-average-value-of-a-function","/subjects/math/calculus/integration-applications/average-value-of-a-function/","method-guide","false","high-confidence-inferred","REVIEW","lesson-footer","See a clear explanation","",""
"textbook-lesson.subjects-math-calculus-integration-applications-cylindrical-shells","/subjects/math/calculus/integration-applications/cylindrical-shells/","reference","glossary-term.glossary-resource-definite-integral","/glossary/math/definite-integral/","glossary-term","false","high-confidence-inferred","REVIEW","lesson-footer","Review the definition","",""
"textbook-lesson.subjects-math-calculus-integration-applications-cylindrical-shells","/subjects/math/calculus/integration-applications/cylindrical-shells/","tool-or-visual","visual-guide.calculus-resource-riemann-sum-progression","/subjects/math/calculus/visuals/riemann-sum-progression/","visual-guide","false","high-confidence-inferred","REVIEW","lesson-footer","Use the tool or visual","",""
"textbook-lesson.subjects-math-calculus-integration-applications-density-and-mass","/subjects/math/calculus/integration-applications/density-and-mass/","quick-explanation","article.resource-math-calculus-integration-applications-average-value-of-a-function","/subjects/math/calculus/integration-applications/average-value-of-a-function/","method-guide","false","high-confidence-inferred","REVIEW","lesson-footer","See a clear explanation","",""
"textbook-lesson.subjects-math-calculus-integration-applications-density-and-mass","/subjects/math/calculus/integration-applications/density-and-mass/","reference","glossary-term.glossary-resource-definite-integral","/glossary/math/definite-integral/","glossary-term","false","high-confidence-inferred","REVIEW","lesson-footer","Review the definition","",""
"textbook-lesson.subjects-math-calculus-integration-applications-density-and-mass","/subjects/math/calculus/integration-applications/density-and-mass/","tool-or-visual","visual-guide.calculus-resource-riemann-sum-progression","/subjects/math/calculus/visuals/riemann-sum-progression/","visual-guide","false","high-confidence-inferred","REVIEW","lesson-footer","Use the tool or visual","",""
"textbook-lesson.subjects-math-calculus-integration-applications-disks-and-washers","/subjects/math/calculus/integration-applications/disks-and-washers/","quick-explanation","article.resource-math-calculus-integration-applications-average-value-of-a-function","/subjects/math/calculus/integration-applications/average-value-of-a-function/","method-guide","false","high-confidence-inferred","REVIEW","lesson-footer","See a clear explanation","",""
"textbook-lesson.subjects-math-calculus-integration-applications-disks-and-washers","/subjects/math/calculus/integration-applications/disks-and-washers/","reference","glossary-term.glossary-resource-definite-integral","/glossary/math/definite-integral/","glossary-term","false","high-confidence-inferred","REVIEW","lesson-footer","Review the definition","",""
"textbook-lesson.subjects-math-calculus-integration-applications-disks-and-washers","/subjects/math/calculus/integration-applications/disks-and-washers/","tool-or-visual","visual-guide.calculus-resource-riemann-sum-progression","/subjects/math/calculus/visuals/riemann-sum-progression/","visual-guide","false","high-confidence-inferred","REVIEW","lesson-footer","Use the tool or visual","",""
"textbook-lesson.subjects-math-calculus-integration-applications-fluid-pressure","/subjects/math/calculus/integration-applications/fluid-pressure/","quick-explanation","article.resource-math-calculus-integration-applications-average-value-of-a-function","/subjects/math/calculus/integration-applications/average-value-of-a-function/","method-guide","false","high-confidence-inferred","REVIEW","lesson-footer","See a clear explanation","",""
"textbook-lesson.subjects-math-calculus-integration-applications-fluid-pressure","/subjects/math/calculus/integration-applications/fluid-pressure/","reference","glossary-term.glossary-resource-definite-integral","/glossary/math/definite-integral/","glossary-term","false","high-confidence-inferred","REVIEW","lesson-footer","Review the definition","",""
"textbook-lesson.subjects-math-calculus-integration-applications-fluid-pressure","/subjects/math/calculus/integration-applications/fluid-pressure/","tool-or-visual","visual-guide.calculus-resource-riemann-sum-progression","/subjects/math/calculus/visuals/riemann-sum-progression/","visual-guide","false","high-confidence-inferred","REVIEW","lesson-footer","Use the tool or visual","",""
"textbook-lesson.subjects-math-calculus-integration-applications-horizontal-slices","/subjects/math/calculus/integration-applications/horizontal-slices/","quick-explanation","article.resource-math-calculus-integration-applications-average-value-of-a-function","/subjects/math/calculus/integration-applications/average-value-of-a-function/","method-guide","false","high-confidence-inferred","REVIEW","lesson-footer","See a clear explanation","",""
"textbook-lesson.subjects-math-calculus-integration-applications-horizontal-slices","/subjects/math/calculus/integration-applications/horizontal-slices/","reference","glossary-term.glossary-resource-definite-integral","/glossary/math/definite-integral/","glossary-term","false","high-confidence-inferred","REVIEW","lesson-footer","Review the definition","",""
"textbook-lesson.subjects-math-calculus-integration-applications-horizontal-slices","/subjects/math/calculus/integration-applications/horizontal-slices/","tool-or-visual","visual-guide.calculus-resource-riemann-sum-progression","/subjects/math/calculus/visuals/riemann-sum-progression/","visual-guide","false","high-confidence-inferred","REVIEW","lesson-footer","Use the tool or visual","",""
"textbook-lesson.subjects-math-calculus-integration-applications-marginal-quantities","/subjects/math/calculus/integration-applications/marginal-quantities/","quick-explanation","article.resource-math-calculus-integration-applications-average-value-of-a-function","/subjects/math/calculus/integration-applications/average-value-of-a-function/","method-guide","false","high-confidence-inferred","REVIEW","lesson-footer","See a clear explanation","",""
"textbook-lesson.subjects-math-calculus-integration-applications-marginal-quantities","/subjects/math/calculus/integration-applications/marginal-quantities/","reference","glossary-term.glossary-resource-definite-integral","/glossary/math/definite-integral/","glossary-term","false","high-confidence-inferred","REVIEW","lesson-footer","Review the definition","",""
"textbook-lesson.subjects-math-calculus-integration-applications-marginal-quantities","/subjects/math/calculus/integration-applications/marginal-quantities/","tool-or-visual","visual-guide.calculus-resource-riemann-sum-progression","/subjects/math/calculus/visuals/riemann-sum-progression/","visual-guide","false","high-confidence-inferred","REVIEW","lesson-footer","Use the tool or visual","",""
"textbook-lesson.subjects-math-calculus-integration-applications-moments-and-center-of-mass","/subjects/math/calculus/integration-applications/moments-and-center-of-mass/","quick-explanation","article.resource-math-calculus-integration-applications-average-value-of-a-function","/subjects/math/calculus/integration-applications/average-value-of-a-function/","method-guide","false","high-confidence-inferred","REVIEW","lesson-footer","See a clear explanation","",""
"textbook-lesson.subjects-math-calculus-integration-applications-moments-and-center-of-mass","/subjects/math/calculus/integration-applications/moments-and-center-of-mass/","reference","glossary-term.glossary-resource-definite-integral","/glossary/math/definite-integral/","glossary-term","false","high-confidence-inferred","REVIEW","lesson-footer","Review the definition","",""
"textbook-lesson.subjects-math-calculus-integration-applications-moments-and-center-of-mass","/subjects/math/calculus/integration-applications/moments-and-center-of-mass/","tool-or-visual","visual-guide.calculus-resource-riemann-sum-progression","/subjects/math/calculus/visuals/riemann-sum-progression/","visual-guide","false","high-confidence-inferred","REVIEW","lesson-footer","Use the tool or visual","",""
"textbook-lesson.subjects-math-calculus-integration-applications-physics-application-studio","/subjects/math/calculus/integration-applications/physics-application-studio/","quick-explanation","article.resource-math-calculus-integration-applications-average-value-of-a-function","/subjects/math/calculus/integration-applications/average-value-of-a-function/","method-guide","false","high-confidence-inferred","REVIEW","lesson-footer","See a clear explanation","",""
"textbook-lesson.subjects-math-calculus-integration-applications-physics-application-studio","/subjects/math/calculus/integration-applications/physics-application-studio/","reference","glossary-term.glossary-resource-definite-integral","/glossary/math/definite-integral/","glossary-term","false","high-confidence-inferred","REVIEW","lesson-footer","Review the definition","",""
"textbook-lesson.subjects-math-calculus-integration-applications-physics-application-studio","/subjects/math/calculus/integration-applications/physics-application-studio/","tool-or-visual","visual-guide.calculus-resource-riemann-sum-progression","/subjects/math/calculus/visuals/riemann-sum-progression/","visual-guide","false","high-confidence-inferred","REVIEW","lesson-footer","Use the tool or visual","",""
"textbook-lesson.subjects-math-calculus-integration-applications-practice-exam-a-answer-key","/subjects/math/calculus/integration-applications/practice-exam-a-answer-key/","quick-explanation","article.resource-math-calculus-integration-applications-average-value-of-a-function","/subjects/math/calculus/integration-applications/average-value-of-a-function/","method-guide","false","high-confidence-inferred","REVIEW","lesson-footer","See a clear explanation","",""
"textbook-lesson.subjects-math-calculus-integration-applications-practice-exam-a-answer-key","/subjects/math/calculus/integration-applications/practice-exam-a-answer-key/","reference","glossary-term.glossary-resource-definite-integral","/glossary/math/definite-integral/","glossary-term","false","high-confidence-inferred","REVIEW","lesson-footer","Review the definition","",""
"textbook-lesson.subjects-math-calculus-integration-applications-practice-exam-a-answer-key","/subjects/math/calculus/integration-applications/practice-exam-a-answer-key/","tool-or-visual","visual-guide.calculus-resource-riemann-sum-progression","/subjects/math/calculus/visuals/riemann-sum-progression/","visual-guide","false","high-confidence-inferred","REVIEW","lesson-footer","Use the tool or visual","",""
"textbook-lesson.subjects-math-calculus-integration-applications-practice-exam-a","/subjects/math/calculus/integration-applications/practice-exam-a/","quick-explanation","article.resource-math-calculus-integration-applications-average-value-of-a-function","/subjects/math/calculus/integration-applications/average-value-of-a-function/","method-guide","false","high-confidence-inferred","REVIEW","lesson-footer","See a clear explanation","",""
"textbook-lesson.subjects-math-calculus-integration-applications-practice-exam-a","/subjects/math/calculus/integration-applications/practice-exam-a/","reference","glossary-term.glossary-resource-definite-integral","/glossary/math/definite-integral/","glossary-term","false","high-confidence-inferred","REVIEW","lesson-footer","Review the definition","",""
"textbook-lesson.subjects-math-calculus-integration-applications-practice-exam-a","/subjects/math/calculus/integration-applications/practice-exam-a/","tool-or-visual","visual-guide.calculus-resource-riemann-sum-progression","/subjects/math/calculus/visuals/riemann-sum-progression/","visual-guide","false","high-confidence-inferred","REVIEW","lesson-footer","Use the tool or visual","",""
"textbook-lesson.subjects-math-calculus-integration-applications-practice-exam-b-answer-key","/subjects/math/calculus/integration-applications/practice-exam-b-answer-key/","quick-explanation","article.resource-math-calculus-integration-applications-average-value-of-a-function","/subjects/math/calculus/integration-applications/average-value-of-a-function/","method-guide","false","high-confidence-inferred","REVIEW","lesson-footer","See a clear explanation","",""
"textbook-lesson.subjects-math-calculus-integration-applications-practice-exam-b-answer-key","/subjects/math/calculus/integration-applications/practice-exam-b-answer-key/","reference","glossary-term.glossary-resource-definite-integral","/glossary/math/definite-integral/","glossary-term","false","high-confidence-inferred","REVIEW","lesson-footer","Review the definition","",""
"textbook-lesson.subjects-math-calculus-integration-applications-practice-exam-b-answer-key","/subjects/math/calculus/integration-applications/practice-exam-b-answer-key/","tool-or-visual","visual-guide.calculus-resource-riemann-sum-progression","/subjects/math/calculus/visuals/riemann-sum-progression/","visual-guide","false","high-confidence-inferred","REVIEW","lesson-footer","Use the tool or visual","",""
"textbook-lesson.subjects-math-calculus-integration-applications-practice-exam-b","/subjects/math/calculus/integration-applications/practice-exam-b/","quick-explanation","article.resource-math-calculus-integration-applications-average-value-of-a-function","/subjects/math/calculus/integration-applications/average-value-of-a-function/","method-guide","false","high-confidence-inferred","REVIEW","lesson-footer","See a clear explanation","",""
"textbook-lesson.subjects-math-calculus-integration-applications-practice-exam-b","/subjects/math/calculus/integration-applications/practice-exam-b/","reference","glossary-term.glossary-resource-definite-integral","/glossary/math/definite-integral/","glossary-term","false","high-confidence-inferred","REVIEW","lesson-footer","Review the definition","",""
"textbook-lesson.subjects-math-calculus-integration-applications-practice-exam-b","/subjects/math/calculus/integration-applications/practice-exam-b/","tool-or-visual","visual-guide.calculus-resource-riemann-sum-progression","/subjects/math/calculus/visuals/riemann-sum-progression/","visual-guide","false","high-confidence-inferred","REVIEW","lesson-footer","Use the tool or visual","",""
"textbook-lesson.subjects-math-calculus-integration-applications-probability-density","/subjects/math/calculus/integration-applications/probability-density/","quick-explanation","article.resource-math-calculus-integration-applications-average-value-of-a-function","/subjects/math/calculus/integration-applications/average-value-of-a-function/","method-guide","false","high-confidence-inferred","REVIEW","lesson-footer","See a clear explanation","",""
"textbook-lesson.subjects-math-calculus-integration-applications-probability-density","/subjects/math/calculus/integration-applications/probability-density/","reference","glossary-term.glossary-resource-definite-integral","/glossary/math/definite-integral/","glossary-term","false","high-confidence-inferred","REVIEW","lesson-footer","Review the definition","",""
"textbook-lesson.subjects-math-calculus-integration-applications-probability-density","/subjects/math/calculus/integration-applications/probability-density/","tool-or-visual","visual-guide.calculus-resource-riemann-sum-progression","/subjects/math/calculus/visuals/riemann-sum-progression/","visual-guide","false","high-confidence-inferred","REVIEW","lesson-footer","Use the tool or visual","",""
"textbook-lesson.subjects-math-calculus-integration-applications-pumping-liquids","/subjects/math/calculus/integration-applications/pumping-liquids/","quick-explanation","article.resource-math-calculus-integration-applications-average-value-of-a-function","/subjects/math/calculus/integration-applications/average-value-of-a-function/","method-guide","false","high-confidence-inferred","REVIEW","lesson-footer","See a clear explanation","",""
"textbook-lesson.subjects-math-calculus-integration-applications-pumping-liquids","/subjects/math/calculus/integration-applications/pumping-liquids/","reference","glossary-term.glossary-resource-definite-integral","/glossary/math/definite-integral/","glossary-term","false","high-confidence-inferred","REVIEW","lesson-footer","Review the definition","",""
"textbook-lesson.subjects-math-calculus-integration-applications-pumping-liquids","/subjects/math/calculus/integration-applications/pumping-liquids/","tool-or-visual","visual-guide.calculus-resource-riemann-sum-progression","/subjects/math/calculus/visuals/riemann-sum-progression/","visual-guide","false","high-confidence-inferred","REVIEW","lesson-footer","Use the tool or visual","",""
"textbook-lesson.subjects-math-calculus-integration-applications-review","/subjects/math/calculus/integration-applications/review/","quick-explanation","article.resource-math-calculus-integration-applications-average-value-of-a-function","/subjects/math/calculus/integration-applications/average-value-of-a-function/","method-guide","false","high-confidence-inferred","REVIEW","lesson-footer","See a clear explanation","",""
"textbook-lesson.subjects-math-calculus-integration-applications-review","/subjects/math/calculus/integration-applications/review/","reference","glossary-term.glossary-resource-definite-integral","/glossary/math/definite-integral/","glossary-term","false","high-confidence-inferred","REVIEW","lesson-footer","Review the definition","",""
"textbook-lesson.subjects-math-calculus-integration-applications-review","/subjects/math/calculus/integration-applications/review/","tool-or-visual","visual-guide.calculus-resource-riemann-sum-progression","/subjects/math/calculus/visuals/riemann-sum-progression/","visual-guide","false","high-confidence-inferred","REVIEW","lesson-footer","Use the tool or visual","",""
"textbook-lesson.subjects-math-calculus-integration-applications-spring-work","/subjects/math/calculus/integration-applications/spring-work/","quick-explanation","article.resource-math-calculus-integration-applications-average-value-of-a-function","/subjects/math/calculus/integration-applications/average-value-of-a-function/","method-guide","false","high-confidence-inferred","REVIEW","lesson-footer","See a clear explanation","",""
"textbook-lesson.subjects-math-calculus-integration-applications-spring-work","/subjects/math/calculus/integration-applications/spring-work/","reference","glossary-term.glossary-resource-definite-integral","/glossary/math/definite-integral/","glossary-term","false","high-confidence-inferred","REVIEW","lesson-footer","Review the definition","",""
"textbook-lesson.subjects-math-calculus-integration-applications-spring-work","/subjects/math/calculus/integration-applications/spring-work/","tool-or-visual","visual-guide.calculus-resource-riemann-sum-progression","/subjects/math/calculus/visuals/riemann-sum-progression/","visual-guide","false","high-confidence-inferred","REVIEW","lesson-footer","Use the tool or visual","",""
"textbook-lesson.subjects-math-calculus-integration-applications-surface-area-of-revolution","/subjects/math/calculus/integration-applications/surface-area-of-revolution/","quick-explanation","article.resource-math-calculus-integration-applications-average-value-of-a-function","/subjects/math/calculus/integration-applications/average-value-of-a-function/","method-guide","false","high-confidence-inferred","REVIEW","lesson-footer","See a clear explanation","",""
"textbook-lesson.subjects-math-calculus-integration-applications-surface-area-of-revolution","/subjects/math/calculus/integration-applications/surface-area-of-revolution/","reference","glossary-term.glossary-resource-definite-integral","/glossary/math/definite-integral/","glossary-term","false","high-confidence-inferred","REVIEW","lesson-footer","Review the definition","",""
"textbook-lesson.subjects-math-calculus-integration-applications-surface-area-of-revolution","/subjects/math/calculus/integration-applications/surface-area-of-revolution/","tool-or-visual","visual-guide.calculus-resource-riemann-sum-progression","/subjects/math/calculus/visuals/riemann-sum-progression/","visual-guide","false","high-confidence-inferred","REVIEW","lesson-footer","Use the tool or visual","",""
"textbook-lesson.subjects-math-calculus-integration-applications-volumes-by-slicing","/subjects/math/calculus/integration-applications/volumes-by-slicing/","quick-explanation","article.resource-math-calculus-integration-applications-average-value-of-a-function","/subjects/math/calculus/integration-applications/average-value-of-a-function/","method-guide","false","high-confidence-inferred","REVIEW","lesson-footer","See a clear explanation","",""
"textbook-lesson.subjects-math-calculus-integration-applications-volumes-by-slicing","/subjects/math/calculus/integration-applications/volumes-by-slicing/","reference","glossary-term.glossary-resource-definite-integral","/glossary/math/definite-integral/","glossary-term","false","high-confidence-inferred","REVIEW","lesson-footer","Review the definition","",""
"textbook-lesson.subjects-math-calculus-integration-applications-volumes-by-slicing","/subjects/math/calculus/integration-applications/volumes-by-slicing/","tool-or-visual","visual-guide.calculus-resource-riemann-sum-progression","/subjects/math/calculus/visuals/riemann-sum-progression/","visual-guide","false","high-confidence-inferred","REVIEW","lesson-footer","Use the tool or visual","",""
"textbook-lesson.subjects-math-calculus-integration-applications-work-and-variable-force","/subjects/math/calculus/integration-applications/work-and-variable-force/","quick-explanation","article.resource-math-calculus-integration-applications-average-value-of-a-function","/subjects/math/calculus/integration-applications/average-value-of-a-function/","method-guide","false","high-confidence-inferred","REVIEW","lesson-footer","See a clear explanation","",""
"textbook-lesson.subjects-math-calculus-integration-applications-work-and-variable-force","/subjects/math/calculus/integration-applications/work-and-variable-force/","reference","glossary-term.glossary-resource-definite-integral","/glossary/math/definite-integral/","glossary-term","false","high-confidence-inferred","REVIEW","lesson-footer","Review the definition","",""
"textbook-lesson.subjects-math-calculus-integration-applications-work-and-variable-force","/subjects/math/calculus/integration-applications/work-and-variable-force/","tool-or-visual","visual-guide.calculus-resource-riemann-sum-progression","/subjects/math/calculus/visuals/riemann-sum-progression/","visual-guide","false","high-confidence-inferred","REVIEW","lesson-footer","Use the tool or visual","",""
"textbook-lesson.limits.calculus-continuity-bisection-method","/subjects/math/calculus/limits-continuity/unit/continuity/bisection-method/","quick-explanation","article.resource-math-calculus-limits-continuity-continuity-at-a-point","/subjects/math/calculus/limits-continuity/continuity-at-a-point/","method-guide","false","high-confidence-inferred","REVIEW","lesson-footer","See a clear explanation","",""
"textbook-lesson.limits.calculus-continuity-bisection-method","/subjects/math/calculus/limits-continuity/unit/continuity/bisection-method/","reference","glossary-term.glossary-resource-continuity","/glossary/math/continuity/","glossary-term","false","high-confidence-inferred","REVIEW","lesson-footer","Review the definition","",""
"textbook-lesson.limits.calculus-continuity-continuity-at-a-point","/subjects/math/calculus/limits-continuity/unit/continuity/continuity-at-a-point/","quick-explanation","article.resource-math-calculus-limits-continuity-continuity-at-a-point","/subjects/math/calculus/limits-continuity/continuity-at-a-point/","method-guide","false","high-confidence-inferred","REVIEW","lesson-footer","See a clear explanation","",""
"textbook-lesson.limits.calculus-continuity-continuity-at-a-point","/subjects/math/calculus/limits-continuity/unit/continuity/continuity-at-a-point/","reference","glossary-term.glossary-resource-continuity","/glossary/math/continuity/","glossary-term","false","high-confidence-inferred","REVIEW","lesson-footer","Review the definition","",""
"textbook-lesson.limits.calculus-continuity-continuity-concept-quiz","/subjects/math/calculus/limits-continuity/unit/continuity/continuity-concept-quiz/","quick-explanation","article.resource-math-calculus-limits-continuity-continuity-at-a-point","/subjects/math/calculus/limits-continuity/continuity-at-a-point/","method-guide","false","high-confidence-inferred","REVIEW","lesson-footer","See a clear explanation","",""
"textbook-lesson.limits.calculus-continuity-continuity-concept-quiz","/subjects/math/calculus/limits-continuity/unit/continuity/continuity-concept-quiz/","reference","glossary-term.glossary-resource-continuity","/glossary/math/continuity/","glossary-term","false","high-confidence-inferred","REVIEW","lesson-footer","Review the definition","",""
"textbook-lesson.limits.calculus-continuity-continuity-practice","/subjects/math/calculus/limits-continuity/unit/continuity/continuity-practice/","quick-explanation","article.resource-math-calculus-limits-continuity-continuity-at-a-point","/subjects/math/calculus/limits-continuity/continuity-at-a-point/","method-guide","false","high-confidence-inferred","REVIEW","lesson-footer","See a clear explanation","",""
"textbook-lesson.limits.calculus-continuity-continuity-practice","/subjects/math/calculus/limits-continuity/unit/continuity/continuity-practice/","reference","glossary-term.glossary-resource-continuity","/glossary/math/continuity/","glossary-term","false","high-confidence-inferred","REVIEW","lesson-footer","Review the definition","",""
"textbook-lesson.limits.calculus-continuity-continuity-review","/subjects/math/calculus/limits-continuity/unit/continuity/continuity-review/","quick-explanation","article.resource-math-calculus-limits-continuity-continuity-at-a-point","/subjects/math/calculus/limits-continuity/continuity-at-a-point/","method-guide","false","high-confidence-inferred","REVIEW","lesson-footer","See a clear explanation","",""
"textbook-lesson.limits.calculus-continuity-continuity-review","/subjects/math/calculus/limits-continuity/unit/continuity/continuity-review/","reference","glossary-term.glossary-resource-continuity","/glossary/math/continuity/","glossary-term","false","high-confidence-inferred","REVIEW","lesson-footer","Review the definition","",""
"textbook-lesson.limits.calculus-continuity-continuous-functions","/subjects/math/calculus/limits-continuity/unit/continuity/continuous-functions/","quick-explanation","article.resource-math-calculus-limits-continuity-continuity-at-a-point","/subjects/math/calculus/limits-continuity/continuity-at-a-point/","method-guide","false","high-confidence-inferred","REVIEW","lesson-footer","See a clear explanation","",""
"textbook-lesson.limits.calculus-continuity-continuous-functions","/subjects/math/calculus/limits-continuity/unit/continuity/continuous-functions/","reference","glossary-term.glossary-resource-continuity","/glossary/math/continuity/","glossary-term","false","high-confidence-inferred","REVIEW","lesson-footer","Review the definition","",""
"textbook-lesson.limits.calculus-continuity-intermediate-value-theorem","/subjects/math/calculus/limits-continuity/unit/continuity/intermediate-value-theorem/","quick-explanation","article.resource-math-calculus-limits-continuity-continuity-at-a-point","/subjects/math/calculus/limits-continuity/continuity-at-a-point/","method-guide","false","high-confidence-inferred","REVIEW","lesson-footer","See a clear explanation","",""
"textbook-lesson.limits.calculus-continuity-intermediate-value-theorem","/subjects/math/calculus/limits-continuity/unit/continuity/intermediate-value-theorem/","reference","glossary-term.glossary-resource-continuity","/glossary/math/continuity/","glossary-term","false","high-confidence-inferred","REVIEW","lesson-footer","Review the definition","",""
"textbook-lesson.limits.calculus-continuity-intervals-endpoints","/subjects/math/calculus/limits-continuity/unit/continuity/intervals-endpoints/","quick-explanation","article.resource-math-calculus-limits-continuity-continuity-at-a-point","/subjects/math/calculus/limits-continuity/continuity-at-a-point/","method-guide","false","high-confidence-inferred","REVIEW","lesson-footer","See a clear explanation","",""
"textbook-lesson.limits.calculus-continuity-intervals-endpoints","/subjects/math/calculus/limits-continuity/unit/continuity/intervals-endpoints/","reference","glossary-term.glossary-resource-continuity","/glossary/math/continuity/","glossary-term","false","high-confidence-inferred","REVIEW","lesson-footer","Review the definition","",""
"textbook-lesson.limits.calculus-continuity-piecewise-parameters","/subjects/math/calculus/limits-continuity/unit/continuity/piecewise-parameters/","quick-explanation","article.resource-math-calculus-limits-continuity-continuity-at-a-point","/subjects/math/calculus/limits-continuity/continuity-at-a-point/","method-guide","false","high-confidence-inferred","REVIEW","lesson-footer","See a clear explanation","",""
"textbook-lesson.limits.calculus-continuity-piecewise-parameters","/subjects/math/calculus/limits-continuity/unit/continuity/piecewise-parameters/","reference","glossary-term.glossary-resource-continuity","/glossary/math/continuity/","glossary-term","false","high-confidence-inferred","REVIEW","lesson-footer","Review the definition","",""
"textbook-lesson.limits.calculus-continuity-repair-removable-discontinuity","/subjects/math/calculus/limits-continuity/unit/continuity/repair-removable-discontinuity/","quick-explanation","article.resource-math-calculus-limits-continuity-continuity-at-a-point","/subjects/math/calculus/limits-continuity/continuity-at-a-point/","method-guide","false","high-confidence-inferred","REVIEW","lesson-footer","See a clear explanation","",""
"textbook-lesson.limits.calculus-continuity-repair-removable-discontinuity","/subjects/math/calculus/limits-continuity/unit/continuity/repair-removable-discontinuity/","reference","glossary-term.glossary-resource-continuity","/glossary/math/continuity/","glossary-term","false","high-confidence-inferred","REVIEW","lesson-footer","Review the definition","",""
"textbook-lesson.limits.calculus-continuity-two-parameter-continuity","/subjects/math/calculus/limits-continuity/unit/continuity/two-parameter-continuity/","quick-explanation","article.resource-math-calculus-limits-continuity-continuity-at-a-point","/subjects/math/calculus/limits-continuity/continuity-at-a-point/","method-guide","false","high-confidence-inferred","REVIEW","lesson-footer","See a clear explanation","",""
"textbook-lesson.limits.calculus-continuity-two-parameter-continuity","/subjects/math/calculus/limits-continuity/unit/continuity/two-parameter-continuity/","reference","glossary-term.glossary-resource-continuity","/glossary/math/continuity/","glossary-term","false","high-confidence-inferred","REVIEW","lesson-footer","Review the definition","",""
"textbook-lesson.limits.calculus-continuity-types-of-discontinuity","/subjects/math/calculus/limits-continuity/unit/continuity/types-of-discontinuity/","quick-explanation","article.resource-math-calculus-limits-continuity-continuity-at-a-point","/subjects/math/calculus/limits-continuity/continuity-at-a-point/","method-guide","false","high-confidence-inferred","REVIEW","lesson-footer","See a clear explanation","",""
"textbook-lesson.limits.calculus-continuity-types-of-discontinuity","/subjects/math/calculus/limits-continuity/unit/continuity/types-of-discontinuity/","reference","glossary-term.glossary-resource-continuity","/glossary/math/continuity/","glossary-term","false","high-confidence-inferred","REVIEW","lesson-footer","Review the definition","",""
"textbook-lesson.limits.calculus-limits-absolute-value-piecewise","/subjects/math/calculus/limits-continuity/unit/limits/absolute-value-piecewise/","quick-explanation","article.resource-math-calculus-limits-continuity-continuity-at-a-point","/subjects/math/calculus/limits-continuity/continuity-at-a-point/","method-guide","false","high-confidence-inferred","REVIEW","lesson-footer","See a clear explanation","",""
"textbook-lesson.limits.calculus-limits-absolute-value-piecewise","/subjects/math/calculus/limits-continuity/unit/limits/absolute-value-piecewise/","reference","glossary-term.glossary-resource-continuity","/glossary/math/continuity/","glossary-term","false","high-confidence-inferred","REVIEW","lesson-footer","Review the definition","",""
"textbook-lesson.limits.calculus-limits-common-exam-errors","/subjects/math/calculus/limits-continuity/unit/limits/common-exam-errors/","quick-explanation","article.resource-math-calculus-limits-continuity-continuity-at-a-point","/subjects/math/calculus/limits-continuity/continuity-at-a-point/","method-guide","false","high-confidence-inferred","REVIEW","lesson-footer","See a clear explanation","",""
"textbook-lesson.limits.calculus-limits-common-exam-errors","/subjects/math/calculus/limits-continuity/unit/limits/common-exam-errors/","reference","glossary-term.glossary-resource-continuity","/glossary/math/continuity/","glossary-term","false","high-confidence-inferred","REVIEW","lesson-footer","Review the definition","",""
"textbook-lesson.limits.calculus-limits-complete-asymptote-analysis","/subjects/math/calculus/limits-continuity/unit/limits/complete-asymptote-analysis/","quick-explanation","article.resource-math-calculus-limits-continuity-continuity-at-a-point","/subjects/math/calculus/limits-continuity/continuity-at-a-point/","method-guide","false","high-confidence-inferred","REVIEW","lesson-footer","See a clear explanation","",""
"textbook-lesson.limits.calculus-limits-complete-asymptote-analysis","/subjects/math/calculus/limits-continuity/unit/limits/complete-asymptote-analysis/","reference","glossary-term.glossary-resource-continuity","/glossary/math/continuity/","glossary-term","false","high-confidence-inferred","REVIEW","lesson-footer","Review the definition","",""
"textbook-lesson.limits.calculus-limits-complex-fractions","/subjects/math/calculus/limits-continuity/unit/limits/complex-fractions/","quick-explanation","article.resource-math-calculus-limits-continuity-continuity-at-a-point","/subjects/math/calculus/limits-continuity/continuity-at-a-point/","method-guide","false","high-confidence-inferred","REVIEW","lesson-footer","See a clear explanation","",""
"textbook-lesson.limits.calculus-limits-complex-fractions","/subjects/math/calculus/limits-continuity/unit/limits/complex-fractions/","reference","glossary-term.glossary-resource-continuity","/glossary/math/continuity/","glossary-term","false","high-confidence-inferred","REVIEW","lesson-footer","Review the definition","",""
"textbook-lesson.limits.calculus-limits-cumulative-practice","/subjects/math/calculus/limits-continuity/unit/limits/cumulative-practice/","quick-explanation","article.resource-math-calculus-limits-continuity-continuity-at-a-point","/subjects/math/calculus/limits-continuity/continuity-at-a-point/","method-guide","false","high-confidence-inferred","REVIEW","lesson-footer","See a clear explanation","",""
"textbook-lesson.limits.calculus-limits-cumulative-practice","/subjects/math/calculus/limits-continuity/unit/limits/cumulative-practice/","reference","glossary-term.glossary-resource-continuity","/glossary/math/continuity/","glossary-term","false","high-confidence-inferred","REVIEW","lesson-footer","Review the definition","",""
"textbook-lesson.limits.calculus-limits-direct-substitution","/subjects/math/calculus/limits-continuity/unit/limits/direct-substitution/","quick-explanation","article.resource-math-calculus-limits-continuity-continuity-at-a-point","/subjects/math/calculus/limits-continuity/continuity-at-a-point/","method-guide","false","high-confidence-inferred","REVIEW","lesson-footer","See a clear explanation","",""
"textbook-lesson.limits.calculus-limits-direct-substitution","/subjects/math/calculus/limits-continuity/unit/limits/direct-substitution/","reference","glossary-term.glossary-resource-continuity","/glossary/math/continuity/","glossary-term","false","high-confidence-inferred","REVIEW","lesson-footer","Review the definition","",""
"textbook-lesson.limits.calculus-limits-disprove-limit-epsilon-delta","/subjects/math/calculus/limits-continuity/unit/limits/disprove-limit-epsilon-delta/","quick-explanation","article.resource-math-calculus-limits-continuity-continuity-at-a-point","/subjects/math/calculus/limits-continuity/continuity-at-a-point/","method-guide","false","high-confidence-inferred","REVIEW","lesson-footer","See a clear explanation","",""
"textbook-lesson.limits.calculus-limits-disprove-limit-epsilon-delta","/subjects/math/calculus/limits-continuity/unit/limits/disprove-limit-epsilon-delta/","reference","glossary-term.glossary-resource-continuity","/glossary/math/continuity/","glossary-term","false","high-confidence-inferred","REVIEW","lesson-footer","Review the definition","",""
"textbook-lesson.limits.calculus-limits-epsilon-delta-concept-quiz","/subjects/math/calculus/limits-continuity/unit/limits/epsilon-delta-concept-quiz/","quick-explanation","article.resource-math-calculus-limits-continuity-continuity-at-a-point","/subjects/math/calculus/limits-continuity/continuity-at-a-point/","method-guide","false","high-confidence-inferred","REVIEW","lesson-footer","See a clear explanation","",""
"textbook-lesson.limits.calculus-limits-epsilon-delta-concept-quiz","/subjects/math/calculus/limits-continuity/unit/limits/epsilon-delta-concept-quiz/","reference","glossary-term.glossary-resource-continuity","/glossary/math/continuity/","glossary-term","false","high-confidence-inferred","REVIEW","lesson-footer","Review the definition","",""
"textbook-lesson.limits.calculus-limits-epsilon-delta-graph","/subjects/math/calculus/limits-continuity/unit/limits/epsilon-delta-graph/","quick-explanation","article.resource-math-calculus-limits-continuity-continuity-at-a-point","/subjects/math/calculus/limits-continuity/continuity-at-a-point/","method-guide","false","high-confidence-inferred","REVIEW","lesson-footer","See a clear explanation","",""
"textbook-lesson.limits.calculus-limits-epsilon-delta-graph","/subjects/math/calculus/limits-continuity/unit/limits/epsilon-delta-graph/","reference","glossary-term.glossary-resource-continuity","/glossary/math/continuity/","glossary-term","false","high-confidence-inferred","REVIEW","lesson-footer","Review the definition","",""
"textbook-lesson.limits.calculus-limits-epsilon-delta-introduction","/subjects/math/calculus/limits-continuity/unit/limits/epsilon-delta-introduction/","quick-explanation","article.resource-math-calculus-limits-continuity-continuity-at-a-point","/subjects/math/calculus/limits-continuity/continuity-at-a-point/","method-guide","false","high-confidence-inferred","REVIEW","lesson-footer","See a clear explanation","",""
"textbook-lesson.limits.calculus-limits-epsilon-delta-introduction","/subjects/math/calculus/limits-continuity/unit/limits/epsilon-delta-introduction/","reference","glossary-term.glossary-resource-continuity","/glossary/math/continuity/","glossary-term","false","high-confidence-inferred","REVIEW","lesson-footer","Review the definition","",""
"textbook-lesson.limits.calculus-limits-epsilon-delta-linear","/subjects/math/calculus/limits-continuity/unit/limits/epsilon-delta-linear/","quick-explanation","article.resource-math-calculus-limits-continuity-continuity-at-a-point","/subjects/math/calculus/limits-continuity/continuity-at-a-point/","method-guide","false","high-confidence-inferred","REVIEW","lesson-footer","See a clear explanation","",""
"textbook-lesson.limits.calculus-limits-epsilon-delta-linear","/subjects/math/calculus/limits-continuity/unit/limits/epsilon-delta-linear/","reference","glossary-term.glossary-resource-continuity","/glossary/math/continuity/","glossary-term","false","high-confidence-inferred","REVIEW","lesson-footer","Review the definition","",""
"textbook-lesson.limits.calculus-limits-epsilon-delta-practice","/subjects/math/calculus/limits-continuity/unit/limits/epsilon-delta-practice/","quick-explanation","article.resource-math-calculus-limits-continuity-continuity-at-a-point","/subjects/math/calculus/limits-continuity/continuity-at-a-point/","method-guide","false","high-confidence-inferred","REVIEW","lesson-footer","See a clear explanation","",""
"textbook-lesson.limits.calculus-limits-epsilon-delta-practice","/subjects/math/calculus/limits-continuity/unit/limits/epsilon-delta-practice/","reference","glossary-term.glossary-resource-continuity","/glossary/math/continuity/","glossary-term","false","high-confidence-inferred","REVIEW","lesson-footer","Review the definition","",""
"textbook-lesson.limits.calculus-limits-epsilon-delta-quadratic","/subjects/math/calculus/limits-continuity/unit/limits/epsilon-delta-quadratic/","quick-explanation","article.resource-math-calculus-limits-continuity-continuity-at-a-point","/subjects/math/calculus/limits-continuity/continuity-at-a-point/","method-guide","false","high-confidence-inferred","REVIEW","lesson-footer","See a clear explanation","",""
"textbook-lesson.limits.calculus-limits-epsilon-delta-quadratic","/subjects/math/calculus/limits-continuity/unit/limits/epsilon-delta-quadratic/","reference","glossary-term.glossary-resource-continuity","/glossary/math/continuity/","glossary-term","false","high-confidence-inferred","REVIEW","lesson-footer","Review the definition","",""
"textbook-lesson.limits.calculus-limits-epsilon-delta-review","/subjects/math/calculus/limits-continuity/unit/limits/epsilon-delta-review/","quick-explanation","article.resource-math-calculus-limits-continuity-continuity-at-a-point","/subjects/math/calculus/limits-continuity/continuity-at-a-point/","method-guide","false","high-confidence-inferred","REVIEW","lesson-footer","See a clear explanation","",""
"textbook-lesson.limits.calculus-limits-epsilon-delta-review","/subjects/math/calculus/limits-continuity/unit/limits/epsilon-delta-review/","reference","glossary-term.glossary-resource-continuity","/glossary/math/continuity/","glossary-term","false","high-confidence-inferred","REVIEW","lesson-footer","Review the definition","",""
"textbook-lesson.limits.calculus-limits-factoring-limits","/subjects/math/calculus/limits-continuity/unit/limits/factoring-limits/","quick-explanation","article.resource-math-calculus-limits-continuity-continuity-at-a-point","/subjects/math/calculus/limits-continuity/continuity-at-a-point/","method-guide","false","high-confidence-inferred","REVIEW","lesson-footer","See a clear explanation","",""
"textbook-lesson.limits.calculus-limits-factoring-limits","/subjects/math/calculus/limits-continuity/unit/limits/factoring-limits/","reference","glossary-term.glossary-resource-continuity","/glossary/math/continuity/","glossary-term","false","high-confidence-inferred","REVIEW","lesson-footer","Review the definition","",""
"textbook-lesson.limits.calculus-limits-finite-limit-decision-tree","/subjects/math/calculus/limits-continuity/unit/limits/finite-limit-decision-tree/","quick-explanation","article.resource-math-calculus-limits-continuity-continuity-at-a-point","/subjects/math/calculus/limits-continuity/continuity-at-a-point/","method-guide","false","high-confidence-inferred","REVIEW","lesson-footer","See a clear explanation","",""
"textbook-lesson.limits.calculus-limits-finite-limit-decision-tree","/subjects/math/calculus/limits-continuity/unit/limits/finite-limit-decision-tree/","reference","glossary-term.glossary-resource-continuity","/glossary/math/continuity/","glossary-term","false","high-confidence-inferred","REVIEW","lesson-footer","Review the definition","",""
"textbook-lesson.limits.calculus-limits-finite-limits-concept-quiz","/subjects/math/calculus/limits-continuity/unit/limits/finite-limits-concept-quiz/","quick-explanation","article.resource-math-calculus-limits-continuity-continuity-at-a-point","/subjects/math/calculus/limits-continuity/continuity-at-a-point/","method-guide","false","high-confidence-inferred","REVIEW","lesson-footer","See a clear explanation","",""
"textbook-lesson.limits.calculus-limits-finite-limits-concept-quiz","/subjects/math/calculus/limits-continuity/unit/limits/finite-limits-concept-quiz/","reference","glossary-term.glossary-resource-continuity","/glossary/math/continuity/","glossary-term","false","high-confidence-inferred","REVIEW","lesson-footer","Review the definition","",""
"textbook-lesson.limits.calculus-limits-finite-limits-practice","/subjects/math/calculus/limits-continuity/unit/limits/finite-limits-practice/","quick-explanation","article.resource-math-calculus-limits-continuity-continuity-at-a-point","/subjects/math/calculus/limits-continuity/continuity-at-a-point/","method-guide","false","high-confidence-inferred","REVIEW","lesson-footer","See a clear explanation","",""
"textbook-lesson.limits.calculus-limits-finite-limits-practice","/subjects/math/calculus/limits-continuity/unit/limits/finite-limits-practice/","reference","glossary-term.glossary-resource-continuity","/glossary/math/continuity/","glossary-term","false","high-confidence-inferred","REVIEW","lesson-footer","Review the definition","",""
"textbook-lesson.limits.calculus-limits-finite-limits-review","/subjects/math/calculus/limits-continuity/unit/limits/finite-limits-review/","quick-explanation","article.resource-math-calculus-limits-continuity-continuity-at-a-point","/subjects/math/calculus/limits-continuity/continuity-at-a-point/","method-guide","false","high-confidence-inferred","REVIEW","lesson-footer","See a clear explanation","",""
"textbook-lesson.limits.calculus-limits-finite-limits-review","/subjects/math/calculus/limits-continuity/unit/limits/finite-limits-review/","reference","glossary-term.glossary-resource-continuity","/glossary/math/continuity/","glossary-term","false","high-confidence-inferred","REVIEW","lesson-footer","Review the definition","",""
"textbook-lesson.limits.calculus-limits-formal-infinite-limits","/subjects/math/calculus/limits-continuity/unit/limits/formal-infinite-limits/","quick-explanation","article.resource-math-calculus-limits-continuity-continuity-at-a-point","/subjects/math/calculus/limits-continuity/continuity-at-a-point/","method-guide","false","high-confidence-inferred","REVIEW","lesson-footer","See a clear explanation","",""
"textbook-lesson.limits.calculus-limits-formal-infinite-limits","/subjects/math/calculus/limits-continuity/unit/limits/formal-infinite-limits/","reference","glossary-term.glossary-resource-continuity","/glossary/math/continuity/","glossary-term","false","high-confidence-inferred","REVIEW","lesson-footer","Review the definition","",""
"textbook-lesson.limits.calculus-limits-function-value-vs-limit","/subjects/math/calculus/limits-continuity/unit/limits/function-value-vs-limit/","quick-explanation","article.resource-math-calculus-limits-continuity-continuity-at-a-point","/subjects/math/calculus/limits-continuity/continuity-at-a-point/","method-guide","false","high-confidence-inferred","REVIEW","lesson-footer","See a clear explanation","",""
"textbook-lesson.limits.calculus-limits-function-value-vs-limit","/subjects/math/calculus/limits-continuity/unit/limits/function-value-vs-limit/","reference","glossary-term.glossary-resource-continuity","/glossary/math/continuity/","glossary-term","false","high-confidence-inferred","REVIEW","lesson-footer","Review the definition","",""
"textbook-lesson.limits.calculus-limits-infinite-behavior-concept-quiz","/subjects/math/calculus/limits-continuity/unit/limits/infinite-behavior-concept-quiz/","quick-explanation","article.resource-math-calculus-limits-continuity-continuity-at-a-point","/subjects/math/calculus/limits-continuity/continuity-at-a-point/","method-guide","false","high-confidence-inferred","REVIEW","lesson-footer","See a clear explanation","",""
"textbook-lesson.limits.calculus-limits-infinite-behavior-concept-quiz","/subjects/math/calculus/limits-continuity/unit/limits/infinite-behavior-concept-quiz/","reference","glossary-term.glossary-resource-continuity","/glossary/math/continuity/","glossary-term","false","high-confidence-inferred","REVIEW","lesson-footer","Review the definition","",""
"textbook-lesson.limits.calculus-limits-infinite-behavior-practice","/subjects/math/calculus/limits-continuity/unit/limits/infinite-behavior-practice/","quick-explanation","article.resource-math-calculus-limits-continuity-continuity-at-a-point","/subjects/math/calculus/limits-continuity/continuity-at-a-point/","method-guide","false","high-confidence-inferred","REVIEW","lesson-footer","See a clear explanation","",""
"textbook-lesson.limits.calculus-limits-infinite-behavior-practice","/subjects/math/calculus/limits-continuity/unit/limits/infinite-behavior-practice/","reference","glossary-term.glossary-resource-continuity","/glossary/math/continuity/","glossary-term","false","high-confidence-inferred","REVIEW","lesson-footer","Review the definition","",""
"textbook-lesson.limits.calculus-limits-infinite-behavior-review","/subjects/math/calculus/limits-continuity/unit/limits/infinite-behavior-review/","quick-explanation","article.resource-math-calculus-limits-continuity-continuity-at-a-point","/subjects/math/calculus/limits-continuity/continuity-at-a-point/","method-guide","false","high-confidence-inferred","REVIEW","lesson-footer","See a clear explanation","",""
"textbook-lesson.limits.calculus-limits-infinite-behavior-review","/subjects/math/calculus/limits-continuity/unit/limits/infinite-behavior-review/","reference","glossary-term.glossary-resource-continuity","/glossary/math/continuity/","glossary-term","false","high-confidence-inferred","REVIEW","lesson-footer","Review the definition","",""
"textbook-lesson.limits.calculus-limits-infinity-minus-infinity","/subjects/math/calculus/limits-continuity/unit/limits/infinity-minus-infinity/","quick-explanation","article.resource-math-calculus-limits-continuity-continuity-at-a-point","/subjects/math/calculus/limits-continuity/continuity-at-a-point/","method-guide","false","high-confidence-inferred","REVIEW","lesson-footer","See a clear explanation","",""
"textbook-lesson.limits.calculus-limits-infinity-minus-infinity","/subjects/math/calculus/limits-continuity/unit/limits/infinity-minus-infinity/","reference","glossary-term.glossary-resource-continuity","/glossary/math/continuity/","glossary-term","false","high-confidence-inferred","REVIEW","lesson-footer","Review the definition","",""
"textbook-lesson.limits.calculus-limits-limit-at-a-hole","/subjects/math/calculus/limits-continuity/unit/limits/limit-at-a-hole/","quick-explanation","article.resource-math-calculus-limits-continuity-continuity-at-a-point","/subjects/math/calculus/limits-continuity/continuity-at-a-point/","method-guide","false","high-confidence-inferred","REVIEW","lesson-footer","See a clear explanation","",""
"textbook-lesson.limits.calculus-limits-limit-at-a-hole","/subjects/math/calculus/limits-continuity/unit/limits/limit-at-a-hole/","reference","glossary-term.glossary-resource-continuity","/glossary/math/continuity/","glossary-term","false","high-confidence-inferred","REVIEW","lesson-footer","Review the definition","",""
"textbook-lesson.limits.calculus-limits-limit-laws","/subjects/math/calculus/limits-continuity/unit/limits/limit-laws/","quick-explanation","article.resource-math-calculus-limits-continuity-continuity-at-a-point","/subjects/math/calculus/limits-continuity/continuity-at-a-point/","method-guide","false","high-confidence-inferred","REVIEW","lesson-footer","See a clear explanation","",""
"textbook-lesson.limits.calculus-limits-limit-laws","/subjects/math/calculus/limits-continuity/unit/limits/limit-laws/","reference","glossary-term.glossary-resource-continuity","/glossary/math/continuity/","glossary-term","false","high-confidence-inferred","REVIEW","lesson-footer","Review the definition","",""
"textbook-lesson.limits.calculus-limits-limits-at-infinity","/subjects/math/calculus/limits-continuity/unit/limits/limits-at-infinity/","quick-explanation","article.resource-math-calculus-limits-continuity-continuity-at-a-point","/subjects/math/calculus/limits-continuity/continuity-at-a-point/","method-guide","false","high-confidence-inferred","REVIEW","lesson-footer","See a clear explanation","",""
"textbook-lesson.limits.calculus-limits-limits-at-infinity","/subjects/math/calculus/limits-continuity/unit/limits/limits-at-infinity/","reference","glossary-term.glossary-resource-continuity","/glossary/math/continuity/","glossary-term","false","high-confidence-inferred","REVIEW","lesson-footer","Review the definition","",""
"textbook-lesson.limits.calculus-limits-meaning-concept-quiz","/subjects/math/calculus/limits-continuity/unit/limits/meaning-concept-quiz/","quick-explanation","article.resource-math-calculus-limits-continuity-continuity-at-a-point","/subjects/math/calculus/limits-continuity/continuity-at-a-point/","method-guide","false","high-confidence-inferred","REVIEW","lesson-footer","See a clear explanation","",""
"textbook-lesson.limits.calculus-limits-meaning-concept-quiz","/subjects/math/calculus/limits-continuity/unit/limits/meaning-concept-quiz/","reference","glossary-term.glossary-resource-continuity","/glossary/math/continuity/","glossary-term","false","high-confidence-inferred","REVIEW","lesson-footer","Review the definition","",""
"textbook-lesson.limits.calculus-limits-meaning-practice","/subjects/math/calculus/limits-continuity/unit/limits/meaning-practice/","quick-explanation","article.resource-math-calculus-limits-continuity-continuity-at-a-point","/subjects/math/calculus/limits-continuity/continuity-at-a-point/","method-guide","false","high-confidence-inferred","REVIEW","lesson-footer","See a clear explanation","",""
"textbook-lesson.limits.calculus-limits-meaning-practice","/subjects/math/calculus/limits-continuity/unit/limits/meaning-practice/","reference","glossary-term.glossary-resource-continuity","/glossary/math/continuity/","glossary-term","false","high-confidence-inferred","REVIEW","lesson-footer","Review the definition","",""
"textbook-lesson.limits.calculus-limits-meaning-review","/subjects/math/calculus/limits-continuity/unit/limits/meaning-review/","quick-explanation","article.resource-math-calculus-limits-continuity-continuity-at-a-point","/subjects/math/calculus/limits-continuity/continuity-at-a-point/","method-guide","false","high-confidence-inferred","REVIEW","lesson-footer","See a clear explanation","",""
"textbook-lesson.limits.calculus-limits-meaning-review","/subjects/math/calculus/limits-continuity/unit/limits/meaning-review/","reference","glossary-term.glossary-resource-continuity","/glossary/math/continuity/","glossary-term","false","high-confidence-inferred","REVIEW","lesson-footer","Review the definition","",""
"textbook-lesson.limits.calculus-limits-notation-guide","/subjects/math/calculus/limits-continuity/unit/limits/notation-guide/","quick-explanation","article.resource-math-calculus-limits-continuity-continuity-at-a-point","/subjects/math/calculus/limits-continuity/continuity-at-a-point/","method-guide","false","high-confidence-inferred","REVIEW","lesson-footer","See a clear explanation","",""
"textbook-lesson.limits.calculus-limits-notation-guide","/subjects/math/calculus/limits-continuity/unit/limits/notation-guide/","reference","glossary-term.glossary-resource-continuity","/glossary/math/continuity/","glossary-term","false","high-confidence-inferred","REVIEW","lesson-footer","Review the definition","",""
"textbook-lesson.limits.calculus-limits-one-sided-limits","/subjects/math/calculus/limits-continuity/unit/limits/one-sided-limits/","quick-explanation","article.resource-math-calculus-limits-continuity-continuity-at-a-point","/subjects/math/calculus/limits-continuity/continuity-at-a-point/","method-guide","false","high-confidence-inferred","REVIEW","lesson-footer","See a clear explanation","",""
"textbook-lesson.limits.calculus-limits-one-sided-limits","/subjects/math/calculus/limits-continuity/unit/limits/one-sided-limits/","reference","glossary-term.glossary-resource-continuity","/glossary/math/continuity/","glossary-term","false","high-confidence-inferred","REVIEW","lesson-footer","Review the definition","",""
"textbook-lesson.limits.calculus-limits-practice-exam-a","/subjects/math/calculus/limits-continuity/unit/limits/practice-exam-a/","quick-explanation","article.resource-math-calculus-limits-continuity-continuity-at-a-point","/subjects/math/calculus/limits-continuity/continuity-at-a-point/","method-guide","false","high-confidence-inferred","REVIEW","lesson-footer","See a clear explanation","",""
"textbook-lesson.limits.calculus-limits-practice-exam-a","/subjects/math/calculus/limits-continuity/unit/limits/practice-exam-a/","reference","glossary-term.glossary-resource-continuity","/glossary/math/continuity/","glossary-term","false","high-confidence-inferred","REVIEW","lesson-footer","Review the definition","",""
"textbook-lesson.limits.calculus-limits-practice-exam-a-answer-key","/subjects/math/calculus/limits-continuity/unit/limits/practice-exam-a/answer-key/","quick-explanation","article.resource-math-calculus-limits-continuity-continuity-at-a-point","/subjects/math/calculus/limits-continuity/continuity-at-a-point/","method-guide","false","high-confidence-inferred","REVIEW","lesson-footer","See a clear explanation","",""
"textbook-lesson.limits.calculus-limits-practice-exam-a-answer-key","/subjects/math/calculus/limits-continuity/unit/limits/practice-exam-a/answer-key/","reference","glossary-term.glossary-resource-continuity","/glossary/math/continuity/","glossary-term","false","high-confidence-inferred","REVIEW","lesson-footer","Review the definition","",""
"textbook-lesson.limits.calculus-limits-practice-exam-b","/subjects/math/calculus/limits-continuity/unit/limits/practice-exam-b/","quick-explanation","article.resource-math-calculus-limits-continuity-continuity-at-a-point","/subjects/math/calculus/limits-continuity/continuity-at-a-point/","method-guide","false","high-confidence-inferred","REVIEW","lesson-footer","See a clear explanation","",""
"textbook-lesson.limits.calculus-limits-practice-exam-b","/subjects/math/calculus/limits-continuity/unit/limits/practice-exam-b/","reference","glossary-term.glossary-resource-continuity","/glossary/math/continuity/","glossary-term","false","high-confidence-inferred","REVIEW","lesson-footer","Review the definition","",""
"textbook-lesson.limits.calculus-limits-practice-exam-b-answer-key","/subjects/math/calculus/limits-continuity/unit/limits/practice-exam-b/answer-key/","quick-explanation","article.resource-math-calculus-limits-continuity-continuity-at-a-point","/subjects/math/calculus/limits-continuity/continuity-at-a-point/","method-guide","false","high-confidence-inferred","REVIEW","lesson-footer","See a clear explanation","",""
"textbook-lesson.limits.calculus-limits-practice-exam-b-answer-key","/subjects/math/calculus/limits-continuity/unit/limits/practice-exam-b/answer-key/","reference","glossary-term.glossary-resource-continuity","/glossary/math/continuity/","glossary-term","false","high-confidence-inferred","REVIEW","lesson-footer","Review the definition","",""
"textbook-lesson.limits.calculus-limits-prerequisite-diagnostic","/subjects/math/calculus/limits-continuity/unit/limits/prerequisite-diagnostic/","quick-explanation","article.resource-math-calculus-limits-continuity-continuity-at-a-point","/subjects/math/calculus/limits-continuity/continuity-at-a-point/","method-guide","false","high-confidence-inferred","REVIEW","lesson-footer","See a clear explanation","",""
"textbook-lesson.limits.calculus-limits-prerequisite-diagnostic","/subjects/math/calculus/limits-continuity/unit/limits/prerequisite-diagnostic/","reference","glossary-term.glossary-resource-continuity","/glossary/math/continuity/","glossary-term","false","high-confidence-inferred","REVIEW","lesson-footer","Review the definition","",""
"textbook-lesson.limits.calculus-limits-radicals-at-infinity","/subjects/math/calculus/limits-continuity/unit/limits/radicals-at-infinity/","quick-explanation","article.resource-math-calculus-limits-continuity-continuity-at-a-point","/subjects/math/calculus/limits-continuity/continuity-at-a-point/","method-guide","false","high-confidence-inferred","REVIEW","lesson-footer","See a clear explanation","",""
"textbook-lesson.limits.calculus-limits-radicals-at-infinity","/subjects/math/calculus/limits-continuity/unit/limits/radicals-at-infinity/","reference","glossary-term.glossary-resource-continuity","/glossary/math/continuity/","glossary-term","false","high-confidence-inferred","REVIEW","lesson-footer","Review the definition","",""
"textbook-lesson.limits.calculus-limits-ratio-of-sines","/subjects/math/calculus/limits-continuity/unit/limits/ratio-of-sines/","quick-explanation","article.resource-math-calculus-limits-continuity-continuity-at-a-point","/subjects/math/calculus/limits-continuity/continuity-at-a-point/","method-guide","false","high-confidence-inferred","REVIEW","lesson-footer","See a clear explanation","",""
"textbook-lesson.limits.calculus-limits-ratio-of-sines","/subjects/math/calculus/limits-continuity/unit/limits/ratio-of-sines/","reference","glossary-term.glossary-resource-continuity","/glossary/math/continuity/","glossary-term","false","high-confidence-inferred","REVIEW","lesson-footer","Review the definition","",""
"textbook-lesson.limits.calculus-limits-rationalizing-radicals","/subjects/math/calculus/limits-continuity/unit/limits/rationalizing-radicals/","quick-explanation","article.resource-math-calculus-limits-continuity-continuity-at-a-point","/subjects/math/calculus/limits-continuity/continuity-at-a-point/","method-guide","false","high-confidence-inferred","REVIEW","lesson-footer","See a clear explanation","",""
"textbook-lesson.limits.calculus-limits-rationalizing-radicals","/subjects/math/calculus/limits-continuity/unit/limits/rationalizing-radicals/","reference","glossary-term.glossary-resource-continuity","/glossary/math/continuity/","glossary-term","false","high-confidence-inferred","REVIEW","lesson-footer","Review the definition","",""
"textbook-lesson.limits.calculus-limits-read-limits-from-graphs","/subjects/math/calculus/limits-continuity/unit/limits/read-limits-from-graphs/","quick-explanation","article.resource-math-calculus-limits-continuity-continuity-at-a-point","/subjects/math/calculus/limits-continuity/continuity-at-a-point/","method-guide","false","high-confidence-inferred","REVIEW","lesson-footer","See a clear explanation","",""
"textbook-lesson.limits.calculus-limits-read-limits-from-graphs","/subjects/math/calculus/limits-continuity/unit/limits/read-limits-from-graphs/","reference","glossary-term.glossary-resource-continuity","/glossary/math/continuity/","glossary-term","false","high-confidence-inferred","REVIEW","lesson-footer","Review the definition","",""
"textbook-lesson.limits.calculus-limits-scaled-sine-tangent","/subjects/math/calculus/limits-continuity/unit/limits/scaled-sine-tangent/","quick-explanation","article.resource-math-calculus-limits-continuity-continuity-at-a-point","/subjects/math/calculus/limits-continuity/continuity-at-a-point/","method-guide","false","high-confidence-inferred","REVIEW","lesson-footer","See a clear explanation","",""
"textbook-lesson.limits.calculus-limits-scaled-sine-tangent","/subjects/math/calculus/limits-continuity/unit/limits/scaled-sine-tangent/","reference","glossary-term.glossary-resource-continuity","/glossary/math/continuity/","glossary-term","false","high-confidence-inferred","REVIEW","lesson-footer","Review the definition","",""
"textbook-lesson.limits.calculus-limits-sin-x-over-x-proof","/subjects/math/calculus/limits-continuity/unit/limits/sin-x-over-x-proof/","quick-explanation","article.resource-math-calculus-limits-continuity-continuity-at-a-point","/subjects/math/calculus/limits-continuity/continuity-at-a-point/","method-guide","false","high-confidence-inferred","REVIEW","lesson-footer","See a clear explanation","",""
"textbook-lesson.limits.calculus-limits-sin-x-over-x-proof","/subjects/math/calculus/limits-continuity/unit/limits/sin-x-over-x-proof/","reference","glossary-term.glossary-resource-continuity","/glossary/math/continuity/","glossary-term","false","high-confidence-inferred","REVIEW","lesson-footer","Review the definition","",""
"textbook-lesson.limits.calculus-limits-sin-x-over-x","/subjects/math/calculus/limits-continuity/unit/limits/sin-x-over-x/","quick-explanation","article.resource-math-calculus-limits-continuity-continuity-at-a-point","/subjects/math/calculus/limits-continuity/continuity-at-a-point/","method-guide","false","high-confidence-inferred","REVIEW","lesson-footer","See a clear explanation","",""
"textbook-lesson.limits.calculus-limits-sin-x-over-x","/subjects/math/calculus/limits-continuity/unit/limits/sin-x-over-x/","reference","glossary-term.glossary-resource-continuity","/glossary/math/continuity/","glossary-term","false","high-confidence-inferred","REVIEW","lesson-footer","Review the definition","",""
"textbook-lesson.limits.calculus-limits-slant-asymptotes","/subjects/math/calculus/limits-continuity/unit/limits/slant-asymptotes/","quick-explanation","article.resource-math-calculus-limits-continuity-continuity-at-a-point","/subjects/math/calculus/limits-continuity/continuity-at-a-point/","method-guide","false","high-confidence-inferred","REVIEW","lesson-footer","See a clear explanation","",""
"textbook-lesson.limits.calculus-limits-slant-asymptotes","/subjects/math/calculus/limits-continuity/unit/limits/slant-asymptotes/","reference","glossary-term.glossary-resource-continuity","/glossary/math/continuity/","glossary-term","false","high-confidence-inferred","REVIEW","lesson-footer","Review the definition","",""
"textbook-lesson.limits.calculus-limits-squeeze-theorem","/subjects/math/calculus/limits-continuity/unit/limits/squeeze-theorem/","quick-explanation","article.resource-math-calculus-limits-continuity-continuity-at-a-point","/subjects/math/calculus/limits-continuity/continuity-at-a-point/","method-guide","false","high-confidence-inferred","REVIEW","lesson-footer","See a clear explanation","",""
"textbook-lesson.limits.calculus-limits-squeeze-theorem","/subjects/math/calculus/limits-continuity/unit/limits/squeeze-theorem/","reference","glossary-term.glossary-resource-continuity","/glossary/math/continuity/","glossary-term","false","high-confidence-inferred","REVIEW","lesson-footer","Review the definition","",""
"textbook-lesson.limits.calculus-limits-unit-review","/subjects/math/calculus/limits-continuity/unit/limits/unit-review/","quick-explanation","article.resource-math-calculus-limits-continuity-continuity-at-a-point","/subjects/math/calculus/limits-continuity/continuity-at-a-point/","method-guide","false","high-confidence-inferred","REVIEW","lesson-footer","See a clear explanation","",""
"textbook-lesson.limits.calculus-limits-unit-review","/subjects/math/calculus/limits-continuity/unit/limits/unit-review/","reference","glossary-term.glossary-resource-continuity","/glossary/math/continuity/","glossary-term","false","high-confidence-inferred","REVIEW","lesson-footer","Review the definition","",""
"textbook-lesson.limits.calculus-limits-vertical-asymptotes","/subjects/math/calculus/limits-continuity/unit/limits/vertical-asymptotes/","quick-explanation","article.resource-math-calculus-limits-continuity-continuity-at-a-point","/subjects/math/calculus/limits-continuity/continuity-at-a-point/","method-guide","false","high-confidence-inferred","REVIEW","lesson-footer","See a clear explanation","",""
"textbook-lesson.limits.calculus-limits-vertical-asymptotes","/subjects/math/calculus/limits-continuity/unit/limits/vertical-asymptotes/","reference","glossary-term.glossary-resource-continuity","/glossary/math/continuity/","glossary-term","false","high-confidence-inferred","REVIEW","lesson-footer","Review the definition","",""
"textbook-lesson.limits.calculus-limits-what-a-limit-means","/subjects/math/calculus/limits-continuity/unit/limits/what-a-limit-means/","quick-explanation","article.resource-math-calculus-limits-continuity-continuity-at-a-point","/subjects/math/calculus/limits-continuity/continuity-at-a-point/","method-guide","false","high-confidence-inferred","REVIEW","lesson-footer","See a clear explanation","",""
"textbook-lesson.limits.calculus-limits-what-a-limit-means","/subjects/math/calculus/limits-continuity/unit/limits/what-a-limit-means/","reference","glossary-term.glossary-resource-continuity","/glossary/math/continuity/","glossary-term","false","high-confidence-inferred","REVIEW","lesson-footer","Review the definition","",""
"textbook-lesson.limits.calculus-limits-when-a-limit-does-not-exist","/subjects/math/calculus/limits-continuity/unit/limits/when-a-limit-does-not-exist/","quick-explanation","article.resource-math-calculus-limits-continuity-continuity-at-a-point","/subjects/math/calculus/limits-continuity/continuity-at-a-point/","method-guide","false","high-confidence-inferred","REVIEW","lesson-footer","See a clear explanation","",""
"textbook-lesson.limits.calculus-limits-when-a-limit-does-not-exist","/subjects/math/calculus/limits-continuity/unit/limits/when-a-limit-does-not-exist/","reference","glossary-term.glossary-resource-continuity","/glossary/math/continuity/","glossary-term","false","high-confidence-inferred","REVIEW","lesson-footer","Review the definition","",""
"textbook-lesson.limits.calculus-limits-why-limits-matter","/subjects/math/calculus/limits-continuity/unit/limits/why-limits-matter/","quick-explanation","article.resource-math-calculus-limits-continuity-continuity-at-a-point","/subjects/math/calculus/limits-continuity/continuity-at-a-point/","method-guide","false","high-confidence-inferred","REVIEW","lesson-footer","See a clear explanation","",""
"textbook-lesson.limits.calculus-limits-why-limits-matter","/subjects/math/calculus/limits-continuity/unit/limits/why-limits-matter/","reference","glossary-term.glossary-resource-continuity","/glossary/math/continuity/","glossary-term","false","high-confidence-inferred","REVIEW","lesson-footer","Review the definition","",""
"textbook-lesson.limits.calculus-limits-zero-over-zero","/subjects/math/calculus/limits-continuity/unit/limits/zero-over-zero/","quick-explanation","article.resource-math-calculus-limits-continuity-continuity-at-a-point","/subjects/math/calculus/limits-continuity/continuity-at-a-point/","method-guide","false","high-confidence-inferred","REVIEW","lesson-footer","See a clear explanation","",""
"textbook-lesson.limits.calculus-limits-zero-over-zero","/subjects/math/calculus/limits-continuity/unit/limits/zero-over-zero/","reference","glossary-term.glossary-resource-continuity","/glossary/math/continuity/","glossary-term","false","high-confidence-inferred","REVIEW","lesson-footer","Review the definition","",""
"textbook-lesson.limits.calculus-study-correct-practice-test","/subjects/math/calculus/limits-continuity/unit/study/correct-practice-test/","quick-explanation","article.resource-math-calculus-limits-continuity-continuity-at-a-point","/subjects/math/calculus/limits-continuity/continuity-at-a-point/","method-guide","false","high-confidence-inferred","REVIEW","lesson-footer","See a clear explanation","",""
"textbook-lesson.limits.calculus-study-correct-practice-test","/subjects/math/calculus/limits-continuity/unit/study/correct-practice-test/","reference","glossary-term.glossary-resource-continuity","/glossary/math/continuity/","glossary-term","false","high-confidence-inferred","REVIEW","lesson-footer","Review the definition","",""
"textbook-lesson.subjects-math-calculus-power-series-and-taylor-series-algebra-with-power-series","/subjects/math/calculus/power-series-and-taylor-series/algebra-with-power-series/","practice","worksheet.calculus-resource-taylor-series","/subjects/math/calculus/worksheets/taylor-series/","worksheet","false","high-confidence-inferred","REVIEW","lesson-practice","Practice this skill","",""
"textbook-lesson.subjects-math-calculus-power-series-and-taylor-series-algebra-with-power-series","/subjects/math/calculus/power-series-and-taylor-series/algebra-with-power-series/","reference","glossary-term.glossary-resource-taylor-series","/glossary/math/taylor-series/","glossary-term","false","high-confidence-inferred","REVIEW","lesson-footer","Review the definition","",""
"textbook-lesson.subjects-math-calculus-power-series-and-taylor-series-algebra-with-power-series","/subjects/math/calculus/power-series-and-taylor-series/algebra-with-power-series/","tool-or-visual","visual-guide.calculus-resource-taylor-approximation-visual","/subjects/math/calculus/visuals/taylor-approximation-visual/","visual-guide","false","high-confidence-inferred","REVIEW","lesson-footer","Use the tool or visual","",""
"textbook-lesson.subjects-math-calculus-power-series-and-taylor-series-algebra-with-power-series","/subjects/math/calculus/power-series-and-taylor-series/algebra-with-power-series/","worked-example","worked-problem.worked-problem-taylor-approximation-error","/subjects/math/calculus/worked-problems/taylor-approximation-error/","worked-problem","false","high-confidence-inferred","REVIEW","lesson-footer","See a worked example","",""
"textbook-lesson.subjects-math-calculus-power-series-and-taylor-series-alternating-series-approximation","/subjects/math/calculus/power-series-and-taylor-series/alternating-series-approximation/","practice","worksheet.calculus-resource-taylor-series","/subjects/math/calculus/worksheets/taylor-series/","worksheet","false","high-confidence-inferred","REVIEW","lesson-practice","Practice this skill","",""
"textbook-lesson.subjects-math-calculus-power-series-and-taylor-series-alternating-series-approximation","/subjects/math/calculus/power-series-and-taylor-series/alternating-series-approximation/","reference","glossary-term.glossary-resource-taylor-series","/glossary/math/taylor-series/","glossary-term","false","high-confidence-inferred","REVIEW","lesson-footer","Review the definition","",""
"textbook-lesson.subjects-math-calculus-power-series-and-taylor-series-alternating-series-approximation","/subjects/math/calculus/power-series-and-taylor-series/alternating-series-approximation/","tool-or-visual","visual-guide.calculus-resource-taylor-approximation-visual","/subjects/math/calculus/visuals/taylor-approximation-visual/","visual-guide","false","high-confidence-inferred","REVIEW","lesson-footer","Use the tool or visual","",""
"textbook-lesson.subjects-math-calculus-power-series-and-taylor-series-alternating-series-approximation","/subjects/math/calculus/power-series-and-taylor-series/alternating-series-approximation/","worked-example","worked-problem.worked-problem-taylor-approximation-error","/subjects/math/calculus/worked-problems/taylor-approximation-error/","worked-problem","false","high-confidence-inferred","REVIEW","lesson-footer","See a worked example","",""
"textbook-lesson.subjects-math-calculus-power-series-and-taylor-series-binomial-series","/subjects/math/calculus/power-series-and-taylor-series/binomial-series/","practice","worksheet.calculus-resource-taylor-series","/subjects/math/calculus/worksheets/taylor-series/","worksheet","false","high-confidence-inferred","REVIEW","lesson-practice","Practice this skill","",""
"textbook-lesson.subjects-math-calculus-power-series-and-taylor-series-binomial-series","/subjects/math/calculus/power-series-and-taylor-series/binomial-series/","reference","glossary-term.glossary-resource-taylor-series","/glossary/math/taylor-series/","glossary-term","false","high-confidence-inferred","REVIEW","lesson-footer","Review the definition","",""
"textbook-lesson.subjects-math-calculus-power-series-and-taylor-series-binomial-series","/subjects/math/calculus/power-series-and-taylor-series/binomial-series/","tool-or-visual","visual-guide.calculus-resource-taylor-approximation-visual","/subjects/math/calculus/visuals/taylor-approximation-visual/","visual-guide","false","high-confidence-inferred","REVIEW","lesson-footer","Use the tool or visual","",""
"textbook-lesson.subjects-math-calculus-power-series-and-taylor-series-binomial-series","/subjects/math/calculus/power-series-and-taylor-series/binomial-series/","worked-example","worked-problem.worked-problem-taylor-approximation-error","/subjects/math/calculus/worked-problems/taylor-approximation-error/","worked-problem","false","high-confidence-inferred","REVIEW","lesson-footer","See a worked example","",""
"textbook-lesson.subjects-math-calculus-power-series-and-taylor-series-building-new-series","/subjects/math/calculus/power-series-and-taylor-series/building-new-series/","practice","worksheet.calculus-resource-taylor-series","/subjects/math/calculus/worksheets/taylor-series/","worksheet","false","high-confidence-inferred","REVIEW","lesson-practice","Practice this skill","",""
"textbook-lesson.subjects-math-calculus-power-series-and-taylor-series-building-new-series","/subjects/math/calculus/power-series-and-taylor-series/building-new-series/","reference","glossary-term.glossary-resource-taylor-series","/glossary/math/taylor-series/","glossary-term","false","high-confidence-inferred","REVIEW","lesson-footer","Review the definition","",""
"textbook-lesson.subjects-math-calculus-power-series-and-taylor-series-building-new-series","/subjects/math/calculus/power-series-and-taylor-series/building-new-series/","tool-or-visual","visual-guide.calculus-resource-taylor-approximation-visual","/subjects/math/calculus/visuals/taylor-approximation-visual/","visual-guide","false","high-confidence-inferred","REVIEW","lesson-footer","Use the tool or visual","",""
"textbook-lesson.subjects-math-calculus-power-series-and-taylor-series-building-new-series","/subjects/math/calculus/power-series-and-taylor-series/building-new-series/","worked-example","worked-problem.worked-problem-taylor-approximation-error","/subjects/math/calculus/worked-problems/taylor-approximation-error/","worked-problem","false","high-confidence-inferred","REVIEW","lesson-footer","See a worked example","",""
"textbook-lesson.subjects-math-calculus-power-series-and-taylor-series-common-errors","/subjects/math/calculus/power-series-and-taylor-series/common-errors/","practice","worksheet.calculus-resource-taylor-series","/subjects/math/calculus/worksheets/taylor-series/","worksheet","false","high-confidence-inferred","REVIEW","lesson-practice","Practice this skill","",""
"textbook-lesson.subjects-math-calculus-power-series-and-taylor-series-common-errors","/subjects/math/calculus/power-series-and-taylor-series/common-errors/","reference","glossary-term.glossary-resource-taylor-series","/glossary/math/taylor-series/","glossary-term","false","high-confidence-inferred","REVIEW","lesson-footer","Review the definition","",""
"textbook-lesson.subjects-math-calculus-power-series-and-taylor-series-common-errors","/subjects/math/calculus/power-series-and-taylor-series/common-errors/","tool-or-visual","visual-guide.calculus-resource-taylor-approximation-visual","/subjects/math/calculus/visuals/taylor-approximation-visual/","visual-guide","false","high-confidence-inferred","REVIEW","lesson-footer","Use the tool or visual","",""
"textbook-lesson.subjects-math-calculus-power-series-and-taylor-series-common-errors","/subjects/math/calculus/power-series-and-taylor-series/common-errors/","worked-example","worked-problem.worked-problem-taylor-approximation-error","/subjects/math/calculus/worked-problems/taylor-approximation-error/","worked-problem","false","high-confidence-inferred","REVIEW","lesson-footer","See a worked example","",""
"textbook-lesson.subjects-math-calculus-power-series-and-taylor-series-concept-quiz","/subjects/math/calculus/power-series-and-taylor-series/concept-quiz/","practice","worksheet.calculus-resource-taylor-series","/subjects/math/calculus/worksheets/taylor-series/","worksheet","false","high-confidence-inferred","REVIEW","lesson-practice","Practice this skill","",""
"textbook-lesson.subjects-math-calculus-power-series-and-taylor-series-concept-quiz","/subjects/math/calculus/power-series-and-taylor-series/concept-quiz/","reference","glossary-term.glossary-resource-taylor-series","/glossary/math/taylor-series/","glossary-term","false","high-confidence-inferred","REVIEW","lesson-footer","Review the definition","",""
"textbook-lesson.subjects-math-calculus-power-series-and-taylor-series-concept-quiz","/subjects/math/calculus/power-series-and-taylor-series/concept-quiz/","tool-or-visual","visual-guide.calculus-resource-taylor-approximation-visual","/subjects/math/calculus/visuals/taylor-approximation-visual/","visual-guide","false","high-confidence-inferred","REVIEW","lesson-footer","Use the tool or visual","",""
"textbook-lesson.subjects-math-calculus-power-series-and-taylor-series-concept-quiz","/subjects/math/calculus/power-series-and-taylor-series/concept-quiz/","worked-example","worked-problem.worked-problem-taylor-approximation-error","/subjects/math/calculus/worked-problems/taylor-approximation-error/","worked-problem","false","high-confidence-inferred","REVIEW","lesson-footer","See a worked example","",""
"textbook-lesson.subjects-math-calculus-power-series-and-taylor-series-differentiating-and-integrating-power-series","/subjects/math/calculus/power-series-and-taylor-series/differentiating-and-integrating-power-series/","practice","worksheet.calculus-resource-taylor-series","/subjects/math/calculus/worksheets/taylor-series/","worksheet","false","high-confidence-inferred","REVIEW","lesson-practice","Practice this skill","",""
"textbook-lesson.subjects-math-calculus-power-series-and-taylor-series-differentiating-and-integrating-power-series","/subjects/math/calculus/power-series-and-taylor-series/differentiating-and-integrating-power-series/","reference","glossary-term.glossary-resource-taylor-series","/glossary/math/taylor-series/","glossary-term","false","high-confidence-inferred","REVIEW","lesson-footer","Review the definition","",""
"textbook-lesson.subjects-math-calculus-power-series-and-taylor-series-differentiating-and-integrating-power-series","/subjects/math/calculus/power-series-and-taylor-series/differentiating-and-integrating-power-series/","tool-or-visual","visual-guide.calculus-resource-taylor-approximation-visual","/subjects/math/calculus/visuals/taylor-approximation-visual/","visual-guide","false","high-confidence-inferred","REVIEW","lesson-footer","Use the tool or visual","",""
"textbook-lesson.subjects-math-calculus-power-series-and-taylor-series-differentiating-and-integrating-power-series","/subjects/math/calculus/power-series-and-taylor-series/differentiating-and-integrating-power-series/","worked-example","worked-problem.worked-problem-taylor-approximation-error","/subjects/math/calculus/worked-problems/taylor-approximation-error/","worked-problem","false","high-confidence-inferred","REVIEW","lesson-footer","See a worked example","",""
"textbook-lesson.subjects-math-calculus-power-series-and-taylor-series-endpoint-testing","/subjects/math/calculus/power-series-and-taylor-series/endpoint-testing/","practice","worksheet.calculus-resource-taylor-series","/subjects/math/calculus/worksheets/taylor-series/","worksheet","false","high-confidence-inferred","REVIEW","lesson-practice","Practice this skill","",""
"textbook-lesson.subjects-math-calculus-power-series-and-taylor-series-endpoint-testing","/subjects/math/calculus/power-series-and-taylor-series/endpoint-testing/","reference","glossary-term.glossary-resource-taylor-series","/glossary/math/taylor-series/","glossary-term","false","high-confidence-inferred","REVIEW","lesson-footer","Review the definition","",""
"textbook-lesson.subjects-math-calculus-power-series-and-taylor-series-endpoint-testing","/subjects/math/calculus/power-series-and-taylor-series/endpoint-testing/","tool-or-visual","visual-guide.calculus-resource-taylor-approximation-visual","/subjects/math/calculus/visuals/taylor-approximation-visual/","visual-guide","false","high-confidence-inferred","REVIEW","lesson-footer","Use the tool or visual","",""
"textbook-lesson.subjects-math-calculus-power-series-and-taylor-series-endpoint-testing","/subjects/math/calculus/power-series-and-taylor-series/endpoint-testing/","worked-example","worked-problem.worked-problem-taylor-approximation-error","/subjects/math/calculus/worked-problems/taylor-approximation-error/","worked-problem","false","high-confidence-inferred","REVIEW","lesson-footer","See a worked example","",""
"textbook-lesson.subjects-math-calculus-power-series-and-taylor-series-geometric-series-library","/subjects/math/calculus/power-series-and-taylor-series/geometric-series-library/","practice","worksheet.calculus-resource-geometric-series","/subjects/math/calculus/worksheets/geometric-series/","worksheet","false","high-confidence-inferred","REVIEW","lesson-practice","Practice this skill","",""
"textbook-lesson.subjects-math-calculus-power-series-and-taylor-series-geometric-series-library","/subjects/math/calculus/power-series-and-taylor-series/geometric-series-library/","reference","glossary-term.glossary-resource-geometric-series","/glossary/math/geometric-series/","glossary-term","false","high-confidence-inferred","REVIEW","lesson-footer","Review the definition","",""
"textbook-lesson.subjects-math-calculus-power-series-and-taylor-series-geometric-series-library","/subjects/math/calculus/power-series-and-taylor-series/geometric-series-library/","worked-example","worked-problem.worked-problem-shifted-geometric-series","/subjects/math/calculus/worked-problems/shifted-geometric-series/","worked-problem","false","high-confidence-inferred","REVIEW","lesson-footer","See a worked example","",""
"textbook-lesson.subjects-math-calculus-power-series-and-taylor-series-logarithm-and-arctangent-series","/subjects/math/calculus/power-series-and-taylor-series/logarithm-and-arctangent-series/","practice","worksheet.calculus-resource-taylor-series","/subjects/math/calculus/worksheets/taylor-series/","worksheet","false","high-confidence-inferred","REVIEW","lesson-practice","Practice this skill","",""
"textbook-lesson.subjects-math-calculus-power-series-and-taylor-series-logarithm-and-arctangent-series","/subjects/math/calculus/power-series-and-taylor-series/logarithm-and-arctangent-series/","reference","glossary-term.glossary-resource-taylor-series","/glossary/math/taylor-series/","glossary-term","false","high-confidence-inferred","REVIEW","lesson-footer","Review the definition","",""
"textbook-lesson.subjects-math-calculus-power-series-and-taylor-series-logarithm-and-arctangent-series","/subjects/math/calculus/power-series-and-taylor-series/logarithm-and-arctangent-series/","tool-or-visual","visual-guide.calculus-resource-taylor-approximation-visual","/subjects/math/calculus/visuals/taylor-approximation-visual/","visual-guide","false","high-confidence-inferred","REVIEW","lesson-footer","Use the tool or visual","",""
"textbook-lesson.subjects-math-calculus-power-series-and-taylor-series-logarithm-and-arctangent-series","/subjects/math/calculus/power-series-and-taylor-series/logarithm-and-arctangent-series/","worked-example","worked-problem.worked-problem-taylor-approximation-error","/subjects/math/calculus/worked-problems/taylor-approximation-error/","worked-problem","false","high-confidence-inferred","REVIEW","lesson-footer","See a worked example","",""
"textbook-lesson.subjects-math-calculus-power-series-and-taylor-series-maclaurin-series","/subjects/math/calculus/power-series-and-taylor-series/maclaurin-series/","practice","worksheet.calculus-resource-taylor-series","/subjects/math/calculus/worksheets/taylor-series/","worksheet","false","high-confidence-inferred","REVIEW","lesson-practice","Practice this skill","",""
"textbook-lesson.subjects-math-calculus-power-series-and-taylor-series-maclaurin-series","/subjects/math/calculus/power-series-and-taylor-series/maclaurin-series/","reference","glossary-term.glossary-resource-taylor-series","/glossary/math/taylor-series/","glossary-term","false","high-confidence-inferred","REVIEW","lesson-footer","Review the definition","",""
"textbook-lesson.subjects-math-calculus-power-series-and-taylor-series-maclaurin-series","/subjects/math/calculus/power-series-and-taylor-series/maclaurin-series/","tool-or-visual","visual-guide.calculus-resource-taylor-approximation-visual","/subjects/math/calculus/visuals/taylor-approximation-visual/","visual-guide","false","high-confidence-inferred","REVIEW","lesson-footer","Use the tool or visual","",""
"textbook-lesson.subjects-math-calculus-power-series-and-taylor-series-maclaurin-series","/subjects/math/calculus/power-series-and-taylor-series/maclaurin-series/","worked-example","worked-problem.worked-problem-taylor-approximation-error","/subjects/math/calculus/worked-problems/taylor-approximation-error/","worked-problem","false","high-confidence-inferred","REVIEW","lesson-footer","See a worked example","",""
"textbook-lesson.subjects-math-calculus-power-series-and-taylor-series-mixed-practice","/subjects/math/calculus/power-series-and-taylor-series/mixed-practice/","practice","worksheet.calculus-resource-taylor-series","/subjects/math/calculus/worksheets/taylor-series/","worksheet","false","high-confidence-inferred","REVIEW","lesson-practice","Practice this skill","",""
"textbook-lesson.subjects-math-calculus-power-series-and-taylor-series-mixed-practice","/subjects/math/calculus/power-series-and-taylor-series/mixed-practice/","reference","glossary-term.glossary-resource-taylor-series","/glossary/math/taylor-series/","glossary-term","false","high-confidence-inferred","REVIEW","lesson-footer","Review the definition","",""
"textbook-lesson.subjects-math-calculus-power-series-and-taylor-series-mixed-practice","/subjects/math/calculus/power-series-and-taylor-series/mixed-practice/","tool-or-visual","visual-guide.calculus-resource-taylor-approximation-visual","/subjects/math/calculus/visuals/taylor-approximation-visual/","visual-guide","false","high-confidence-inferred","REVIEW","lesson-footer","Use the tool or visual","",""
"textbook-lesson.subjects-math-calculus-power-series-and-taylor-series-mixed-practice","/subjects/math/calculus/power-series-and-taylor-series/mixed-practice/","worked-example","worked-problem.worked-problem-taylor-approximation-error","/subjects/math/calculus/worked-problems/taylor-approximation-error/","worked-problem","false","high-confidence-inferred","REVIEW","lesson-footer","See a worked example","",""
"textbook-lesson.subjects-math-calculus-power-series-and-taylor-series-power-series-as-functions","/subjects/math/calculus/power-series-and-taylor-series/power-series-as-functions/","practice","worksheet.calculus-resource-taylor-series","/subjects/math/calculus/worksheets/taylor-series/","worksheet","false","high-confidence-inferred","REVIEW","lesson-practice","Practice this skill","",""
"textbook-lesson.subjects-math-calculus-power-series-and-taylor-series-power-series-as-functions","/subjects/math/calculus/power-series-and-taylor-series/power-series-as-functions/","reference","glossary-term.glossary-resource-taylor-series","/glossary/math/taylor-series/","glossary-term","false","high-confidence-inferred","REVIEW","lesson-footer","Review the definition","",""
"textbook-lesson.subjects-math-calculus-power-series-and-taylor-series-power-series-as-functions","/subjects/math/calculus/power-series-and-taylor-series/power-series-as-functions/","tool-or-visual","visual-guide.calculus-resource-taylor-approximation-visual","/subjects/math/calculus/visuals/taylor-approximation-visual/","visual-guide","false","high-confidence-inferred","REVIEW","lesson-footer","Use the tool or visual","",""
"textbook-lesson.subjects-math-calculus-power-series-and-taylor-series-power-series-as-functions","/subjects/math/calculus/power-series-and-taylor-series/power-series-as-functions/","worked-example","worked-problem.worked-problem-taylor-approximation-error","/subjects/math/calculus/worked-problems/taylor-approximation-error/","worked-problem","false","high-confidence-inferred","REVIEW","lesson-footer","See a worked example","",""
"textbook-lesson.subjects-math-calculus-power-series-and-taylor-series-power-series-review","/subjects/math/calculus/power-series-and-taylor-series/power-series-review/","practice","worksheet.calculus-resource-taylor-series","/subjects/math/calculus/worksheets/taylor-series/","worksheet","false","high-confidence-inferred","REVIEW","lesson-practice","Practice this skill","",""
"textbook-lesson.subjects-math-calculus-power-series-and-taylor-series-power-series-review","/subjects/math/calculus/power-series-and-taylor-series/power-series-review/","reference","glossary-term.glossary-resource-taylor-series","/glossary/math/taylor-series/","glossary-term","false","high-confidence-inferred","REVIEW","lesson-footer","Review the definition","",""
"textbook-lesson.subjects-math-calculus-power-series-and-taylor-series-power-series-review","/subjects/math/calculus/power-series-and-taylor-series/power-series-review/","tool-or-visual","visual-guide.calculus-resource-taylor-approximation-visual","/subjects/math/calculus/visuals/taylor-approximation-visual/","visual-guide","false","high-confidence-inferred","REVIEW","lesson-footer","Use the tool or visual","",""
"textbook-lesson.subjects-math-calculus-power-series-and-taylor-series-power-series-review","/subjects/math/calculus/power-series-and-taylor-series/power-series-review/","worked-example","worked-problem.worked-problem-taylor-approximation-error","/subjects/math/calculus/worked-problems/taylor-approximation-error/","worked-problem","false","high-confidence-inferred","REVIEW","lesson-footer","See a worked example","",""
"textbook-lesson.subjects-math-calculus-power-series-and-taylor-series-practice-exam-a-answer-key","/subjects/math/calculus/power-series-and-taylor-series/practice-exam-a-answer-key/","practice","worksheet.calculus-resource-taylor-series","/subjects/math/calculus/worksheets/taylor-series/","worksheet","false","high-confidence-inferred","REVIEW","lesson-practice","Practice this skill","",""
"textbook-lesson.subjects-math-calculus-power-series-and-taylor-series-practice-exam-a-answer-key","/subjects/math/calculus/power-series-and-taylor-series/practice-exam-a-answer-key/","reference","glossary-term.glossary-resource-taylor-series","/glossary/math/taylor-series/","glossary-term","false","high-confidence-inferred","REVIEW","lesson-footer","Review the definition","",""
"textbook-lesson.subjects-math-calculus-power-series-and-taylor-series-practice-exam-a-answer-key","/subjects/math/calculus/power-series-and-taylor-series/practice-exam-a-answer-key/","tool-or-visual","visual-guide.calculus-resource-taylor-approximation-visual","/subjects/math/calculus/visuals/taylor-approximation-visual/","visual-guide","false","high-confidence-inferred","REVIEW","lesson-footer","Use the tool or visual","",""
"textbook-lesson.subjects-math-calculus-power-series-and-taylor-series-practice-exam-a-answer-key","/subjects/math/calculus/power-series-and-taylor-series/practice-exam-a-answer-key/","worked-example","worked-problem.worked-problem-taylor-approximation-error","/subjects/math/calculus/worked-problems/taylor-approximation-error/","worked-problem","false","high-confidence-inferred","REVIEW","lesson-footer","See a worked example","",""
"textbook-lesson.subjects-math-calculus-power-series-and-taylor-series-practice-exam-a","/subjects/math/calculus/power-series-and-taylor-series/practice-exam-a/","practice","worksheet.calculus-resource-taylor-series","/subjects/math/calculus/worksheets/taylor-series/","worksheet","false","high-confidence-inferred","REVIEW","lesson-practice","Practice this skill","",""
"textbook-lesson.subjects-math-calculus-power-series-and-taylor-series-practice-exam-a","/subjects/math/calculus/power-series-and-taylor-series/practice-exam-a/","reference","glossary-term.glossary-resource-taylor-series","/glossary/math/taylor-series/","glossary-term","false","high-confidence-inferred","REVIEW","lesson-footer","Review the definition","",""
"textbook-lesson.subjects-math-calculus-power-series-and-taylor-series-practice-exam-a","/subjects/math/calculus/power-series-and-taylor-series/practice-exam-a/","tool-or-visual","visual-guide.calculus-resource-taylor-approximation-visual","/subjects/math/calculus/visuals/taylor-approximation-visual/","visual-guide","false","high-confidence-inferred","REVIEW","lesson-footer","Use the tool or visual","",""
"textbook-lesson.subjects-math-calculus-power-series-and-taylor-series-practice-exam-a","/subjects/math/calculus/power-series-and-taylor-series/practice-exam-a/","worked-example","worked-problem.worked-problem-taylor-approximation-error","/subjects/math/calculus/worked-problems/taylor-approximation-error/","worked-problem","false","high-confidence-inferred","REVIEW","lesson-footer","See a worked example","",""
"textbook-lesson.subjects-math-calculus-power-series-and-taylor-series-practice-exam-b-answer-key","/subjects/math/calculus/power-series-and-taylor-series/practice-exam-b-answer-key/","practice","worksheet.calculus-resource-taylor-series","/subjects/math/calculus/worksheets/taylor-series/","worksheet","false","high-confidence-inferred","REVIEW","lesson-practice","Practice this skill","",""
"textbook-lesson.subjects-math-calculus-power-series-and-taylor-series-practice-exam-b-answer-key","/subjects/math/calculus/power-series-and-taylor-series/practice-exam-b-answer-key/","reference","glossary-term.glossary-resource-taylor-series","/glossary/math/taylor-series/","glossary-term","false","high-confidence-inferred","REVIEW","lesson-footer","Review the definition","",""
"textbook-lesson.subjects-math-calculus-power-series-and-taylor-series-practice-exam-b-answer-key","/subjects/math/calculus/power-series-and-taylor-series/practice-exam-b-answer-key/","tool-or-visual","visual-guide.calculus-resource-taylor-approximation-visual","/subjects/math/calculus/visuals/taylor-approximation-visual/","visual-guide","false","high-confidence-inferred","REVIEW","lesson-footer","Use the tool or visual","",""
"textbook-lesson.subjects-math-calculus-power-series-and-taylor-series-practice-exam-b-answer-key","/subjects/math/calculus/power-series-and-taylor-series/practice-exam-b-answer-key/","worked-example","worked-problem.worked-problem-taylor-approximation-error","/subjects/math/calculus/worked-problems/taylor-approximation-error/","worked-problem","false","high-confidence-inferred","REVIEW","lesson-footer","See a worked example","",""
"textbook-lesson.subjects-math-calculus-power-series-and-taylor-series-practice-exam-b","/subjects/math/calculus/power-series-and-taylor-series/practice-exam-b/","practice","worksheet.calculus-resource-taylor-series","/subjects/math/calculus/worksheets/taylor-series/","worksheet","false","high-confidence-inferred","REVIEW","lesson-practice","Practice this skill","",""
"textbook-lesson.subjects-math-calculus-power-series-and-taylor-series-practice-exam-b","/subjects/math/calculus/power-series-and-taylor-series/practice-exam-b/","reference","glossary-term.glossary-resource-taylor-series","/glossary/math/taylor-series/","glossary-term","false","high-confidence-inferred","REVIEW","lesson-footer","Review the definition","",""
"textbook-lesson.subjects-math-calculus-power-series-and-taylor-series-practice-exam-b","/subjects/math/calculus/power-series-and-taylor-series/practice-exam-b/","tool-or-visual","visual-guide.calculus-resource-taylor-approximation-visual","/subjects/math/calculus/visuals/taylor-approximation-visual/","visual-guide","false","high-confidence-inferred","REVIEW","lesson-footer","Use the tool or visual","",""
"textbook-lesson.subjects-math-calculus-power-series-and-taylor-series-practice-exam-b","/subjects/math/calculus/power-series-and-taylor-series/practice-exam-b/","worked-example","worked-problem.worked-problem-taylor-approximation-error","/subjects/math/calculus/worked-problems/taylor-approximation-error/","worked-problem","false","high-confidence-inferred","REVIEW","lesson-footer","See a worked example","",""
"textbook-lesson.subjects-math-calculus-power-series-and-taylor-series-radius-and-interval-of-convergence","/subjects/math/calculus/power-series-and-taylor-series/radius-and-interval-of-convergence/","practice","worksheet.calculus-resource-taylor-series","/subjects/math/calculus/worksheets/taylor-series/","worksheet","false","high-confidence-inferred","REVIEW","lesson-practice","Practice this skill","",""
"textbook-lesson.subjects-math-calculus-power-series-and-taylor-series-radius-and-interval-of-convergence","/subjects/math/calculus/power-series-and-taylor-series/radius-and-interval-of-convergence/","reference","glossary-term.glossary-resource-taylor-series","/glossary/math/taylor-series/","glossary-term","false","high-confidence-inferred","REVIEW","lesson-footer","Review the definition","",""
"textbook-lesson.subjects-math-calculus-power-series-and-taylor-series-radius-and-interval-of-convergence","/subjects/math/calculus/power-series-and-taylor-series/radius-and-interval-of-convergence/","tool-or-visual","visual-guide.calculus-resource-taylor-approximation-visual","/subjects/math/calculus/visuals/taylor-approximation-visual/","visual-guide","false","high-confidence-inferred","REVIEW","lesson-footer","Use the tool or visual","",""
"textbook-lesson.subjects-math-calculus-power-series-and-taylor-series-radius-and-interval-of-convergence","/subjects/math/calculus/power-series-and-taylor-series/radius-and-interval-of-convergence/","worked-example","worked-problem.worked-problem-taylor-approximation-error","/subjects/math/calculus/worked-problems/taylor-approximation-error/","worked-problem","false","high-confidence-inferred","REVIEW","lesson-footer","See a worked example","",""
"textbook-lesson.subjects-math-calculus-power-series-and-taylor-series-ratio-test-for-power-series","/subjects/math/calculus/power-series-and-taylor-series/ratio-test-for-power-series/","practice","worksheet.calculus-resource-taylor-series","/subjects/math/calculus/worksheets/taylor-series/","worksheet","false","high-confidence-inferred","REVIEW","lesson-practice","Practice this skill","",""
"textbook-lesson.subjects-math-calculus-power-series-and-taylor-series-ratio-test-for-power-series","/subjects/math/calculus/power-series-and-taylor-series/ratio-test-for-power-series/","reference","glossary-term.glossary-resource-taylor-series","/glossary/math/taylor-series/","glossary-term","false","high-confidence-inferred","REVIEW","lesson-footer","Review the definition","",""
"textbook-lesson.subjects-math-calculus-power-series-and-taylor-series-ratio-test-for-power-series","/subjects/math/calculus/power-series-and-taylor-series/ratio-test-for-power-series/","tool-or-visual","visual-guide.calculus-resource-taylor-approximation-visual","/subjects/math/calculus/visuals/taylor-approximation-visual/","visual-guide","false","high-confidence-inferred","REVIEW","lesson-footer","Use the tool or visual","",""
"textbook-lesson.subjects-math-calculus-power-series-and-taylor-series-ratio-test-for-power-series","/subjects/math/calculus/power-series-and-taylor-series/ratio-test-for-power-series/","worked-example","worked-problem.worked-problem-taylor-approximation-error","/subjects/math/calculus/worked-problems/taylor-approximation-error/","worked-problem","false","high-confidence-inferred","REVIEW","lesson-footer","See a worked example","",""
"textbook-lesson.subjects-math-calculus-power-series-and-taylor-series-reference-sheet","/subjects/math/calculus/power-series-and-taylor-series/reference-sheet/","practice","worksheet.calculus-resource-taylor-series","/subjects/math/calculus/worksheets/taylor-series/","worksheet","false","high-confidence-inferred","REVIEW","lesson-practice","Practice this skill","",""
"textbook-lesson.subjects-math-calculus-power-series-and-taylor-series-reference-sheet","/subjects/math/calculus/power-series-and-taylor-series/reference-sheet/","reference","glossary-term.glossary-resource-taylor-series","/glossary/math/taylor-series/","glossary-term","false","high-confidence-inferred","REVIEW","lesson-footer","Review the definition","",""
"textbook-lesson.subjects-math-calculus-power-series-and-taylor-series-reference-sheet","/subjects/math/calculus/power-series-and-taylor-series/reference-sheet/","tool-or-visual","visual-guide.calculus-resource-taylor-approximation-visual","/subjects/math/calculus/visuals/taylor-approximation-visual/","visual-guide","false","high-confidence-inferred","REVIEW","lesson-footer","Use the tool or visual","",""
"textbook-lesson.subjects-math-calculus-power-series-and-taylor-series-reference-sheet","/subjects/math/calculus/power-series-and-taylor-series/reference-sheet/","worked-example","worked-problem.worked-problem-taylor-approximation-error","/subjects/math/calculus/worked-problems/taylor-approximation-error/","worked-problem","false","high-confidence-inferred","REVIEW","lesson-footer","See a worked example","",""
"textbook-lesson.subjects-math-calculus-power-series-and-taylor-series-series-for-definite-integrals","/subjects/math/calculus/power-series-and-taylor-series/series-for-definite-integrals/","practice","worksheet.calculus-resource-taylor-series","/subjects/math/calculus/worksheets/taylor-series/","worksheet","false","high-confidence-inferred","REVIEW","lesson-practice","Practice this skill","",""
"textbook-lesson.subjects-math-calculus-power-series-and-taylor-series-series-for-definite-integrals","/subjects/math/calculus/power-series-and-taylor-series/series-for-definite-integrals/","reference","glossary-term.glossary-resource-taylor-series","/glossary/math/taylor-series/","glossary-term","false","high-confidence-inferred","REVIEW","lesson-footer","Review the definition","",""
"textbook-lesson.subjects-math-calculus-power-series-and-taylor-series-series-for-definite-integrals","/subjects/math/calculus/power-series-and-taylor-series/series-for-definite-integrals/","tool-or-visual","visual-guide.calculus-resource-taylor-approximation-visual","/subjects/math/calculus/visuals/taylor-approximation-visual/","visual-guide","false","high-confidence-inferred","REVIEW","lesson-footer","Use the tool or visual","",""
"textbook-lesson.subjects-math-calculus-power-series-and-taylor-series-series-for-definite-integrals","/subjects/math/calculus/power-series-and-taylor-series/series-for-definite-integrals/","worked-example","worked-problem.worked-problem-taylor-approximation-error","/subjects/math/calculus/worked-problems/taylor-approximation-error/","worked-problem","false","high-confidence-inferred","REVIEW","lesson-footer","See a worked example","",""
"textbook-lesson.subjects-math-calculus-power-series-and-taylor-series-series-solutions-preview","/subjects/math/calculus/power-series-and-taylor-series/series-solutions-preview/","practice","worksheet.calculus-resource-taylor-series","/subjects/math/calculus/worksheets/taylor-series/","worksheet","false","high-confidence-inferred","REVIEW","lesson-practice","Practice this skill","",""
"textbook-lesson.subjects-math-calculus-power-series-and-taylor-series-series-solutions-preview","/subjects/math/calculus/power-series-and-taylor-series/series-solutions-preview/","reference","glossary-term.glossary-resource-taylor-series","/glossary/math/taylor-series/","glossary-term","false","high-confidence-inferred","REVIEW","lesson-footer","Review the definition","",""
"textbook-lesson.subjects-math-calculus-power-series-and-taylor-series-series-solutions-preview","/subjects/math/calculus/power-series-and-taylor-series/series-solutions-preview/","tool-or-visual","visual-guide.calculus-resource-taylor-approximation-visual","/subjects/math/calculus/visuals/taylor-approximation-visual/","visual-guide","false","high-confidence-inferred","REVIEW","lesson-footer","Use the tool or visual","",""
"textbook-lesson.subjects-math-calculus-power-series-and-taylor-series-series-solutions-preview","/subjects/math/calculus/power-series-and-taylor-series/series-solutions-preview/","worked-example","worked-problem.worked-problem-taylor-approximation-error","/subjects/math/calculus/worked-problems/taylor-approximation-error/","worked-problem","false","high-confidence-inferred","REVIEW","lesson-footer","See a worked example","",""
"textbook-lesson.subjects-math-calculus-power-series-and-taylor-series-small-angle-physics","/subjects/math/calculus/power-series-and-taylor-series/small-angle-physics/","practice","worksheet.calculus-resource-taylor-series","/subjects/math/calculus/worksheets/taylor-series/","worksheet","false","high-confidence-inferred","REVIEW","lesson-practice","Practice this skill","",""
"textbook-lesson.subjects-math-calculus-power-series-and-taylor-series-small-angle-physics","/subjects/math/calculus/power-series-and-taylor-series/small-angle-physics/","reference","glossary-term.glossary-resource-taylor-series","/glossary/math/taylor-series/","glossary-term","false","high-confidence-inferred","REVIEW","lesson-footer","Review the definition","",""
"textbook-lesson.subjects-math-calculus-power-series-and-taylor-series-small-angle-physics","/subjects/math/calculus/power-series-and-taylor-series/small-angle-physics/","tool-or-visual","visual-guide.calculus-resource-taylor-approximation-visual","/subjects/math/calculus/visuals/taylor-approximation-visual/","visual-guide","false","high-confidence-inferred","REVIEW","lesson-footer","Use the tool or visual","",""
"textbook-lesson.subjects-math-calculus-power-series-and-taylor-series-small-angle-physics","/subjects/math/calculus/power-series-and-taylor-series/small-angle-physics/","worked-example","worked-problem.worked-problem-taylor-approximation-error","/subjects/math/calculus/worked-problems/taylor-approximation-error/","worked-problem","false","high-confidence-inferred","REVIEW","lesson-footer","See a worked example","",""
"textbook-lesson.subjects-math-calculus-power-series-and-taylor-series-standard-maclaurin-series","/subjects/math/calculus/power-series-and-taylor-series/standard-maclaurin-series/","practice","worksheet.calculus-resource-taylor-series","/subjects/math/calculus/worksheets/taylor-series/","worksheet","false","high-confidence-inferred","REVIEW","lesson-practice","Practice this skill","",""
"textbook-lesson.subjects-math-calculus-power-series-and-taylor-series-standard-maclaurin-series","/subjects/math/calculus/power-series-and-taylor-series/standard-maclaurin-series/","reference","glossary-term.glossary-resource-taylor-series","/glossary/math/taylor-series/","glossary-term","false","high-confidence-inferred","REVIEW","lesson-footer","Review the definition","",""
"textbook-lesson.subjects-math-calculus-power-series-and-taylor-series-standard-maclaurin-series","/subjects/math/calculus/power-series-and-taylor-series/standard-maclaurin-series/","tool-or-visual","visual-guide.calculus-resource-taylor-approximation-visual","/subjects/math/calculus/visuals/taylor-approximation-visual/","visual-guide","false","high-confidence-inferred","REVIEW","lesson-footer","Use the tool or visual","",""
"textbook-lesson.subjects-math-calculus-power-series-and-taylor-series-standard-maclaurin-series","/subjects/math/calculus/power-series-and-taylor-series/standard-maclaurin-series/","worked-example","worked-problem.worked-problem-taylor-approximation-error","/subjects/math/calculus/worked-problems/taylor-approximation-error/","worked-problem","false","high-confidence-inferred","REVIEW","lesson-footer","See a worked example","",""
"textbook-lesson.subjects-math-calculus-power-series-and-taylor-series-taylor-polynomials","/subjects/math/calculus/power-series-and-taylor-series/taylor-polynomials/","practice","worksheet.calculus-resource-taylor-series","/subjects/math/calculus/worksheets/taylor-series/","worksheet","false","high-confidence-inferred","REVIEW","lesson-practice","Practice this skill","",""
"textbook-lesson.subjects-math-calculus-power-series-and-taylor-series-taylor-polynomials","/subjects/math/calculus/power-series-and-taylor-series/taylor-polynomials/","reference","glossary-term.glossary-resource-taylor-series","/glossary/math/taylor-series/","glossary-term","false","high-confidence-inferred","REVIEW","lesson-footer","Review the definition","",""
"textbook-lesson.subjects-math-calculus-power-series-and-taylor-series-taylor-polynomials","/subjects/math/calculus/power-series-and-taylor-series/taylor-polynomials/","tool-or-visual","visual-guide.calculus-resource-taylor-approximation-visual","/subjects/math/calculus/visuals/taylor-approximation-visual/","visual-guide","false","high-confidence-inferred","REVIEW","lesson-footer","Use the tool or visual","",""
"textbook-lesson.subjects-math-calculus-power-series-and-taylor-series-taylor-polynomials","/subjects/math/calculus/power-series-and-taylor-series/taylor-polynomials/","worked-example","worked-problem.worked-problem-taylor-approximation-error","/subjects/math/calculus/worked-problems/taylor-approximation-error/","worked-problem","false","high-confidence-inferred","REVIEW","lesson-footer","See a worked example","",""
"textbook-lesson.subjects-math-calculus-power-series-and-taylor-series-taylor-remainder-theorem","/subjects/math/calculus/power-series-and-taylor-series/taylor-remainder-theorem/","practice","worksheet.calculus-resource-taylor-series","/subjects/math/calculus/worksheets/taylor-series/","worksheet","false","high-confidence-inferred","REVIEW","lesson-practice","Practice this skill","",""
"textbook-lesson.subjects-math-calculus-power-series-and-taylor-series-taylor-remainder-theorem","/subjects/math/calculus/power-series-and-taylor-series/taylor-remainder-theorem/","reference","glossary-term.glossary-resource-taylor-series","/glossary/math/taylor-series/","glossary-term","false","high-confidence-inferred","REVIEW","lesson-footer","Review the definition","",""
"textbook-lesson.subjects-math-calculus-power-series-and-taylor-series-taylor-remainder-theorem","/subjects/math/calculus/power-series-and-taylor-series/taylor-remainder-theorem/","tool-or-visual","visual-guide.calculus-resource-taylor-approximation-visual","/subjects/math/calculus/visuals/taylor-approximation-visual/","visual-guide","false","high-confidence-inferred","REVIEW","lesson-footer","Use the tool or visual","",""
"textbook-lesson.subjects-math-calculus-power-series-and-taylor-series-taylor-remainder-theorem","/subjects/math/calculus/power-series-and-taylor-series/taylor-remainder-theorem/","worked-example","worked-problem.worked-problem-taylor-approximation-error","/subjects/math/calculus/worked-problems/taylor-approximation-error/","worked-problem","false","high-confidence-inferred","REVIEW","lesson-footer","See a worked example","",""
"textbook-lesson.subjects-math-calculus-power-series-and-taylor-series-taylor-series-centered-at-a","/subjects/math/calculus/power-series-and-taylor-series/taylor-series-centered-at-a/","practice","worksheet.calculus-resource-taylor-series","/subjects/math/calculus/worksheets/taylor-series/","worksheet","false","high-confidence-inferred","REVIEW","lesson-practice","Practice this skill","",""
"textbook-lesson.subjects-math-calculus-power-series-and-taylor-series-taylor-series-centered-at-a","/subjects/math/calculus/power-series-and-taylor-series/taylor-series-centered-at-a/","reference","glossary-term.glossary-resource-taylor-series","/glossary/math/taylor-series/","glossary-term","false","high-confidence-inferred","REVIEW","lesson-footer","Review the definition","",""
"textbook-lesson.subjects-math-calculus-power-series-and-taylor-series-taylor-series-centered-at-a","/subjects/math/calculus/power-series-and-taylor-series/taylor-series-centered-at-a/","tool-or-visual","visual-guide.calculus-resource-taylor-approximation-visual","/subjects/math/calculus/visuals/taylor-approximation-visual/","visual-guide","false","high-confidence-inferred","REVIEW","lesson-footer","Use the tool or visual","",""
"textbook-lesson.subjects-math-calculus-power-series-and-taylor-series-taylor-series-centered-at-a","/subjects/math/calculus/power-series-and-taylor-series/taylor-series-centered-at-a/","worked-example","worked-problem.worked-problem-taylor-approximation-error","/subjects/math/calculus/worked-problems/taylor-approximation-error/","worked-problem","false","high-confidence-inferred","REVIEW","lesson-footer","See a worked example","",""
"textbook-lesson.subjects-math-calculus-power-series-and-taylor-series-taylor-series-review","/subjects/math/calculus/power-series-and-taylor-series/taylor-series-review/","practice","worksheet.calculus-resource-taylor-series","/subjects/math/calculus/worksheets/taylor-series/","worksheet","false","high-confidence-inferred","REVIEW","lesson-practice","Practice this skill","",""
"textbook-lesson.subjects-math-calculus-power-series-and-taylor-series-taylor-series-review","/subjects/math/calculus/power-series-and-taylor-series/taylor-series-review/","reference","glossary-term.glossary-resource-taylor-series","/glossary/math/taylor-series/","glossary-term","false","high-confidence-inferred","REVIEW","lesson-footer","Review the definition","",""
"textbook-lesson.subjects-math-calculus-power-series-and-taylor-series-taylor-series-review","/subjects/math/calculus/power-series-and-taylor-series/taylor-series-review/","tool-or-visual","visual-guide.calculus-resource-taylor-approximation-visual","/subjects/math/calculus/visuals/taylor-approximation-visual/","visual-guide","false","high-confidence-inferred","REVIEW","lesson-footer","Use the tool or visual","",""
"textbook-lesson.subjects-math-calculus-power-series-and-taylor-series-taylor-series-review","/subjects/math/calculus/power-series-and-taylor-series/taylor-series-review/","worked-example","worked-problem.worked-problem-taylor-approximation-error","/subjects/math/calculus/worked-problems/taylor-approximation-error/","worked-problem","false","high-confidence-inferred","REVIEW","lesson-footer","See a worked example","",""
"textbook-lesson.subjects-math-calculus-power-series-and-taylor-series-uniform-convergence-preview","/subjects/math/calculus/power-series-and-taylor-series/uniform-convergence-preview/","practice","worksheet.calculus-resource-taylor-series","/subjects/math/calculus/worksheets/taylor-series/","worksheet","false","high-confidence-inferred","REVIEW","lesson-practice","Practice this skill","",""
"textbook-lesson.subjects-math-calculus-power-series-and-taylor-series-uniform-convergence-preview","/subjects/math/calculus/power-series-and-taylor-series/uniform-convergence-preview/","reference","glossary-term.glossary-resource-taylor-series","/glossary/math/taylor-series/","glossary-term","false","high-confidence-inferred","REVIEW","lesson-footer","Review the definition","",""
"textbook-lesson.subjects-math-calculus-power-series-and-taylor-series-uniform-convergence-preview","/subjects/math/calculus/power-series-and-taylor-series/uniform-convergence-preview/","tool-or-visual","visual-guide.calculus-resource-taylor-approximation-visual","/subjects/math/calculus/visuals/taylor-approximation-visual/","visual-guide","false","high-confidence-inferred","REVIEW","lesson-footer","Use the tool or visual","",""
"textbook-lesson.subjects-math-calculus-power-series-and-taylor-series-uniform-convergence-preview","/subjects/math/calculus/power-series-and-taylor-series/uniform-convergence-preview/","worked-example","worked-problem.worked-problem-taylor-approximation-error","/subjects/math/calculus/worked-problems/taylor-approximation-error/","worked-problem","false","high-confidence-inferred","REVIEW","lesson-footer","See a worked example","",""
"textbook-lesson.subjects-math-calculus-sequences-and-series-absolute-and-conditional-convergence","/subjects/math/calculus/sequences-and-series/absolute-and-conditional-convergence/","reference","glossary-term.glossary-resource-sequence","/glossary/math/sequence/","glossary-term","false","high-confidence-inferred","REVIEW","lesson-footer","Review the definition","",""
"textbook-lesson.subjects-math-calculus-sequences-and-series-alternating-series-error","/subjects/math/calculus/sequences-and-series/alternating-series-error/","reference","glossary-term.glossary-resource-sequence","/glossary/math/sequence/","glossary-term","false","high-confidence-inferred","REVIEW","lesson-footer","Review the definition","",""
"textbook-lesson.subjects-math-calculus-sequences-and-series-alternating-series-test","/subjects/math/calculus/sequences-and-series/alternating-series-test/","reference","glossary-term.glossary-resource-sequence","/glossary/math/sequence/","glossary-term","false","high-confidence-inferred","REVIEW","lesson-footer","Review the definition","",""
"textbook-lesson.subjects-math-calculus-sequences-and-series-cauchy-criterion-preview","/subjects/math/calculus/sequences-and-series/cauchy-criterion-preview/","reference","glossary-term.glossary-resource-sequence","/glossary/math/sequence/","glossary-term","false","high-confidence-inferred","REVIEW","lesson-footer","Review the definition","",""
"textbook-lesson.subjects-math-calculus-sequences-and-series-choosing-a-convergence-test","/subjects/math/calculus/sequences-and-series/choosing-a-convergence-test/","tool-or-visual","visual-guide.calculus-resource-convergence-tests-flowchart","/subjects/math/calculus/visuals/convergence-tests-flowchart/","visual-guide","false","high-confidence-inferred","REVIEW","lesson-footer","Use the tool or visual","",""
"textbook-lesson.subjects-math-calculus-sequences-and-series-common-errors","/subjects/math/calculus/sequences-and-series/common-errors/","reference","glossary-term.glossary-resource-sequence","/glossary/math/sequence/","glossary-term","false","high-confidence-inferred","REVIEW","lesson-footer","Review the definition","",""
"textbook-lesson.subjects-math-calculus-sequences-and-series-concept-quiz","/subjects/math/calculus/sequences-and-series/concept-quiz/","reference","glossary-term.glossary-resource-sequence","/glossary/math/sequence/","glossary-term","false","high-confidence-inferred","REVIEW","lesson-footer","Review the definition","",""
"textbook-lesson.subjects-math-calculus-sequences-and-series-convergence-tests-review","/subjects/math/calculus/sequences-and-series/convergence-tests-review/","tool-or-visual","visual-guide.calculus-resource-convergence-tests-flowchart","/subjects/math/calculus/visuals/convergence-tests-flowchart/","visual-guide","false","high-confidence-inferred","REVIEW","lesson-footer","Use the tool or visual","",""
"textbook-lesson.subjects-math-calculus-sequences-and-series-direct-comparison-test","/subjects/math/calculus/sequences-and-series/direct-comparison-test/","reference","glossary-term.glossary-resource-sequence","/glossary/math/sequence/","glossary-term","false","high-confidence-inferred","REVIEW","lesson-footer","Review the definition","",""
"textbook-lesson.subjects-math-calculus-sequences-and-series-explicit-and-recursive-sequences","/subjects/math/calculus/sequences-and-series/explicit-and-recursive-sequences/","reference","glossary-term.glossary-resource-sequence","/glossary/math/sequence/","glossary-term","false","high-confidence-inferred","REVIEW","lesson-footer","Review the definition","",""
"textbook-lesson.subjects-math-calculus-sequences-and-series-geometric-series","/subjects/math/calculus/sequences-and-series/geometric-series/","practice","worksheet.calculus-resource-geometric-series","/subjects/math/calculus/worksheets/geometric-series/","worksheet","false","high-confidence-inferred","REVIEW","lesson-practice","Practice this skill","",""
"textbook-lesson.subjects-math-calculus-sequences-and-series-geometric-series","/subjects/math/calculus/sequences-and-series/geometric-series/","reference","glossary-term.glossary-resource-geometric-series","/glossary/math/geometric-series/","glossary-term","false","high-confidence-inferred","REVIEW","lesson-footer","Review the definition","",""
"textbook-lesson.subjects-math-calculus-sequences-and-series-geometric-series","/subjects/math/calculus/sequences-and-series/geometric-series/","worked-example","worked-problem.worked-problem-shifted-geometric-series","/subjects/math/calculus/worked-problems/shifted-geometric-series/","worked-problem","false","high-confidence-inferred","REVIEW","lesson-footer","See a worked example","",""
"textbook-lesson.subjects-math-calculus-sequences-and-series-harmonic-and-p-series","/subjects/math/calculus/sequences-and-series/harmonic-and-p-series/","quick-explanation","article.resource-math-calculus-sequences-series-harmonic-series-diverges","/subjects/math/calculus/sequences-series/harmonic-series-diverges/","quick-answer","false","high-confidence-inferred","REVIEW","lesson-footer","See a clear explanation","",""
"textbook-lesson.subjects-math-calculus-sequences-and-series-infinite-series-and-partial-sums","/subjects/math/calculus/sequences-and-series/infinite-series-and-partial-sums/","reference","glossary-term.glossary-resource-sequence","/glossary/math/sequence/","glossary-term","false","high-confidence-inferred","REVIEW","lesson-footer","Review the definition","",""
"textbook-lesson.subjects-math-calculus-sequences-and-series-integral-test-remainder-estimates","/subjects/math/calculus/sequences-and-series/integral-test-remainder-estimates/","quick-explanation","article.resource-math-calculus-integration-applications-average-value-of-a-function","/subjects/math/calculus/integration-applications/average-value-of-a-function/","method-guide","false","high-confidence-inferred","REVIEW","lesson-footer","See a clear explanation","",""
"textbook-lesson.subjects-math-calculus-sequences-and-series-integral-test-remainder-estimates","/subjects/math/calculus/sequences-and-series/integral-test-remainder-estimates/","reference","glossary-term.glossary-resource-definite-integral","/glossary/math/definite-integral/","glossary-term","false","high-confidence-inferred","REVIEW","lesson-footer","Review the definition","",""
"textbook-lesson.subjects-math-calculus-sequences-and-series-integral-test-remainder-estimates","/subjects/math/calculus/sequences-and-series/integral-test-remainder-estimates/","tool-or-visual","visual-guide.calculus-resource-riemann-sum-progression","/subjects/math/calculus/visuals/riemann-sum-progression/","visual-guide","false","high-confidence-inferred","REVIEW","lesson-footer","Use the tool or visual","",""
"textbook-lesson.subjects-math-calculus-sequences-and-series-integral-test","/subjects/math/calculus/sequences-and-series/integral-test/","quick-explanation","article.resource-math-calculus-integration-applications-average-value-of-a-function","/subjects/math/calculus/integration-applications/average-value-of-a-function/","method-guide","false","high-confidence-inferred","REVIEW","lesson-footer","See a clear explanation","",""
"textbook-lesson.subjects-math-calculus-sequences-and-series-integral-test","/subjects/math/calculus/sequences-and-series/integral-test/","reference","glossary-term.glossary-resource-definite-integral","/glossary/math/definite-integral/","glossary-term","false","high-confidence-inferred","REVIEW","lesson-footer","Review the definition","",""
"textbook-lesson.subjects-math-calculus-sequences-and-series-integral-test","/subjects/math/calculus/sequences-and-series/integral-test/","tool-or-visual","visual-guide.calculus-resource-riemann-sum-progression","/subjects/math/calculus/visuals/riemann-sum-progression/","visual-guide","false","high-confidence-inferred","REVIEW","lesson-footer","Use the tool or visual","",""
"textbook-lesson.subjects-math-calculus-sequences-and-series-limit-comparison-test","/subjects/math/calculus/sequences-and-series/limit-comparison-test/","practice","worksheet.calculus-resource-evaluating-limits","/subjects/math/calculus/worksheets/evaluating-limits/","worksheet","false","high-confidence-inferred","REVIEW","lesson-practice","Practice this skill","",""
"textbook-lesson.subjects-math-calculus-sequences-and-series-limit-comparison-test","/subjects/math/calculus/sequences-and-series/limit-comparison-test/","quick-explanation","article.resource-math-calculus-integration-techniques-improper-integrals","/subjects/math/calculus/integration-techniques/improper-integrals/","quick-answer","false","high-confidence-inferred","REVIEW","lesson-footer","See a clear explanation","",""
"textbook-lesson.subjects-math-calculus-sequences-and-series-limit-comparison-test","/subjects/math/calculus/sequences-and-series/limit-comparison-test/","reference","glossary-term.glossary-resource-limit","/glossary/math/limit/","glossary-term","false","high-confidence-inferred","REVIEW","lesson-footer","Review the definition","",""
"textbook-lesson.subjects-math-calculus-sequences-and-series-limit-comparison-test","/subjects/math/calculus/sequences-and-series/limit-comparison-test/","worked-example","worked-problem.worked-problem-limit-by-factoring","/subjects/math/calculus/worked-problems/limit-by-factoring/","worked-problem","false","high-confidence-inferred","REVIEW","lesson-footer","See a worked example","",""
"textbook-lesson.subjects-math-calculus-sequences-and-series-limits-of-sequences","/subjects/math/calculus/sequences-and-series/limits-of-sequences/","practice","worksheet.calculus-resource-evaluating-limits","/subjects/math/calculus/worksheets/evaluating-limits/","worksheet","false","high-confidence-inferred","REVIEW","lesson-practice","Practice this skill","",""
"textbook-lesson.subjects-math-calculus-sequences-and-series-limits-of-sequences","/subjects/math/calculus/sequences-and-series/limits-of-sequences/","quick-explanation","article.resource-math-calculus-integration-techniques-improper-integrals","/subjects/math/calculus/integration-techniques/improper-integrals/","quick-answer","false","high-confidence-inferred","REVIEW","lesson-footer","See a clear explanation","",""
"textbook-lesson.subjects-math-calculus-sequences-and-series-limits-of-sequences","/subjects/math/calculus/sequences-and-series/limits-of-sequences/","reference","glossary-term.glossary-resource-limit","/glossary/math/limit/","glossary-term","false","high-confidence-inferred","REVIEW","lesson-footer","Review the definition","",""
"textbook-lesson.subjects-math-calculus-sequences-and-series-limits-of-sequences","/subjects/math/calculus/sequences-and-series/limits-of-sequences/","worked-example","worked-problem.worked-problem-limit-by-factoring","/subjects/math/calculus/worked-problems/limit-by-factoring/","worked-problem","false","high-confidence-inferred","REVIEW","lesson-footer","See a worked example","",""
"textbook-lesson.subjects-math-calculus-sequences-and-series-monotone-and-bounded-sequences","/subjects/math/calculus/sequences-and-series/monotone-and-bounded-sequences/","reference","glossary-term.glossary-resource-sequence","/glossary/math/sequence/","glossary-term","false","high-confidence-inferred","REVIEW","lesson-footer","Review the definition","",""
"textbook-lesson.subjects-math-calculus-sequences-and-series-nth-term-divergence-test","/subjects/math/calculus/sequences-and-series/nth-term-divergence-test/","reference","glossary-term.glossary-resource-sequence","/glossary/math/sequence/","glossary-term","false","high-confidence-inferred","REVIEW","lesson-footer","Review the definition","",""
"textbook-lesson.subjects-math-calculus-sequences-and-series-practice-exam-a-answer-key","/subjects/math/calculus/sequences-and-series/practice-exam-a-answer-key/","reference","glossary-term.glossary-resource-sequence","/glossary/math/sequence/","glossary-term","false","high-confidence-inferred","REVIEW","lesson-footer","Review the definition","",""
"textbook-lesson.subjects-math-calculus-sequences-and-series-practice-exam-a","/subjects/math/calculus/sequences-and-series/practice-exam-a/","reference","glossary-term.glossary-resource-sequence","/glossary/math/sequence/","glossary-term","false","high-confidence-inferred","REVIEW","lesson-footer","Review the definition","",""
"textbook-lesson.subjects-math-calculus-sequences-and-series-practice-exam-b-answer-key","/subjects/math/calculus/sequences-and-series/practice-exam-b-answer-key/","reference","glossary-term.glossary-resource-sequence","/glossary/math/sequence/","glossary-term","false","high-confidence-inferred","REVIEW","lesson-footer","Review the definition","",""
"textbook-lesson.subjects-math-calculus-sequences-and-series-practice-exam-b","/subjects/math/calculus/sequences-and-series/practice-exam-b/","reference","glossary-term.glossary-resource-sequence","/glossary/math/sequence/","glossary-term","false","high-confidence-inferred","REVIEW","lesson-footer","Review the definition","",""
"textbook-lesson.subjects-math-calculus-sequences-and-series-prerequisite-diagnostic","/subjects/math/calculus/sequences-and-series/prerequisite-diagnostic/","reference","glossary-term.glossary-resource-sequence","/glossary/math/sequence/","glossary-term","false","high-confidence-inferred","REVIEW","lesson-footer","Review the definition","",""
"textbook-lesson.subjects-math-calculus-sequences-and-series-ratio-test","/subjects/math/calculus/sequences-and-series/ratio-test/","reference","glossary-term.glossary-resource-sequence","/glossary/math/sequence/","glossary-term","false","high-confidence-inferred","REVIEW","lesson-footer","Review the definition","",""
"textbook-lesson.subjects-math-calculus-sequences-and-series-reference-sheet","/subjects/math/calculus/sequences-and-series/reference-sheet/","reference","glossary-term.glossary-resource-sequence","/glossary/math/sequence/","glossary-term","false","high-confidence-inferred","REVIEW","lesson-footer","Review the definition","",""
"textbook-lesson.subjects-math-calculus-sequences-and-series-root-test","/subjects/math/calculus/sequences-and-series/root-test/","reference","glossary-term.glossary-resource-sequence","/glossary/math/sequence/","glossary-term","false","high-confidence-inferred","REVIEW","lesson-footer","Review the definition","",""
"textbook-lesson.subjects-math-calculus-sequences-and-series-sequence-limit-laws","/subjects/math/calculus/sequences-and-series/sequence-limit-laws/","practice","worksheet.calculus-resource-evaluating-limits","/subjects/math/calculus/worksheets/evaluating-limits/","worksheet","false","high-confidence-inferred","REVIEW","lesson-practice","Practice this skill","",""
"textbook-lesson.subjects-math-calculus-sequences-and-series-sequence-limit-laws","/subjects/math/calculus/sequences-and-series/sequence-limit-laws/","quick-explanation","article.resource-math-calculus-integration-techniques-improper-integrals","/subjects/math/calculus/integration-techniques/improper-integrals/","quick-answer","false","high-confidence-inferred","REVIEW","lesson-footer","See a clear explanation","",""
"textbook-lesson.subjects-math-calculus-sequences-and-series-sequence-limit-laws","/subjects/math/calculus/sequences-and-series/sequence-limit-laws/","reference","glossary-term.glossary-resource-limit","/glossary/math/limit/","glossary-term","false","high-confidence-inferred","REVIEW","lesson-footer","Review the definition","",""
"textbook-lesson.subjects-math-calculus-sequences-and-series-sequence-limit-laws","/subjects/math/calculus/sequences-and-series/sequence-limit-laws/","worked-example","worked-problem.worked-problem-limit-by-factoring","/subjects/math/calculus/worked-problems/limit-by-factoring/","worked-problem","false","high-confidence-inferred","REVIEW","lesson-footer","See a worked example","",""
"textbook-lesson.subjects-math-calculus-sequences-and-series-sequence-review","/subjects/math/calculus/sequences-and-series/sequence-review/","reference","glossary-term.glossary-resource-sequence","/glossary/math/sequence/","glossary-term","false","high-confidence-inferred","REVIEW","lesson-footer","Review the definition","",""
"textbook-lesson.subjects-math-calculus-sequences-and-series-sequences-as-functions","/subjects/math/calculus/sequences-and-series/sequences-as-functions/","reference","glossary-term.glossary-resource-sequence","/glossary/math/sequence/","glossary-term","false","high-confidence-inferred","REVIEW","lesson-footer","Review the definition","",""
"textbook-lesson.subjects-math-calculus-sequences-and-series-squeeze-theorem-for-sequences","/subjects/math/calculus/sequences-and-series/squeeze-theorem-for-sequences/","reference","glossary-term.glossary-resource-sequence","/glossary/math/sequence/","glossary-term","false","high-confidence-inferred","REVIEW","lesson-footer","Review the definition","",""
"textbook-lesson.subjects-math-calculus-sequences-and-series-telescoping-series","/subjects/math/calculus/sequences-and-series/telescoping-series/","reference","glossary-term.glossary-resource-sequence","/glossary/math/sequence/","glossary-term","false","high-confidence-inferred","REVIEW","lesson-footer","Review the definition","",""
"textbook-lesson.subjects-math-calculus-sequences-and-series-test-selection-practice","/subjects/math/calculus/sequences-and-series/test-selection-practice/","reference","glossary-term.glossary-resource-sequence","/glossary/math/sequence/","glossary-term","false","high-confidence-inferred","REVIEW","lesson-footer","Review the definition","",""
