articleId,articlePath,articleRole,candidateLessonId,candidateLessonPath,score,sharedConcepts,sharedSkills,contentSimilarity,intentSimilarity,conflictFlag,recommendedDecision,recommendedPlacement,recommendedAnchor,editorialDecision,editorialNotes
"article.answer-cal-int-sec3","/answers/calculus/integral-of-sec-cubed/","answer","textbook-lesson.subjects-math-calculus-sequences-and-series-integral-test","/subjects/math/calculus/sequences-and-series/integral-test/","8","integral","","0.333","0.333","","PRIMARY_CONTEXTUAL_CANDIDATE","After the concise explanation or worked example","Learn this fully","",""
"article.answer-cal-int-sec3","/answers/calculus/integral-of-sec-cubed/","answer","textbook-lesson.subjects-math-calculus-integrals-indefinite-integrals-and-c","/subjects/math/calculus/integrals/indefinite-integrals-and-c/","8","integral","","0.313","0.313","","PRIMARY_CONTEXTUAL_CANDIDATE","After the concise explanation or worked example","Learn this fully","",""
"article.answer-cal-int-sec3","/answers/calculus/integral-of-sec-cubed/","answer","textbook-lesson.subjects-math-calculus-integrals-net-change-theorem","/subjects/math/calculus/integrals/net-change-theorem/","8","integral","","0.286","0.286","","PRIMARY_CONTEXTUAL_CANDIDATE","After the concise explanation or worked example","Learn this fully","",""
"article.answer-cal-parts-when","/learn/calculus/integration-by-parts/","method-guide","textbook-lesson.subjects-math-calculus-integrals-integration-by-parts","/subjects/math/calculus/integrals/integration-by-parts/","8","integration-by-parts","","0.333","0.333","","PRIMARY_CONTEXTUAL_CANDIDATE","After the concise explanation or worked example","Learn this fully","",""
"article.answer-cal-parts-when","/learn/calculus/integration-by-parts/","method-guide","textbook-lesson.subjects-math-calculus-integrals-indefinite-integrals-and-c","/subjects/math/calculus/integrals/indefinite-integrals-and-c/","4","","","0.250","0.250","","SECONDARY_CANDIDATE","After the concise explanation or worked example","Learn this fully","",""
"article.answer-cal-parts-when","/learn/calculus/integration-by-parts/","method-guide","textbook-lesson.subjects-math-calculus-sequences-and-series-harmonic-and-p-series","/subjects/math/calculus/sequences-and-series/harmonic-and-p-series/","4","","","0.222","0.222","","SECONDARY_CANDIDATE","After the concise explanation or worked example","Learn this fully","",""
"article.topic-math-algebra-expressions-equations","/subjects/math/algebra/expressions-equations/","quick-answer","textbook-lesson.subjects-math-calculus-power-series-and-taylor-series-algebra-with-power-series","/subjects/math/calculus/power-series-and-taylor-series/algebra-with-power-series/","4","","","0.250","0.250","","SECONDARY_CANDIDATE","After the concise explanation or worked example","Learn this fully","",""
"article.topic-math-algebra-expressions-equations","/subjects/math/algebra/expressions-equations/","quick-answer","textbook-lesson.calc-1-unit-2a-derivative-foundations-techniques-implicit-second-derivative","/subjects/math/calculus/derivatives/implicit-second-derivative/","4","","","0.231","0.231","","SECONDARY_CANDIDATE","After the concise explanation or worked example","Learn this fully","",""
"article.topic-math-algebra-expressions-equations","/subjects/math/algebra/expressions-equations/","quick-answer","textbook-lesson.limits.calculus-continuity-continuity-concept-quiz","/subjects/math/calculus/limits-continuity/unit/continuity/continuity-concept-quiz/","4","","","0.222","0.222","","SECONDARY_CANDIDATE","After the concise explanation or worked example","Learn this fully","",""
"article.resource-math-algebra-expressions-equations-combining-like-terms","/subjects/math/algebra/expressions-equations/combining-like-terms/","method-guide","textbook-lesson.calc-1-unit-2a-derivative-foundations-techniques-combined-rules","/subjects/math/calculus/derivatives/combined-rules/","4","","","0.158","0.158","","SECONDARY_CANDIDATE","After the concise explanation or worked example","Learn this fully","",""
"article.resource-math-algebra-expressions-equations-combining-like-terms","/subjects/math/algebra/expressions-equations/combining-like-terms/","method-guide","textbook-lesson.calc-1-unit-2a-derivative-foundations-techniques-difference-quotient-algebra","/subjects/math/calculus/derivatives/difference-quotient-algebra/","4","","","0.158","0.158","","SECONDARY_CANDIDATE","After the concise explanation or worked example","Learn this fully","",""
"article.resource-math-algebra-expressions-equations-combining-like-terms","/subjects/math/algebra/expressions-equations/combining-like-terms/","method-guide","textbook-lesson.limits.calculus-continuity-continuity-concept-quiz","/subjects/math/calculus/limits-continuity/unit/continuity/continuity-concept-quiz/","3","","","0.143","0.143","","MANUAL_REVIEW","After the concise explanation or worked example","Learn this fully","",""
"article.resource-math-algebra-expressions-equations-distributive-property","/subjects/math/algebra/expressions-equations/distributive-property/","method-guide","textbook-lesson.subjects-math-calculus-sequences-and-series-nth-term-divergence-test","/subjects/math/calculus/sequences-and-series/nth-term-divergence-test/","4","","","0.222","0.222","","SECONDARY_CANDIDATE","After the concise explanation or worked example","Learn this fully","",""
"article.resource-math-algebra-expressions-equations-distributive-property","/subjects/math/algebra/expressions-equations/distributive-property/","method-guide","textbook-lesson.limits.calculus-limits-squeeze-theorem","/subjects/math/calculus/limits-continuity/unit/limits/squeeze-theorem/","4","","","0.214","0.214","","SECONDARY_CANDIDATE","After the concise explanation or worked example","Learn this fully","",""
"article.resource-math-algebra-expressions-equations-distributive-property","/subjects/math/algebra/expressions-equations/distributive-property/","method-guide","textbook-lesson.subjects-math-calculus-sequences-and-series-integral-test","/subjects/math/calculus/sequences-and-series/integral-test/","4","","","0.200","0.200","","SECONDARY_CANDIDATE","After the concise explanation or worked example","Learn this fully","",""
"article.resource-math-algebra-expressions-equations-evaluating-expressions-by-substitution","/subjects/math/algebra/expressions-equations/evaluating-expressions-by-substitution/","method-guide","textbook-lesson.limits.calculus-limits-factoring-limits","/subjects/math/calculus/limits-continuity/unit/limits/factoring-limits/","6","","","0.400","0.400","","SECONDARY_CANDIDATE","After the concise explanation or worked example","Learn this fully","",""
"article.resource-math-algebra-expressions-equations-evaluating-expressions-by-substitution","/subjects/math/algebra/expressions-equations/evaluating-expressions-by-substitution/","method-guide","textbook-lesson.subjects-math-calculus-integrals-definite-integrals-by-substitution","/subjects/math/calculus/integrals/definite-integrals-by-substitution/","4","","","0.333","0.333","","SECONDARY_CANDIDATE","After the concise explanation or worked example","Learn this fully","",""
"article.resource-math-algebra-expressions-equations-evaluating-expressions-by-substitution","/subjects/math/algebra/expressions-equations/evaluating-expressions-by-substitution/","method-guide","textbook-lesson.subjects-math-calculus-integrals-integration-by-parts","/subjects/math/calculus/integrals/integration-by-parts/","4","","","0.273","0.273","","SECONDARY_CANDIDATE","After the concise explanation or worked example","Learn this fully","",""
"article.resource-math-algebra-expressions-equations-order-of-operations-with-variables","/subjects/math/algebra/expressions-equations/order-of-operations-with-variables/","method-guide","textbook-lesson.limits.calculus-continuity-types-of-discontinuity","/subjects/math/calculus/limits-continuity/unit/continuity/types-of-discontinuity/","4","","","0.214","0.214","","SECONDARY_CANDIDATE","After the concise explanation or worked example","Learn this fully","",""
"article.resource-math-algebra-expressions-equations-order-of-operations-with-variables","/subjects/math/algebra/expressions-equations/order-of-operations-with-variables/","method-guide","textbook-lesson.limits.calculus-limits-complex-fractions","/subjects/math/calculus/limits-continuity/unit/limits/complex-fractions/","4","","","0.200","0.200","","SECONDARY_CANDIDATE","After the concise explanation or worked example","Learn this fully","",""
"article.resource-math-algebra-expressions-equations-order-of-operations-with-variables","/subjects/math/algebra/expressions-equations/order-of-operations-with-variables/","method-guide","textbook-lesson.limits.calculus-limits-what-a-limit-means","/subjects/math/calculus/limits-continuity/unit/limits/what-a-limit-means/","4","","","0.200","0.200","","SECONDARY_CANDIDATE","After the concise explanation or worked example","Learn this fully","",""
"article.resource-math-algebra-expressions-equations-solving-linear-equations","/subjects/math/algebra/expressions-equations/solving-linear-equations/","decision-guide","textbook-lesson.calc-1-unit-2a-derivative-foundations-techniques-advanced-implicit-function-theorem","/subjects/math/calculus/derivatives/advanced-implicit-function-theorem/","4","","","0.250","0.250","","SECONDARY_CANDIDATE","After the concise explanation or worked example","Learn this fully","",""
"article.resource-math-algebra-expressions-equations-solving-linear-equations","/subjects/math/algebra/expressions-equations/solving-linear-equations/","decision-guide","textbook-lesson.calc-1-unit-2a-derivative-foundations-techniques-advanced-chain-rule-linear-maps","/subjects/math/calculus/derivatives/advanced-chain-rule-linear-maps/","4","","","0.238","0.238","","SECONDARY_CANDIDATE","After the concise explanation or worked example","Learn this fully","",""
"article.resource-math-algebra-expressions-equations-solving-linear-equations","/subjects/math/algebra/expressions-equations/solving-linear-equations/","decision-guide","textbook-lesson.calc-1-unit-2a-derivative-foundations-techniques-chain-rule-map","/subjects/math/calculus/derivatives/chain-rule-map/","4","","","0.238","0.238","","SECONDARY_CANDIDATE","After the concise explanation or worked example","Learn this fully","",""
"article.resource-math-algebra-expressions-equations-variables-on-both-sides","/subjects/math/algebra/expressions-equations/variables-on-both-sides/","decision-guide","textbook-lesson.limits.calculus-limits-limit-laws","/subjects/math/calculus/limits-continuity/unit/limits/limit-laws/","4","","","0.211","0.211","","SECONDARY_CANDIDATE","After the concise explanation or worked example","Learn this fully","",""
"article.resource-math-algebra-expressions-equations-variables-on-both-sides","/subjects/math/algebra/expressions-equations/variables-on-both-sides/","decision-guide","textbook-lesson.subjects-math-calculus-integrals-common-errors","/subjects/math/calculus/integrals/common-errors/","4","","","0.190","0.190","","SECONDARY_CANDIDATE","After the concise explanation or worked example","Learn this fully","",""
"article.resource-math-algebra-expressions-equations-variables-on-both-sides","/subjects/math/algebra/expressions-equations/variables-on-both-sides/","decision-guide","textbook-lesson.calc-1-unit-2a-derivative-foundations-techniques-unit-2a-common-errors","/subjects/math/calculus/derivatives/unit-2a-common-errors/","4","","","0.182","0.182","","SECONDARY_CANDIDATE","After the concise explanation or worked example","Learn this fully","",""
"article.topic-math-algebra-linear-relationships","/subjects/math/algebra/linear-relationships/","quick-answer","textbook-lesson.limits.calculus-limits-epsilon-delta-linear","/subjects/math/calculus/limits-continuity/unit/limits/epsilon-delta-linear/","4","","","0.250","0.250","","SECONDARY_CANDIDATE","After the concise explanation or worked example","Learn this fully","",""
"article.topic-math-algebra-linear-relationships","/subjects/math/algebra/linear-relationships/","quick-answer","textbook-lesson.subjects-math-calculus-power-series-and-taylor-series-algebra-with-power-series","/subjects/math/calculus/power-series-and-taylor-series/algebra-with-power-series/","4","","","0.250","0.250","","SECONDARY_CANDIDATE","After the concise explanation or worked example","Learn this fully","",""
"article.topic-math-algebra-linear-relationships","/subjects/math/algebra/linear-relationships/","quick-answer","textbook-lesson.limits.calculus-continuity-continuity-concept-quiz","/subjects/math/calculus/limits-continuity/unit/continuity/continuity-concept-quiz/","4","","","0.222","0.222","","SECONDARY_CANDIDATE","After the concise explanation or worked example","Learn this fully","",""
"article.resource-math-algebra-linear-relationships-equation-from-two-points","/subjects/math/algebra/linear-relationships/equation-from-two-points/","decision-guide","textbook-lesson.limits.calculus-limits-read-limits-from-graphs","/subjects/math/calculus/limits-continuity/unit/limits/read-limits-from-graphs/","6","","","0.400","0.400","","SECONDARY_CANDIDATE","After the concise explanation or worked example","Learn this fully","",""
"article.resource-math-algebra-linear-relationships-equation-from-two-points","/subjects/math/algebra/linear-relationships/equation-from-two-points/","decision-guide","textbook-lesson.limits.calculus-continuity-repair-removable-discontinuity","/subjects/math/calculus/limits-continuity/unit/continuity/repair-removable-discontinuity/","4","","","0.333","0.333","","SECONDARY_CANDIDATE","After the concise explanation or worked example","Learn this fully","",""
"article.resource-math-algebra-linear-relationships-equation-from-two-points","/subjects/math/algebra/linear-relationships/equation-from-two-points/","decision-guide","textbook-lesson.limits.calculus-limits-disprove-limit-epsilon-delta","/subjects/math/calculus/limits-continuity/unit/limits/disprove-limit-epsilon-delta/","4","","","0.333","0.333","","SECONDARY_CANDIDATE","After the concise explanation or worked example","Learn this fully","",""
"article.resource-math-algebra-linear-relationships-graphing-linear-equations-from-standard-form","/subjects/math/algebra/linear-relationships/graphing-linear-equations-from-standard-form/","decision-guide","textbook-lesson.calc-1-unit-2a-derivative-foundations-techniques-implicit-second-derivative","/subjects/math/calculus/derivatives/implicit-second-derivative/","4","","","0.250","0.250","","SECONDARY_CANDIDATE","After the concise explanation or worked example","Learn this fully","",""
"article.resource-math-algebra-linear-relationships-graphing-linear-equations-from-standard-form","/subjects/math/algebra/linear-relationships/graphing-linear-equations-from-standard-form/","decision-guide","textbook-lesson.limits.calculus-limits-epsilon-delta-graph","/subjects/math/calculus/limits-continuity/unit/limits/epsilon-delta-graph/","4","","","0.250","0.250","","SECONDARY_CANDIDATE","After the concise explanation or worked example","Learn this fully","",""
"article.resource-math-algebra-linear-relationships-graphing-linear-equations-from-standard-form","/subjects/math/algebra/linear-relationships/graphing-linear-equations-from-standard-form/","decision-guide","textbook-lesson.limits.calculus-limits-read-limits-from-graphs","/subjects/math/calculus/limits-continuity/unit/limits/read-limits-from-graphs/","4","","","0.250","0.250","","SECONDARY_CANDIDATE","After the concise explanation or worked example","Learn this fully","",""
"article.resource-math-algebra-linear-relationships-interpreting-linear-models","/subjects/math/algebra/linear-relationships/interpreting-linear-models/","quick-answer","textbook-lesson.limits.calculus-limits-zero-over-zero","/subjects/math/calculus/limits-continuity/unit/limits/zero-over-zero/","4","","","0.278","0.278","","SECONDARY_CANDIDATE","After the concise explanation or worked example","Learn this fully","",""
"article.resource-math-algebra-linear-relationships-interpreting-linear-models","/subjects/math/algebra/linear-relationships/interpreting-linear-models/","quick-answer","textbook-lesson.calc-1-unit-2a-derivative-foundations-techniques-what-does-derivative-mean","/subjects/math/calculus/derivatives/what-does-derivative-mean/","4","","","0.238","0.238","","SECONDARY_CANDIDATE","After the concise explanation or worked example","Learn this fully","",""
"article.resource-math-algebra-linear-relationships-interpreting-linear-models","/subjects/math/algebra/linear-relationships/interpreting-linear-models/","quick-answer","textbook-lesson.limits.calculus-limits-what-a-limit-means","/subjects/math/calculus/limits-continuity/unit/limits/what-a-limit-means/","4","","","0.235","0.235","","SECONDARY_CANDIDATE","After the concise explanation or worked example","Learn this fully","",""
"article.resource-math-algebra-linear-relationships-parallel-perpendicular-lines","/subjects/math/algebra/linear-relationships/parallel-perpendicular-lines/","decision-guide","textbook-lesson.calc-1-unit-2a-derivative-foundations-techniques-tangent-line-equation","/subjects/math/calculus/derivatives/tangent-line-equation/","4","","","0.235","0.235","","SECONDARY_CANDIDATE","After the concise explanation or worked example","Learn this fully","",""
"article.resource-math-algebra-linear-relationships-parallel-perpendicular-lines","/subjects/math/algebra/linear-relationships/parallel-perpendicular-lines/","decision-guide","textbook-lesson.subjects-math-calculus-sequences-and-series-harmonic-and-p-series","/subjects/math/calculus/sequences-and-series/harmonic-and-p-series/","4","","","0.235","0.235","","SECONDARY_CANDIDATE","After the concise explanation or worked example","Learn this fully","",""
"article.resource-math-algebra-linear-relationships-parallel-perpendicular-lines","/subjects/math/algebra/linear-relationships/parallel-perpendicular-lines/","decision-guide","textbook-lesson.calc-1-unit-2a-derivative-foundations-techniques-chain-exp-log","/subjects/math/calculus/derivatives/chain-exp-log/","4","","","0.222","0.222","","SECONDARY_CANDIDATE","After the concise explanation or worked example","Learn this fully","",""
"article.resource-math-algebra-linear-relationships-point-slope-vs-slope-intercept","/subjects/math/algebra/linear-relationships/point-slope-vs-slope-intercept/","quick-answer","textbook-lesson.limits.calculus-continuity-continuity-at-a-point","/subjects/math/calculus/limits-continuity/unit/continuity/continuity-at-a-point/","4","","","0.200","0.200","","SECONDARY_CANDIDATE","After the concise explanation or worked example","Learn this fully","",""
"article.resource-math-algebra-linear-relationships-point-slope-vs-slope-intercept","/subjects/math/algebra/linear-relationships/point-slope-vs-slope-intercept/","quick-answer","textbook-lesson.limits.calculus-continuity-continuous-functions","/subjects/math/calculus/limits-continuity/unit/continuity/continuous-functions/","4","","","0.188","0.188","","SECONDARY_CANDIDATE","After the concise explanation or worked example","Learn this fully","",""
"article.resource-math-algebra-linear-relationships-point-slope-vs-slope-intercept","/subjects/math/algebra/linear-relationships/point-slope-vs-slope-intercept/","quick-answer","textbook-lesson.limits.calculus-limits-function-value-vs-limit","/subjects/math/calculus/limits-continuity/unit/limits/function-value-vs-limit/","4","","","0.188","0.188","","SECONDARY_CANDIDATE","After the concise explanation or worked example","Learn this fully","",""
"article.resource-math-algebra-linear-relationships-slope-as-rate-of-change","/subjects/math/algebra/linear-relationships/slope-as-rate-of-change/","quick-answer","textbook-lesson.subjects-math-calculus-integrals-rates-to-total-change","/subjects/math/calculus/integrals/rates-to-total-change/","4","","","0.250","0.250","","SECONDARY_CANDIDATE","After the concise explanation or worked example","Learn this fully","",""
"article.resource-math-algebra-linear-relationships-slope-as-rate-of-change","/subjects/math/algebra/linear-relationships/slope-as-rate-of-change/","quick-answer","textbook-lesson.calc-1-unit-2a-derivative-foundations-techniques-derivative-function","/subjects/math/calculus/derivatives/derivative-function/","4","","","0.211","0.211","","SECONDARY_CANDIDATE","After the concise explanation or worked example","Learn this fully","",""
"article.resource-math-algebra-linear-relationships-slope-as-rate-of-change","/subjects/math/algebra/linear-relationships/slope-as-rate-of-change/","quick-answer","textbook-lesson.limits.calculus-limits-when-a-limit-does-not-exist","/subjects/math/calculus/limits-continuity/unit/limits/when-a-limit-does-not-exist/","4","","","0.211","0.211","","SECONDARY_CANDIDATE","After the concise explanation or worked example","Learn this fully","",""
"article.topic-math-algebra-polynomials-factoring","/subjects/math/algebra/polynomials-factoring/","quick-answer","textbook-lesson.limits.calculus-limits-factoring-limits","/subjects/math/calculus/limits-continuity/unit/limits/factoring-limits/","4","","","0.300","0.300","","SECONDARY_CANDIDATE","After the concise explanation or worked example","Learn this fully","",""
"article.topic-math-algebra-polynomials-factoring","/subjects/math/algebra/polynomials-factoring/","quick-answer","textbook-lesson.subjects-math-calculus-power-series-and-taylor-series-taylor-polynomials","/subjects/math/calculus/power-series-and-taylor-series/taylor-polynomials/","4","","","0.300","0.300","","SECONDARY_CANDIDATE","After the concise explanation or worked example","Learn this fully","",""
"article.topic-math-algebra-polynomials-factoring","/subjects/math/algebra/polynomials-factoring/","quick-answer","textbook-lesson.subjects-math-calculus-power-series-and-taylor-series-algebra-with-power-series","/subjects/math/calculus/power-series-and-taylor-series/algebra-with-power-series/","4","","","0.250","0.250","","SECONDARY_CANDIDATE","After the concise explanation or worked example","Learn this fully","",""
"article.resource-math-algebra-polynomials-factoring-completing-the-square","/subjects/math/algebra/polynomials-factoring/completing-the-square/","decision-guide","textbook-lesson.limits.calculus-limits-squeeze-theorem","/subjects/math/calculus/limits-continuity/unit/limits/squeeze-theorem/","4","","","0.300","0.300","","SECONDARY_CANDIDATE","After the concise explanation or worked example","Learn this fully","",""
"article.resource-math-algebra-polynomials-factoring-completing-the-square","/subjects/math/algebra/polynomials-factoring/completing-the-square/","decision-guide","textbook-lesson.subjects-math-calculus-sequences-and-series-integral-test","/subjects/math/calculus/sequences-and-series/integral-test/","4","","","0.273","0.273","","SECONDARY_CANDIDATE","After the concise explanation or worked example","Learn this fully","",""
"article.resource-math-algebra-polynomials-factoring-completing-the-square","/subjects/math/algebra/polynomials-factoring/completing-the-square/","decision-guide","textbook-lesson.calc-1-unit-2b-derivative-applications-first-derivative-test","/subjects/math/calculus/derivative-applications/first-derivative-test/","4","","","0.250","0.250","","SECONDARY_CANDIDATE","After the concise explanation or worked example","Learn this fully","",""
"article.resource-math-algebra-polynomials-factoring-exponent-rules","/subjects/math/algebra/polynomials-factoring/exponent-rules/","method-guide","textbook-lesson.subjects-math-calculus-integrals-basic-antiderivative-rules","/subjects/math/calculus/integrals/basic-antiderivative-rules/","4","","","0.214","0.214","","SECONDARY_CANDIDATE","After the concise explanation or worked example","Learn this fully","",""
"article.resource-math-algebra-polynomials-factoring-exponent-rules","/subjects/math/algebra/polynomials-factoring/exponent-rules/","method-guide","textbook-lesson.calc-1-unit-2a-derivative-foundations-techniques-core-rules-concept-quiz","/subjects/math/calculus/derivatives/core-rules-concept-quiz/","4","","","0.200","0.200","","SECONDARY_CANDIDATE","After the concise explanation or worked example","Learn this fully","",""
"article.resource-math-algebra-polynomials-factoring-exponent-rules","/subjects/math/algebra/polynomials-factoring/exponent-rules/","method-guide","textbook-lesson.calc-1-unit-2a-derivative-foundations-techniques-core-rules-review","/subjects/math/calculus/derivatives/core-rules-review/","4","","","0.200","0.200","","SECONDARY_CANDIDATE","After the concise explanation or worked example","Learn this fully","",""
"article.resource-math-algebra-polynomials-factoring-factoring-trinomials","/subjects/math/algebra/polynomials-factoring/factoring-trinomials/","decision-guide","textbook-lesson.limits.calculus-limits-limit-laws","/subjects/math/calculus/limits-continuity/unit/limits/limit-laws/","4","","","0.235","0.235","","SECONDARY_CANDIDATE","After the concise explanation or worked example","Learn this fully","",""
"article.resource-math-algebra-polynomials-factoring-factoring-trinomials","/subjects/math/algebra/polynomials-factoring/factoring-trinomials/","decision-guide","textbook-lesson.calc-1-unit-2a-derivative-foundations-techniques-combined-rules","/subjects/math/calculus/derivatives/combined-rules/","4","","","0.222","0.222","","SECONDARY_CANDIDATE","After the concise explanation or worked example","Learn this fully","",""
"article.resource-math-algebra-polynomials-factoring-factoring-trinomials","/subjects/math/algebra/polynomials-factoring/factoring-trinomials/","decision-guide","textbook-lesson.limits.calculus-continuity-continuity-review","/subjects/math/calculus/limits-continuity/unit/continuity/continuity-review/","4","","","0.214","0.214","","SECONDARY_CANDIDATE","After the concise explanation or worked example","Learn this fully","",""
"article.resource-math-algebra-polynomials-factoring-greatest-common-factor","/subjects/math/algebra/polynomials-factoring/greatest-common-factor/","decision-guide","textbook-lesson.limits.calculus-limits-squeeze-theorem","/subjects/math/calculus/limits-continuity/unit/limits/squeeze-theorem/","4","","","0.250","0.250","","SECONDARY_CANDIDATE","After the concise explanation or worked example","Learn this fully","",""
"article.resource-math-algebra-polynomials-factoring-greatest-common-factor","/subjects/math/algebra/polynomials-factoring/greatest-common-factor/","decision-guide","textbook-lesson.limits.calculus-limits-common-exam-errors","/subjects/math/calculus/limits-continuity/unit/limits/common-exam-errors/","4","","","0.231","0.231","","SECONDARY_CANDIDATE","After the concise explanation or worked example","Learn this fully","",""
"article.resource-math-algebra-polynomials-factoring-greatest-common-factor","/subjects/math/algebra/polynomials-factoring/greatest-common-factor/","decision-guide","textbook-lesson.subjects-math-calculus-sequences-and-series-integral-test","/subjects/math/calculus/sequences-and-series/integral-test/","4","","","0.231","0.231","","SECONDARY_CANDIDATE","After the concise explanation or worked example","Learn this fully","",""
"article.resource-math-algebra-polynomials-factoring-multiply-polynomials","/subjects/math/algebra/polynomials-factoring/multiply-polynomials/","decision-guide","textbook-lesson.limits.calculus-continuity-continuity-at-a-point","/subjects/math/calculus/limits-continuity/unit/continuity/continuity-at-a-point/","4","","","0.250","0.250","","SECONDARY_CANDIDATE","After the concise explanation or worked example","Learn this fully","",""
"article.resource-math-algebra-polynomials-factoring-multiply-polynomials","/subjects/math/algebra/polynomials-factoring/multiply-polynomials/","decision-guide","textbook-lesson.limits.calculus-limits-what-a-limit-means","/subjects/math/calculus/limits-continuity/unit/limits/what-a-limit-means/","4","","","0.231","0.231","","SECONDARY_CANDIDATE","After the concise explanation or worked example","Learn this fully","",""
"article.resource-math-algebra-polynomials-factoring-multiply-polynomials","/subjects/math/algebra/polynomials-factoring/multiply-polynomials/","decision-guide","textbook-lesson.subjects-math-calculus-power-series-and-taylor-series-taylor-polynomials","/subjects/math/calculus/power-series-and-taylor-series/taylor-polynomials/","4","","","0.231","0.231","","SECONDARY_CANDIDATE","After the concise explanation or worked example","Learn this fully","",""
"article.resource-math-algebra-polynomials-factoring-special-factor-patterns","/subjects/math/algebra/polynomials-factoring/special-factor-patterns/","decision-guide","textbook-lesson.limits.calculus-continuity-types-of-discontinuity","/subjects/math/calculus/limits-continuity/unit/continuity/types-of-discontinuity/","4","","","0.200","0.200","","SECONDARY_CANDIDATE","After the concise explanation or worked example","Learn this fully","",""
"article.resource-math-algebra-polynomials-factoring-special-factor-patterns","/subjects/math/algebra/polynomials-factoring/special-factor-patterns/","decision-guide","textbook-lesson.limits.calculus-limits-ratio-of-sines","/subjects/math/calculus/limits-continuity/unit/limits/ratio-of-sines/","4","","","0.176","0.176","","SECONDARY_CANDIDATE","After the concise explanation or worked example","Learn this fully","",""
"article.resource-math-algebra-polynomials-factoring-special-factor-patterns","/subjects/math/algebra/polynomials-factoring/special-factor-patterns/","decision-guide","textbook-lesson.subjects-math-calculus-sequences-and-series-limits-of-sequences","/subjects/math/calculus/sequences-and-series/limits-of-sequences/","4","","","0.176","0.176","","SECONDARY_CANDIDATE","After the concise explanation or worked example","Learn this fully","",""
"article.topic-math-algebra-radicals-exponents-functions","/subjects/math/algebra/radicals-exponents-functions/","quick-answer","textbook-lesson.subjects-math-calculus-integrals-accumulation-functions","/subjects/math/calculus/integrals/accumulation-functions/","4","","","0.273","0.273","","SECONDARY_CANDIDATE","After the concise explanation or worked example","Learn this fully","",""
"article.topic-math-algebra-radicals-exponents-functions","/subjects/math/algebra/radicals-exponents-functions/","quick-answer","textbook-lesson.limits.calculus-continuity-continuous-functions","/subjects/math/calculus/limits-continuity/unit/continuity/continuous-functions/","4","","","0.273","0.273","","SECONDARY_CANDIDATE","After the concise explanation or worked example","Learn this fully","",""
"article.topic-math-algebra-radicals-exponents-functions","/subjects/math/algebra/radicals-exponents-functions/","quick-answer","textbook-lesson.limits.calculus-limits-ratio-of-sines","/subjects/math/calculus/limits-continuity/unit/limits/ratio-of-sines/","4","","","0.250","0.250","","SECONDARY_CANDIDATE","After the concise explanation or worked example","Learn this fully","",""
"article.resource-math-algebra-radicals-exponents-functions-exponential-growth-and-decay","/subjects/math/algebra/radicals-exponents-functions/exponential-growth-and-decay/","decision-guide","textbook-lesson.calc-1-unit-2b-derivative-applications-derivative-graphs","/subjects/math/calculus/derivative-applications/derivative-graphs/","4","","","0.286","0.286","","SECONDARY_CANDIDATE","After the concise explanation or worked example","Learn this fully","",""
"article.resource-math-algebra-radicals-exponents-functions-exponential-growth-and-decay","/subjects/math/algebra/radicals-exponents-functions/exponential-growth-and-decay/","decision-guide","textbook-lesson.calc-1-unit-2a-derivative-foundations-techniques-exponential-e","/subjects/math/calculus/derivatives/exponential-e/","4","","","0.286","0.286","","SECONDARY_CANDIDATE","After the concise explanation or worked example","Learn this fully","",""
"article.resource-math-algebra-radicals-exponents-functions-exponential-growth-and-decay","/subjects/math/algebra/radicals-exponents-functions/exponential-growth-and-decay/","decision-guide","textbook-lesson.subjects-math-calculus-sequences-and-series-harmonic-and-p-series","/subjects/math/calculus/sequences-and-series/harmonic-and-p-series/","4","","","0.286","0.286","","SECONDARY_CANDIDATE","After the concise explanation or worked example","Learn this fully","",""
"article.resource-math-algebra-radicals-exponents-functions-function-notation","/subjects/math/algebra/radicals-exponents-functions/function-notation/","quick-answer","textbook-lesson.calc-1-unit-2a-derivative-foundations-techniques-what-does-derivative-mean","/subjects/math/calculus/derivatives/what-does-derivative-mean/","4","","","0.250","0.250","","SECONDARY_CANDIDATE","After the concise explanation or worked example","Learn this fully","",""
"article.resource-math-algebra-radicals-exponents-functions-function-notation","/subjects/math/algebra/radicals-exponents-functions/function-notation/","quick-answer","textbook-lesson.calc-1-unit-2a-derivative-foundations-techniques-notation-and-units","/subjects/math/calculus/derivatives/notation-and-units/","4","","","0.235","0.235","","SECONDARY_CANDIDATE","After the concise explanation or worked example","Learn this fully","",""
"article.resource-math-algebra-radicals-exponents-functions-function-notation","/subjects/math/algebra/radicals-exponents-functions/function-notation/","quick-answer","textbook-lesson.calc-1-unit-2b-derivative-applications-derivative-graphs","/subjects/math/calculus/derivative-applications/derivative-graphs/","4","","","0.222","0.222","","SECONDARY_CANDIDATE","After the concise explanation or worked example","Learn this fully","",""
"article.resource-math-algebra-radicals-exponents-functions-inverse-functions-vs-reciprocals","/subjects/math/algebra/radicals-exponents-functions/inverse-functions-vs-reciprocals/","decision-guide","textbook-lesson.limits.calculus-limits-function-value-vs-limit","/subjects/math/calculus/limits-continuity/unit/limits/function-value-vs-limit/","4","","","0.211","0.211","","SECONDARY_CANDIDATE","After the concise explanation or worked example","Learn this fully","",""
"article.resource-math-algebra-radicals-exponents-functions-inverse-functions-vs-reciprocals","/subjects/math/algebra/radicals-exponents-functions/inverse-functions-vs-reciprocals/","decision-guide","textbook-lesson.calc-1-unit-2a-derivative-foundations-techniques-derivative-function","/subjects/math/calculus/derivatives/derivative-function/","4","","","0.190","0.190","","SECONDARY_CANDIDATE","After the concise explanation or worked example","Learn this fully","",""
"article.resource-math-algebra-radicals-exponents-functions-inverse-functions-vs-reciprocals","/subjects/math/algebra/radicals-exponents-functions/inverse-functions-vs-reciprocals/","decision-guide","textbook-lesson.calc-1-unit-2a-derivative-foundations-techniques-inverse-function-rule","/subjects/math/calculus/derivatives/inverse-function-rule/","4","","","0.190","0.190","","SECONDARY_CANDIDATE","After the concise explanation or worked example","Learn this fully","",""
"article.resource-math-algebra-radicals-exponents-functions-rational-exponents","/subjects/math/algebra/radicals-exponents-functions/rational-exponents/","method-guide","textbook-lesson.calc-1-unit-2b-derivative-applications-other-indeterminate-forms","/subjects/math/calculus/derivative-applications/other-indeterminate-forms/","4","","","0.267","0.267","","SECONDARY_CANDIDATE","After the concise explanation or worked example","Learn this fully","",""
"article.resource-math-algebra-radicals-exponents-functions-rational-exponents","/subjects/math/algebra/radicals-exponents-functions/rational-exponents/","method-guide","textbook-lesson.calc-1-unit-2a-derivative-foundations-techniques-negative-fractional-powers","/subjects/math/calculus/derivatives/negative-fractional-powers/","4","","","0.267","0.267","","SECONDARY_CANDIDATE","After the concise explanation or worked example","Learn this fully","",""
"article.resource-math-algebra-radicals-exponents-functions-rational-exponents","/subjects/math/algebra/radicals-exponents-functions/rational-exponents/","method-guide","textbook-lesson.calc-1-unit-2a-derivative-foundations-techniques-variable-exponents","/subjects/math/calculus/derivatives/variable-exponents/","4","","","0.267","0.267","","SECONDARY_CANDIDATE","After the concise explanation or worked example","Learn this fully","",""
"article.resource-math-algebra-radicals-exponents-functions-simplifying-radicals","/subjects/math/algebra/radicals-exponents-functions/simplifying-radicals/","method-guide","textbook-lesson.subjects-math-calculus-integrals-integration-by-parts","/subjects/math/calculus/integrals/integration-by-parts/","4","","","0.231","0.231","","SECONDARY_CANDIDATE","After the concise explanation or worked example","Learn this fully","",""
"article.resource-math-algebra-radicals-exponents-functions-simplifying-radicals","/subjects/math/algebra/radicals-exponents-functions/simplifying-radicals/","method-guide","textbook-lesson.limits.calculus-limits-factoring-limits","/subjects/math/calculus/limits-continuity/unit/limits/factoring-limits/","4","","","0.231","0.231","","SECONDARY_CANDIDATE","After the concise explanation or worked example","Learn this fully","",""
"article.resource-math-algebra-radicals-exponents-functions-simplifying-radicals","/subjects/math/algebra/radicals-exponents-functions/simplifying-radicals/","method-guide","textbook-lesson.subjects-math-calculus-integration-applications-volumes-by-slicing","/subjects/math/calculus/integration-applications/volumes-by-slicing/","4","","","0.214","0.214","","SECONDARY_CANDIDATE","After the concise explanation or worked example","Learn this fully","",""
"article.resource-math-algebra-radicals-exponents-functions-solving-radical-equations","/subjects/math/algebra/radicals-exponents-functions/solving-radical-equations/","method-guide","textbook-lesson.calc-1-unit-2a-derivative-foundations-techniques-composition","/subjects/math/calculus/derivatives/composition/","4","","","0.235","0.235","","SECONDARY_CANDIDATE","After the concise explanation or worked example","Learn this fully","",""
"article.resource-math-algebra-radicals-exponents-functions-solving-radical-equations","/subjects/math/algebra/radicals-exponents-functions/solving-radical-equations/","method-guide","textbook-lesson.limits.calculus-continuity-continuity-review","/subjects/math/calculus/limits-continuity/unit/continuity/continuity-review/","4","","","0.231","0.231","","SECONDARY_CANDIDATE","After the concise explanation or worked example","Learn this fully","",""
"article.resource-math-algebra-radicals-exponents-functions-solving-radical-equations","/subjects/math/algebra/radicals-exponents-functions/solving-radical-equations/","method-guide","textbook-lesson.calc-1-unit-2a-derivative-foundations-techniques-differentiability-and-continuity","/subjects/math/calculus/derivatives/differentiability-and-continuity/","4","","","0.214","0.214","","SECONDARY_CANDIDATE","After the concise explanation or worked example","Learn this fully","",""
"article.topic-math-algebra-rational-expressions","/subjects/math/algebra/rational-expressions/","quick-answer","textbook-lesson.limits.calculus-limits-complete-asymptote-analysis","/subjects/math/calculus/limits-continuity/unit/limits/complete-asymptote-analysis/","4","","","0.273","0.273","","SECONDARY_CANDIDATE","After the concise explanation or worked example","Learn this fully","",""
"article.topic-math-algebra-rational-expressions","/subjects/math/algebra/rational-expressions/","quick-answer","textbook-lesson.subjects-math-calculus-power-series-and-taylor-series-algebra-with-power-series","/subjects/math/calculus/power-series-and-taylor-series/algebra-with-power-series/","4","","","0.250","0.250","","SECONDARY_CANDIDATE","After the concise explanation or worked example","Learn this fully","",""
"article.topic-math-algebra-rational-expressions","/subjects/math/algebra/rational-expressions/","quick-answer","textbook-lesson.limits.calculus-continuity-continuity-concept-quiz","/subjects/math/calculus/limits-continuity/unit/continuity/continuity-concept-quiz/","4","","","0.222","0.222","","SECONDARY_CANDIDATE","After the concise explanation or worked example","Learn this fully","",""
"article.resource-math-algebra-rational-expressions-add-subtract-rational-expressions","/subjects/math/algebra/rational-expressions/add-subtract-rational-expressions/","method-guide","textbook-lesson.limits.calculus-continuity-continuity-review","/subjects/math/calculus/limits-continuity/unit/continuity/continuity-review/","4","","","0.250","0.250","","SECONDARY_CANDIDATE","After the concise explanation or worked example","Learn this fully","",""
"article.resource-math-algebra-rational-expressions-add-subtract-rational-expressions","/subjects/math/algebra/rational-expressions/add-subtract-rational-expressions/","method-guide","textbook-lesson.calc-1-unit-2a-derivative-foundations-techniques-differentiability-and-continuity","/subjects/math/calculus/derivatives/differentiability-and-continuity/","4","","","0.231","0.231","","SECONDARY_CANDIDATE","After the concise explanation or worked example","Learn this fully","",""
"article.resource-math-algebra-rational-expressions-add-subtract-rational-expressions","/subjects/math/algebra/rational-expressions/add-subtract-rational-expressions/","method-guide","textbook-lesson.limits.calculus-continuity-continuity-practice","/subjects/math/calculus/limits-continuity/unit/continuity/continuity-practice/","4","","","0.231","0.231","","SECONDARY_CANDIDATE","After the concise explanation or worked example","Learn this fully","",""
"article.resource-math-algebra-rational-expressions-direct-inverse-variation","/subjects/math/algebra/rational-expressions/direct-inverse-variation/","quick-answer","textbook-lesson.subjects-math-calculus-sequences-and-series-direct-comparison-test","/subjects/math/calculus/sequences-and-series/direct-comparison-test/","4","","","0.250","0.250","","SECONDARY_CANDIDATE","After the concise explanation or worked example","Learn this fully","",""
"article.resource-math-algebra-rational-expressions-direct-inverse-variation","/subjects/math/algebra/rational-expressions/direct-inverse-variation/","quick-answer","textbook-lesson.limits.calculus-limits-squeeze-theorem","/subjects/math/calculus/limits-continuity/unit/limits/squeeze-theorem/","4","","","0.214","0.214","","SECONDARY_CANDIDATE","After the concise explanation or worked example","Learn this fully","",""
"article.resource-math-algebra-rational-expressions-direct-inverse-variation","/subjects/math/algebra/rational-expressions/direct-inverse-variation/","quick-answer","textbook-lesson.limits.calculus-continuity-continuous-functions","/subjects/math/calculus/limits-continuity/unit/continuity/continuous-functions/","4","","","0.200","0.200","","SECONDARY_CANDIDATE","After the concise explanation or worked example","Learn this fully","",""
"article.resource-math-algebra-rational-expressions-rational-domain-restrictions","/subjects/math/algebra/rational-expressions/rational-domain-restrictions/","method-guide","textbook-lesson.limits.calculus-limits-complete-asymptote-analysis","/subjects/math/calculus/limits-continuity/unit/limits/complete-asymptote-analysis/","4","","","0.250","0.250","","SECONDARY_CANDIDATE","After the concise explanation or worked example","Learn this fully","",""
"article.resource-math-algebra-rational-expressions-rational-domain-restrictions","/subjects/math/algebra/rational-expressions/rational-domain-restrictions/","method-guide","textbook-lesson.limits.calculus-limits-why-limits-matter","/subjects/math/calculus/limits-continuity/unit/limits/why-limits-matter/","4","","","0.250","0.250","","SECONDARY_CANDIDATE","After the concise explanation or worked example","Learn this fully","",""
"article.resource-math-algebra-rational-expressions-rational-domain-restrictions","/subjects/math/algebra/rational-expressions/rational-domain-restrictions/","method-guide","textbook-lesson.limits.calculus-limits-zero-over-zero","/subjects/math/calculus/limits-continuity/unit/limits/zero-over-zero/","4","","","0.231","0.231","","SECONDARY_CANDIDATE","After the concise explanation or worked example","Learn this fully","",""
"article.resource-math-algebra-rational-expressions-simplifying-complex-rational-expressions","/subjects/math/algebra/rational-expressions/simplifying-complex-rational-expressions/","method-guide","textbook-lesson.limits.calculus-limits-complex-fractions","/subjects/math/calculus/limits-continuity/unit/limits/complex-fractions/","4","","","0.300","0.300","","SECONDARY_CANDIDATE","After the concise explanation or worked example","Learn this fully","",""
"article.resource-math-algebra-rational-expressions-simplifying-complex-rational-expressions","/subjects/math/algebra/rational-expressions/simplifying-complex-rational-expressions/","method-guide","textbook-lesson.limits.calculus-limits-complete-asymptote-analysis","/subjects/math/calculus/limits-continuity/unit/limits/complete-asymptote-analysis/","4","","","0.273","0.273","","SECONDARY_CANDIDATE","After the concise explanation or worked example","Learn this fully","",""
"article.resource-math-algebra-rational-expressions-simplifying-complex-rational-expressions","/subjects/math/algebra/rational-expressions/simplifying-complex-rational-expressions/","method-guide","textbook-lesson.limits.calculus-continuity-continuity-concept-quiz","/subjects/math/calculus/limits-continuity/unit/continuity/continuity-concept-quiz/","4","","","0.222","0.222","","SECONDARY_CANDIDATE","After the concise explanation or worked example","Learn this fully","",""
"article.resource-math-algebra-rational-expressions-simplifying-rational-expressions","/subjects/math/algebra/rational-expressions/simplifying-rational-expressions/","method-guide","textbook-lesson.subjects-math-calculus-integrals-integration-by-parts","/subjects/math/calculus/integrals/integration-by-parts/","4","","","0.231","0.231","","SECONDARY_CANDIDATE","After the concise explanation or worked example","Learn this fully","",""
"article.resource-math-algebra-rational-expressions-simplifying-rational-expressions","/subjects/math/algebra/rational-expressions/simplifying-rational-expressions/","method-guide","textbook-lesson.limits.calculus-limits-factoring-limits","/subjects/math/calculus/limits-continuity/unit/limits/factoring-limits/","4","","","0.231","0.231","","SECONDARY_CANDIDATE","After the concise explanation or worked example","Learn this fully","",""
"article.resource-math-algebra-rational-expressions-simplifying-rational-expressions","/subjects/math/algebra/rational-expressions/simplifying-rational-expressions/","method-guide","textbook-lesson.subjects-math-calculus-integration-applications-volumes-by-slicing","/subjects/math/calculus/integration-applications/volumes-by-slicing/","4","","","0.214","0.214","","SECONDARY_CANDIDATE","After the concise explanation or worked example","Learn this fully","",""
"article.resource-math-algebra-rational-expressions-solving-rational-equations","/subjects/math/algebra/rational-expressions/solving-rational-equations/","method-guide","textbook-lesson.limits.calculus-limits-complete-asymptote-analysis","/subjects/math/calculus/limits-continuity/unit/limits/complete-asymptote-analysis/","4","","","0.214","0.214","","SECONDARY_CANDIDATE","After the concise explanation or worked example","Learn this fully","",""
"article.resource-math-algebra-rational-expressions-solving-rational-equations","/subjects/math/algebra/rational-expressions/solving-rational-equations/","method-guide","textbook-lesson.calc-1-unit-2a-derivative-foundations-techniques-implicit-second-derivative","/subjects/math/calculus/derivatives/implicit-second-derivative/","4","","","0.188","0.188","","SECONDARY_CANDIDATE","After the concise explanation or worked example","Learn this fully","",""
"article.resource-math-algebra-rational-expressions-solving-rational-equations","/subjects/math/algebra/rational-expressions/solving-rational-equations/","method-guide","textbook-lesson.calc-1-unit-2a-derivative-foundations-techniques-difference-quotient-algebra","/subjects/math/calculus/derivatives/difference-quotient-algebra/","4","","","0.176","0.176","","SECONDARY_CANDIDATE","After the concise explanation or worked example","Learn this fully","",""
"article.topic-math-algebra-systems-inequalities","/subjects/math/algebra/systems-inequalities/","quick-answer","textbook-lesson.subjects-math-calculus-power-series-and-taylor-series-algebra-with-power-series","/subjects/math/calculus/power-series-and-taylor-series/algebra-with-power-series/","4","","","0.250","0.250","","SECONDARY_CANDIDATE","After the concise explanation or worked example","Learn this fully","",""
"article.topic-math-algebra-systems-inequalities","/subjects/math/algebra/systems-inequalities/","quick-answer","textbook-lesson.limits.calculus-continuity-continuity-concept-quiz","/subjects/math/calculus/limits-continuity/unit/continuity/continuity-concept-quiz/","4","","","0.222","0.222","","SECONDARY_CANDIDATE","After the concise explanation or worked example","Learn this fully","",""
"article.topic-math-algebra-systems-inequalities","/subjects/math/algebra/systems-inequalities/","quick-answer","textbook-lesson.calc-1-unit-2b-derivative-applications-advanced-convexity","/subjects/math/calculus/derivative-applications/advanced-convexity/","4","","","0.214","0.214","","SECONDARY_CANDIDATE","After the concise explanation or worked example","Learn this fully","",""
"article.resource-math-algebra-systems-inequalities-choosing-system-method","/subjects/math/algebra/systems-inequalities/choosing-system-method/","decision-guide","textbook-lesson.subjects-math-calculus-integration-applications-choosing-a-volume-method","/subjects/math/calculus/integration-applications/choosing-a-volume-method/","4","","","0.250","0.250","","SECONDARY_CANDIDATE","After the concise explanation or worked example","Learn this fully","",""
"article.resource-math-algebra-systems-inequalities-choosing-system-method","/subjects/math/algebra/systems-inequalities/choosing-system-method/","decision-guide","textbook-lesson.subjects-math-calculus-integration-applications-horizontal-slices","/subjects/math/calculus/integration-applications/horizontal-slices/","4","","","0.235","0.235","","SECONDARY_CANDIDATE","After the concise explanation or worked example","Learn this fully","",""
"article.resource-math-algebra-systems-inequalities-choosing-system-method","/subjects/math/algebra/systems-inequalities/choosing-system-method/","decision-guide","textbook-lesson.subjects-math-calculus-integrals-trigonometric-substitution","/subjects/math/calculus/integrals/trigonometric-substitution/","4","","","0.200","0.200","","SECONDARY_CANDIDATE","After the concise explanation or worked example","Learn this fully","",""
"article.resource-math-algebra-systems-inequalities-compound-inequalities","/subjects/math/algebra/systems-inequalities/compound-inequalities/","method-guide","textbook-lesson.subjects-math-calculus-sequences-and-series-harmonic-and-p-series","/subjects/math/calculus/sequences-and-series/harmonic-and-p-series/","4","","","0.286","0.286","","SECONDARY_CANDIDATE","After the concise explanation or worked example","Learn this fully","",""
"article.resource-math-algebra-systems-inequalities-compound-inequalities","/subjects/math/algebra/systems-inequalities/compound-inequalities/","method-guide","textbook-lesson.calc-1-unit-2a-derivative-foundations-techniques-power-rule","/subjects/math/calculus/derivatives/power-rule/","4","","","0.267","0.267","","SECONDARY_CANDIDATE","After the concise explanation or worked example","Learn this fully","",""
"article.resource-math-algebra-systems-inequalities-compound-inequalities","/subjects/math/algebra/systems-inequalities/compound-inequalities/","method-guide","textbook-lesson.subjects-math-calculus-integrals-variable-limits-and-chain-rule","/subjects/math/calculus/integrals/variable-limits-and-chain-rule/","4","","","0.267","0.267","","SECONDARY_CANDIDATE","After the concise explanation or worked example","Learn this fully","",""
"article.resource-math-algebra-systems-inequalities-elimination-systems","/subjects/math/algebra/systems-inequalities/elimination-systems/","decision-guide","textbook-lesson.subjects-math-calculus-integrals-integration-by-parts","/subjects/math/calculus/integrals/integration-by-parts/","4","","","0.300","0.300","","SECONDARY_CANDIDATE","After the concise explanation or worked example","Learn this fully","",""
"article.resource-math-algebra-systems-inequalities-elimination-systems","/subjects/math/algebra/systems-inequalities/elimination-systems/","decision-guide","textbook-lesson.limits.calculus-limits-factoring-limits","/subjects/math/calculus/limits-continuity/unit/limits/factoring-limits/","4","","","0.300","0.300","","SECONDARY_CANDIDATE","After the concise explanation or worked example","Learn this fully","",""
"article.resource-math-algebra-systems-inequalities-elimination-systems","/subjects/math/algebra/systems-inequalities/elimination-systems/","decision-guide","textbook-lesson.subjects-math-calculus-integration-applications-volumes-by-slicing","/subjects/math/calculus/integration-applications/volumes-by-slicing/","4","","","0.273","0.273","","SECONDARY_CANDIDATE","After the concise explanation or worked example","Learn this fully","",""
"article.resource-math-algebra-systems-inequalities-graphing-linear-inequalities","/subjects/math/algebra/systems-inequalities/graphing-linear-inequalities/","decision-guide","textbook-lesson.limits.calculus-continuity-two-parameter-continuity","/subjects/math/calculus/limits-continuity/unit/continuity/two-parameter-continuity/","4","","","0.273","0.273","","SECONDARY_CANDIDATE","After the concise explanation or worked example","Learn this fully","",""
"article.resource-math-algebra-systems-inequalities-graphing-linear-inequalities","/subjects/math/algebra/systems-inequalities/graphing-linear-inequalities/","decision-guide","textbook-lesson.limits.calculus-limits-why-limits-matter","/subjects/math/calculus/limits-continuity/unit/limits/why-limits-matter/","4","","","0.231","0.231","","SECONDARY_CANDIDATE","After the concise explanation or worked example","Learn this fully","",""
"article.resource-math-algebra-systems-inequalities-graphing-linear-inequalities","/subjects/math/algebra/systems-inequalities/graphing-linear-inequalities/","decision-guide","textbook-lesson.limits.calculus-limits-epsilon-delta-linear","/subjects/math/calculus/limits-continuity/unit/limits/epsilon-delta-linear/","4","","","0.214","0.214","","SECONDARY_CANDIDATE","After the concise explanation or worked example","Learn this fully","",""
"article.resource-math-algebra-systems-inequalities-no-one-infinite-solutions","/subjects/math/algebra/systems-inequalities/no-one-infinite-solutions/","decision-guide","textbook-lesson.limits.calculus-limits-infinite-behavior-concept-quiz","/subjects/math/calculus/limits-continuity/unit/limits/infinite-behavior-concept-quiz/","4","","","0.214","0.214","","SECONDARY_CANDIDATE","After the concise explanation or worked example","Learn this fully","",""
"article.resource-math-algebra-systems-inequalities-no-one-infinite-solutions","/subjects/math/algebra/systems-inequalities/no-one-infinite-solutions/","decision-guide","textbook-lesson.limits.calculus-limits-infinite-behavior-practice","/subjects/math/calculus/limits-continuity/unit/limits/infinite-behavior-practice/","4","","","0.200","0.200","","SECONDARY_CANDIDATE","After the concise explanation or worked example","Learn this fully","",""
"article.resource-math-algebra-systems-inequalities-no-one-infinite-solutions","/subjects/math/algebra/systems-inequalities/no-one-infinite-solutions/","decision-guide","textbook-lesson.limits.calculus-limits-infinite-behavior-review","/subjects/math/calculus/limits-continuity/unit/limits/infinite-behavior-review/","4","","","0.200","0.200","","SECONDARY_CANDIDATE","After the concise explanation or worked example","Learn this fully","",""
"article.resource-math-algebra-systems-inequalities-substitution-systems","/subjects/math/algebra/systems-inequalities/substitution-systems/","decision-guide","textbook-lesson.subjects-math-calculus-integrals-definite-integrals-by-substitution","/subjects/math/calculus/integrals/definite-integrals-by-substitution/","6","","","0.364","0.364","","SECONDARY_CANDIDATE","After the concise explanation or worked example","Learn this fully","",""
"article.resource-math-algebra-systems-inequalities-substitution-systems","/subjects/math/algebra/systems-inequalities/substitution-systems/","decision-guide","textbook-lesson.subjects-math-calculus-integrals-integration-by-parts","/subjects/math/calculus/integrals/integration-by-parts/","4","","","0.300","0.300","","SECONDARY_CANDIDATE","After the concise explanation or worked example","Learn this fully","",""
"article.resource-math-algebra-systems-inequalities-substitution-systems","/subjects/math/algebra/systems-inequalities/substitution-systems/","decision-guide","textbook-lesson.subjects-math-calculus-integrals-trigonometric-substitution","/subjects/math/calculus/integrals/trigonometric-substitution/","4","","","0.300","0.300","","SECONDARY_CANDIDATE","After the concise explanation or worked example","Learn this fully","",""
"article.resource-math-calculus-derivative-applications-curve-sketching-from-derivatives","/subjects/math/calculus/derivative-applications/curve-sketching-from-derivatives/","method-guide","textbook-lesson.calc-1-unit-2b-derivative-applications-curve-sketching","/subjects/math/calculus/derivative-applications/curve-sketching/","10","derivative","","0.538","0.538","","PRIMARY_CONTEXTUAL_CANDIDATE","After the concise explanation or worked example","Learn this fully","",""
"article.resource-math-calculus-derivative-applications-curve-sketching-from-derivatives","/subjects/math/calculus/derivative-applications/curve-sketching-from-derivatives/","method-guide","textbook-lesson.calc-1-unit-2b-derivative-applications-interpretation-review","/subjects/math/calculus/derivative-applications/interpretation-review/","10","derivative","","0.467","0.467","","PRIMARY_CONTEXTUAL_CANDIDATE","After the concise explanation or worked example","Learn this fully","",""
"article.resource-math-calculus-derivative-applications-curve-sketching-from-derivatives","/subjects/math/calculus/derivative-applications/curve-sketching-from-derivatives/","method-guide","textbook-lesson.calc-1-unit-2b-derivative-applications-rates-from-data","/subjects/math/calculus/derivative-applications/rates-from-data/","10","derivative","","0.467","0.467","","PRIMARY_CONTEXTUAL_CANDIDATE","After the concise explanation or worked example","Learn this fully","",""
"article.resource-math-calculus-derivative-applications-linear-approximation","/subjects/math/calculus/derivative-applications/linear-approximation/","method-guide","textbook-lesson.calc-1-unit-2b-derivative-applications-why-linear-approximation-works","/subjects/math/calculus/derivative-applications/why-linear-approximation-works/","10","derivative","","0.421","0.421","","PRIMARY_CONTEXTUAL_CANDIDATE","After the concise explanation or worked example","Learn this fully","",""
"article.resource-math-calculus-derivative-applications-linear-approximation","/subjects/math/calculus/derivative-applications/linear-approximation/","method-guide","textbook-lesson.calc-1-unit-2a-derivative-foundations-techniques-derivative-function","/subjects/math/calculus/derivatives/derivative-function/","10","derivative","","0.412","0.412","","PRIMARY_CONTEXTUAL_CANDIDATE","After the concise explanation or worked example","Learn this fully","",""
"article.resource-math-calculus-derivative-applications-linear-approximation","/subjects/math/calculus/derivative-applications/linear-approximation/","method-guide","textbook-lesson.calc-1-unit-2b-derivative-applications-local-linearity","/subjects/math/calculus/derivative-applications/local-linearity/","10","derivative","","0.375","0.375","","PRIMARY_CONTEXTUAL_CANDIDATE","After the concise explanation or worked example","Learn this fully","",""
"article.resource-math-calculus-derivative-applications-optimization","/subjects/math/calculus/derivative-applications/optimization/","method-guide","textbook-lesson.calc-1-unit-2b-derivative-applications-anatomy-of-optimization","/subjects/math/calculus/derivative-applications/anatomy-of-optimization/","8","optimization","","0.333","0.333","","PRIMARY_CONTEXTUAL_CANDIDATE","After the concise explanation or worked example","Learn this fully","",""
"article.resource-math-calculus-derivative-applications-optimization","/subjects/math/calculus/derivative-applications/optimization/","method-guide","textbook-lesson.calc-1-unit-2b-derivative-applications-optimization-geometry","/subjects/math/calculus/derivative-applications/optimization-geometry/","8","optimization","","0.333","0.333","","PRIMARY_CONTEXTUAL_CANDIDATE","After the concise explanation or worked example","Learn this fully","",""
"article.resource-math-calculus-derivative-applications-optimization","/subjects/math/calculus/derivative-applications/optimization/","method-guide","textbook-lesson.calc-1-unit-2b-derivative-applications-optimization-modeling","/subjects/math/calculus/derivative-applications/optimization-modeling/","8","optimization","","0.333","0.333","","PRIMARY_CONTEXTUAL_CANDIDATE","After the concise explanation or worked example","Learn this fully","",""
"article.resource-math-calculus-derivative-applications-related-rates","/subjects/math/calculus/derivative-applications/related-rates/","method-guide","textbook-lesson.calc-1-unit-2b-derivative-applications-related-rates-pythagorean","/subjects/math/calculus/derivative-applications/related-rates-pythagorean/","10","derivative","","0.538","0.538","","PRIMARY_CONTEXTUAL_CANDIDATE","After the concise explanation or worked example","Learn this fully","",""
"article.resource-math-calculus-derivative-applications-related-rates","/subjects/math/calculus/derivative-applications/related-rates/","method-guide","textbook-lesson.calc-1-unit-2b-derivative-applications-related-rates-review","/subjects/math/calculus/derivative-applications/related-rates-review/","10","derivative","","0.538","0.538","","PRIMARY_CONTEXTUAL_CANDIDATE","After the concise explanation or worked example","Learn this fully","",""
"article.resource-math-calculus-derivative-applications-related-rates","/subjects/math/calculus/derivative-applications/related-rates/","method-guide","textbook-lesson.calc-1-unit-2b-derivative-applications-related-rates-workflow","/subjects/math/calculus/derivative-applications/related-rates-workflow/","10","derivative","","0.538","0.538","","PRIMARY_CONTEXTUAL_CANDIDATE","After the concise explanation or worked example","Learn this fully","",""
"textbook-lesson.calc-1-unit-2b-derivative-applications-unit-2b-review","/subjects/math/calculus/derivative-applications/unit-2b-review/","decision-guide","textbook-lesson.calc-1-unit-2b-derivative-applications-modeling-studio-review","/subjects/math/calculus/derivative-applications/modeling-studio-review/","10","derivative","","0.636","0.636","","PRIMARY_CONTEXTUAL_CANDIDATE","After the concise explanation or worked example","Learn this fully","",""
"textbook-lesson.calc-1-unit-2b-derivative-applications-unit-2b-review","/subjects/math/calculus/derivative-applications/unit-2b-review/","decision-guide","textbook-lesson.calc-1-unit-2b-derivative-applications-interpretation-review","/subjects/math/calculus/derivative-applications/interpretation-review/","10","derivative","","0.583","0.583","","PRIMARY_CONTEXTUAL_CANDIDATE","After the concise explanation or worked example","Learn this fully","",""
"textbook-lesson.calc-1-unit-2b-derivative-applications-unit-2b-review","/subjects/math/calculus/derivative-applications/unit-2b-review/","decision-guide","textbook-lesson.calc-1-unit-2b-derivative-applications-bridge-diagnostic","/subjects/math/calculus/derivative-applications/bridge-diagnostic/","10","derivative","","0.545","0.545","","PRIMARY_CONTEXTUAL_CANDIDATE","After the concise explanation or worked example","Learn this fully","",""
"article.resource-math-calculus-derivatives-chain-rule","/subjects/math/calculus/derivatives/chain-rule/","method-guide","textbook-lesson.calc-1-unit-2a-derivative-foundations-techniques-chain-rule-basic","/subjects/math/calculus/derivatives/chain-rule-basic/","10","chain-rule","","0.538","0.538","","PRIMARY_CONTEXTUAL_CANDIDATE","After the concise explanation or worked example","Learn this fully","",""
"article.resource-math-calculus-derivatives-chain-rule","/subjects/math/calculus/derivatives/chain-rule/","method-guide","textbook-lesson.calc-1-unit-2a-derivative-foundations-techniques-advanced-chain-rule-linear-maps","/subjects/math/calculus/derivatives/advanced-chain-rule-linear-maps/","10","chain-rule","","0.471","0.471","","PRIMARY_CONTEXTUAL_CANDIDATE","After the concise explanation or worked example","Learn this fully","",""
"article.resource-math-calculus-derivatives-chain-rule","/subjects/math/calculus/derivatives/chain-rule/","method-guide","textbook-lesson.calc-1-unit-2a-derivative-foundations-techniques-chain-rule-map","/subjects/math/calculus/derivatives/chain-rule-map/","10","chain-rule","","0.471","0.471","","PRIMARY_CONTEXTUAL_CANDIDATE","After the concise explanation or worked example","Learn this fully","",""
"article.resource-math-calculus-derivatives-derivative-of-x-to-the-x","/subjects/math/calculus/derivatives/derivative-of-x-to-the-x/","quick-answer","textbook-lesson.calc-1-unit-2a-derivative-foundations-techniques-exponential-e","/subjects/math/calculus/derivatives/exponential-e/","10","derivative","","0.538","0.538","","PRIMARY_CONTEXTUAL_CANDIDATE","After the concise explanation or worked example","Learn this fully","",""
"article.resource-math-calculus-derivatives-derivative-of-x-to-the-x","/subjects/math/calculus/derivatives/derivative-of-x-to-the-x/","quick-answer","textbook-lesson.calc-1-unit-2a-derivative-foundations-techniques-natural-log","/subjects/math/calculus/derivatives/natural-log/","10","derivative","","0.538","0.538","","PRIMARY_CONTEXTUAL_CANDIDATE","After the concise explanation or worked example","Learn this fully","",""
"article.resource-math-calculus-derivatives-derivative-of-x-to-the-x","/subjects/math/calculus/derivatives/derivative-of-x-to-the-x/","quick-answer","textbook-lesson.calc-1-unit-2a-derivative-foundations-techniques-other-trig-functions","/subjects/math/calculus/derivatives/other-trig-functions/","10","derivative","","0.467","0.467","","PRIMARY_CONTEXTUAL_CANDIDATE","After the concise explanation or worked example","Learn this fully","",""
"article.resource-math-calculus-derivatives-derivatives-of-inverse-trig-functions","/subjects/math/calculus/derivatives/derivatives-of-inverse-trig-functions/","method-guide","textbook-lesson.calc-1-unit-2a-derivative-foundations-techniques-other-trig-functions","/subjects/math/calculus/derivatives/other-trig-functions/","10","derivative","","0.750","0.750","","PRIMARY_CONTEXTUAL_CANDIDATE","After the concise explanation or worked example","Learn this fully","",""
"article.resource-math-calculus-derivatives-derivatives-of-inverse-trig-functions","/subjects/math/calculus/derivatives/derivatives-of-inverse-trig-functions/","method-guide","textbook-lesson.calc-1-unit-2a-derivative-foundations-techniques-general-exponential","/subjects/math/calculus/derivatives/general-exponential/","10","derivative","","0.667","0.667","","PRIMARY_CONTEXTUAL_CANDIDATE","After the concise explanation or worked example","Learn this fully","",""
"article.resource-math-calculus-derivatives-derivatives-of-inverse-trig-functions","/subjects/math/calculus/derivatives/derivatives-of-inverse-trig-functions/","method-guide","textbook-lesson.calc-1-unit-2a-derivative-foundations-techniques-general-logarithms","/subjects/math/calculus/derivatives/general-logarithms/","10","derivative","","0.583","0.583","","PRIMARY_CONTEXTUAL_CANDIDATE","After the concise explanation or worked example","Learn this fully","",""
"article.resource-math-calculus-derivatives-product-rule-vs-quotient-rule","/subjects/math/calculus/derivatives/product-rule-vs-quotient-rule/","decision-guide","textbook-lesson.calc-1-unit-2a-derivative-foundations-techniques-product-rule","/subjects/math/calculus/derivatives/product-rule/","10","derivative","","0.700","0.700","","PRIMARY_CONTEXTUAL_CANDIDATE","After the concise explanation or worked example","Learn this fully","",""
"article.resource-math-calculus-derivatives-product-rule-vs-quotient-rule","/subjects/math/calculus/derivatives/product-rule-vs-quotient-rule/","decision-guide","textbook-lesson.calc-1-unit-2a-derivative-foundations-techniques-quotient-rule","/subjects/math/calculus/derivatives/quotient-rule/","10","derivative","","0.700","0.700","","PRIMARY_CONTEXTUAL_CANDIDATE","After the concise explanation or worked example","Learn this fully","",""
"article.resource-math-calculus-derivatives-product-rule-vs-quotient-rule","/subjects/math/calculus/derivatives/product-rule-vs-quotient-rule/","decision-guide","textbook-lesson.calc-1-unit-2a-derivative-foundations-techniques-multiple-chain-layers","/subjects/math/calculus/derivatives/multiple-chain-layers/","10","derivative","","0.500","0.500","","PRIMARY_CONTEXTUAL_CANDIDATE","After the concise explanation or worked example","Learn this fully","",""
"article.resource-math-calculus-integration-applications-average-value-of-a-function","/subjects/math/calculus/integration-applications/average-value-of-a-function/","method-guide","textbook-lesson.subjects-math-calculus-integrals-average-value-of-a-function","/subjects/math/calculus/integrals/average-value-of-a-function/","10","integral","","0.643","0.643","","PRIMARY_CONTEXTUAL_CANDIDATE","After the concise explanation or worked example","Learn this fully","",""
"article.resource-math-calculus-integration-applications-average-value-of-a-function","/subjects/math/calculus/integration-applications/average-value-of-a-function/","method-guide","textbook-lesson.subjects-math-calculus-integration-applications-practice-exam-a","/subjects/math/calculus/integration-applications/practice-exam-a/","10","integral","","0.400","0.400","","PRIMARY_CONTEXTUAL_CANDIDATE","After the concise explanation or worked example","Learn this fully","",""
"article.resource-math-calculus-integration-applications-average-value-of-a-function","/subjects/math/calculus/integration-applications/average-value-of-a-function/","method-guide","textbook-lesson.subjects-math-calculus-integrals-initial-value-problems","/subjects/math/calculus/integrals/initial-value-problems/","10","integral","","0.389","0.389","","PRIMARY_CONTEXTUAL_CANDIDATE","After the concise explanation or worked example","Learn this fully","",""
"article.resource-math-calculus-integration-applications-washer-vs-shell","/subjects/math/calculus/integration-applications/washer-vs-shell/","decision-guide","textbook-lesson.subjects-math-calculus-integration-applications-choosing-a-volume-method","/subjects/math/calculus/integration-applications/choosing-a-volume-method/","10","integral","","0.500","0.500","","PRIMARY_CONTEXTUAL_CANDIDATE","After the concise explanation or worked example","Learn this fully","",""
"article.resource-math-calculus-integration-applications-washer-vs-shell","/subjects/math/calculus/integration-applications/washer-vs-shell/","decision-guide","textbook-lesson.subjects-math-calculus-integration-applications-horizontal-slices","/subjects/math/calculus/integration-applications/horizontal-slices/","10","integral","","0.462","0.462","","PRIMARY_CONTEXTUAL_CANDIDATE","After the concise explanation or worked example","Learn this fully","",""
"article.resource-math-calculus-integration-applications-washer-vs-shell","/subjects/math/calculus/integration-applications/washer-vs-shell/","decision-guide","textbook-lesson.subjects-math-calculus-integration-applications-arc-length","/subjects/math/calculus/integration-applications/arc-length/","10","integral","","0.455","0.455","","PRIMARY_CONTEXTUAL_CANDIDATE","After the concise explanation or worked example","Learn this fully","",""
"article.resource-math-calculus-integration-applications-work-and-fluid-force","/subjects/math/calculus/integration-applications/work-and-fluid-force/","decision-guide","textbook-lesson.subjects-math-calculus-integration-applications-work-and-variable-force","/subjects/math/calculus/integration-applications/work-and-variable-force/","10","integral","","0.615","0.615","","PRIMARY_CONTEXTUAL_CANDIDATE","After the concise explanation or worked example","Learn this fully","",""
"article.resource-math-calculus-integration-applications-work-and-fluid-force","/subjects/math/calculus/integration-applications/work-and-fluid-force/","decision-guide","textbook-lesson.subjects-math-calculus-integration-applications-fluid-pressure","/subjects/math/calculus/integration-applications/fluid-pressure/","10","integral","","0.571","0.571","","PRIMARY_CONTEXTUAL_CANDIDATE","After the concise explanation or worked example","Learn this fully","",""
"article.resource-math-calculus-integration-applications-work-and-fluid-force","/subjects/math/calculus/integration-applications/work-and-fluid-force/","decision-guide","textbook-lesson.subjects-math-calculus-integration-applications-density-and-mass","/subjects/math/calculus/integration-applications/density-and-mass/","10","integral","","0.429","0.429","","PRIMARY_CONTEXTUAL_CANDIDATE","After the concise explanation or worked example","Learn this fully","",""
"article.topic-math-calculus-integration-techniques","/subjects/math/calculus/integration-techniques/","quick-answer","textbook-lesson.subjects-math-calculus-integrals-integration-strategy","/subjects/math/calculus/integrals/integration-strategy/","8","integral","","0.333","0.333","","PRIMARY_CONTEXTUAL_CANDIDATE","After the concise explanation or worked example","Learn this fully","",""
"article.topic-math-calculus-integration-techniques","/subjects/math/calculus/integration-techniques/","quick-answer","textbook-lesson.subjects-math-calculus-integrals-review","/subjects/math/calculus/integrals/review/","8","integral","","0.333","0.333","","PRIMARY_CONTEXTUAL_CANDIDATE","After the concise explanation or worked example","Learn this fully","",""
"article.topic-math-calculus-integration-techniques","/subjects/math/calculus/integration-techniques/","quick-answer","textbook-lesson.subjects-math-calculus-integration-applications-review","/subjects/math/calculus/integration-applications/review/","8","integral","","0.333","0.333","","PRIMARY_CONTEXTUAL_CANDIDATE","After the concise explanation or worked example","Learn this fully","",""
"article.resource-math-calculus-integration-techniques-improper-integrals","/subjects/math/calculus/integration-techniques/improper-integrals/","quick-answer","textbook-lesson.subjects-math-calculus-sequences-and-series-limits-of-sequences","/subjects/math/calculus/sequences-and-series/limits-of-sequences/","8","limit","","0.286","0.286","","PRIMARY_CONTEXTUAL_CANDIDATE","After the concise explanation or worked example","Learn this fully","",""
"article.resource-math-calculus-integration-techniques-improper-integrals","/subjects/math/calculus/integration-techniques/improper-integrals/","quick-answer","textbook-lesson.calc-1-unit-2b-derivative-applications-medication-concentration","/subjects/math/calculus/derivative-applications/medication-concentration/","8","limit","","0.222","0.222","","PRIMARY_CONTEXTUAL_CANDIDATE","After the concise explanation or worked example","Learn this fully","",""
"article.resource-math-calculus-integration-techniques-improper-integrals","/subjects/math/calculus/integration-techniques/improper-integrals/","quick-answer","textbook-lesson.subjects-math-calculus-sequences-and-series-limit-comparison-test","/subjects/math/calculus/sequences-and-series/limit-comparison-test/","8","limit","","0.200","0.200","","PRIMARY_CONTEXTUAL_CANDIDATE","After the concise explanation or worked example","Learn this fully","",""
"article.resource-math-calculus-integration-techniques-integration-by-parts-strategy","/subjects/math/calculus/integration-techniques/integration-by-parts-strategy/","decision-guide","textbook-lesson.subjects-math-calculus-integrals-integration-by-parts","/subjects/math/calculus/integrals/integration-by-parts/","10","integration-by-parts","","0.357","0.357","","PRIMARY_CONTEXTUAL_CANDIDATE","After the concise explanation or worked example","Learn this fully","",""
"article.resource-math-calculus-integration-techniques-integration-by-parts-strategy","/subjects/math/calculus/integration-techniques/integration-by-parts-strategy/","decision-guide","textbook-lesson.subjects-math-calculus-integrals-integration-strategy","/subjects/math/calculus/integrals/integration-strategy/","4","","","0.235","0.235","","SECONDARY_CANDIDATE","After the concise explanation or worked example","Learn this fully","",""
"article.resource-math-calculus-integration-techniques-integration-by-parts-strategy","/subjects/math/calculus/integration-techniques/integration-by-parts-strategy/","decision-guide","textbook-lesson.limits.calculus-limits-limit-laws","/subjects/math/calculus/limits-continuity/unit/limits/limit-laws/","4","","","0.222","0.222","","SECONDARY_CANDIDATE","After the concise explanation or worked example","Learn this fully","",""
"article.resource-math-calculus-integration-techniques-partial-fractions","/subjects/math/calculus/integration-techniques/partial-fractions/","decision-guide","textbook-lesson.subjects-math-calculus-integrals-partial-fractions","/subjects/math/calculus/integrals/partial-fractions/","10","integral","","0.500","0.500","","PRIMARY_CONTEXTUAL_CANDIDATE","After the concise explanation or worked example","Learn this fully","",""
"article.resource-math-calculus-integration-techniques-partial-fractions","/subjects/math/calculus/integration-techniques/partial-fractions/","decision-guide","textbook-lesson.subjects-math-calculus-integrals-accumulation-functions","/subjects/math/calculus/integrals/accumulation-functions/","8","integral","","0.250","0.250","","PRIMARY_CONTEXTUAL_CANDIDATE","After the concise explanation or worked example","Learn this fully","",""
"article.resource-math-calculus-integration-techniques-partial-fractions","/subjects/math/calculus/integration-techniques/partial-fractions/","decision-guide","textbook-lesson.subjects-math-calculus-integrals-cumulative-practice","/subjects/math/calculus/integrals/cumulative-practice/","8","integral","","0.250","0.250","","PRIMARY_CONTEXTUAL_CANDIDATE","After the concise explanation or worked example","Learn this fully","",""
"article.resource-math-calculus-integration-techniques-trigonometric-integrals","/subjects/math/calculus/integration-techniques/trigonometric-integrals/","decision-guide","textbook-lesson.subjects-math-calculus-integrals-rates-to-total-change","/subjects/math/calculus/integrals/rates-to-total-change/","8","integral","","0.294","0.294","","PRIMARY_CONTEXTUAL_CANDIDATE","After the concise explanation or worked example","Learn this fully","",""
"article.resource-math-calculus-integration-techniques-trigonometric-integrals","/subjects/math/calculus/integration-techniques/trigonometric-integrals/","decision-guide","textbook-lesson.subjects-math-calculus-integrals-trigonometric-integrals","/subjects/math/calculus/integrals/trigonometric-integrals/","8","integral","","0.286","0.286","","PRIMARY_CONTEXTUAL_CANDIDATE","After the concise explanation or worked example","Learn this fully","",""
"article.resource-math-calculus-integration-techniques-trigonometric-integrals","/subjects/math/calculus/integration-techniques/trigonometric-integrals/","decision-guide","textbook-lesson.subjects-math-calculus-integrals-trigonometric-substitution","/subjects/math/calculus/integrals/trigonometric-substitution/","8","integral","","0.286","0.286","","PRIMARY_CONTEXTUAL_CANDIDATE","After the concise explanation or worked example","Learn this fully","",""
"article.resource-math-calculus-integration-techniques-trigonometric-substitution","/subjects/math/calculus/integration-techniques/trigonometric-substitution/","decision-guide","textbook-lesson.subjects-math-calculus-integrals-trigonometric-substitution","/subjects/math/calculus/integrals/trigonometric-substitution/","10","integral","","0.500","0.500","","PRIMARY_CONTEXTUAL_CANDIDATE","After the concise explanation or worked example","Learn this fully","",""
"article.resource-math-calculus-integration-techniques-trigonometric-substitution","/subjects/math/calculus/integration-techniques/trigonometric-substitution/","decision-guide","textbook-lesson.subjects-math-calculus-integrals-trigonometric-integrals","/subjects/math/calculus/integrals/trigonometric-integrals/","10","integral","","0.364","0.364","","PRIMARY_CONTEXTUAL_CANDIDATE","After the concise explanation or worked example","Learn this fully","",""
"article.resource-math-calculus-integration-techniques-trigonometric-substitution","/subjects/math/calculus/integration-techniques/trigonometric-substitution/","decision-guide","textbook-lesson.subjects-math-calculus-sequences-and-series-integral-test","/subjects/math/calculus/sequences-and-series/integral-test/","10","integral","","0.364","0.364","","PRIMARY_CONTEXTUAL_CANDIDATE","After the concise explanation or worked example","Learn this fully","",""
"article.resource-math-calculus-integration-techniques-u-substitution","/subjects/math/calculus/integration-techniques/u-substitution/","decision-guide","textbook-lesson.subjects-math-calculus-integrals-substitution","/subjects/math/calculus/integrals/substitution/","10","chain-rule","","0.500","0.500","","PRIMARY_CONTEXTUAL_CANDIDATE","After the concise explanation or worked example","Learn this fully","",""
"article.resource-math-calculus-integration-techniques-u-substitution","/subjects/math/calculus/integration-techniques/u-substitution/","decision-guide","textbook-lesson.calc-1-unit-2a-derivative-foundations-techniques-chain-rule-basic","/subjects/math/calculus/derivatives/chain-rule-basic/","10","chain-rule","","0.417","0.417","","PRIMARY_CONTEXTUAL_CANDIDATE","After the concise explanation or worked example","Learn this fully","",""
"article.resource-math-calculus-integration-techniques-u-substitution","/subjects/math/calculus/integration-techniques/u-substitution/","decision-guide","textbook-lesson.calc-1-unit-2a-derivative-foundations-techniques-advanced-chain-rule-linear-maps","/subjects/math/calculus/derivatives/advanced-chain-rule-linear-maps/","10","chain-rule","","0.375","0.375","","PRIMARY_CONTEXTUAL_CANDIDATE","After the concise explanation or worked example","Learn this fully","",""
"article.resource-math-calculus-limits-continuity-continuity-at-a-point","/subjects/math/calculus/limits-continuity/continuity-at-a-point/","method-guide","textbook-lesson.limits.calculus-continuity-continuity-at-a-point","/subjects/math/calculus/limits-continuity/unit/continuity/continuity-at-a-point/","10","continuity","","0.667","0.667","","PRIMARY_CONTEXTUAL_CANDIDATE","After the concise explanation or worked example","Learn this fully","",""
"article.resource-math-calculus-limits-continuity-continuity-at-a-point","/subjects/math/calculus/limits-continuity/continuity-at-a-point/","method-guide","textbook-lesson.limits.calculus-limits-what-a-limit-means","/subjects/math/calculus/limits-continuity/unit/limits/what-a-limit-means/","10","continuity","","0.455","0.455","","PRIMARY_CONTEXTUAL_CANDIDATE","After the concise explanation or worked example","Learn this fully","",""
"article.resource-math-calculus-limits-continuity-continuity-at-a-point","/subjects/math/calculus/limits-continuity/continuity-at-a-point/","method-guide","textbook-lesson.limits.calculus-limits-zero-over-zero","/subjects/math/calculus/limits-continuity/unit/limits/zero-over-zero/","10","continuity","","0.385","0.385","","PRIMARY_CONTEXTUAL_CANDIDATE","After the concise explanation or worked example","Learn this fully","",""
"article.resource-math-calculus-limits-continuity-evaluating-indeterminate-limits","/subjects/math/calculus/limits-continuity/evaluating-indeterminate-limits/","quick-answer","textbook-lesson.limits.calculus-limits-disprove-limit-epsilon-delta","/subjects/math/calculus/limits-continuity/unit/limits/disprove-limit-epsilon-delta/","10","continuity","","0.500","0.500","","PRIMARY_CONTEXTUAL_CANDIDATE","After the concise explanation or worked example","Learn this fully","",""
"article.resource-math-calculus-limits-continuity-evaluating-indeterminate-limits","/subjects/math/calculus/limits-continuity/evaluating-indeterminate-limits/","quick-answer","textbook-lesson.limits.calculus-limits-limit-laws","/subjects/math/calculus/limits-continuity/unit/limits/limit-laws/","10","continuity","","0.462","0.462","","PRIMARY_CONTEXTUAL_CANDIDATE","After the concise explanation or worked example","Learn this fully","",""
"article.resource-math-calculus-limits-continuity-evaluating-indeterminate-limits","/subjects/math/calculus/limits-continuity/evaluating-indeterminate-limits/","quick-answer","textbook-lesson.limits.calculus-continuity-repair-removable-discontinuity","/subjects/math/calculus/limits-continuity/unit/continuity/repair-removable-discontinuity/","10","continuity","","0.385","0.385","","PRIMARY_CONTEXTUAL_CANDIDATE","After the concise explanation or worked example","Learn this fully","",""
"article.resource-math-calculus-limits-continuity-infinite-limits-and-asymptotes","/subjects/math/calculus/limits-continuity/infinite-limits-and-asymptotes/","method-guide","textbook-lesson.limits.calculus-limits-infinite-behavior-review","/subjects/math/calculus/limits-continuity/unit/limits/infinite-behavior-review/","10","continuity","","0.778","0.778","","PRIMARY_CONTEXTUAL_CANDIDATE","After the concise explanation or worked example","Learn this fully","",""
"article.resource-math-calculus-limits-continuity-infinite-limits-and-asymptotes","/subjects/math/calculus/limits-continuity/infinite-limits-and-asymptotes/","method-guide","textbook-lesson.limits.calculus-limits-infinite-behavior-practice","/subjects/math/calculus/limits-continuity/unit/limits/infinite-behavior-practice/","10","continuity","","0.600","0.600","","PRIMARY_CONTEXTUAL_CANDIDATE","After the concise explanation or worked example","Learn this fully","",""
"article.resource-math-calculus-limits-continuity-infinite-limits-and-asymptotes","/subjects/math/calculus/limits-continuity/infinite-limits-and-asymptotes/","method-guide","textbook-lesson.limits.calculus-limits-limits-at-infinity","/subjects/math/calculus/limits-continuity/unit/limits/limits-at-infinity/","10","continuity","","0.545","0.545","","PRIMARY_CONTEXTUAL_CANDIDATE","After the concise explanation or worked example","Learn this fully","",""
"article.resource-math-calculus-limits-continuity-limit-of-sin-x-over-x","/subjects/math/calculus/limits-continuity/limit-of-sin-x-over-x/","quick-answer","textbook-lesson.limits.calculus-limits-sin-x-over-x-proof","/subjects/math/calculus/limits-continuity/unit/limits/sin-x-over-x-proof/","10","continuity","","0.500","0.500","","PRIMARY_CONTEXTUAL_CANDIDATE","After the concise explanation or worked example","Learn this fully","",""
"article.resource-math-calculus-limits-continuity-limit-of-sin-x-over-x","/subjects/math/calculus/limits-continuity/limit-of-sin-x-over-x/","quick-answer","textbook-lesson.limits.calculus-limits-sin-x-over-x","/subjects/math/calculus/limits-continuity/unit/limits/sin-x-over-x/","10","continuity","","0.467","0.467","","PRIMARY_CONTEXTUAL_CANDIDATE","After the concise explanation or worked example","Learn this fully","",""
"article.resource-math-calculus-limits-continuity-limit-of-sin-x-over-x","/subjects/math/calculus/limits-continuity/limit-of-sin-x-over-x/","quick-answer","textbook-lesson.limits.calculus-limits-disprove-limit-epsilon-delta","/subjects/math/calculus/limits-continuity/unit/limits/disprove-limit-epsilon-delta/","8","continuity","","0.278","0.278","","PRIMARY_CONTEXTUAL_CANDIDATE","After the concise explanation or worked example","Learn this fully","",""
"article.resource-math-calculus-limits-continuity-one-sided-limits-and-jump-discontinuities","/subjects/math/calculus/limits-continuity/one-sided-limits-and-jump-discontinuities/","method-guide","textbook-lesson.limits.calculus-limits-one-sided-limits","/subjects/math/calculus/limits-continuity/unit/limits/one-sided-limits/","10","continuity","","0.538","0.538","","PRIMARY_CONTEXTUAL_CANDIDATE","After the concise explanation or worked example","Learn this fully","",""
"article.resource-math-calculus-limits-continuity-one-sided-limits-and-jump-discontinuities","/subjects/math/calculus/limits-continuity/one-sided-limits-and-jump-discontinuities/","method-guide","textbook-lesson.limits.calculus-limits-vertical-asymptotes","/subjects/math/calculus/limits-continuity/unit/limits/vertical-asymptotes/","10","continuity","","0.462","0.462","","PRIMARY_CONTEXTUAL_CANDIDATE","After the concise explanation or worked example","Learn this fully","",""
"article.resource-math-calculus-limits-continuity-one-sided-limits-and-jump-discontinuities","/subjects/math/calculus/limits-continuity/one-sided-limits-and-jump-discontinuities/","method-guide","textbook-lesson.limits.calculus-limits-cumulative-practice","/subjects/math/calculus/limits-continuity/unit/limits/cumulative-practice/","10","continuity","","0.455","0.455","","PRIMARY_CONTEXTUAL_CANDIDATE","After the concise explanation or worked example","Learn this fully","",""
"article.resource-math-calculus-limits-continuity-squeeze-theorem","/subjects/math/calculus/limits-continuity/squeeze-theorem/","quick-answer","textbook-lesson.limits.calculus-limits-squeeze-theorem","/subjects/math/calculus/limits-continuity/unit/limits/squeeze-theorem/","10","continuity","","0.545","0.545","","PRIMARY_CONTEXTUAL_CANDIDATE","After the concise explanation or worked example","Learn this fully","",""
"article.resource-math-calculus-limits-continuity-squeeze-theorem","/subjects/math/calculus/limits-continuity/squeeze-theorem/","quick-answer","textbook-lesson.limits.calculus-limits-limit-laws","/subjects/math/calculus/limits-continuity/unit/limits/limit-laws/","10","continuity","","0.500","0.500","","PRIMARY_CONTEXTUAL_CANDIDATE","After the concise explanation or worked example","Learn this fully","",""
"article.resource-math-calculus-limits-continuity-squeeze-theorem","/subjects/math/calculus/limits-continuity/squeeze-theorem/","quick-answer","textbook-lesson.limits.calculus-continuity-repair-removable-discontinuity","/subjects/math/calculus/limits-continuity/unit/continuity/repair-removable-discontinuity/","8","continuity","","0.333","0.333","","PRIMARY_CONTEXTUAL_CANDIDATE","After the concise explanation or worked example","Learn this fully","",""
"textbook-lesson.limits.calculus-limits-and-continuity","/subjects/math/calculus/limits-continuity/unit/","decision-guide","textbook-lesson.limits.calculus-limits-cumulative-practice","/subjects/math/calculus/limits-continuity/unit/limits/cumulative-practice/","10","continuity","","0.556","0.556","","PRIMARY_CONTEXTUAL_CANDIDATE","After the concise explanation or worked example","Learn this fully","",""
"textbook-lesson.limits.calculus-limits-and-continuity","/subjects/math/calculus/limits-continuity/unit/","decision-guide","textbook-lesson.limits.calculus-limits-unit-review","/subjects/math/calculus/limits-continuity/unit/limits/unit-review/","10","continuity","","0.556","0.556","","PRIMARY_CONTEXTUAL_CANDIDATE","After the concise explanation or worked example","Learn this fully","",""
"textbook-lesson.limits.calculus-limits-and-continuity","/subjects/math/calculus/limits-continuity/unit/","decision-guide","textbook-lesson.limits.calculus-limits-infinite-behavior-practice","/subjects/math/calculus/limits-continuity/unit/limits/infinite-behavior-practice/","10","continuity","","0.500","0.500","","PRIMARY_CONTEXTUAL_CANDIDATE","After the concise explanation or worked example","Learn this fully","",""
"textbook-lesson.limits.calculus-limits-cosine-limits","/subjects/math/calculus/limits-continuity/unit/limits/cosine-limits/","decision-guide","textbook-lesson.limits.calculus-limits-cumulative-practice","/subjects/math/calculus/limits-continuity/unit/limits/cumulative-practice/","10","continuity","","0.500","0.500","","PRIMARY_CONTEXTUAL_CANDIDATE","After the concise explanation or worked example","Learn this fully","",""
"textbook-lesson.limits.calculus-limits-cosine-limits","/subjects/math/calculus/limits-continuity/unit/limits/cosine-limits/","decision-guide","textbook-lesson.limits.calculus-limits-unit-review","/subjects/math/calculus/limits-continuity/unit/limits/unit-review/","10","continuity","","0.500","0.500","","PRIMARY_CONTEXTUAL_CANDIDATE","After the concise explanation or worked example","Learn this fully","",""
"textbook-lesson.limits.calculus-limits-cosine-limits","/subjects/math/calculus/limits-continuity/unit/limits/cosine-limits/","decision-guide","textbook-lesson.limits.calculus-limits-infinite-behavior-practice","/subjects/math/calculus/limits-continuity/unit/limits/infinite-behavior-practice/","10","continuity","","0.455","0.455","","PRIMARY_CONTEXTUAL_CANDIDATE","After the concise explanation or worked example","Learn this fully","",""
"textbook-lesson.limits.calculus-limits-infinite-limits","/subjects/math/calculus/limits-continuity/unit/limits/infinite-limits/","decision-guide","textbook-lesson.limits.calculus-limits-infinite-behavior-concept-quiz","/subjects/math/calculus/limits-continuity/unit/limits/infinite-behavior-concept-quiz/","10","continuity","","0.625","0.625","","PRIMARY_CONTEXTUAL_CANDIDATE","After the concise explanation or worked example","Learn this fully","",""
"textbook-lesson.limits.calculus-limits-infinite-limits","/subjects/math/calculus/limits-continuity/unit/limits/infinite-limits/","decision-guide","textbook-lesson.limits.calculus-limits-infinite-behavior-practice","/subjects/math/calculus/limits-continuity/unit/limits/infinite-behavior-practice/","10","continuity","","0.556","0.556","","PRIMARY_CONTEXTUAL_CANDIDATE","After the concise explanation or worked example","Learn this fully","",""
"textbook-lesson.limits.calculus-limits-infinite-limits","/subjects/math/calculus/limits-continuity/unit/limits/infinite-limits/","decision-guide","textbook-lesson.limits.calculus-limits-infinite-behavior-review","/subjects/math/calculus/limits-continuity/unit/limits/infinite-behavior-review/","10","continuity","","0.556","0.556","","PRIMARY_CONTEXTUAL_CANDIDATE","After the concise explanation or worked example","Learn this fully","",""
"textbook-lesson.limits.calculus-limits-trig-limit-decision-guide","/subjects/math/calculus/limits-continuity/unit/limits/trig-limit-decision-guide/","decision-guide","textbook-lesson.limits.calculus-limits-notation-guide","/subjects/math/calculus/limits-continuity/unit/limits/notation-guide/","10","continuity","","0.625","0.625","","PRIMARY_CONTEXTUAL_CANDIDATE","After the concise explanation or worked example","Learn this fully","",""
"textbook-lesson.limits.calculus-limits-trig-limit-decision-guide","/subjects/math/calculus/limits-continuity/unit/limits/trig-limit-decision-guide/","decision-guide","textbook-lesson.limits.calculus-limits-finite-limit-decision-tree","/subjects/math/calculus/limits-continuity/unit/limits/finite-limit-decision-tree/","10","continuity","","0.556","0.556","","PRIMARY_CONTEXTUAL_CANDIDATE","After the concise explanation or worked example","Learn this fully","",""
"textbook-lesson.limits.calculus-limits-trig-limit-decision-guide","/subjects/math/calculus/limits-continuity/unit/limits/trig-limit-decision-guide/","decision-guide","textbook-lesson.limits.calculus-limits-meaning-review","/subjects/math/calculus/limits-continuity/unit/limits/meaning-review/","10","continuity","","0.444","0.444","","PRIMARY_CONTEXTUAL_CANDIDATE","After the concise explanation or worked example","Learn this fully","",""
"textbook-lesson.limits.calculus-limits-trig-limits-concept-quiz","/subjects/math/calculus/limits-continuity/unit/limits/trig-limits-concept-quiz/","decision-guide","textbook-lesson.limits.calculus-limits-finite-limits-concept-quiz","/subjects/math/calculus/limits-continuity/unit/limits/finite-limits-concept-quiz/","10","continuity","","0.750","0.750","","PRIMARY_CONTEXTUAL_CANDIDATE","After the concise explanation or worked example","Learn this fully","",""
"textbook-lesson.limits.calculus-limits-trig-limits-concept-quiz","/subjects/math/calculus/limits-continuity/unit/limits/trig-limits-concept-quiz/","decision-guide","textbook-lesson.limits.calculus-limits-infinite-behavior-concept-quiz","/subjects/math/calculus/limits-continuity/unit/limits/infinite-behavior-concept-quiz/","10","continuity","","0.750","0.750","","PRIMARY_CONTEXTUAL_CANDIDATE","After the concise explanation or worked example","Learn this fully","",""
"textbook-lesson.limits.calculus-limits-trig-limits-concept-quiz","/subjects/math/calculus/limits-continuity/unit/limits/trig-limits-concept-quiz/","decision-guide","textbook-lesson.limits.calculus-continuity-continuity-concept-quiz","/subjects/math/calculus/limits-continuity/unit/continuity/continuity-concept-quiz/","10","continuity","","0.714","0.714","","PRIMARY_CONTEXTUAL_CANDIDATE","After the concise explanation or worked example","Learn this fully","",""
"textbook-lesson.limits.calculus-limits-trig-limits-practice","/subjects/math/calculus/limits-continuity/unit/limits/trig-limits-practice/","decision-guide","textbook-lesson.limits.calculus-limits-finite-limits-practice","/subjects/math/calculus/limits-continuity/unit/limits/finite-limits-practice/","10","continuity","","0.750","0.750","","PRIMARY_CONTEXTUAL_CANDIDATE","After the concise explanation or worked example","Learn this fully","",""
"textbook-lesson.limits.calculus-limits-trig-limits-practice","/subjects/math/calculus/limits-continuity/unit/limits/trig-limits-practice/","decision-guide","textbook-lesson.limits.calculus-limits-meaning-practice","/subjects/math/calculus/limits-continuity/unit/limits/meaning-practice/","10","continuity","","0.750","0.750","","PRIMARY_CONTEXTUAL_CANDIDATE","After the concise explanation or worked example","Learn this fully","",""
"textbook-lesson.limits.calculus-limits-trig-limits-practice","/subjects/math/calculus/limits-continuity/unit/limits/trig-limits-practice/","decision-guide","textbook-lesson.limits.calculus-continuity-continuity-practice","/subjects/math/calculus/limits-continuity/unit/continuity/continuity-practice/","10","continuity","","0.556","0.556","","PRIMARY_CONTEXTUAL_CANDIDATE","After the concise explanation or worked example","Learn this fully","",""
"textbook-lesson.limits.calculus-limits-trig-limits-review","/subjects/math/calculus/limits-continuity/unit/limits/trig-limits-review/","decision-guide","textbook-lesson.limits.calculus-limits-unit-review","/subjects/math/calculus/limits-continuity/unit/limits/unit-review/","10","continuity","","0.667","0.667","","PRIMARY_CONTEXTUAL_CANDIDATE","After the concise explanation or worked example","Learn this fully","",""
"textbook-lesson.limits.calculus-limits-trig-limits-review","/subjects/math/calculus/limits-continuity/unit/limits/trig-limits-review/","decision-guide","textbook-lesson.limits.calculus-limits-infinite-behavior-review","/subjects/math/calculus/limits-continuity/unit/limits/infinite-behavior-review/","10","continuity","","0.600","0.600","","PRIMARY_CONTEXTUAL_CANDIDATE","After the concise explanation or worked example","Learn this fully","",""
"textbook-lesson.limits.calculus-limits-trig-limits-review","/subjects/math/calculus/limits-continuity/unit/limits/trig-limits-review/","decision-guide","textbook-lesson.limits.calculus-continuity-continuity-review","/subjects/math/calculus/limits-continuity/unit/continuity/continuity-review/","10","continuity","","0.556","0.556","","PRIMARY_CONTEXTUAL_CANDIDATE","After the concise explanation or worked example","Learn this fully","",""
"article.resource-math-calculus-sequences-series-harmonic-series-diverges","/subjects/math/calculus/sequences-series/harmonic-series-diverges/","quick-answer","textbook-lesson.subjects-math-calculus-sequences-and-series-harmonic-and-p-series","/subjects/math/calculus/sequences-and-series/harmonic-and-p-series/","10","harmonic-series","","0.417","0.417","","PRIMARY_CONTEXTUAL_CANDIDATE","After the concise explanation or worked example","Learn this fully","",""
"article.resource-math-calculus-sequences-series-harmonic-series-diverges","/subjects/math/calculus/sequences-series/harmonic-series-diverges/","quick-answer","textbook-lesson.subjects-math-calculus-power-series-and-taylor-series-binomial-series","/subjects/math/calculus/power-series-and-taylor-series/binomial-series/","4","","","0.333","0.333","","SECONDARY_CANDIDATE","After the concise explanation or worked example","Learn this fully","",""
"article.resource-math-calculus-sequences-series-harmonic-series-diverges","/subjects/math/calculus/sequences-series/harmonic-series-diverges/","quick-answer","textbook-lesson.limits.calculus-limits-squeeze-theorem","/subjects/math/calculus/limits-continuity/unit/limits/squeeze-theorem/","4","","","0.273","0.273","","SECONDARY_CANDIDATE","After the concise explanation or worked example","Learn this fully","",""
"article.resource-math-calculus-sequences-series-ratio-test-vs-root-test","/subjects/math/calculus/sequences-series/ratio-test-vs-root-test/","decision-guide","textbook-lesson.subjects-math-calculus-sequences-and-series-ratio-test","/subjects/math/calculus/sequences-and-series/ratio-test/","10","sequence","","0.429","0.429","","PRIMARY_CONTEXTUAL_CANDIDATE","After the concise explanation or worked example","Learn this fully","",""
"article.resource-math-calculus-sequences-series-ratio-test-vs-root-test","/subjects/math/calculus/sequences-series/ratio-test-vs-root-test/","decision-guide","textbook-lesson.subjects-math-calculus-sequences-and-series-root-test","/subjects/math/calculus/sequences-and-series/root-test/","10","sequence","","0.429","0.429","","PRIMARY_CONTEXTUAL_CANDIDATE","After the concise explanation or worked example","Learn this fully","",""
"article.resource-math-calculus-sequences-series-ratio-test-vs-root-test","/subjects/math/calculus/sequences-series/ratio-test-vs-root-test/","decision-guide","textbook-lesson.subjects-math-calculus-sequences-and-series-direct-comparison-test","/subjects/math/calculus/sequences-and-series/direct-comparison-test/","8","sequence","","0.313","0.313","","PRIMARY_CONTEXTUAL_CANDIDATE","After the concise explanation or worked example","Learn this fully","",""
