lesson,companion,companion_role,confidence
"/subjects/math/calculus/derivative-applications/advanced-cauchy-mvt/","/glossary/math/antiderivative/","glossary-term","high-confidence-inferred"
"/subjects/math/calculus/derivative-applications/advanced-cauchy-mvt/","/glossary/math/derivative/","glossary-term","high-confidence-inferred"
"/subjects/math/calculus/derivative-applications/advanced-cauchy-mvt/","/glossary/math/implicit-differentiation/","glossary-term","high-confidence-inferred"
"/subjects/math/calculus/derivative-applications/advanced-cauchy-mvt/","/subjects/math/calculus/formula-sheets/derivative-rules/","formula-sheet","high-confidence-inferred"
"/subjects/math/calculus/derivative-applications/advanced-cauchy-mvt/","/subjects/math/calculus/visuals/derivative-rules-map/","visual-guide","high-confidence-inferred"
"/subjects/math/calculus/derivative-applications/advanced-convexity/","/glossary/math/antiderivative/","glossary-term","high-confidence-inferred"
"/subjects/math/calculus/derivative-applications/advanced-convexity/","/glossary/math/derivative/","glossary-term","high-confidence-inferred"
"/subjects/math/calculus/derivative-applications/advanced-convexity/","/glossary/math/implicit-differentiation/","glossary-term","high-confidence-inferred"
"/subjects/math/calculus/derivative-applications/advanced-convexity/","/subjects/math/calculus/formula-sheets/derivative-rules/","formula-sheet","high-confidence-inferred"
"/subjects/math/calculus/derivative-applications/advanced-convexity/","/subjects/math/calculus/visuals/derivative-rules-map/","visual-guide","high-confidence-inferred"
"/subjects/math/calculus/derivative-applications/advanced-newton-convergence/","/glossary/math/antiderivative/","glossary-term","high-confidence-inferred"
"/subjects/math/calculus/derivative-applications/advanced-newton-convergence/","/glossary/math/derivative/","glossary-term","high-confidence-inferred"
"/subjects/math/calculus/derivative-applications/advanced-newton-convergence/","/glossary/math/implicit-differentiation/","glossary-term","high-confidence-inferred"
"/subjects/math/calculus/derivative-applications/advanced-newton-convergence/","/subjects/math/calculus/formula-sheets/derivative-rules/","formula-sheet","high-confidence-inferred"
"/subjects/math/calculus/derivative-applications/advanced-newton-convergence/","/subjects/math/calculus/visuals/derivative-rules-map/","visual-guide","high-confidence-inferred"
"/subjects/math/calculus/derivative-applications/advanced-notes/","/glossary/math/antiderivative/","glossary-term","high-confidence-inferred"
"/subjects/math/calculus/derivative-applications/advanced-notes/","/glossary/math/derivative/","glossary-term","high-confidence-inferred"
"/subjects/math/calculus/derivative-applications/advanced-notes/","/glossary/math/implicit-differentiation/","glossary-term","high-confidence-inferred"
"/subjects/math/calculus/derivative-applications/advanced-notes/","/subjects/math/calculus/formula-sheets/derivative-rules/","formula-sheet","high-confidence-inferred"
"/subjects/math/calculus/derivative-applications/advanced-notes/","/subjects/math/calculus/visuals/derivative-rules-map/","visual-guide","high-confidence-inferred"
"/subjects/math/calculus/derivative-applications/advanced-sensitivity-elasticity/","/glossary/math/antiderivative/","glossary-term","high-confidence-inferred"
"/subjects/math/calculus/derivative-applications/advanced-sensitivity-elasticity/","/glossary/math/derivative/","glossary-term","high-confidence-inferred"
"/subjects/math/calculus/derivative-applications/advanced-sensitivity-elasticity/","/glossary/math/implicit-differentiation/","glossary-term","high-confidence-inferred"
"/subjects/math/calculus/derivative-applications/advanced-sensitivity-elasticity/","/subjects/math/calculus/formula-sheets/derivative-rules/","formula-sheet","high-confidence-inferred"
"/subjects/math/calculus/derivative-applications/advanced-sensitivity-elasticity/","/subjects/math/calculus/visuals/derivative-rules-map/","visual-guide","high-confidence-inferred"
"/subjects/math/calculus/derivative-applications/approximation-concept-quiz/","/glossary/math/antiderivative/","glossary-term","high-confidence-inferred"
"/subjects/math/calculus/derivative-applications/approximation-concept-quiz/","/glossary/math/derivative/","glossary-term","high-confidence-inferred"
"/subjects/math/calculus/derivative-applications/approximation-concept-quiz/","/glossary/math/implicit-differentiation/","glossary-term","high-confidence-inferred"
"/subjects/math/calculus/derivative-applications/approximation-concept-quiz/","/subjects/math/calculus/formula-sheets/derivative-rules/","formula-sheet","high-confidence-inferred"
"/subjects/math/calculus/derivative-applications/approximation-concept-quiz/","/subjects/math/calculus/visuals/derivative-rules-map/","visual-guide","high-confidence-inferred"
"/subjects/math/calculus/derivative-applications/approximation-review/","/glossary/math/antiderivative/","glossary-term","high-confidence-inferred"
"/subjects/math/calculus/derivative-applications/approximation-review/","/glossary/math/derivative/","glossary-term","high-confidence-inferred"
"/subjects/math/calculus/derivative-applications/approximation-review/","/glossary/math/implicit-differentiation/","glossary-term","high-confidence-inferred"
"/subjects/math/calculus/derivative-applications/approximation-review/","/subjects/math/calculus/formula-sheets/derivative-rules/","formula-sheet","high-confidence-inferred"
"/subjects/math/calculus/derivative-applications/approximation-review/","/subjects/math/calculus/visuals/derivative-rules-map/","visual-guide","high-confidence-inferred"
"/subjects/math/calculus/derivative-applications/bridge-diagnostic/","/glossary/math/antiderivative/","glossary-term","high-confidence-inferred"
"/subjects/math/calculus/derivative-applications/bridge-diagnostic/","/glossary/math/derivative/","glossary-term","high-confidence-inferred"
"/subjects/math/calculus/derivative-applications/bridge-diagnostic/","/glossary/math/implicit-differentiation/","glossary-term","high-confidence-inferred"
"/subjects/math/calculus/derivative-applications/bridge-diagnostic/","/subjects/math/calculus/formula-sheets/derivative-rules/","formula-sheet","high-confidence-inferred"
"/subjects/math/calculus/derivative-applications/bridge-diagnostic/","/subjects/math/calculus/visuals/derivative-rules-map/","visual-guide","high-confidence-inferred"
"/subjects/math/calculus/derivative-applications/closed-interval-method/","/glossary/math/antiderivative/","glossary-term","high-confidence-inferred"
"/subjects/math/calculus/derivative-applications/closed-interval-method/","/glossary/math/derivative/","glossary-term","high-confidence-inferred"
"/subjects/math/calculus/derivative-applications/closed-interval-method/","/glossary/math/implicit-differentiation/","glossary-term","high-confidence-inferred"
"/subjects/math/calculus/derivative-applications/closed-interval-method/","/subjects/math/calculus/formula-sheets/derivative-rules/","formula-sheet","high-confidence-inferred"
"/subjects/math/calculus/derivative-applications/closed-interval-method/","/subjects/math/calculus/visuals/derivative-rules-map/","visual-guide","high-confidence-inferred"
"/subjects/math/calculus/derivative-applications/common-errors/","/glossary/math/optimization/","glossary-term","high-confidence-inferred"
"/subjects/math/calculus/derivative-applications/concavity/","/glossary/math/antiderivative/","glossary-term","high-confidence-inferred"
"/subjects/math/calculus/derivative-applications/concavity/","/glossary/math/derivative/","glossary-term","high-confidence-inferred"
"/subjects/math/calculus/derivative-applications/concavity/","/glossary/math/implicit-differentiation/","glossary-term","high-confidence-inferred"
"/subjects/math/calculus/derivative-applications/concavity/","/subjects/math/calculus/formula-sheets/derivative-rules/","formula-sheet","high-confidence-inferred"
"/subjects/math/calculus/derivative-applications/concavity/","/subjects/math/calculus/visuals/derivative-rules-map/","visual-guide","high-confidence-inferred"
"/subjects/math/calculus/derivative-applications/cumulative-practice/","/glossary/math/antiderivative/","glossary-term","high-confidence-inferred"
"/subjects/math/calculus/derivative-applications/cumulative-practice/","/glossary/math/derivative/","glossary-term","high-confidence-inferred"
"/subjects/math/calculus/derivative-applications/cumulative-practice/","/glossary/math/implicit-differentiation/","glossary-term","high-confidence-inferred"
"/subjects/math/calculus/derivative-applications/cumulative-practice/","/subjects/math/calculus/formula-sheets/derivative-rules/","formula-sheet","high-confidence-inferred"
"/subjects/math/calculus/derivative-applications/cumulative-practice/","/subjects/math/calculus/visuals/derivative-rules-map/","visual-guide","high-confidence-inferred"
"/subjects/math/calculus/derivative-applications/curve-sketching/","/glossary/math/antiderivative/","glossary-term","high-confidence-inferred"
"/subjects/math/calculus/derivative-applications/curve-sketching/","/glossary/math/derivative/","glossary-term","high-confidence-inferred"
"/subjects/math/calculus/derivative-applications/curve-sketching/","/glossary/math/implicit-differentiation/","glossary-term","high-confidence-inferred"
"/subjects/math/calculus/derivative-applications/curve-sketching/","/subjects/math/calculus/formula-sheets/derivative-rules/","formula-sheet","high-confidence-inferred"
"/subjects/math/calculus/derivative-applications/curve-sketching/","/subjects/math/calculus/visuals/derivative-rules-map/","visual-guide","high-confidence-inferred"
"/subjects/math/calculus/derivative-applications/derivative-graphs/","/glossary/math/antiderivative/","glossary-term","high-confidence-inferred"
"/subjects/math/calculus/derivative-applications/derivative-graphs/","/glossary/math/derivative/","glossary-term","high-confidence-inferred"
"/subjects/math/calculus/derivative-applications/derivative-graphs/","/glossary/math/implicit-differentiation/","glossary-term","high-confidence-inferred"
"/subjects/math/calculus/derivative-applications/derivative-graphs/","/subjects/math/calculus/formula-sheets/derivative-rules/","formula-sheet","high-confidence-inferred"
"/subjects/math/calculus/derivative-applications/derivative-graphs/","/subjects/math/calculus/visuals/derivative-rules-map/","visual-guide","high-confidence-inferred"
"/subjects/math/calculus/derivative-applications/differentials/","/glossary/math/antiderivative/","glossary-term","high-confidence-inferred"
"/subjects/math/calculus/derivative-applications/differentials/","/glossary/math/derivative/","glossary-term","high-confidence-inferred"
"/subjects/math/calculus/derivative-applications/differentials/","/glossary/math/implicit-differentiation/","glossary-term","high-confidence-inferred"
"/subjects/math/calculus/derivative-applications/differentials/","/subjects/math/calculus/formula-sheets/derivative-rules/","formula-sheet","high-confidence-inferred"
"/subjects/math/calculus/derivative-applications/differentials/","/subjects/math/calculus/visuals/derivative-rules-map/","visual-guide","high-confidence-inferred"
"/subjects/math/calculus/derivative-applications/error-estimation/","/glossary/math/antiderivative/","glossary-term","high-confidence-inferred"
"/subjects/math/calculus/derivative-applications/error-estimation/","/glossary/math/derivative/","glossary-term","high-confidence-inferred"
"/subjects/math/calculus/derivative-applications/error-estimation/","/glossary/math/implicit-differentiation/","glossary-term","high-confidence-inferred"
"/subjects/math/calculus/derivative-applications/error-estimation/","/subjects/math/calculus/formula-sheets/derivative-rules/","formula-sheet","high-confidence-inferred"
"/subjects/math/calculus/derivative-applications/error-estimation/","/subjects/math/calculus/visuals/derivative-rules-map/","visual-guide","high-confidence-inferred"
"/subjects/math/calculus/derivative-applications/extrema-and-critical-numbers/","/glossary/math/antiderivative/","glossary-term","high-confidence-inferred"
"/subjects/math/calculus/derivative-applications/extrema-and-critical-numbers/","/glossary/math/derivative/","glossary-term","high-confidence-inferred"
"/subjects/math/calculus/derivative-applications/extrema-and-critical-numbers/","/glossary/math/implicit-differentiation/","glossary-term","high-confidence-inferred"
"/subjects/math/calculus/derivative-applications/extrema-and-critical-numbers/","/subjects/math/calculus/formula-sheets/derivative-rules/","formula-sheet","high-confidence-inferred"
"/subjects/math/calculus/derivative-applications/extrema-and-critical-numbers/","/subjects/math/calculus/visuals/derivative-rules-map/","visual-guide","high-confidence-inferred"
"/subjects/math/calculus/derivative-applications/first-derivative-test/","/glossary/math/antiderivative/","glossary-term","high-confidence-inferred"
"/subjects/math/calculus/derivative-applications/first-derivative-test/","/glossary/math/derivative/","glossary-term","high-confidence-inferred"
"/subjects/math/calculus/derivative-applications/first-derivative-test/","/glossary/math/implicit-differentiation/","glossary-term","high-confidence-inferred"
"/subjects/math/calculus/derivative-applications/first-derivative-test/","/subjects/math/calculus/formula-sheets/derivative-rules/","formula-sheet","high-confidence-inferred"
"/subjects/math/calculus/derivative-applications/first-derivative-test/","/subjects/math/calculus/visuals/derivative-rules-map/","visual-guide","high-confidence-inferred"
"/subjects/math/calculus/derivative-applications/graph-analysis-story/","/glossary/math/antiderivative/","glossary-term","high-confidence-inferred"
"/subjects/math/calculus/derivative-applications/graph-analysis-story/","/glossary/math/derivative/","glossary-term","high-confidence-inferred"
"/subjects/math/calculus/derivative-applications/graph-analysis-story/","/glossary/math/implicit-differentiation/","glossary-term","high-confidence-inferred"
"/subjects/math/calculus/derivative-applications/graph-analysis-story/","/subjects/math/calculus/formula-sheets/derivative-rules/","formula-sheet","high-confidence-inferred"
"/subjects/math/calculus/derivative-applications/graph-analysis-story/","/subjects/math/calculus/visuals/derivative-rules-map/","visual-guide","high-confidence-inferred"
"/subjects/math/calculus/derivative-applications/how-to-translate-word-problems/","/glossary/math/antiderivative/","glossary-term","high-confidence-inferred"
"/subjects/math/calculus/derivative-applications/how-to-translate-word-problems/","/glossary/math/derivative/","glossary-term","high-confidence-inferred"
"/subjects/math/calculus/derivative-applications/how-to-translate-word-problems/","/glossary/math/implicit-differentiation/","glossary-term","high-confidence-inferred"
"/subjects/math/calculus/derivative-applications/how-to-translate-word-problems/","/subjects/math/calculus/formula-sheets/derivative-rules/","formula-sheet","high-confidence-inferred"
"/subjects/math/calculus/derivative-applications/how-to-translate-word-problems/","/subjects/math/calculus/visuals/derivative-rules-map/","visual-guide","high-confidence-inferred"
"/subjects/math/calculus/derivative-applications/increasing-decreasing/","/glossary/math/antiderivative/","glossary-term","high-confidence-inferred"
"/subjects/math/calculus/derivative-applications/increasing-decreasing/","/glossary/math/derivative/","glossary-term","high-confidence-inferred"
"/subjects/math/calculus/derivative-applications/increasing-decreasing/","/glossary/math/implicit-differentiation/","glossary-term","high-confidence-inferred"
"/subjects/math/calculus/derivative-applications/increasing-decreasing/","/subjects/math/calculus/formula-sheets/derivative-rules/","formula-sheet","high-confidence-inferred"
"/subjects/math/calculus/derivative-applications/increasing-decreasing/","/subjects/math/calculus/visuals/derivative-rules-map/","visual-guide","high-confidence-inferred"
"/subjects/math/calculus/derivative-applications/interpretation-concept-quiz/","/glossary/math/antiderivative/","glossary-term","high-confidence-inferred"
"/subjects/math/calculus/derivative-applications/interpretation-concept-quiz/","/glossary/math/derivative/","glossary-term","high-confidence-inferred"
"/subjects/math/calculus/derivative-applications/interpretation-concept-quiz/","/glossary/math/implicit-differentiation/","glossary-term","high-confidence-inferred"
"/subjects/math/calculus/derivative-applications/interpretation-concept-quiz/","/subjects/math/calculus/formula-sheets/derivative-rules/","formula-sheet","high-confidence-inferred"
"/subjects/math/calculus/derivative-applications/interpretation-concept-quiz/","/subjects/math/calculus/visuals/derivative-rules-map/","visual-guide","high-confidence-inferred"
"/subjects/math/calculus/derivative-applications/interpretation-review/","/glossary/math/antiderivative/","glossary-term","high-confidence-inferred"
"/subjects/math/calculus/derivative-applications/interpretation-review/","/glossary/math/derivative/","glossary-term","high-confidence-inferred"
"/subjects/math/calculus/derivative-applications/interpretation-review/","/glossary/math/implicit-differentiation/","glossary-term","high-confidence-inferred"
"/subjects/math/calculus/derivative-applications/interpretation-review/","/subjects/math/calculus/formula-sheets/derivative-rules/","formula-sheet","high-confidence-inferred"
"/subjects/math/calculus/derivative-applications/interpretation-review/","/subjects/math/calculus/visuals/derivative-rules-map/","visual-guide","high-confidence-inferred"
"/subjects/math/calculus/derivative-applications/interpreting-derivatives/","/glossary/math/antiderivative/","glossary-term","high-confidence-inferred"
"/subjects/math/calculus/derivative-applications/interpreting-derivatives/","/glossary/math/derivative/","glossary-term","high-confidence-inferred"
"/subjects/math/calculus/derivative-applications/interpreting-derivatives/","/glossary/math/implicit-differentiation/","glossary-term","high-confidence-inferred"
"/subjects/math/calculus/derivative-applications/interpreting-derivatives/","/subjects/math/calculus/formula-sheets/derivative-rules/","formula-sheet","high-confidence-inferred"
"/subjects/math/calculus/derivative-applications/interpreting-derivatives/","/subjects/math/calculus/visuals/derivative-rules-map/","visual-guide","high-confidence-inferred"
"/subjects/math/calculus/derivative-applications/interpreting-higher-derivatives/","/glossary/math/antiderivative/","glossary-term","high-confidence-inferred"
"/subjects/math/calculus/derivative-applications/interpreting-higher-derivatives/","/glossary/math/derivative/","glossary-term","high-confidence-inferred"
"/subjects/math/calculus/derivative-applications/interpreting-higher-derivatives/","/glossary/math/implicit-differentiation/","glossary-term","high-confidence-inferred"
"/subjects/math/calculus/derivative-applications/interpreting-higher-derivatives/","/subjects/math/calculus/formula-sheets/derivative-rules/","formula-sheet","high-confidence-inferred"
"/subjects/math/calculus/derivative-applications/interpreting-higher-derivatives/","/subjects/math/calculus/visuals/derivative-rules-map/","visual-guide","high-confidence-inferred"
"/subjects/math/calculus/derivative-applications/lhopital-concept-quiz/","/glossary/math/antiderivative/","glossary-term","high-confidence-inferred"
"/subjects/math/calculus/derivative-applications/lhopital-concept-quiz/","/glossary/math/derivative/","glossary-term","high-confidence-inferred"
"/subjects/math/calculus/derivative-applications/lhopital-concept-quiz/","/glossary/math/implicit-differentiation/","glossary-term","high-confidence-inferred"
"/subjects/math/calculus/derivative-applications/lhopital-concept-quiz/","/subjects/math/calculus/formula-sheets/derivative-rules/","formula-sheet","high-confidence-inferred"
"/subjects/math/calculus/derivative-applications/lhopital-concept-quiz/","/subjects/math/calculus/visuals/derivative-rules-map/","visual-guide","high-confidence-inferred"
"/subjects/math/calculus/derivative-applications/lhopital-infinity-over-infinity/","/glossary/math/antiderivative/","glossary-term","high-confidence-inferred"
"/subjects/math/calculus/derivative-applications/lhopital-infinity-over-infinity/","/glossary/math/derivative/","glossary-term","high-confidence-inferred"
"/subjects/math/calculus/derivative-applications/lhopital-infinity-over-infinity/","/glossary/math/implicit-differentiation/","glossary-term","high-confidence-inferred"
"/subjects/math/calculus/derivative-applications/lhopital-infinity-over-infinity/","/subjects/math/calculus/formula-sheets/derivative-rules/","formula-sheet","high-confidence-inferred"
"/subjects/math/calculus/derivative-applications/lhopital-infinity-over-infinity/","/subjects/math/calculus/visuals/derivative-rules-map/","visual-guide","high-confidence-inferred"
"/subjects/math/calculus/derivative-applications/lhopital-is-not-cancellation/","/glossary/math/antiderivative/","glossary-term","high-confidence-inferred"
"/subjects/math/calculus/derivative-applications/lhopital-is-not-cancellation/","/glossary/math/derivative/","glossary-term","high-confidence-inferred"
"/subjects/math/calculus/derivative-applications/lhopital-is-not-cancellation/","/glossary/math/implicit-differentiation/","glossary-term","high-confidence-inferred"
"/subjects/math/calculus/derivative-applications/lhopital-is-not-cancellation/","/subjects/math/calculus/formula-sheets/derivative-rules/","formula-sheet","high-confidence-inferred"
"/subjects/math/calculus/derivative-applications/lhopital-is-not-cancellation/","/subjects/math/calculus/visuals/derivative-rules-map/","visual-guide","high-confidence-inferred"
"/subjects/math/calculus/derivative-applications/lhopital-review/","/glossary/math/antiderivative/","glossary-term","high-confidence-inferred"
"/subjects/math/calculus/derivative-applications/lhopital-review/","/glossary/math/derivative/","glossary-term","high-confidence-inferred"
"/subjects/math/calculus/derivative-applications/lhopital-review/","/glossary/math/implicit-differentiation/","glossary-term","high-confidence-inferred"
"/subjects/math/calculus/derivative-applications/lhopital-review/","/subjects/math/calculus/formula-sheets/derivative-rules/","formula-sheet","high-confidence-inferred"
"/subjects/math/calculus/derivative-applications/lhopital-review/","/subjects/math/calculus/visuals/derivative-rules-map/","visual-guide","high-confidence-inferred"
"/subjects/math/calculus/derivative-applications/lhopital-rule/","/glossary/math/antiderivative/","glossary-term","high-confidence-inferred"
"/subjects/math/calculus/derivative-applications/lhopital-rule/","/glossary/math/derivative/","glossary-term","high-confidence-inferred"
"/subjects/math/calculus/derivative-applications/lhopital-rule/","/glossary/math/implicit-differentiation/","glossary-term","high-confidence-inferred"
"/subjects/math/calculus/derivative-applications/lhopital-rule/","/subjects/math/calculus/formula-sheets/derivative-rules/","formula-sheet","high-confidence-inferred"
"/subjects/math/calculus/derivative-applications/lhopital-rule/","/subjects/math/calculus/visuals/derivative-rules-map/","visual-guide","high-confidence-inferred"
"/subjects/math/calculus/derivative-applications/lhopital-zero-over-zero/","/glossary/math/antiderivative/","glossary-term","high-confidence-inferred"
"/subjects/math/calculus/derivative-applications/lhopital-zero-over-zero/","/glossary/math/derivative/","glossary-term","high-confidence-inferred"
"/subjects/math/calculus/derivative-applications/lhopital-zero-over-zero/","/glossary/math/implicit-differentiation/","glossary-term","high-confidence-inferred"
"/subjects/math/calculus/derivative-applications/lhopital-zero-over-zero/","/subjects/math/calculus/formula-sheets/derivative-rules/","formula-sheet","high-confidence-inferred"
"/subjects/math/calculus/derivative-applications/lhopital-zero-over-zero/","/subjects/math/calculus/visuals/derivative-rules-map/","visual-guide","high-confidence-inferred"
"/subjects/math/calculus/derivative-applications/linearization-practice/","/glossary/math/antiderivative/","glossary-term","high-confidence-inferred"
"/subjects/math/calculus/derivative-applications/linearization-practice/","/glossary/math/derivative/","glossary-term","high-confidence-inferred"
"/subjects/math/calculus/derivative-applications/linearization-practice/","/glossary/math/implicit-differentiation/","glossary-term","high-confidence-inferred"
"/subjects/math/calculus/derivative-applications/linearization-practice/","/subjects/math/calculus/formula-sheets/derivative-rules/","formula-sheet","high-confidence-inferred"
"/subjects/math/calculus/derivative-applications/linearization-practice/","/subjects/math/calculus/visuals/derivative-rules-map/","visual-guide","high-confidence-inferred"
"/subjects/math/calculus/derivative-applications/local-linearity/","/glossary/math/antiderivative/","glossary-term","high-confidence-inferred"
"/subjects/math/calculus/derivative-applications/local-linearity/","/glossary/math/derivative/","glossary-term","high-confidence-inferred"
"/subjects/math/calculus/derivative-applications/local-linearity/","/glossary/math/implicit-differentiation/","glossary-term","high-confidence-inferred"
"/subjects/math/calculus/derivative-applications/local-linearity/","/subjects/math/calculus/formula-sheets/derivative-rules/","formula-sheet","high-confidence-inferred"
"/subjects/math/calculus/derivative-applications/local-linearity/","/subjects/math/calculus/visuals/derivative-rules-map/","visual-guide","high-confidence-inferred"
"/subjects/math/calculus/derivative-applications/manufacturing-tolerance/","/glossary/math/antiderivative/","glossary-term","high-confidence-inferred"
"/subjects/math/calculus/derivative-applications/manufacturing-tolerance/","/glossary/math/derivative/","glossary-term","high-confidence-inferred"
"/subjects/math/calculus/derivative-applications/manufacturing-tolerance/","/glossary/math/implicit-differentiation/","glossary-term","high-confidence-inferred"
"/subjects/math/calculus/derivative-applications/manufacturing-tolerance/","/subjects/math/calculus/formula-sheets/derivative-rules/","formula-sheet","high-confidence-inferred"
"/subjects/math/calculus/derivative-applications/manufacturing-tolerance/","/subjects/math/calculus/visuals/derivative-rules-map/","visual-guide","high-confidence-inferred"
"/subjects/math/calculus/derivative-applications/marginal-analysis/","/glossary/math/antiderivative/","glossary-term","high-confidence-inferred"
"/subjects/math/calculus/derivative-applications/marginal-analysis/","/glossary/math/derivative/","glossary-term","high-confidence-inferred"
"/subjects/math/calculus/derivative-applications/marginal-analysis/","/glossary/math/implicit-differentiation/","glossary-term","high-confidence-inferred"
"/subjects/math/calculus/derivative-applications/marginal-analysis/","/subjects/math/calculus/formula-sheets/derivative-rules/","formula-sheet","high-confidence-inferred"
"/subjects/math/calculus/derivative-applications/marginal-analysis/","/subjects/math/calculus/visuals/derivative-rules-map/","visual-guide","high-confidence-inferred"
"/subjects/math/calculus/derivative-applications/mean-value-theorem/","/glossary/math/antiderivative/","glossary-term","high-confidence-inferred"
"/subjects/math/calculus/derivative-applications/mean-value-theorem/","/glossary/math/derivative/","glossary-term","high-confidence-inferred"
"/subjects/math/calculus/derivative-applications/mean-value-theorem/","/glossary/math/implicit-differentiation/","glossary-term","high-confidence-inferred"
"/subjects/math/calculus/derivative-applications/mean-value-theorem/","/subjects/math/calculus/formula-sheets/derivative-rules/","formula-sheet","high-confidence-inferred"
"/subjects/math/calculus/derivative-applications/mean-value-theorem/","/subjects/math/calculus/visuals/derivative-rules-map/","visual-guide","high-confidence-inferred"
"/subjects/math/calculus/derivative-applications/medication-concentration/","/glossary/math/limit/","glossary-term","high-confidence-inferred"
"/subjects/math/calculus/derivative-applications/medication-concentration/","/glossary/math/one-sided-limit/","glossary-term","high-confidence-inferred"
"/subjects/math/calculus/derivative-applications/modeling-studio-review/","/glossary/math/antiderivative/","glossary-term","high-confidence-inferred"
"/subjects/math/calculus/derivative-applications/modeling-studio-review/","/glossary/math/derivative/","glossary-term","high-confidence-inferred"
"/subjects/math/calculus/derivative-applications/modeling-studio-review/","/glossary/math/implicit-differentiation/","glossary-term","high-confidence-inferred"
"/subjects/math/calculus/derivative-applications/modeling-studio-review/","/subjects/math/calculus/formula-sheets/derivative-rules/","formula-sheet","high-confidence-inferred"
"/subjects/math/calculus/derivative-applications/modeling-studio-review/","/subjects/math/calculus/visuals/derivative-rules-map/","visual-guide","high-confidence-inferred"
"/subjects/math/calculus/derivative-applications/modeling-studio/","/glossary/math/antiderivative/","glossary-term","high-confidence-inferred"
"/subjects/math/calculus/derivative-applications/modeling-studio/","/glossary/math/derivative/","glossary-term","high-confidence-inferred"
"/subjects/math/calculus/derivative-applications/modeling-studio/","/glossary/math/implicit-differentiation/","glossary-term","high-confidence-inferred"
"/subjects/math/calculus/derivative-applications/modeling-studio/","/subjects/math/calculus/formula-sheets/derivative-rules/","formula-sheet","high-confidence-inferred"
"/subjects/math/calculus/derivative-applications/modeling-studio/","/subjects/math/calculus/visuals/derivative-rules-map/","visual-guide","high-confidence-inferred"
"/subjects/math/calculus/derivative-applications/newtons-method/","/glossary/math/antiderivative/","glossary-term","high-confidence-inferred"
"/subjects/math/calculus/derivative-applications/newtons-method/","/glossary/math/derivative/","glossary-term","high-confidence-inferred"
"/subjects/math/calculus/derivative-applications/newtons-method/","/glossary/math/implicit-differentiation/","glossary-term","high-confidence-inferred"
"/subjects/math/calculus/derivative-applications/newtons-method/","/subjects/math/calculus/formula-sheets/derivative-rules/","formula-sheet","high-confidence-inferred"
"/subjects/math/calculus/derivative-applications/newtons-method/","/subjects/math/calculus/visuals/derivative-rules-map/","visual-guide","high-confidence-inferred"
"/subjects/math/calculus/derivative-applications/optimization-business-science/","/glossary/math/optimization/","glossary-term","high-confidence-inferred"
"/subjects/math/calculus/derivative-applications/optimization-closed-interval/","/glossary/math/optimization/","glossary-term","high-confidence-inferred"
"/subjects/math/calculus/derivative-applications/optimization-concept-quiz/","/glossary/math/optimization/","glossary-term","high-confidence-inferred"
"/subjects/math/calculus/derivative-applications/optimization-geometry/","/glossary/math/optimization/","glossary-term","high-confidence-inferred"
"/subjects/math/calculus/derivative-applications/optimization-modeling/","/glossary/math/optimization/","glossary-term","high-confidence-inferred"
"/subjects/math/calculus/derivative-applications/optimization-review/","/glossary/math/optimization/","glossary-term","high-confidence-inferred"
"/subjects/math/calculus/derivative-applications/other-indeterminate-forms/","/glossary/math/antiderivative/","glossary-term","high-confidence-inferred"
"/subjects/math/calculus/derivative-applications/other-indeterminate-forms/","/glossary/math/derivative/","glossary-term","high-confidence-inferred"
"/subjects/math/calculus/derivative-applications/other-indeterminate-forms/","/glossary/math/implicit-differentiation/","glossary-term","high-confidence-inferred"
"/subjects/math/calculus/derivative-applications/other-indeterminate-forms/","/subjects/math/calculus/formula-sheets/derivative-rules/","formula-sheet","high-confidence-inferred"
"/subjects/math/calculus/derivative-applications/other-indeterminate-forms/","/subjects/math/calculus/visuals/derivative-rules-map/","visual-guide","high-confidence-inferred"
"/subjects/math/calculus/derivative-applications/position-velocity-acceleration/","/glossary/math/antiderivative/","glossary-term","high-confidence-inferred"
"/subjects/math/calculus/derivative-applications/position-velocity-acceleration/","/glossary/math/derivative/","glossary-term","high-confidence-inferred"
"/subjects/math/calculus/derivative-applications/position-velocity-acceleration/","/glossary/math/implicit-differentiation/","glossary-term","high-confidence-inferred"
"/subjects/math/calculus/derivative-applications/position-velocity-acceleration/","/subjects/math/calculus/formula-sheets/derivative-rules/","formula-sheet","high-confidence-inferred"
"/subjects/math/calculus/derivative-applications/position-velocity-acceleration/","/subjects/math/calculus/visuals/derivative-rules-map/","visual-guide","high-confidence-inferred"
"/subjects/math/calculus/derivative-applications/practice-exam-a-answer-key/","/glossary/math/antiderivative/","glossary-term","high-confidence-inferred"
"/subjects/math/calculus/derivative-applications/practice-exam-a-answer-key/","/glossary/math/derivative/","glossary-term","high-confidence-inferred"
"/subjects/math/calculus/derivative-applications/practice-exam-a-answer-key/","/glossary/math/implicit-differentiation/","glossary-term","high-confidence-inferred"
"/subjects/math/calculus/derivative-applications/practice-exam-a-answer-key/","/subjects/math/calculus/formula-sheets/derivative-rules/","formula-sheet","high-confidence-inferred"
"/subjects/math/calculus/derivative-applications/practice-exam-a-answer-key/","/subjects/math/calculus/visuals/derivative-rules-map/","visual-guide","high-confidence-inferred"
"/subjects/math/calculus/derivative-applications/practice-exam-a/","/glossary/math/antiderivative/","glossary-term","high-confidence-inferred"
"/subjects/math/calculus/derivative-applications/practice-exam-a/","/glossary/math/derivative/","glossary-term","high-confidence-inferred"
"/subjects/math/calculus/derivative-applications/practice-exam-a/","/glossary/math/implicit-differentiation/","glossary-term","high-confidence-inferred"
"/subjects/math/calculus/derivative-applications/practice-exam-a/","/subjects/math/calculus/formula-sheets/derivative-rules/","formula-sheet","high-confidence-inferred"
"/subjects/math/calculus/derivative-applications/practice-exam-a/","/subjects/math/calculus/visuals/derivative-rules-map/","visual-guide","high-confidence-inferred"
"/subjects/math/calculus/derivative-applications/practice-exam-b-answer-key/","/glossary/math/antiderivative/","glossary-term","high-confidence-inferred"
"/subjects/math/calculus/derivative-applications/practice-exam-b-answer-key/","/glossary/math/derivative/","glossary-term","high-confidence-inferred"
"/subjects/math/calculus/derivative-applications/practice-exam-b-answer-key/","/glossary/math/implicit-differentiation/","glossary-term","high-confidence-inferred"
"/subjects/math/calculus/derivative-applications/practice-exam-b-answer-key/","/subjects/math/calculus/formula-sheets/derivative-rules/","formula-sheet","high-confidence-inferred"
"/subjects/math/calculus/derivative-applications/practice-exam-b-answer-key/","/subjects/math/calculus/visuals/derivative-rules-map/","visual-guide","high-confidence-inferred"
"/subjects/math/calculus/derivative-applications/practice-exam-b/","/glossary/math/antiderivative/","glossary-term","high-confidence-inferred"
"/subjects/math/calculus/derivative-applications/practice-exam-b/","/glossary/math/derivative/","glossary-term","high-confidence-inferred"
"/subjects/math/calculus/derivative-applications/practice-exam-b/","/glossary/math/implicit-differentiation/","glossary-term","high-confidence-inferred"
"/subjects/math/calculus/derivative-applications/practice-exam-b/","/subjects/math/calculus/formula-sheets/derivative-rules/","formula-sheet","high-confidence-inferred"
"/subjects/math/calculus/derivative-applications/practice-exam-b/","/subjects/math/calculus/visuals/derivative-rules-map/","visual-guide","high-confidence-inferred"
"/subjects/math/calculus/derivative-applications/radar-tracking/","/glossary/math/antiderivative/","glossary-term","high-confidence-inferred"
"/subjects/math/calculus/derivative-applications/radar-tracking/","/glossary/math/derivative/","glossary-term","high-confidence-inferred"
"/subjects/math/calculus/derivative-applications/radar-tracking/","/glossary/math/implicit-differentiation/","glossary-term","high-confidence-inferred"
"/subjects/math/calculus/derivative-applications/radar-tracking/","/subjects/math/calculus/formula-sheets/derivative-rules/","formula-sheet","high-confidence-inferred"
"/subjects/math/calculus/derivative-applications/radar-tracking/","/subjects/math/calculus/visuals/derivative-rules-map/","visual-guide","high-confidence-inferred"
"/subjects/math/calculus/derivative-applications/rates-from-data/","/glossary/math/antiderivative/","glossary-term","high-confidence-inferred"
"/subjects/math/calculus/derivative-applications/rates-from-data/","/glossary/math/derivative/","glossary-term","high-confidence-inferred"
"/subjects/math/calculus/derivative-applications/rates-from-data/","/glossary/math/implicit-differentiation/","glossary-term","high-confidence-inferred"
"/subjects/math/calculus/derivative-applications/rates-from-data/","/subjects/math/calculus/formula-sheets/derivative-rules/","formula-sheet","high-confidence-inferred"
"/subjects/math/calculus/derivative-applications/rates-from-data/","/subjects/math/calculus/visuals/derivative-rules-map/","visual-guide","high-confidence-inferred"
"/subjects/math/calculus/derivative-applications/reference/","/glossary/math/antiderivative/","glossary-term","high-confidence-inferred"
"/subjects/math/calculus/derivative-applications/reference/","/glossary/math/derivative/","glossary-term","high-confidence-inferred"
"/subjects/math/calculus/derivative-applications/reference/","/glossary/math/implicit-differentiation/","glossary-term","high-confidence-inferred"
"/subjects/math/calculus/derivative-applications/reference/","/subjects/math/calculus/formula-sheets/derivative-rules/","formula-sheet","high-confidence-inferred"
"/subjects/math/calculus/derivative-applications/reference/","/subjects/math/calculus/visuals/derivative-rules-map/","visual-guide","high-confidence-inferred"
"/subjects/math/calculus/derivative-applications/related-rates-angle/","/glossary/math/antiderivative/","glossary-term","high-confidence-inferred"
"/subjects/math/calculus/derivative-applications/related-rates-angle/","/glossary/math/derivative/","glossary-term","high-confidence-inferred"
"/subjects/math/calculus/derivative-applications/related-rates-angle/","/glossary/math/implicit-differentiation/","glossary-term","high-confidence-inferred"
"/subjects/math/calculus/derivative-applications/related-rates-angle/","/subjects/math/calculus/formula-sheets/derivative-rules/","formula-sheet","high-confidence-inferred"
"/subjects/math/calculus/derivative-applications/related-rates-angle/","/subjects/math/calculus/visuals/derivative-rules-map/","visual-guide","high-confidence-inferred"
"/subjects/math/calculus/derivative-applications/related-rates-concept-quiz/","/glossary/math/antiderivative/","glossary-term","high-confidence-inferred"
"/subjects/math/calculus/derivative-applications/related-rates-concept-quiz/","/glossary/math/derivative/","glossary-term","high-confidence-inferred"
"/subjects/math/calculus/derivative-applications/related-rates-concept-quiz/","/glossary/math/implicit-differentiation/","glossary-term","high-confidence-inferred"
"/subjects/math/calculus/derivative-applications/related-rates-concept-quiz/","/subjects/math/calculus/formula-sheets/derivative-rules/","formula-sheet","high-confidence-inferred"
"/subjects/math/calculus/derivative-applications/related-rates-concept-quiz/","/subjects/math/calculus/visuals/derivative-rules-map/","visual-guide","high-confidence-inferred"
"/subjects/math/calculus/derivative-applications/related-rates-mixed/","/glossary/math/antiderivative/","glossary-term","high-confidence-inferred"
"/subjects/math/calculus/derivative-applications/related-rates-mixed/","/glossary/math/derivative/","glossary-term","high-confidence-inferred"
"/subjects/math/calculus/derivative-applications/related-rates-mixed/","/glossary/math/implicit-differentiation/","glossary-term","high-confidence-inferred"
"/subjects/math/calculus/derivative-applications/related-rates-mixed/","/subjects/math/calculus/formula-sheets/derivative-rules/","formula-sheet","high-confidence-inferred"
"/subjects/math/calculus/derivative-applications/related-rates-mixed/","/subjects/math/calculus/visuals/derivative-rules-map/","visual-guide","high-confidence-inferred"
"/subjects/math/calculus/derivative-applications/related-rates-pythagorean/","/glossary/math/antiderivative/","glossary-term","high-confidence-inferred"
"/subjects/math/calculus/derivative-applications/related-rates-pythagorean/","/glossary/math/derivative/","glossary-term","high-confidence-inferred"
"/subjects/math/calculus/derivative-applications/related-rates-pythagorean/","/glossary/math/implicit-differentiation/","glossary-term","high-confidence-inferred"
"/subjects/math/calculus/derivative-applications/related-rates-pythagorean/","/subjects/math/calculus/formula-sheets/derivative-rules/","formula-sheet","high-confidence-inferred"
"/subjects/math/calculus/derivative-applications/related-rates-pythagorean/","/subjects/math/calculus/visuals/derivative-rules-map/","visual-guide","high-confidence-inferred"
"/subjects/math/calculus/derivative-applications/related-rates-review/","/glossary/math/antiderivative/","glossary-term","high-confidence-inferred"
"/subjects/math/calculus/derivative-applications/related-rates-review/","/glossary/math/derivative/","glossary-term","high-confidence-inferred"
"/subjects/math/calculus/derivative-applications/related-rates-review/","/glossary/math/implicit-differentiation/","glossary-term","high-confidence-inferred"
"/subjects/math/calculus/derivative-applications/related-rates-review/","/subjects/math/calculus/formula-sheets/derivative-rules/","formula-sheet","high-confidence-inferred"
"/subjects/math/calculus/derivative-applications/related-rates-review/","/subjects/math/calculus/visuals/derivative-rules-map/","visual-guide","high-confidence-inferred"
"/subjects/math/calculus/derivative-applications/related-rates-shadows/","/glossary/math/antiderivative/","glossary-term","high-confidence-inferred"
"/subjects/math/calculus/derivative-applications/related-rates-shadows/","/glossary/math/derivative/","glossary-term","high-confidence-inferred"
"/subjects/math/calculus/derivative-applications/related-rates-shadows/","/glossary/math/implicit-differentiation/","glossary-term","high-confidence-inferred"
"/subjects/math/calculus/derivative-applications/related-rates-shadows/","/subjects/math/calculus/formula-sheets/derivative-rules/","formula-sheet","high-confidence-inferred"
"/subjects/math/calculus/derivative-applications/related-rates-shadows/","/subjects/math/calculus/visuals/derivative-rules-map/","visual-guide","high-confidence-inferred"
"/subjects/math/calculus/derivative-applications/related-rates-volume/","/glossary/math/antiderivative/","glossary-term","high-confidence-inferred"
"/subjects/math/calculus/derivative-applications/related-rates-volume/","/glossary/math/derivative/","glossary-term","high-confidence-inferred"
"/subjects/math/calculus/derivative-applications/related-rates-volume/","/glossary/math/implicit-differentiation/","glossary-term","high-confidence-inferred"
"/subjects/math/calculus/derivative-applications/related-rates-volume/","/subjects/math/calculus/formula-sheets/derivative-rules/","formula-sheet","high-confidence-inferred"
"/subjects/math/calculus/derivative-applications/related-rates-volume/","/subjects/math/calculus/visuals/derivative-rules-map/","visual-guide","high-confidence-inferred"
"/subjects/math/calculus/derivative-applications/related-rates-workflow/","/glossary/math/antiderivative/","glossary-term","high-confidence-inferred"
"/subjects/math/calculus/derivative-applications/related-rates-workflow/","/glossary/math/derivative/","glossary-term","high-confidence-inferred"
"/subjects/math/calculus/derivative-applications/related-rates-workflow/","/glossary/math/implicit-differentiation/","glossary-term","high-confidence-inferred"
"/subjects/math/calculus/derivative-applications/related-rates-workflow/","/subjects/math/calculus/formula-sheets/derivative-rules/","formula-sheet","high-confidence-inferred"
"/subjects/math/calculus/derivative-applications/related-rates-workflow/","/subjects/math/calculus/visuals/derivative-rules-map/","visual-guide","high-confidence-inferred"
"/subjects/math/calculus/derivative-applications/repeated-lhopital/","/glossary/math/antiderivative/","glossary-term","high-confidence-inferred"
"/subjects/math/calculus/derivative-applications/repeated-lhopital/","/glossary/math/derivative/","glossary-term","high-confidence-inferred"
"/subjects/math/calculus/derivative-applications/repeated-lhopital/","/glossary/math/implicit-differentiation/","glossary-term","high-confidence-inferred"
"/subjects/math/calculus/derivative-applications/repeated-lhopital/","/subjects/math/calculus/formula-sheets/derivative-rules/","formula-sheet","high-confidence-inferred"
"/subjects/math/calculus/derivative-applications/repeated-lhopital/","/subjects/math/calculus/visuals/derivative-rules-map/","visual-guide","high-confidence-inferred"
"/subjects/math/calculus/derivative-applications/rolles-theorem/","/glossary/math/antiderivative/","glossary-term","high-confidence-inferred"
"/subjects/math/calculus/derivative-applications/rolles-theorem/","/glossary/math/derivative/","glossary-term","high-confidence-inferred"
"/subjects/math/calculus/derivative-applications/rolles-theorem/","/glossary/math/implicit-differentiation/","glossary-term","high-confidence-inferred"
"/subjects/math/calculus/derivative-applications/rolles-theorem/","/subjects/math/calculus/formula-sheets/derivative-rules/","formula-sheet","high-confidence-inferred"
"/subjects/math/calculus/derivative-applications/rolles-theorem/","/subjects/math/calculus/visuals/derivative-rules-map/","visual-guide","high-confidence-inferred"
"/subjects/math/calculus/derivative-applications/second-derivative-test/","/glossary/math/antiderivative/","glossary-term","high-confidence-inferred"
"/subjects/math/calculus/derivative-applications/second-derivative-test/","/glossary/math/derivative/","glossary-term","high-confidence-inferred"
"/subjects/math/calculus/derivative-applications/second-derivative-test/","/glossary/math/implicit-differentiation/","glossary-term","high-confidence-inferred"
"/subjects/math/calculus/derivative-applications/second-derivative-test/","/subjects/math/calculus/formula-sheets/derivative-rules/","formula-sheet","high-confidence-inferred"
"/subjects/math/calculus/derivative-applications/second-derivative-test/","/subjects/math/calculus/visuals/derivative-rules-map/","visual-guide","high-confidence-inferred"
"/subjects/math/calculus/derivative-applications/speeding-up-slowing-down/","/glossary/math/antiderivative/","glossary-term","high-confidence-inferred"
"/subjects/math/calculus/derivative-applications/speeding-up-slowing-down/","/glossary/math/derivative/","glossary-term","high-confidence-inferred"
"/subjects/math/calculus/derivative-applications/speeding-up-slowing-down/","/glossary/math/implicit-differentiation/","glossary-term","high-confidence-inferred"
"/subjects/math/calculus/derivative-applications/speeding-up-slowing-down/","/subjects/math/calculus/formula-sheets/derivative-rules/","formula-sheet","high-confidence-inferred"
"/subjects/math/calculus/derivative-applications/speeding-up-slowing-down/","/subjects/math/calculus/visuals/derivative-rules-map/","visual-guide","high-confidence-inferred"
"/subjects/math/calculus/derivative-applications/stopping-distance/","/glossary/math/antiderivative/","glossary-term","high-confidence-inferred"
"/subjects/math/calculus/derivative-applications/stopping-distance/","/glossary/math/derivative/","glossary-term","high-confidence-inferred"
"/subjects/math/calculus/derivative-applications/stopping-distance/","/glossary/math/implicit-differentiation/","glossary-term","high-confidence-inferred"
"/subjects/math/calculus/derivative-applications/stopping-distance/","/subjects/math/calculus/formula-sheets/derivative-rules/","formula-sheet","high-confidence-inferred"
"/subjects/math/calculus/derivative-applications/stopping-distance/","/subjects/math/calculus/visuals/derivative-rules-map/","visual-guide","high-confidence-inferred"
"/subjects/math/calculus/derivative-applications/theorems-shape-concept-quiz/","/glossary/math/antiderivative/","glossary-term","high-confidence-inferred"
"/subjects/math/calculus/derivative-applications/theorems-shape-concept-quiz/","/glossary/math/derivative/","glossary-term","high-confidence-inferred"
"/subjects/math/calculus/derivative-applications/theorems-shape-concept-quiz/","/glossary/math/implicit-differentiation/","glossary-term","high-confidence-inferred"
"/subjects/math/calculus/derivative-applications/theorems-shape-concept-quiz/","/subjects/math/calculus/formula-sheets/derivative-rules/","formula-sheet","high-confidence-inferred"
"/subjects/math/calculus/derivative-applications/theorems-shape-concept-quiz/","/subjects/math/calculus/visuals/derivative-rules-map/","visual-guide","high-confidence-inferred"
"/subjects/math/calculus/derivative-applications/theorems-shape-review/","/glossary/math/antiderivative/","glossary-term","high-confidence-inferred"
"/subjects/math/calculus/derivative-applications/theorems-shape-review/","/glossary/math/derivative/","glossary-term","high-confidence-inferred"
"/subjects/math/calculus/derivative-applications/theorems-shape-review/","/glossary/math/implicit-differentiation/","glossary-term","high-confidence-inferred"
"/subjects/math/calculus/derivative-applications/theorems-shape-review/","/subjects/math/calculus/formula-sheets/derivative-rules/","formula-sheet","high-confidence-inferred"
"/subjects/math/calculus/derivative-applications/theorems-shape-review/","/subjects/math/calculus/visuals/derivative-rules-map/","visual-guide","high-confidence-inferred"
"/subjects/math/calculus/derivative-applications/when-not-lhopital/","/glossary/math/antiderivative/","glossary-term","high-confidence-inferred"
"/subjects/math/calculus/derivative-applications/when-not-lhopital/","/glossary/math/derivative/","glossary-term","high-confidence-inferred"
"/subjects/math/calculus/derivative-applications/when-not-lhopital/","/glossary/math/implicit-differentiation/","glossary-term","high-confidence-inferred"
"/subjects/math/calculus/derivative-applications/when-not-lhopital/","/subjects/math/calculus/formula-sheets/derivative-rules/","formula-sheet","high-confidence-inferred"
"/subjects/math/calculus/derivative-applications/when-not-lhopital/","/subjects/math/calculus/visuals/derivative-rules-map/","visual-guide","high-confidence-inferred"
"/subjects/math/calculus/derivative-applications/why-linear-approximation-works/","/glossary/math/antiderivative/","glossary-term","high-confidence-inferred"
"/subjects/math/calculus/derivative-applications/why-linear-approximation-works/","/glossary/math/derivative/","glossary-term","high-confidence-inferred"
"/subjects/math/calculus/derivative-applications/why-linear-approximation-works/","/glossary/math/implicit-differentiation/","glossary-term","high-confidence-inferred"
"/subjects/math/calculus/derivative-applications/why-linear-approximation-works/","/subjects/math/calculus/formula-sheets/derivative-rules/","formula-sheet","high-confidence-inferred"
"/subjects/math/calculus/derivative-applications/why-linear-approximation-works/","/subjects/math/calculus/visuals/derivative-rules-map/","visual-guide","high-confidence-inferred"
"/subjects/math/calculus/derivative-applications/why-related-rates-feel-hard/","/glossary/math/antiderivative/","glossary-term","high-confidence-inferred"
"/subjects/math/calculus/derivative-applications/why-related-rates-feel-hard/","/glossary/math/derivative/","glossary-term","high-confidence-inferred"
"/subjects/math/calculus/derivative-applications/why-related-rates-feel-hard/","/glossary/math/implicit-differentiation/","glossary-term","high-confidence-inferred"
"/subjects/math/calculus/derivative-applications/why-related-rates-feel-hard/","/subjects/math/calculus/formula-sheets/derivative-rules/","formula-sheet","high-confidence-inferred"
"/subjects/math/calculus/derivative-applications/why-related-rates-feel-hard/","/subjects/math/calculus/visuals/derivative-rules-map/","visual-guide","high-confidence-inferred"
"/subjects/math/calculus/derivatives/advanced-chain-rule-linear-maps/","/glossary/math/chain-rule/","glossary-term","high-confidence-inferred"
"/subjects/math/calculus/derivatives/advanced-darboux-derivatives/","/glossary/math/antiderivative/","glossary-term","high-confidence-inferred"
"/subjects/math/calculus/derivatives/advanced-darboux-derivatives/","/glossary/math/derivative/","glossary-term","high-confidence-inferred"
"/subjects/math/calculus/derivatives/advanced-darboux-derivatives/","/glossary/math/implicit-differentiation/","glossary-term","high-confidence-inferred"
"/subjects/math/calculus/derivatives/advanced-darboux-derivatives/","/subjects/math/calculus/formula-sheets/derivative-rules/","formula-sheet","high-confidence-inferred"
"/subjects/math/calculus/derivatives/advanced-darboux-derivatives/","/subjects/math/calculus/visuals/derivative-rules-map/","visual-guide","high-confidence-inferred"
"/subjects/math/calculus/derivatives/advanced-implicit-function-theorem/","/glossary/math/antiderivative/","glossary-term","high-confidence-inferred"
"/subjects/math/calculus/derivatives/advanced-implicit-function-theorem/","/glossary/math/derivative/","glossary-term","high-confidence-inferred"
"/subjects/math/calculus/derivatives/advanced-implicit-function-theorem/","/glossary/math/implicit-differentiation/","glossary-term","high-confidence-inferred"
"/subjects/math/calculus/derivatives/advanced-implicit-function-theorem/","/subjects/math/calculus/formula-sheets/derivative-rules/","formula-sheet","high-confidence-inferred"
"/subjects/math/calculus/derivatives/advanced-implicit-function-theorem/","/subjects/math/calculus/visuals/derivative-rules-map/","visual-guide","high-confidence-inferred"
"/subjects/math/calculus/derivatives/advanced-local-linearity-little-o/","/glossary/math/antiderivative/","glossary-term","high-confidence-inferred"
"/subjects/math/calculus/derivatives/advanced-local-linearity-little-o/","/glossary/math/derivative/","glossary-term","high-confidence-inferred"
"/subjects/math/calculus/derivatives/advanced-local-linearity-little-o/","/glossary/math/implicit-differentiation/","glossary-term","high-confidence-inferred"
"/subjects/math/calculus/derivatives/advanced-local-linearity-little-o/","/subjects/math/calculus/formula-sheets/derivative-rules/","formula-sheet","high-confidence-inferred"
"/subjects/math/calculus/derivatives/advanced-local-linearity-little-o/","/subjects/math/calculus/visuals/derivative-rules-map/","visual-guide","high-confidence-inferred"
"/subjects/math/calculus/derivatives/advanced-notes-2a/","/glossary/math/antiderivative/","glossary-term","high-confidence-inferred"
"/subjects/math/calculus/derivatives/advanced-notes-2a/","/glossary/math/derivative/","glossary-term","high-confidence-inferred"
"/subjects/math/calculus/derivatives/advanced-notes-2a/","/glossary/math/implicit-differentiation/","glossary-term","high-confidence-inferred"
"/subjects/math/calculus/derivatives/advanced-notes-2a/","/subjects/math/calculus/formula-sheets/derivative-rules/","formula-sheet","high-confidence-inferred"
"/subjects/math/calculus/derivatives/advanced-notes-2a/","/subjects/math/calculus/visuals/derivative-rules-map/","visual-guide","high-confidence-inferred"
"/subjects/math/calculus/derivatives/chain-exp-log/","/glossary/math/chain-rule/","glossary-term","high-confidence-inferred"
"/subjects/math/calculus/derivatives/chain-rule-basic/","/glossary/math/chain-rule/","glossary-term","high-confidence-inferred"
"/subjects/math/calculus/derivatives/chain-rule-concept-quiz/","/glossary/math/chain-rule/","glossary-term","high-confidence-inferred"
"/subjects/math/calculus/derivatives/chain-rule-map/","/glossary/math/chain-rule/","glossary-term","high-confidence-inferred"
"/subjects/math/calculus/derivatives/chain-rule-review/","/glossary/math/chain-rule/","glossary-term","high-confidence-inferred"
"/subjects/math/calculus/derivatives/chain-trig/","/glossary/math/chain-rule/","glossary-term","high-confidence-inferred"
"/subjects/math/calculus/derivatives/combined-rules/","/glossary/math/chain-rule/","glossary-term","high-confidence-inferred"
"/subjects/math/calculus/derivatives/composition/","/glossary/math/chain-rule/","glossary-term","high-confidence-inferred"
"/subjects/math/calculus/derivatives/core-rules-concept-quiz/","/glossary/math/antiderivative/","glossary-term","high-confidence-inferred"
"/subjects/math/calculus/derivatives/core-rules-concept-quiz/","/glossary/math/derivative/","glossary-term","high-confidence-inferred"
"/subjects/math/calculus/derivatives/core-rules-concept-quiz/","/glossary/math/implicit-differentiation/","glossary-term","high-confidence-inferred"
"/subjects/math/calculus/derivatives/core-rules-concept-quiz/","/subjects/math/calculus/formula-sheets/derivative-rules/","formula-sheet","high-confidence-inferred"
"/subjects/math/calculus/derivatives/core-rules-concept-quiz/","/subjects/math/calculus/visuals/derivative-rules-map/","visual-guide","high-confidence-inferred"
"/subjects/math/calculus/derivatives/core-rules-review/","/glossary/math/antiderivative/","glossary-term","high-confidence-inferred"
"/subjects/math/calculus/derivatives/core-rules-review/","/glossary/math/derivative/","glossary-term","high-confidence-inferred"
"/subjects/math/calculus/derivatives/core-rules-review/","/glossary/math/implicit-differentiation/","glossary-term","high-confidence-inferred"
"/subjects/math/calculus/derivatives/core-rules-review/","/subjects/math/calculus/formula-sheets/derivative-rules/","formula-sheet","high-confidence-inferred"
"/subjects/math/calculus/derivatives/core-rules-review/","/subjects/math/calculus/visuals/derivative-rules-map/","visual-guide","high-confidence-inferred"
"/subjects/math/calculus/derivatives/derivative-at-a-point/","/glossary/math/antiderivative/","glossary-term","high-confidence-inferred"
"/subjects/math/calculus/derivatives/derivative-at-a-point/","/glossary/math/derivative/","glossary-term","high-confidence-inferred"
"/subjects/math/calculus/derivatives/derivative-at-a-point/","/glossary/math/implicit-differentiation/","glossary-term","high-confidence-inferred"
"/subjects/math/calculus/derivatives/derivative-at-a-point/","/subjects/math/calculus/formula-sheets/derivative-rules/","formula-sheet","high-confidence-inferred"
"/subjects/math/calculus/derivatives/derivative-at-a-point/","/subjects/math/calculus/visuals/derivative-rules-map/","visual-guide","high-confidence-inferred"
"/subjects/math/calculus/derivatives/derivative-computation-strategy/","/glossary/math/antiderivative/","glossary-term","high-confidence-inferred"
"/subjects/math/calculus/derivatives/derivative-computation-strategy/","/glossary/math/derivative/","glossary-term","high-confidence-inferred"
"/subjects/math/calculus/derivatives/derivative-computation-strategy/","/glossary/math/implicit-differentiation/","glossary-term","high-confidence-inferred"
"/subjects/math/calculus/derivatives/derivative-computation-strategy/","/subjects/math/calculus/formula-sheets/derivative-rules/","formula-sheet","high-confidence-inferred"
"/subjects/math/calculus/derivatives/derivative-computation-strategy/","/subjects/math/calculus/visuals/derivative-rules-map/","visual-guide","high-confidence-inferred"
"/subjects/math/calculus/derivatives/derivative-function/","/glossary/math/antiderivative/","glossary-term","high-confidence-inferred"
"/subjects/math/calculus/derivatives/derivative-function/","/glossary/math/derivative/","glossary-term","high-confidence-inferred"
"/subjects/math/calculus/derivatives/derivative-function/","/glossary/math/implicit-differentiation/","glossary-term","high-confidence-inferred"
"/subjects/math/calculus/derivatives/derivative-function/","/subjects/math/calculus/formula-sheets/derivative-rules/","formula-sheet","high-confidence-inferred"
"/subjects/math/calculus/derivatives/derivative-function/","/subjects/math/calculus/visuals/derivative-rules-map/","visual-guide","high-confidence-inferred"
"/subjects/math/calculus/derivatives/difference-quotient-algebra/","/glossary/math/antiderivative/","glossary-term","high-confidence-inferred"
"/subjects/math/calculus/derivatives/difference-quotient-algebra/","/glossary/math/derivative/","glossary-term","high-confidence-inferred"
"/subjects/math/calculus/derivatives/difference-quotient-algebra/","/glossary/math/implicit-differentiation/","glossary-term","high-confidence-inferred"
"/subjects/math/calculus/derivatives/difference-quotient-algebra/","/subjects/math/calculus/formula-sheets/derivative-rules/","formula-sheet","high-confidence-inferred"
"/subjects/math/calculus/derivatives/difference-quotient-algebra/","/subjects/math/calculus/visuals/derivative-rules-map/","visual-guide","high-confidence-inferred"
"/subjects/math/calculus/derivatives/differentiability-and-continuity/","/glossary/math/continuity/","glossary-term","high-confidence-inferred"
"/subjects/math/calculus/derivatives/exponential-e/","/glossary/math/antiderivative/","glossary-term","high-confidence-inferred"
"/subjects/math/calculus/derivatives/exponential-e/","/glossary/math/derivative/","glossary-term","high-confidence-inferred"
"/subjects/math/calculus/derivatives/exponential-e/","/glossary/math/implicit-differentiation/","glossary-term","high-confidence-inferred"
"/subjects/math/calculus/derivatives/exponential-e/","/subjects/math/calculus/formula-sheets/derivative-rules/","formula-sheet","high-confidence-inferred"
"/subjects/math/calculus/derivatives/exponential-e/","/subjects/math/calculus/visuals/derivative-rules-map/","visual-guide","high-confidence-inferred"
"/subjects/math/calculus/derivatives/foundations-concept-quiz/","/glossary/math/antiderivative/","glossary-term","high-confidence-inferred"
"/subjects/math/calculus/derivatives/foundations-concept-quiz/","/glossary/math/derivative/","glossary-term","high-confidence-inferred"
"/subjects/math/calculus/derivatives/foundations-concept-quiz/","/glossary/math/implicit-differentiation/","glossary-term","high-confidence-inferred"
"/subjects/math/calculus/derivatives/foundations-concept-quiz/","/subjects/math/calculus/formula-sheets/derivative-rules/","formula-sheet","high-confidence-inferred"
"/subjects/math/calculus/derivatives/foundations-concept-quiz/","/subjects/math/calculus/visuals/derivative-rules-map/","visual-guide","high-confidence-inferred"
"/subjects/math/calculus/derivatives/foundations-review/","/glossary/math/antiderivative/","glossary-term","high-confidence-inferred"
"/subjects/math/calculus/derivatives/foundations-review/","/glossary/math/derivative/","glossary-term","high-confidence-inferred"
"/subjects/math/calculus/derivatives/foundations-review/","/glossary/math/implicit-differentiation/","glossary-term","high-confidence-inferred"
"/subjects/math/calculus/derivatives/foundations-review/","/subjects/math/calculus/formula-sheets/derivative-rules/","formula-sheet","high-confidence-inferred"
"/subjects/math/calculus/derivatives/foundations-review/","/subjects/math/calculus/visuals/derivative-rules-map/","visual-guide","high-confidence-inferred"
"/subjects/math/calculus/derivatives/from-graphs-and-tables/","/glossary/math/antiderivative/","glossary-term","high-confidence-inferred"
"/subjects/math/calculus/derivatives/from-graphs-and-tables/","/glossary/math/derivative/","glossary-term","high-confidence-inferred"
"/subjects/math/calculus/derivatives/from-graphs-and-tables/","/glossary/math/implicit-differentiation/","glossary-term","high-confidence-inferred"
"/subjects/math/calculus/derivatives/from-graphs-and-tables/","/subjects/math/calculus/formula-sheets/derivative-rules/","formula-sheet","high-confidence-inferred"
"/subjects/math/calculus/derivatives/from-graphs-and-tables/","/subjects/math/calculus/visuals/derivative-rules-map/","visual-guide","high-confidence-inferred"
"/subjects/math/calculus/derivatives/general-exponential/","/glossary/math/antiderivative/","glossary-term","high-confidence-inferred"
"/subjects/math/calculus/derivatives/general-exponential/","/glossary/math/derivative/","glossary-term","high-confidence-inferred"
"/subjects/math/calculus/derivatives/general-exponential/","/glossary/math/implicit-differentiation/","glossary-term","high-confidence-inferred"
"/subjects/math/calculus/derivatives/general-exponential/","/subjects/math/calculus/formula-sheets/derivative-rules/","formula-sheet","high-confidence-inferred"
"/subjects/math/calculus/derivatives/general-exponential/","/subjects/math/calculus/visuals/derivative-rules-map/","visual-guide","high-confidence-inferred"
"/subjects/math/calculus/derivatives/general-logarithms/","/glossary/math/antiderivative/","glossary-term","high-confidence-inferred"
"/subjects/math/calculus/derivatives/general-logarithms/","/glossary/math/derivative/","glossary-term","high-confidence-inferred"
"/subjects/math/calculus/derivatives/general-logarithms/","/glossary/math/implicit-differentiation/","glossary-term","high-confidence-inferred"
"/subjects/math/calculus/derivatives/general-logarithms/","/subjects/math/calculus/formula-sheets/derivative-rules/","formula-sheet","high-confidence-inferred"
"/subjects/math/calculus/derivatives/general-logarithms/","/subjects/math/calculus/visuals/derivative-rules-map/","visual-guide","high-confidence-inferred"
"/subjects/math/calculus/derivatives/higher-derivative-techniques/","/glossary/math/antiderivative/","glossary-term","high-confidence-inferred"
"/subjects/math/calculus/derivatives/higher-derivative-techniques/","/glossary/math/derivative/","glossary-term","high-confidence-inferred"
"/subjects/math/calculus/derivatives/higher-derivative-techniques/","/glossary/math/implicit-differentiation/","glossary-term","high-confidence-inferred"
"/subjects/math/calculus/derivatives/higher-derivative-techniques/","/subjects/math/calculus/formula-sheets/derivative-rules/","formula-sheet","high-confidence-inferred"
"/subjects/math/calculus/derivatives/higher-derivative-techniques/","/subjects/math/calculus/visuals/derivative-rules-map/","visual-guide","high-confidence-inferred"
"/subjects/math/calculus/derivatives/higher-derivatives/","/glossary/math/antiderivative/","glossary-term","high-confidence-inferred"
"/subjects/math/calculus/derivatives/higher-derivatives/","/glossary/math/derivative/","glossary-term","high-confidence-inferred"
"/subjects/math/calculus/derivatives/higher-derivatives/","/glossary/math/implicit-differentiation/","glossary-term","high-confidence-inferred"
"/subjects/math/calculus/derivatives/higher-derivatives/","/subjects/math/calculus/formula-sheets/derivative-rules/","formula-sheet","high-confidence-inferred"
"/subjects/math/calculus/derivatives/higher-derivatives/","/subjects/math/calculus/visuals/derivative-rules-map/","visual-guide","high-confidence-inferred"
"/subjects/math/calculus/derivatives/implicit-differentiation/","/glossary/math/antiderivative/","glossary-term","high-confidence-inferred"
"/subjects/math/calculus/derivatives/implicit-differentiation/","/glossary/math/derivative/","glossary-term","high-confidence-inferred"
"/subjects/math/calculus/derivatives/implicit-differentiation/","/glossary/math/implicit-differentiation/","glossary-term","high-confidence-inferred"
"/subjects/math/calculus/derivatives/implicit-differentiation/","/subjects/math/calculus/formula-sheets/derivative-rules/","formula-sheet","high-confidence-inferred"
"/subjects/math/calculus/derivatives/implicit-differentiation/","/subjects/math/calculus/visuals/derivative-rules-map/","visual-guide","high-confidence-inferred"
"/subjects/math/calculus/derivatives/implicit-inverse-concept-quiz/","/glossary/math/antiderivative/","glossary-term","high-confidence-inferred"
"/subjects/math/calculus/derivatives/implicit-inverse-concept-quiz/","/glossary/math/derivative/","glossary-term","high-confidence-inferred"
"/subjects/math/calculus/derivatives/implicit-inverse-concept-quiz/","/glossary/math/implicit-differentiation/","glossary-term","high-confidence-inferred"
"/subjects/math/calculus/derivatives/implicit-inverse-concept-quiz/","/subjects/math/calculus/formula-sheets/derivative-rules/","formula-sheet","high-confidence-inferred"
"/subjects/math/calculus/derivatives/implicit-inverse-concept-quiz/","/subjects/math/calculus/visuals/derivative-rules-map/","visual-guide","high-confidence-inferred"
"/subjects/math/calculus/derivatives/implicit-inverse-review/","/glossary/math/antiderivative/","glossary-term","high-confidence-inferred"
"/subjects/math/calculus/derivatives/implicit-inverse-review/","/glossary/math/derivative/","glossary-term","high-confidence-inferred"
"/subjects/math/calculus/derivatives/implicit-inverse-review/","/glossary/math/implicit-differentiation/","glossary-term","high-confidence-inferred"
"/subjects/math/calculus/derivatives/implicit-inverse-review/","/subjects/math/calculus/formula-sheets/derivative-rules/","formula-sheet","high-confidence-inferred"
"/subjects/math/calculus/derivatives/implicit-inverse-review/","/subjects/math/calculus/visuals/derivative-rules-map/","visual-guide","high-confidence-inferred"
"/subjects/math/calculus/derivatives/implicit-second-derivative/","/glossary/math/antiderivative/","glossary-term","high-confidence-inferred"
"/subjects/math/calculus/derivatives/implicit-second-derivative/","/glossary/math/derivative/","glossary-term","high-confidence-inferred"
"/subjects/math/calculus/derivatives/implicit-second-derivative/","/glossary/math/implicit-differentiation/","glossary-term","high-confidence-inferred"
"/subjects/math/calculus/derivatives/implicit-second-derivative/","/subjects/math/calculus/formula-sheets/derivative-rules/","formula-sheet","high-confidence-inferred"
"/subjects/math/calculus/derivatives/implicit-second-derivative/","/subjects/math/calculus/visuals/derivative-rules-map/","visual-guide","high-confidence-inferred"
"/subjects/math/calculus/derivatives/implicit-tangent-lines/","/glossary/math/antiderivative/","glossary-term","high-confidence-inferred"
"/subjects/math/calculus/derivatives/implicit-tangent-lines/","/glossary/math/derivative/","glossary-term","high-confidence-inferred"
"/subjects/math/calculus/derivatives/implicit-tangent-lines/","/glossary/math/implicit-differentiation/","glossary-term","high-confidence-inferred"
"/subjects/math/calculus/derivatives/implicit-tangent-lines/","/subjects/math/calculus/formula-sheets/derivative-rules/","formula-sheet","high-confidence-inferred"
"/subjects/math/calculus/derivatives/implicit-tangent-lines/","/subjects/math/calculus/visuals/derivative-rules-map/","visual-guide","high-confidence-inferred"
"/subjects/math/calculus/derivatives/inverse-function-rule/","/glossary/math/antiderivative/","glossary-term","high-confidence-inferred"
"/subjects/math/calculus/derivatives/inverse-function-rule/","/glossary/math/derivative/","glossary-term","high-confidence-inferred"
"/subjects/math/calculus/derivatives/inverse-function-rule/","/glossary/math/implicit-differentiation/","glossary-term","high-confidence-inferred"
"/subjects/math/calculus/derivatives/inverse-function-rule/","/subjects/math/calculus/formula-sheets/derivative-rules/","formula-sheet","high-confidence-inferred"
"/subjects/math/calculus/derivatives/inverse-function-rule/","/subjects/math/calculus/visuals/derivative-rules-map/","visual-guide","high-confidence-inferred"
"/subjects/math/calculus/derivatives/inverse-trig/","/glossary/math/antiderivative/","glossary-term","high-confidence-inferred"
"/subjects/math/calculus/derivatives/inverse-trig/","/glossary/math/derivative/","glossary-term","high-confidence-inferred"
"/subjects/math/calculus/derivatives/inverse-trig/","/glossary/math/implicit-differentiation/","glossary-term","high-confidence-inferred"
"/subjects/math/calculus/derivatives/inverse-trig/","/subjects/math/calculus/formula-sheets/derivative-rules/","formula-sheet","high-confidence-inferred"
"/subjects/math/calculus/derivatives/inverse-trig/","/subjects/math/calculus/visuals/derivative-rules-map/","visual-guide","high-confidence-inferred"
"/subjects/math/calculus/derivatives/logarithmic-differentiation/","/glossary/math/antiderivative/","glossary-term","high-confidence-inferred"
"/subjects/math/calculus/derivatives/logarithmic-differentiation/","/glossary/math/derivative/","glossary-term","high-confidence-inferred"
"/subjects/math/calculus/derivatives/logarithmic-differentiation/","/glossary/math/implicit-differentiation/","glossary-term","high-confidence-inferred"
"/subjects/math/calculus/derivatives/logarithmic-differentiation/","/subjects/math/calculus/formula-sheets/derivative-rules/","formula-sheet","high-confidence-inferred"
"/subjects/math/calculus/derivatives/logarithmic-differentiation/","/subjects/math/calculus/visuals/derivative-rules-map/","visual-guide","high-confidence-inferred"
"/subjects/math/calculus/derivatives/multiple-chain-layers/","/glossary/math/antiderivative/","glossary-term","high-confidence-inferred"
"/subjects/math/calculus/derivatives/multiple-chain-layers/","/glossary/math/derivative/","glossary-term","high-confidence-inferred"
"/subjects/math/calculus/derivatives/multiple-chain-layers/","/glossary/math/implicit-differentiation/","glossary-term","high-confidence-inferred"
"/subjects/math/calculus/derivatives/multiple-chain-layers/","/subjects/math/calculus/formula-sheets/derivative-rules/","formula-sheet","high-confidence-inferred"
"/subjects/math/calculus/derivatives/multiple-chain-layers/","/subjects/math/calculus/visuals/derivative-rules-map/","visual-guide","high-confidence-inferred"
"/subjects/math/calculus/derivatives/natural-log/","/glossary/math/antiderivative/","glossary-term","high-confidence-inferred"
"/subjects/math/calculus/derivatives/natural-log/","/glossary/math/derivative/","glossary-term","high-confidence-inferred"
"/subjects/math/calculus/derivatives/natural-log/","/glossary/math/implicit-differentiation/","glossary-term","high-confidence-inferred"
"/subjects/math/calculus/derivatives/natural-log/","/subjects/math/calculus/formula-sheets/derivative-rules/","formula-sheet","high-confidence-inferred"
"/subjects/math/calculus/derivatives/natural-log/","/subjects/math/calculus/visuals/derivative-rules-map/","visual-guide","high-confidence-inferred"
"/subjects/math/calculus/derivatives/negative-fractional-powers/","/glossary/math/antiderivative/","glossary-term","high-confidence-inferred"
"/subjects/math/calculus/derivatives/negative-fractional-powers/","/glossary/math/derivative/","glossary-term","high-confidence-inferred"
"/subjects/math/calculus/derivatives/negative-fractional-powers/","/glossary/math/implicit-differentiation/","glossary-term","high-confidence-inferred"
"/subjects/math/calculus/derivatives/negative-fractional-powers/","/subjects/math/calculus/formula-sheets/derivative-rules/","formula-sheet","high-confidence-inferred"
"/subjects/math/calculus/derivatives/negative-fractional-powers/","/subjects/math/calculus/visuals/derivative-rules-map/","visual-guide","high-confidence-inferred"
"/subjects/math/calculus/derivatives/notation-and-units/","/glossary/math/antiderivative/","glossary-term","high-confidence-inferred"
"/subjects/math/calculus/derivatives/notation-and-units/","/glossary/math/derivative/","glossary-term","high-confidence-inferred"
"/subjects/math/calculus/derivatives/notation-and-units/","/glossary/math/implicit-differentiation/","glossary-term","high-confidence-inferred"
"/subjects/math/calculus/derivatives/notation-and-units/","/subjects/math/calculus/formula-sheets/derivative-rules/","formula-sheet","high-confidence-inferred"
"/subjects/math/calculus/derivatives/notation-and-units/","/subjects/math/calculus/visuals/derivative-rules-map/","visual-guide","high-confidence-inferred"
"/subjects/math/calculus/derivatives/notation-guide/","/glossary/math/antiderivative/","glossary-term","high-confidence-inferred"
"/subjects/math/calculus/derivatives/notation-guide/","/glossary/math/derivative/","glossary-term","high-confidence-inferred"
"/subjects/math/calculus/derivatives/notation-guide/","/glossary/math/implicit-differentiation/","glossary-term","high-confidence-inferred"
"/subjects/math/calculus/derivatives/notation-guide/","/subjects/math/calculus/formula-sheets/derivative-rules/","formula-sheet","high-confidence-inferred"
"/subjects/math/calculus/derivatives/notation-guide/","/subjects/math/calculus/visuals/derivative-rules-map/","visual-guide","high-confidence-inferred"
"/subjects/math/calculus/derivatives/other-trig-functions/","/glossary/math/antiderivative/","glossary-term","high-confidence-inferred"
"/subjects/math/calculus/derivatives/other-trig-functions/","/glossary/math/derivative/","glossary-term","high-confidence-inferred"
"/subjects/math/calculus/derivatives/other-trig-functions/","/glossary/math/implicit-differentiation/","glossary-term","high-confidence-inferred"
"/subjects/math/calculus/derivatives/other-trig-functions/","/subjects/math/calculus/formula-sheets/derivative-rules/","formula-sheet","high-confidence-inferred"
"/subjects/math/calculus/derivatives/other-trig-functions/","/subjects/math/calculus/visuals/derivative-rules-map/","visual-guide","high-confidence-inferred"
"/subjects/math/calculus/derivatives/power-rule/","/glossary/math/antiderivative/","glossary-term","high-confidence-inferred"
"/subjects/math/calculus/derivatives/power-rule/","/glossary/math/derivative/","glossary-term","high-confidence-inferred"
"/subjects/math/calculus/derivatives/power-rule/","/glossary/math/implicit-differentiation/","glossary-term","high-confidence-inferred"
"/subjects/math/calculus/derivatives/power-rule/","/subjects/math/calculus/formula-sheets/derivative-rules/","formula-sheet","high-confidence-inferred"
"/subjects/math/calculus/derivatives/power-rule/","/subjects/math/calculus/visuals/derivative-rules-map/","visual-guide","high-confidence-inferred"
"/subjects/math/calculus/derivatives/practice-exam-a-answer-key/","/glossary/math/antiderivative/","glossary-term","high-confidence-inferred"
"/subjects/math/calculus/derivatives/practice-exam-a-answer-key/","/glossary/math/derivative/","glossary-term","high-confidence-inferred"
"/subjects/math/calculus/derivatives/practice-exam-a-answer-key/","/glossary/math/implicit-differentiation/","glossary-term","high-confidence-inferred"
"/subjects/math/calculus/derivatives/practice-exam-a-answer-key/","/subjects/math/calculus/formula-sheets/derivative-rules/","formula-sheet","high-confidence-inferred"
"/subjects/math/calculus/derivatives/practice-exam-a-answer-key/","/subjects/math/calculus/visuals/derivative-rules-map/","visual-guide","high-confidence-inferred"
"/subjects/math/calculus/derivatives/practice-exam-b-answer-key/","/glossary/math/antiderivative/","glossary-term","high-confidence-inferred"
"/subjects/math/calculus/derivatives/practice-exam-b-answer-key/","/glossary/math/derivative/","glossary-term","high-confidence-inferred"
"/subjects/math/calculus/derivatives/practice-exam-b-answer-key/","/glossary/math/implicit-differentiation/","glossary-term","high-confidence-inferred"
"/subjects/math/calculus/derivatives/practice-exam-b-answer-key/","/subjects/math/calculus/formula-sheets/derivative-rules/","formula-sheet","high-confidence-inferred"
"/subjects/math/calculus/derivatives/practice-exam-b-answer-key/","/subjects/math/calculus/visuals/derivative-rules-map/","visual-guide","high-confidence-inferred"
"/subjects/math/calculus/derivatives/prerequisite-diagnostic/","/glossary/math/antiderivative/","glossary-term","high-confidence-inferred"
"/subjects/math/calculus/derivatives/prerequisite-diagnostic/","/glossary/math/derivative/","glossary-term","high-confidence-inferred"
"/subjects/math/calculus/derivatives/prerequisite-diagnostic/","/glossary/math/implicit-differentiation/","glossary-term","high-confidence-inferred"
"/subjects/math/calculus/derivatives/prerequisite-diagnostic/","/subjects/math/calculus/formula-sheets/derivative-rules/","formula-sheet","high-confidence-inferred"
"/subjects/math/calculus/derivatives/prerequisite-diagnostic/","/subjects/math/calculus/visuals/derivative-rules-map/","visual-guide","high-confidence-inferred"
"/subjects/math/calculus/derivatives/product-rule/","/glossary/math/antiderivative/","glossary-term","high-confidence-inferred"
"/subjects/math/calculus/derivatives/product-rule/","/glossary/math/derivative/","glossary-term","high-confidence-inferred"
"/subjects/math/calculus/derivatives/product-rule/","/glossary/math/implicit-differentiation/","glossary-term","high-confidence-inferred"
"/subjects/math/calculus/derivatives/product-rule/","/subjects/math/calculus/formula-sheets/derivative-rules/","formula-sheet","high-confidence-inferred"
"/subjects/math/calculus/derivatives/product-rule/","/subjects/math/calculus/visuals/derivative-rules-map/","visual-guide","high-confidence-inferred"
"/subjects/math/calculus/derivatives/quotient-rule/","/glossary/math/antiderivative/","glossary-term","high-confidence-inferred"
"/subjects/math/calculus/derivatives/quotient-rule/","/glossary/math/derivative/","glossary-term","high-confidence-inferred"
"/subjects/math/calculus/derivatives/quotient-rule/","/glossary/math/implicit-differentiation/","glossary-term","high-confidence-inferred"
"/subjects/math/calculus/derivatives/quotient-rule/","/subjects/math/calculus/formula-sheets/derivative-rules/","formula-sheet","high-confidence-inferred"
"/subjects/math/calculus/derivatives/quotient-rule/","/subjects/math/calculus/visuals/derivative-rules-map/","visual-guide","high-confidence-inferred"
"/subjects/math/calculus/derivatives/rule-selection/","/glossary/math/antiderivative/","glossary-term","high-confidence-inferred"
"/subjects/math/calculus/derivatives/rule-selection/","/glossary/math/derivative/","glossary-term","high-confidence-inferred"
"/subjects/math/calculus/derivatives/rule-selection/","/glossary/math/implicit-differentiation/","glossary-term","high-confidence-inferred"
"/subjects/math/calculus/derivatives/rule-selection/","/subjects/math/calculus/formula-sheets/derivative-rules/","formula-sheet","high-confidence-inferred"
"/subjects/math/calculus/derivatives/rule-selection/","/subjects/math/calculus/visuals/derivative-rules-map/","visual-guide","high-confidence-inferred"
"/subjects/math/calculus/derivatives/sine-and-cosine/","/glossary/math/antiderivative/","glossary-term","high-confidence-inferred"
"/subjects/math/calculus/derivatives/sine-and-cosine/","/glossary/math/derivative/","glossary-term","high-confidence-inferred"
"/subjects/math/calculus/derivatives/sine-and-cosine/","/glossary/math/implicit-differentiation/","glossary-term","high-confidence-inferred"
"/subjects/math/calculus/derivatives/sine-and-cosine/","/subjects/math/calculus/formula-sheets/derivative-rules/","formula-sheet","high-confidence-inferred"
"/subjects/math/calculus/derivatives/sine-and-cosine/","/subjects/math/calculus/visuals/derivative-rules-map/","visual-guide","high-confidence-inferred"
"/subjects/math/calculus/derivatives/special-functions-concept-quiz/","/glossary/math/antiderivative/","glossary-term","high-confidence-inferred"
"/subjects/math/calculus/derivatives/special-functions-concept-quiz/","/glossary/math/derivative/","glossary-term","high-confidence-inferred"
"/subjects/math/calculus/derivatives/special-functions-concept-quiz/","/glossary/math/implicit-differentiation/","glossary-term","high-confidence-inferred"
"/subjects/math/calculus/derivatives/special-functions-concept-quiz/","/subjects/math/calculus/formula-sheets/derivative-rules/","formula-sheet","high-confidence-inferred"
"/subjects/math/calculus/derivatives/special-functions-concept-quiz/","/subjects/math/calculus/visuals/derivative-rules-map/","visual-guide","high-confidence-inferred"
"/subjects/math/calculus/derivatives/special-functions-review/","/glossary/math/antiderivative/","glossary-term","high-confidence-inferred"
"/subjects/math/calculus/derivatives/special-functions-review/","/glossary/math/derivative/","glossary-term","high-confidence-inferred"
"/subjects/math/calculus/derivatives/special-functions-review/","/glossary/math/implicit-differentiation/","glossary-term","high-confidence-inferred"
"/subjects/math/calculus/derivatives/special-functions-review/","/subjects/math/calculus/formula-sheets/derivative-rules/","formula-sheet","high-confidence-inferred"
"/subjects/math/calculus/derivatives/special-functions-review/","/subjects/math/calculus/visuals/derivative-rules-map/","visual-guide","high-confidence-inferred"
"/subjects/math/calculus/derivatives/sum-and-constant-multiple-rules/","/glossary/math/antiderivative/","glossary-term","high-confidence-inferred"
"/subjects/math/calculus/derivatives/sum-and-constant-multiple-rules/","/glossary/math/derivative/","glossary-term","high-confidence-inferred"
"/subjects/math/calculus/derivatives/sum-and-constant-multiple-rules/","/glossary/math/implicit-differentiation/","glossary-term","high-confidence-inferred"
"/subjects/math/calculus/derivatives/sum-and-constant-multiple-rules/","/subjects/math/calculus/formula-sheets/derivative-rules/","formula-sheet","high-confidence-inferred"
"/subjects/math/calculus/derivatives/sum-and-constant-multiple-rules/","/subjects/math/calculus/visuals/derivative-rules-map/","visual-guide","high-confidence-inferred"
"/subjects/math/calculus/derivatives/tangent-line-equation/","/glossary/math/antiderivative/","glossary-term","high-confidence-inferred"
"/subjects/math/calculus/derivatives/tangent-line-equation/","/glossary/math/derivative/","glossary-term","high-confidence-inferred"
"/subjects/math/calculus/derivatives/tangent-line-equation/","/glossary/math/implicit-differentiation/","glossary-term","high-confidence-inferred"
"/subjects/math/calculus/derivatives/tangent-line-equation/","/subjects/math/calculus/formula-sheets/derivative-rules/","formula-sheet","high-confidence-inferred"
"/subjects/math/calculus/derivatives/tangent-line-equation/","/subjects/math/calculus/visuals/derivative-rules-map/","visual-guide","high-confidence-inferred"
"/subjects/math/calculus/derivatives/unit-2a-common-errors/","/glossary/math/antiderivative/","glossary-term","high-confidence-inferred"
"/subjects/math/calculus/derivatives/unit-2a-common-errors/","/glossary/math/derivative/","glossary-term","high-confidence-inferred"
"/subjects/math/calculus/derivatives/unit-2a-common-errors/","/glossary/math/implicit-differentiation/","glossary-term","high-confidence-inferred"
"/subjects/math/calculus/derivatives/unit-2a-common-errors/","/subjects/math/calculus/formula-sheets/derivative-rules/","formula-sheet","high-confidence-inferred"
"/subjects/math/calculus/derivatives/unit-2a-common-errors/","/subjects/math/calculus/visuals/derivative-rules-map/","visual-guide","high-confidence-inferred"
"/subjects/math/calculus/derivatives/unit-2a-cumulative-practice/","/glossary/math/antiderivative/","glossary-term","high-confidence-inferred"
"/subjects/math/calculus/derivatives/unit-2a-cumulative-practice/","/glossary/math/derivative/","glossary-term","high-confidence-inferred"
"/subjects/math/calculus/derivatives/unit-2a-cumulative-practice/","/glossary/math/implicit-differentiation/","glossary-term","high-confidence-inferred"
"/subjects/math/calculus/derivatives/unit-2a-cumulative-practice/","/subjects/math/calculus/formula-sheets/derivative-rules/","formula-sheet","high-confidence-inferred"
"/subjects/math/calculus/derivatives/unit-2a-cumulative-practice/","/subjects/math/calculus/visuals/derivative-rules-map/","visual-guide","high-confidence-inferred"
"/subjects/math/calculus/derivatives/unit-2a-practice-exam-a/","/glossary/math/antiderivative/","glossary-term","high-confidence-inferred"
"/subjects/math/calculus/derivatives/unit-2a-practice-exam-a/","/glossary/math/derivative/","glossary-term","high-confidence-inferred"
"/subjects/math/calculus/derivatives/unit-2a-practice-exam-a/","/glossary/math/implicit-differentiation/","glossary-term","high-confidence-inferred"
"/subjects/math/calculus/derivatives/unit-2a-practice-exam-a/","/subjects/math/calculus/formula-sheets/derivative-rules/","formula-sheet","high-confidence-inferred"
"/subjects/math/calculus/derivatives/unit-2a-practice-exam-a/","/subjects/math/calculus/visuals/derivative-rules-map/","visual-guide","high-confidence-inferred"
"/subjects/math/calculus/derivatives/unit-2a-practice-exam-b/","/glossary/math/antiderivative/","glossary-term","high-confidence-inferred"
"/subjects/math/calculus/derivatives/unit-2a-practice-exam-b/","/glossary/math/derivative/","glossary-term","high-confidence-inferred"
"/subjects/math/calculus/derivatives/unit-2a-practice-exam-b/","/glossary/math/implicit-differentiation/","glossary-term","high-confidence-inferred"
"/subjects/math/calculus/derivatives/unit-2a-practice-exam-b/","/subjects/math/calculus/formula-sheets/derivative-rules/","formula-sheet","high-confidence-inferred"
"/subjects/math/calculus/derivatives/unit-2a-practice-exam-b/","/subjects/math/calculus/visuals/derivative-rules-map/","visual-guide","high-confidence-inferred"
"/subjects/math/calculus/derivatives/unit-2a-reference/","/glossary/math/antiderivative/","glossary-term","high-confidence-inferred"
"/subjects/math/calculus/derivatives/unit-2a-reference/","/glossary/math/derivative/","glossary-term","high-confidence-inferred"
"/subjects/math/calculus/derivatives/unit-2a-reference/","/glossary/math/implicit-differentiation/","glossary-term","high-confidence-inferred"
"/subjects/math/calculus/derivatives/unit-2a-reference/","/subjects/math/calculus/formula-sheets/derivative-rules/","formula-sheet","high-confidence-inferred"
"/subjects/math/calculus/derivatives/unit-2a-reference/","/subjects/math/calculus/visuals/derivative-rules-map/","visual-guide","high-confidence-inferred"
"/subjects/math/calculus/derivatives/unit-2a-review/","/glossary/math/antiderivative/","glossary-term","high-confidence-inferred"
"/subjects/math/calculus/derivatives/unit-2a-review/","/glossary/math/derivative/","glossary-term","high-confidence-inferred"
"/subjects/math/calculus/derivatives/unit-2a-review/","/glossary/math/implicit-differentiation/","glossary-term","high-confidence-inferred"
"/subjects/math/calculus/derivatives/unit-2a-review/","/subjects/math/calculus/formula-sheets/derivative-rules/","formula-sheet","high-confidence-inferred"
"/subjects/math/calculus/derivatives/unit-2a-review/","/subjects/math/calculus/visuals/derivative-rules-map/","visual-guide","high-confidence-inferred"
"/subjects/math/calculus/derivatives/variable-exponents/","/glossary/math/antiderivative/","glossary-term","high-confidence-inferred"
"/subjects/math/calculus/derivatives/variable-exponents/","/glossary/math/derivative/","glossary-term","high-confidence-inferred"
"/subjects/math/calculus/derivatives/variable-exponents/","/glossary/math/implicit-differentiation/","glossary-term","high-confidence-inferred"
"/subjects/math/calculus/derivatives/variable-exponents/","/subjects/math/calculus/formula-sheets/derivative-rules/","formula-sheet","high-confidence-inferred"
"/subjects/math/calculus/derivatives/variable-exponents/","/subjects/math/calculus/visuals/derivative-rules-map/","visual-guide","high-confidence-inferred"
"/subjects/math/calculus/derivatives/what-does-derivative-mean/","/glossary/math/antiderivative/","glossary-term","high-confidence-inferred"
"/subjects/math/calculus/derivatives/what-does-derivative-mean/","/glossary/math/derivative/","glossary-term","high-confidence-inferred"
"/subjects/math/calculus/derivatives/what-does-derivative-mean/","/glossary/math/implicit-differentiation/","glossary-term","high-confidence-inferred"
"/subjects/math/calculus/derivatives/what-does-derivative-mean/","/subjects/math/calculus/formula-sheets/derivative-rules/","formula-sheet","high-confidence-inferred"
"/subjects/math/calculus/derivatives/what-does-derivative-mean/","/subjects/math/calculus/visuals/derivative-rules-map/","visual-guide","high-confidence-inferred"
"/subjects/math/calculus/derivatives/what-implicit-means/","/glossary/math/antiderivative/","glossary-term","high-confidence-inferred"
"/subjects/math/calculus/derivatives/what-implicit-means/","/glossary/math/derivative/","glossary-term","high-confidence-inferred"
"/subjects/math/calculus/derivatives/what-implicit-means/","/glossary/math/implicit-differentiation/","glossary-term","high-confidence-inferred"
"/subjects/math/calculus/derivatives/what-implicit-means/","/subjects/math/calculus/formula-sheets/derivative-rules/","formula-sheet","high-confidence-inferred"
"/subjects/math/calculus/derivatives/what-implicit-means/","/subjects/math/calculus/visuals/derivative-rules-map/","visual-guide","high-confidence-inferred"
"/subjects/math/calculus/derivatives/why-derivative-rules-work/","/glossary/math/antiderivative/","glossary-term","high-confidence-inferred"
"/subjects/math/calculus/derivatives/why-derivative-rules-work/","/glossary/math/derivative/","glossary-term","high-confidence-inferred"
"/subjects/math/calculus/derivatives/why-derivative-rules-work/","/glossary/math/implicit-differentiation/","glossary-term","high-confidence-inferred"
"/subjects/math/calculus/derivatives/why-derivative-rules-work/","/subjects/math/calculus/formula-sheets/derivative-rules/","formula-sheet","high-confidence-inferred"
"/subjects/math/calculus/derivatives/why-derivative-rules-work/","/subjects/math/calculus/visuals/derivative-rules-map/","visual-guide","high-confidence-inferred"
"/subjects/math/calculus/derivatives/why-derivatives-matter/","/glossary/math/antiderivative/","glossary-term","high-confidence-inferred"
"/subjects/math/calculus/derivatives/why-derivatives-matter/","/glossary/math/derivative/","glossary-term","high-confidence-inferred"
"/subjects/math/calculus/derivatives/why-derivatives-matter/","/glossary/math/implicit-differentiation/","glossary-term","high-confidence-inferred"
"/subjects/math/calculus/derivatives/why-derivatives-matter/","/subjects/math/calculus/formula-sheets/derivative-rules/","formula-sheet","high-confidence-inferred"
"/subjects/math/calculus/derivatives/why-derivatives-matter/","/subjects/math/calculus/visuals/derivative-rules-map/","visual-guide","high-confidence-inferred"
"/subjects/math/calculus/derivatives/why-special-derivatives-are-not-random/","/glossary/math/antiderivative/","glossary-term","high-confidence-inferred"
"/subjects/math/calculus/derivatives/why-special-derivatives-are-not-random/","/glossary/math/derivative/","glossary-term","high-confidence-inferred"
"/subjects/math/calculus/derivatives/why-special-derivatives-are-not-random/","/glossary/math/implicit-differentiation/","glossary-term","high-confidence-inferred"
"/subjects/math/calculus/derivatives/why-special-derivatives-are-not-random/","/subjects/math/calculus/formula-sheets/derivative-rules/","formula-sheet","high-confidence-inferred"
"/subjects/math/calculus/derivatives/why-special-derivatives-are-not-random/","/subjects/math/calculus/visuals/derivative-rules-map/","visual-guide","high-confidence-inferred"
"/subjects/math/calculus/integrals/accumulation-functions/","/glossary/math/definite-integral/","glossary-term","high-confidence-inferred"
"/subjects/math/calculus/integrals/accumulation-functions/","/glossary/math/improper-integral/","glossary-term","high-confidence-inferred"
"/subjects/math/calculus/integrals/accumulation-functions/","/subjects/math/calculus/visuals/riemann-sum-progression/","visual-guide","high-confidence-inferred"
"/subjects/math/calculus/integrals/accumulation-functions/","/tools/math/calculus/integration-method-finder/","tool","high-confidence-inferred"
"/subjects/math/calculus/integrals/antiderivatives/","/glossary/math/antiderivative/","glossary-term","high-confidence-inferred"
"/subjects/math/calculus/integrals/antiderivatives/","/glossary/math/derivative/","glossary-term","high-confidence-inferred"
"/subjects/math/calculus/integrals/antiderivatives/","/glossary/math/implicit-differentiation/","glossary-term","high-confidence-inferred"
"/subjects/math/calculus/integrals/antiderivatives/","/subjects/math/calculus/formula-sheets/derivative-rules/","formula-sheet","high-confidence-inferred"
"/subjects/math/calculus/integrals/antiderivatives/","/subjects/math/calculus/visuals/derivative-rules-map/","visual-guide","high-confidence-inferred"
"/subjects/math/calculus/integrals/average-value-of-a-function/","/glossary/math/definite-integral/","glossary-term","high-confidence-inferred"
"/subjects/math/calculus/integrals/average-value-of-a-function/","/glossary/math/improper-integral/","glossary-term","high-confidence-inferred"
"/subjects/math/calculus/integrals/average-value-of-a-function/","/subjects/math/calculus/visuals/riemann-sum-progression/","visual-guide","high-confidence-inferred"
"/subjects/math/calculus/integrals/average-value-of-a-function/","/tools/math/calculus/integration-method-finder/","tool","high-confidence-inferred"
"/subjects/math/calculus/integrals/basic-antiderivative-rules/","/glossary/math/antiderivative/","glossary-term","high-confidence-inferred"
"/subjects/math/calculus/integrals/basic-antiderivative-rules/","/glossary/math/derivative/","glossary-term","high-confidence-inferred"
"/subjects/math/calculus/integrals/basic-antiderivative-rules/","/glossary/math/implicit-differentiation/","glossary-term","high-confidence-inferred"
"/subjects/math/calculus/integrals/basic-antiderivative-rules/","/subjects/math/calculus/formula-sheets/derivative-rules/","formula-sheet","high-confidence-inferred"
"/subjects/math/calculus/integrals/basic-antiderivative-rules/","/subjects/math/calculus/visuals/derivative-rules-map/","visual-guide","high-confidence-inferred"
"/subjects/math/calculus/integrals/common-errors/","/glossary/math/definite-integral/","glossary-term","high-confidence-inferred"
"/subjects/math/calculus/integrals/common-errors/","/glossary/math/improper-integral/","glossary-term","high-confidence-inferred"
"/subjects/math/calculus/integrals/common-errors/","/subjects/math/calculus/visuals/riemann-sum-progression/","visual-guide","high-confidence-inferred"
"/subjects/math/calculus/integrals/common-errors/","/tools/math/calculus/integration-method-finder/","tool","high-confidence-inferred"
"/subjects/math/calculus/integrals/cumulative-practice/","/glossary/math/definite-integral/","glossary-term","high-confidence-inferred"
"/subjects/math/calculus/integrals/cumulative-practice/","/glossary/math/improper-integral/","glossary-term","high-confidence-inferred"
"/subjects/math/calculus/integrals/cumulative-practice/","/subjects/math/calculus/visuals/riemann-sum-progression/","visual-guide","high-confidence-inferred"
"/subjects/math/calculus/integrals/cumulative-practice/","/tools/math/calculus/integration-method-finder/","tool","high-confidence-inferred"
"/subjects/math/calculus/integrals/definite-integral-signed-area/","/glossary/math/definite-integral/","glossary-term","high-confidence-inferred"
"/subjects/math/calculus/integrals/definite-integral-signed-area/","/glossary/math/improper-integral/","glossary-term","high-confidence-inferred"
"/subjects/math/calculus/integrals/definite-integral-signed-area/","/subjects/math/calculus/visuals/riemann-sum-progression/","visual-guide","high-confidence-inferred"
"/subjects/math/calculus/integrals/definite-integral-signed-area/","/tools/math/calculus/integration-method-finder/","tool","high-confidence-inferred"
"/subjects/math/calculus/integrals/definite-integrals-by-substitution/","/glossary/math/definite-integral/","glossary-term","high-confidence-inferred"
"/subjects/math/calculus/integrals/definite-integrals-by-substitution/","/glossary/math/improper-integral/","glossary-term","high-confidence-inferred"
"/subjects/math/calculus/integrals/definite-integrals-by-substitution/","/subjects/math/calculus/visuals/riemann-sum-progression/","visual-guide","high-confidence-inferred"
"/subjects/math/calculus/integrals/definite-integrals-by-substitution/","/tools/math/calculus/integration-method-finder/","tool","high-confidence-inferred"
"/subjects/math/calculus/integrals/displacement-and-distance/","/glossary/math/definite-integral/","glossary-term","high-confidence-inferred"
"/subjects/math/calculus/integrals/displacement-and-distance/","/glossary/math/improper-integral/","glossary-term","high-confidence-inferred"
"/subjects/math/calculus/integrals/displacement-and-distance/","/subjects/math/calculus/visuals/riemann-sum-progression/","visual-guide","high-confidence-inferred"
"/subjects/math/calculus/integrals/displacement-and-distance/","/tools/math/calculus/integration-method-finder/","tool","high-confidence-inferred"
"/subjects/math/calculus/integrals/fundamental-theorem-part-one/","/glossary/math/definite-integral/","glossary-term","high-confidence-inferred"
"/subjects/math/calculus/integrals/fundamental-theorem-part-one/","/glossary/math/improper-integral/","glossary-term","high-confidence-inferred"
"/subjects/math/calculus/integrals/fundamental-theorem-part-one/","/subjects/math/calculus/visuals/riemann-sum-progression/","visual-guide","high-confidence-inferred"
"/subjects/math/calculus/integrals/fundamental-theorem-part-one/","/tools/math/calculus/integration-method-finder/","tool","high-confidence-inferred"
"/subjects/math/calculus/integrals/fundamental-theorem-part-two/","/glossary/math/definite-integral/","glossary-term","high-confidence-inferred"
"/subjects/math/calculus/integrals/fundamental-theorem-part-two/","/glossary/math/improper-integral/","glossary-term","high-confidence-inferred"
"/subjects/math/calculus/integrals/fundamental-theorem-part-two/","/subjects/math/calculus/visuals/riemann-sum-progression/","visual-guide","high-confidence-inferred"
"/subjects/math/calculus/integrals/fundamental-theorem-part-two/","/tools/math/calculus/integration-method-finder/","tool","high-confidence-inferred"
"/subjects/math/calculus/integrals/improper-integrals-infinite-intervals/","/glossary/math/definite-integral/","glossary-term","high-confidence-inferred"
"/subjects/math/calculus/integrals/improper-integrals-infinite-intervals/","/glossary/math/improper-integral/","glossary-term","high-confidence-inferred"
"/subjects/math/calculus/integrals/improper-integrals-infinite-intervals/","/subjects/math/calculus/visuals/riemann-sum-progression/","visual-guide","high-confidence-inferred"
"/subjects/math/calculus/integrals/improper-integrals-infinite-intervals/","/tools/math/calculus/integration-method-finder/","tool","high-confidence-inferred"
"/subjects/math/calculus/integrals/improper-integrals-unbounded-functions/","/glossary/math/definite-integral/","glossary-term","high-confidence-inferred"
"/subjects/math/calculus/integrals/improper-integrals-unbounded-functions/","/glossary/math/improper-integral/","glossary-term","high-confidence-inferred"
"/subjects/math/calculus/integrals/improper-integrals-unbounded-functions/","/subjects/math/calculus/visuals/riemann-sum-progression/","visual-guide","high-confidence-inferred"
"/subjects/math/calculus/integrals/improper-integrals-unbounded-functions/","/tools/math/calculus/integration-method-finder/","tool","high-confidence-inferred"
"/subjects/math/calculus/integrals/indefinite-integrals-and-c/","/glossary/math/definite-integral/","glossary-term","high-confidence-inferred"
"/subjects/math/calculus/integrals/indefinite-integrals-and-c/","/glossary/math/improper-integral/","glossary-term","high-confidence-inferred"
"/subjects/math/calculus/integrals/indefinite-integrals-and-c/","/subjects/math/calculus/visuals/riemann-sum-progression/","visual-guide","high-confidence-inferred"
"/subjects/math/calculus/integrals/indefinite-integrals-and-c/","/tools/math/calculus/integration-method-finder/","tool","high-confidence-inferred"
"/subjects/math/calculus/integrals/initial-value-problems/","/glossary/math/definite-integral/","glossary-term","high-confidence-inferred"
"/subjects/math/calculus/integrals/initial-value-problems/","/glossary/math/improper-integral/","glossary-term","high-confidence-inferred"
"/subjects/math/calculus/integrals/initial-value-problems/","/subjects/math/calculus/visuals/riemann-sum-progression/","visual-guide","high-confidence-inferred"
"/subjects/math/calculus/integrals/initial-value-problems/","/tools/math/calculus/integration-method-finder/","tool","high-confidence-inferred"
"/subjects/math/calculus/integrals/integration-strategy/","/glossary/math/definite-integral/","glossary-term","high-confidence-inferred"
"/subjects/math/calculus/integrals/integration-strategy/","/glossary/math/improper-integral/","glossary-term","high-confidence-inferred"
"/subjects/math/calculus/integrals/integration-strategy/","/subjects/math/calculus/visuals/riemann-sum-progression/","visual-guide","high-confidence-inferred"
"/subjects/math/calculus/integrals/integration-strategy/","/tools/math/calculus/integration-method-finder/","tool","high-confidence-inferred"
"/subjects/math/calculus/integrals/left-right-midpoint-riemann-sums/","/glossary/math/definite-integral/","glossary-term","high-confidence-inferred"
"/subjects/math/calculus/integrals/left-right-midpoint-riemann-sums/","/glossary/math/improper-integral/","glossary-term","high-confidence-inferred"
"/subjects/math/calculus/integrals/left-right-midpoint-riemann-sums/","/subjects/math/calculus/visuals/riemann-sum-progression/","visual-guide","high-confidence-inferred"
"/subjects/math/calculus/integrals/left-right-midpoint-riemann-sums/","/tools/math/calculus/integration-method-finder/","tool","high-confidence-inferred"
"/subjects/math/calculus/integrals/net-change-theorem/","/glossary/math/definite-integral/","glossary-term","high-confidence-inferred"
"/subjects/math/calculus/integrals/net-change-theorem/","/glossary/math/improper-integral/","glossary-term","high-confidence-inferred"
"/subjects/math/calculus/integrals/net-change-theorem/","/subjects/math/calculus/visuals/riemann-sum-progression/","visual-guide","high-confidence-inferred"
"/subjects/math/calculus/integrals/net-change-theorem/","/tools/math/calculus/integration-method-finder/","tool","high-confidence-inferred"
"/subjects/math/calculus/integrals/numerical-integration/","/glossary/math/definite-integral/","glossary-term","high-confidence-inferred"
"/subjects/math/calculus/integrals/numerical-integration/","/glossary/math/improper-integral/","glossary-term","high-confidence-inferred"
"/subjects/math/calculus/integrals/numerical-integration/","/subjects/math/calculus/visuals/riemann-sum-progression/","visual-guide","high-confidence-inferred"
"/subjects/math/calculus/integrals/numerical-integration/","/tools/math/calculus/integration-method-finder/","tool","high-confidence-inferred"
"/subjects/math/calculus/integrals/partial-fractions/","/glossary/math/definite-integral/","glossary-term","high-confidence-inferred"
"/subjects/math/calculus/integrals/partial-fractions/","/glossary/math/improper-integral/","glossary-term","high-confidence-inferred"
"/subjects/math/calculus/integrals/partial-fractions/","/subjects/math/calculus/visuals/riemann-sum-progression/","visual-guide","high-confidence-inferred"
"/subjects/math/calculus/integrals/partial-fractions/","/tools/math/calculus/integration-method-finder/","tool","high-confidence-inferred"
"/subjects/math/calculus/integrals/partitions-and-sigma-notation/","/glossary/math/definite-integral/","glossary-term","high-confidence-inferred"
"/subjects/math/calculus/integrals/partitions-and-sigma-notation/","/glossary/math/improper-integral/","glossary-term","high-confidence-inferred"
"/subjects/math/calculus/integrals/partitions-and-sigma-notation/","/subjects/math/calculus/visuals/riemann-sum-progression/","visual-guide","high-confidence-inferred"
"/subjects/math/calculus/integrals/partitions-and-sigma-notation/","/tools/math/calculus/integration-method-finder/","tool","high-confidence-inferred"
"/subjects/math/calculus/integrals/practice-exam-a-answer-key/","/glossary/math/definite-integral/","glossary-term","high-confidence-inferred"
"/subjects/math/calculus/integrals/practice-exam-a-answer-key/","/glossary/math/improper-integral/","glossary-term","high-confidence-inferred"
"/subjects/math/calculus/integrals/practice-exam-a-answer-key/","/subjects/math/calculus/visuals/riemann-sum-progression/","visual-guide","high-confidence-inferred"
"/subjects/math/calculus/integrals/practice-exam-a-answer-key/","/tools/math/calculus/integration-method-finder/","tool","high-confidence-inferred"
"/subjects/math/calculus/integrals/practice-exam-a/","/glossary/math/definite-integral/","glossary-term","high-confidence-inferred"
"/subjects/math/calculus/integrals/practice-exam-a/","/glossary/math/improper-integral/","glossary-term","high-confidence-inferred"
"/subjects/math/calculus/integrals/practice-exam-a/","/subjects/math/calculus/visuals/riemann-sum-progression/","visual-guide","high-confidence-inferred"
"/subjects/math/calculus/integrals/practice-exam-a/","/tools/math/calculus/integration-method-finder/","tool","high-confidence-inferred"
"/subjects/math/calculus/integrals/practice-exam-b-answer-key/","/glossary/math/definite-integral/","glossary-term","high-confidence-inferred"
"/subjects/math/calculus/integrals/practice-exam-b-answer-key/","/glossary/math/improper-integral/","glossary-term","high-confidence-inferred"
"/subjects/math/calculus/integrals/practice-exam-b-answer-key/","/subjects/math/calculus/visuals/riemann-sum-progression/","visual-guide","high-confidence-inferred"
"/subjects/math/calculus/integrals/practice-exam-b-answer-key/","/tools/math/calculus/integration-method-finder/","tool","high-confidence-inferred"
"/subjects/math/calculus/integrals/practice-exam-b/","/glossary/math/definite-integral/","glossary-term","high-confidence-inferred"
"/subjects/math/calculus/integrals/practice-exam-b/","/glossary/math/improper-integral/","glossary-term","high-confidence-inferred"
"/subjects/math/calculus/integrals/practice-exam-b/","/subjects/math/calculus/visuals/riemann-sum-progression/","visual-guide","high-confidence-inferred"
"/subjects/math/calculus/integrals/practice-exam-b/","/tools/math/calculus/integration-method-finder/","tool","high-confidence-inferred"
"/subjects/math/calculus/integrals/properties-of-definite-integrals/","/glossary/math/definite-integral/","glossary-term","high-confidence-inferred"
"/subjects/math/calculus/integrals/properties-of-definite-integrals/","/glossary/math/improper-integral/","glossary-term","high-confidence-inferred"
"/subjects/math/calculus/integrals/properties-of-definite-integrals/","/subjects/math/calculus/visuals/riemann-sum-progression/","visual-guide","high-confidence-inferred"
"/subjects/math/calculus/integrals/properties-of-definite-integrals/","/tools/math/calculus/integration-method-finder/","tool","high-confidence-inferred"
"/subjects/math/calculus/integrals/rates-to-total-change/","/glossary/math/definite-integral/","glossary-term","high-confidence-inferred"
"/subjects/math/calculus/integrals/rates-to-total-change/","/glossary/math/improper-integral/","glossary-term","high-confidence-inferred"
"/subjects/math/calculus/integrals/rates-to-total-change/","/subjects/math/calculus/visuals/riemann-sum-progression/","visual-guide","high-confidence-inferred"
"/subjects/math/calculus/integrals/rates-to-total-change/","/tools/math/calculus/integration-method-finder/","tool","high-confidence-inferred"
"/subjects/math/calculus/integrals/review/","/glossary/math/definite-integral/","glossary-term","high-confidence-inferred"
"/subjects/math/calculus/integrals/review/","/glossary/math/improper-integral/","glossary-term","high-confidence-inferred"
"/subjects/math/calculus/integrals/review/","/subjects/math/calculus/visuals/riemann-sum-progression/","visual-guide","high-confidence-inferred"
"/subjects/math/calculus/integrals/review/","/tools/math/calculus/integration-method-finder/","tool","high-confidence-inferred"
"/subjects/math/calculus/integrals/riemann-sum-limit/","/glossary/math/limit/","glossary-term","high-confidence-inferred"
"/subjects/math/calculus/integrals/riemann-sum-limit/","/glossary/math/one-sided-limit/","glossary-term","high-confidence-inferred"
"/subjects/math/calculus/integrals/simpsons-rule/","/glossary/math/definite-integral/","glossary-term","high-confidence-inferred"
"/subjects/math/calculus/integrals/simpsons-rule/","/glossary/math/improper-integral/","glossary-term","high-confidence-inferred"
"/subjects/math/calculus/integrals/simpsons-rule/","/subjects/math/calculus/visuals/riemann-sum-progression/","visual-guide","high-confidence-inferred"
"/subjects/math/calculus/integrals/simpsons-rule/","/tools/math/calculus/integration-method-finder/","tool","high-confidence-inferred"
"/subjects/math/calculus/integrals/substitution/","/glossary/math/chain-rule/","glossary-term","high-confidence-inferred"
"/subjects/math/calculus/integrals/trigonometric-integrals/","/glossary/math/definite-integral/","glossary-term","high-confidence-inferred"
"/subjects/math/calculus/integrals/trigonometric-integrals/","/glossary/math/improper-integral/","glossary-term","high-confidence-inferred"
"/subjects/math/calculus/integrals/trigonometric-integrals/","/subjects/math/calculus/visuals/riemann-sum-progression/","visual-guide","high-confidence-inferred"
"/subjects/math/calculus/integrals/trigonometric-integrals/","/tools/math/calculus/integration-method-finder/","tool","high-confidence-inferred"
"/subjects/math/calculus/integrals/trigonometric-substitution/","/glossary/math/definite-integral/","glossary-term","high-confidence-inferred"
"/subjects/math/calculus/integrals/trigonometric-substitution/","/glossary/math/improper-integral/","glossary-term","high-confidence-inferred"
"/subjects/math/calculus/integrals/trigonometric-substitution/","/subjects/math/calculus/visuals/riemann-sum-progression/","visual-guide","high-confidence-inferred"
"/subjects/math/calculus/integrals/trigonometric-substitution/","/tools/math/calculus/integration-method-finder/","tool","high-confidence-inferred"
"/subjects/math/calculus/integrals/variable-limits-and-chain-rule/","/glossary/math/chain-rule/","glossary-term","high-confidence-inferred"
"/subjects/math/calculus/integration-applications/arc-length/","/glossary/math/definite-integral/","glossary-term","high-confidence-inferred"
"/subjects/math/calculus/integration-applications/arc-length/","/glossary/math/improper-integral/","glossary-term","high-confidence-inferred"
"/subjects/math/calculus/integration-applications/arc-length/","/subjects/math/calculus/visuals/riemann-sum-progression/","visual-guide","high-confidence-inferred"
"/subjects/math/calculus/integration-applications/arc-length/","/tools/math/calculus/integration-method-finder/","tool","high-confidence-inferred"
"/subjects/math/calculus/integration-applications/area-between-curves/","/glossary/math/definite-integral/","glossary-term","high-confidence-inferred"
"/subjects/math/calculus/integration-applications/area-between-curves/","/glossary/math/improper-integral/","glossary-term","high-confidence-inferred"
"/subjects/math/calculus/integration-applications/area-between-curves/","/subjects/math/calculus/visuals/riemann-sum-progression/","visual-guide","high-confidence-inferred"
"/subjects/math/calculus/integration-applications/area-between-curves/","/tools/math/calculus/integration-method-finder/","tool","high-confidence-inferred"
"/subjects/math/calculus/integration-applications/choosing-a-volume-method/","/glossary/math/definite-integral/","glossary-term","high-confidence-inferred"
"/subjects/math/calculus/integration-applications/choosing-a-volume-method/","/glossary/math/improper-integral/","glossary-term","high-confidence-inferred"
"/subjects/math/calculus/integration-applications/choosing-a-volume-method/","/subjects/math/calculus/visuals/riemann-sum-progression/","visual-guide","high-confidence-inferred"
"/subjects/math/calculus/integration-applications/choosing-a-volume-method/","/tools/math/calculus/integration-method-finder/","tool","high-confidence-inferred"
"/subjects/math/calculus/integration-applications/common-errors/","/glossary/math/definite-integral/","glossary-term","high-confidence-inferred"
"/subjects/math/calculus/integration-applications/common-errors/","/glossary/math/improper-integral/","glossary-term","high-confidence-inferred"
"/subjects/math/calculus/integration-applications/common-errors/","/subjects/math/calculus/visuals/riemann-sum-progression/","visual-guide","high-confidence-inferred"
"/subjects/math/calculus/integration-applications/common-errors/","/tools/math/calculus/integration-method-finder/","tool","high-confidence-inferred"
"/subjects/math/calculus/integration-applications/cumulative-practice/","/glossary/math/definite-integral/","glossary-term","high-confidence-inferred"
"/subjects/math/calculus/integration-applications/cumulative-practice/","/glossary/math/improper-integral/","glossary-term","high-confidence-inferred"
"/subjects/math/calculus/integration-applications/cumulative-practice/","/subjects/math/calculus/visuals/riemann-sum-progression/","visual-guide","high-confidence-inferred"
"/subjects/math/calculus/integration-applications/cumulative-practice/","/tools/math/calculus/integration-method-finder/","tool","high-confidence-inferred"
"/subjects/math/calculus/integration-applications/cylindrical-shells/","/glossary/math/definite-integral/","glossary-term","high-confidence-inferred"
"/subjects/math/calculus/integration-applications/cylindrical-shells/","/glossary/math/improper-integral/","glossary-term","high-confidence-inferred"
"/subjects/math/calculus/integration-applications/cylindrical-shells/","/subjects/math/calculus/visuals/riemann-sum-progression/","visual-guide","high-confidence-inferred"
"/subjects/math/calculus/integration-applications/cylindrical-shells/","/tools/math/calculus/integration-method-finder/","tool","high-confidence-inferred"
"/subjects/math/calculus/integration-applications/density-and-mass/","/glossary/math/definite-integral/","glossary-term","high-confidence-inferred"
"/subjects/math/calculus/integration-applications/density-and-mass/","/glossary/math/improper-integral/","glossary-term","high-confidence-inferred"
"/subjects/math/calculus/integration-applications/density-and-mass/","/subjects/math/calculus/visuals/riemann-sum-progression/","visual-guide","high-confidence-inferred"
"/subjects/math/calculus/integration-applications/density-and-mass/","/tools/math/calculus/integration-method-finder/","tool","high-confidence-inferred"
"/subjects/math/calculus/integration-applications/disks-and-washers/","/glossary/math/definite-integral/","glossary-term","high-confidence-inferred"
"/subjects/math/calculus/integration-applications/disks-and-washers/","/glossary/math/improper-integral/","glossary-term","high-confidence-inferred"
"/subjects/math/calculus/integration-applications/disks-and-washers/","/subjects/math/calculus/visuals/riemann-sum-progression/","visual-guide","high-confidence-inferred"
"/subjects/math/calculus/integration-applications/disks-and-washers/","/tools/math/calculus/integration-method-finder/","tool","high-confidence-inferred"
"/subjects/math/calculus/integration-applications/fluid-pressure/","/glossary/math/definite-integral/","glossary-term","high-confidence-inferred"
"/subjects/math/calculus/integration-applications/fluid-pressure/","/glossary/math/improper-integral/","glossary-term","high-confidence-inferred"
"/subjects/math/calculus/integration-applications/fluid-pressure/","/subjects/math/calculus/visuals/riemann-sum-progression/","visual-guide","high-confidence-inferred"
"/subjects/math/calculus/integration-applications/fluid-pressure/","/tools/math/calculus/integration-method-finder/","tool","high-confidence-inferred"
"/subjects/math/calculus/integration-applications/horizontal-slices/","/glossary/math/definite-integral/","glossary-term","high-confidence-inferred"
"/subjects/math/calculus/integration-applications/horizontal-slices/","/glossary/math/improper-integral/","glossary-term","high-confidence-inferred"
"/subjects/math/calculus/integration-applications/horizontal-slices/","/subjects/math/calculus/visuals/riemann-sum-progression/","visual-guide","high-confidence-inferred"
"/subjects/math/calculus/integration-applications/horizontal-slices/","/tools/math/calculus/integration-method-finder/","tool","high-confidence-inferred"
"/subjects/math/calculus/integration-applications/marginal-quantities/","/glossary/math/definite-integral/","glossary-term","high-confidence-inferred"
"/subjects/math/calculus/integration-applications/marginal-quantities/","/glossary/math/improper-integral/","glossary-term","high-confidence-inferred"
"/subjects/math/calculus/integration-applications/marginal-quantities/","/subjects/math/calculus/visuals/riemann-sum-progression/","visual-guide","high-confidence-inferred"
"/subjects/math/calculus/integration-applications/marginal-quantities/","/tools/math/calculus/integration-method-finder/","tool","high-confidence-inferred"
"/subjects/math/calculus/integration-applications/moments-and-center-of-mass/","/glossary/math/definite-integral/","glossary-term","high-confidence-inferred"
"/subjects/math/calculus/integration-applications/moments-and-center-of-mass/","/glossary/math/improper-integral/","glossary-term","high-confidence-inferred"
"/subjects/math/calculus/integration-applications/moments-and-center-of-mass/","/subjects/math/calculus/visuals/riemann-sum-progression/","visual-guide","high-confidence-inferred"
"/subjects/math/calculus/integration-applications/moments-and-center-of-mass/","/tools/math/calculus/integration-method-finder/","tool","high-confidence-inferred"
"/subjects/math/calculus/integration-applications/physics-application-studio/","/glossary/math/definite-integral/","glossary-term","high-confidence-inferred"
"/subjects/math/calculus/integration-applications/physics-application-studio/","/glossary/math/improper-integral/","glossary-term","high-confidence-inferred"
"/subjects/math/calculus/integration-applications/physics-application-studio/","/subjects/math/calculus/visuals/riemann-sum-progression/","visual-guide","high-confidence-inferred"
"/subjects/math/calculus/integration-applications/physics-application-studio/","/tools/math/calculus/integration-method-finder/","tool","high-confidence-inferred"
"/subjects/math/calculus/integration-applications/practice-exam-a-answer-key/","/glossary/math/definite-integral/","glossary-term","high-confidence-inferred"
"/subjects/math/calculus/integration-applications/practice-exam-a-answer-key/","/glossary/math/improper-integral/","glossary-term","high-confidence-inferred"
"/subjects/math/calculus/integration-applications/practice-exam-a-answer-key/","/subjects/math/calculus/visuals/riemann-sum-progression/","visual-guide","high-confidence-inferred"
"/subjects/math/calculus/integration-applications/practice-exam-a-answer-key/","/tools/math/calculus/integration-method-finder/","tool","high-confidence-inferred"
"/subjects/math/calculus/integration-applications/practice-exam-a/","/glossary/math/definite-integral/","glossary-term","high-confidence-inferred"
"/subjects/math/calculus/integration-applications/practice-exam-a/","/glossary/math/improper-integral/","glossary-term","high-confidence-inferred"
"/subjects/math/calculus/integration-applications/practice-exam-a/","/subjects/math/calculus/visuals/riemann-sum-progression/","visual-guide","high-confidence-inferred"
"/subjects/math/calculus/integration-applications/practice-exam-a/","/tools/math/calculus/integration-method-finder/","tool","high-confidence-inferred"
"/subjects/math/calculus/integration-applications/practice-exam-b-answer-key/","/glossary/math/definite-integral/","glossary-term","high-confidence-inferred"
"/subjects/math/calculus/integration-applications/practice-exam-b-answer-key/","/glossary/math/improper-integral/","glossary-term","high-confidence-inferred"
"/subjects/math/calculus/integration-applications/practice-exam-b-answer-key/","/subjects/math/calculus/visuals/riemann-sum-progression/","visual-guide","high-confidence-inferred"
"/subjects/math/calculus/integration-applications/practice-exam-b-answer-key/","/tools/math/calculus/integration-method-finder/","tool","high-confidence-inferred"
"/subjects/math/calculus/integration-applications/practice-exam-b/","/glossary/math/definite-integral/","glossary-term","high-confidence-inferred"
"/subjects/math/calculus/integration-applications/practice-exam-b/","/glossary/math/improper-integral/","glossary-term","high-confidence-inferred"
"/subjects/math/calculus/integration-applications/practice-exam-b/","/subjects/math/calculus/visuals/riemann-sum-progression/","visual-guide","high-confidence-inferred"
"/subjects/math/calculus/integration-applications/practice-exam-b/","/tools/math/calculus/integration-method-finder/","tool","high-confidence-inferred"
"/subjects/math/calculus/integration-applications/probability-density/","/glossary/math/definite-integral/","glossary-term","high-confidence-inferred"
"/subjects/math/calculus/integration-applications/probability-density/","/glossary/math/improper-integral/","glossary-term","high-confidence-inferred"
"/subjects/math/calculus/integration-applications/probability-density/","/subjects/math/calculus/visuals/riemann-sum-progression/","visual-guide","high-confidence-inferred"
"/subjects/math/calculus/integration-applications/probability-density/","/tools/math/calculus/integration-method-finder/","tool","high-confidence-inferred"
"/subjects/math/calculus/integration-applications/pumping-liquids/","/glossary/math/definite-integral/","glossary-term","high-confidence-inferred"
"/subjects/math/calculus/integration-applications/pumping-liquids/","/glossary/math/improper-integral/","glossary-term","high-confidence-inferred"
"/subjects/math/calculus/integration-applications/pumping-liquids/","/subjects/math/calculus/visuals/riemann-sum-progression/","visual-guide","high-confidence-inferred"
"/subjects/math/calculus/integration-applications/pumping-liquids/","/tools/math/calculus/integration-method-finder/","tool","high-confidence-inferred"
"/subjects/math/calculus/integration-applications/review/","/glossary/math/definite-integral/","glossary-term","high-confidence-inferred"
"/subjects/math/calculus/integration-applications/review/","/glossary/math/improper-integral/","glossary-term","high-confidence-inferred"
"/subjects/math/calculus/integration-applications/review/","/subjects/math/calculus/visuals/riemann-sum-progression/","visual-guide","high-confidence-inferred"
"/subjects/math/calculus/integration-applications/review/","/tools/math/calculus/integration-method-finder/","tool","high-confidence-inferred"
"/subjects/math/calculus/integration-applications/spring-work/","/glossary/math/definite-integral/","glossary-term","high-confidence-inferred"
"/subjects/math/calculus/integration-applications/spring-work/","/glossary/math/improper-integral/","glossary-term","high-confidence-inferred"
"/subjects/math/calculus/integration-applications/spring-work/","/subjects/math/calculus/visuals/riemann-sum-progression/","visual-guide","high-confidence-inferred"
"/subjects/math/calculus/integration-applications/spring-work/","/tools/math/calculus/integration-method-finder/","tool","high-confidence-inferred"
"/subjects/math/calculus/integration-applications/surface-area-of-revolution/","/glossary/math/definite-integral/","glossary-term","high-confidence-inferred"
"/subjects/math/calculus/integration-applications/surface-area-of-revolution/","/glossary/math/improper-integral/","glossary-term","high-confidence-inferred"
"/subjects/math/calculus/integration-applications/surface-area-of-revolution/","/subjects/math/calculus/visuals/riemann-sum-progression/","visual-guide","high-confidence-inferred"
"/subjects/math/calculus/integration-applications/surface-area-of-revolution/","/tools/math/calculus/integration-method-finder/","tool","high-confidence-inferred"
"/subjects/math/calculus/integration-applications/volumes-by-slicing/","/glossary/math/definite-integral/","glossary-term","high-confidence-inferred"
"/subjects/math/calculus/integration-applications/volumes-by-slicing/","/glossary/math/improper-integral/","glossary-term","high-confidence-inferred"
"/subjects/math/calculus/integration-applications/volumes-by-slicing/","/subjects/math/calculus/visuals/riemann-sum-progression/","visual-guide","high-confidence-inferred"
"/subjects/math/calculus/integration-applications/volumes-by-slicing/","/tools/math/calculus/integration-method-finder/","tool","high-confidence-inferred"
"/subjects/math/calculus/integration-applications/work-and-variable-force/","/glossary/math/definite-integral/","glossary-term","high-confidence-inferred"
"/subjects/math/calculus/integration-applications/work-and-variable-force/","/glossary/math/improper-integral/","glossary-term","high-confidence-inferred"
"/subjects/math/calculus/integration-applications/work-and-variable-force/","/subjects/math/calculus/visuals/riemann-sum-progression/","visual-guide","high-confidence-inferred"
"/subjects/math/calculus/integration-applications/work-and-variable-force/","/tools/math/calculus/integration-method-finder/","tool","high-confidence-inferred"
"/subjects/math/calculus/limits-continuity/unit/continuity/bisection-method/","/glossary/math/continuity/","glossary-term","high-confidence-inferred"
"/subjects/math/calculus/limits-continuity/unit/continuity/continuity-concept-quiz/","/glossary/math/continuity/","glossary-term","high-confidence-inferred"
"/subjects/math/calculus/limits-continuity/unit/continuity/continuity-practice/","/glossary/math/continuity/","glossary-term","high-confidence-inferred"
"/subjects/math/calculus/limits-continuity/unit/continuity/continuity-review/","/glossary/math/continuity/","glossary-term","high-confidence-inferred"
"/subjects/math/calculus/limits-continuity/unit/continuity/continuous-functions/","/glossary/math/continuity/","glossary-term","high-confidence-inferred"
"/subjects/math/calculus/limits-continuity/unit/continuity/intermediate-value-theorem/","/glossary/math/continuity/","glossary-term","high-confidence-inferred"
"/subjects/math/calculus/limits-continuity/unit/continuity/intervals-endpoints/","/glossary/math/continuity/","glossary-term","high-confidence-inferred"
"/subjects/math/calculus/limits-continuity/unit/continuity/piecewise-parameters/","/glossary/math/continuity/","glossary-term","high-confidence-inferred"
"/subjects/math/calculus/limits-continuity/unit/continuity/repair-removable-discontinuity/","/glossary/math/continuity/","glossary-term","high-confidence-inferred"
"/subjects/math/calculus/limits-continuity/unit/continuity/two-parameter-continuity/","/glossary/math/continuity/","glossary-term","high-confidence-inferred"
"/subjects/math/calculus/limits-continuity/unit/continuity/types-of-discontinuity/","/glossary/math/continuity/","glossary-term","high-confidence-inferred"
"/subjects/math/calculus/limits-continuity/unit/limits/absolute-value-piecewise/","/glossary/math/continuity/","glossary-term","high-confidence-inferred"
"/subjects/math/calculus/limits-continuity/unit/limits/common-exam-errors/","/glossary/math/continuity/","glossary-term","high-confidence-inferred"
"/subjects/math/calculus/limits-continuity/unit/limits/complete-asymptote-analysis/","/glossary/math/continuity/","glossary-term","high-confidence-inferred"
"/subjects/math/calculus/limits-continuity/unit/limits/complex-fractions/","/glossary/math/continuity/","glossary-term","high-confidence-inferred"
"/subjects/math/calculus/limits-continuity/unit/limits/cumulative-practice/","/glossary/math/continuity/","glossary-term","high-confidence-inferred"
"/subjects/math/calculus/limits-continuity/unit/limits/direct-substitution/","/glossary/math/continuity/","glossary-term","high-confidence-inferred"
"/subjects/math/calculus/limits-continuity/unit/limits/disprove-limit-epsilon-delta/","/glossary/math/continuity/","glossary-term","high-confidence-inferred"
"/subjects/math/calculus/limits-continuity/unit/limits/epsilon-delta-concept-quiz/","/glossary/math/continuity/","glossary-term","high-confidence-inferred"
"/subjects/math/calculus/limits-continuity/unit/limits/epsilon-delta-graph/","/glossary/math/continuity/","glossary-term","high-confidence-inferred"
"/subjects/math/calculus/limits-continuity/unit/limits/epsilon-delta-introduction/","/glossary/math/continuity/","glossary-term","high-confidence-inferred"
"/subjects/math/calculus/limits-continuity/unit/limits/epsilon-delta-linear/","/glossary/math/continuity/","glossary-term","high-confidence-inferred"
"/subjects/math/calculus/limits-continuity/unit/limits/epsilon-delta-practice/","/glossary/math/continuity/","glossary-term","high-confidence-inferred"
"/subjects/math/calculus/limits-continuity/unit/limits/epsilon-delta-quadratic/","/glossary/math/continuity/","glossary-term","high-confidence-inferred"
"/subjects/math/calculus/limits-continuity/unit/limits/epsilon-delta-review/","/glossary/math/continuity/","glossary-term","high-confidence-inferred"
"/subjects/math/calculus/limits-continuity/unit/limits/factoring-limits/","/glossary/math/continuity/","glossary-term","high-confidence-inferred"
"/subjects/math/calculus/limits-continuity/unit/limits/finite-limit-decision-tree/","/glossary/math/continuity/","glossary-term","high-confidence-inferred"
"/subjects/math/calculus/limits-continuity/unit/limits/finite-limits-concept-quiz/","/glossary/math/continuity/","glossary-term","high-confidence-inferred"
"/subjects/math/calculus/limits-continuity/unit/limits/finite-limits-practice/","/glossary/math/continuity/","glossary-term","high-confidence-inferred"
"/subjects/math/calculus/limits-continuity/unit/limits/finite-limits-review/","/glossary/math/continuity/","glossary-term","high-confidence-inferred"
"/subjects/math/calculus/limits-continuity/unit/limits/formal-infinite-limits/","/glossary/math/continuity/","glossary-term","high-confidence-inferred"
"/subjects/math/calculus/limits-continuity/unit/limits/function-value-vs-limit/","/glossary/math/continuity/","glossary-term","high-confidence-inferred"
"/subjects/math/calculus/limits-continuity/unit/limits/infinite-behavior-concept-quiz/","/glossary/math/continuity/","glossary-term","high-confidence-inferred"
"/subjects/math/calculus/limits-continuity/unit/limits/infinite-behavior-practice/","/glossary/math/continuity/","glossary-term","high-confidence-inferred"
"/subjects/math/calculus/limits-continuity/unit/limits/infinite-behavior-review/","/glossary/math/continuity/","glossary-term","high-confidence-inferred"
"/subjects/math/calculus/limits-continuity/unit/limits/infinity-minus-infinity/","/glossary/math/continuity/","glossary-term","high-confidence-inferred"
"/subjects/math/calculus/limits-continuity/unit/limits/limit-at-a-hole/","/glossary/math/continuity/","glossary-term","high-confidence-inferred"
"/subjects/math/calculus/limits-continuity/unit/limits/limit-laws/","/glossary/math/continuity/","glossary-term","high-confidence-inferred"
"/subjects/math/calculus/limits-continuity/unit/limits/limits-at-infinity/","/glossary/math/continuity/","glossary-term","high-confidence-inferred"
"/subjects/math/calculus/limits-continuity/unit/limits/meaning-concept-quiz/","/glossary/math/continuity/","glossary-term","high-confidence-inferred"
"/subjects/math/calculus/limits-continuity/unit/limits/meaning-practice/","/glossary/math/continuity/","glossary-term","high-confidence-inferred"
"/subjects/math/calculus/limits-continuity/unit/limits/meaning-review/","/glossary/math/continuity/","glossary-term","high-confidence-inferred"
"/subjects/math/calculus/limits-continuity/unit/limits/notation-guide/","/glossary/math/continuity/","glossary-term","high-confidence-inferred"
"/subjects/math/calculus/limits-continuity/unit/limits/one-sided-limits/","/glossary/math/continuity/","glossary-term","high-confidence-inferred"
"/subjects/math/calculus/limits-continuity/unit/limits/practice-exam-a/","/glossary/math/continuity/","glossary-term","high-confidence-inferred"
"/subjects/math/calculus/limits-continuity/unit/limits/practice-exam-a/answer-key/","/glossary/math/continuity/","glossary-term","high-confidence-inferred"
"/subjects/math/calculus/limits-continuity/unit/limits/practice-exam-b/","/glossary/math/continuity/","glossary-term","high-confidence-inferred"
"/subjects/math/calculus/limits-continuity/unit/limits/practice-exam-b/answer-key/","/glossary/math/continuity/","glossary-term","high-confidence-inferred"
"/subjects/math/calculus/limits-continuity/unit/limits/prerequisite-diagnostic/","/glossary/math/continuity/","glossary-term","high-confidence-inferred"
"/subjects/math/calculus/limits-continuity/unit/limits/radicals-at-infinity/","/glossary/math/continuity/","glossary-term","high-confidence-inferred"
"/subjects/math/calculus/limits-continuity/unit/limits/ratio-of-sines/","/glossary/math/continuity/","glossary-term","high-confidence-inferred"
"/subjects/math/calculus/limits-continuity/unit/limits/rationalizing-radicals/","/glossary/math/continuity/","glossary-term","high-confidence-inferred"
"/subjects/math/calculus/limits-continuity/unit/limits/read-limits-from-graphs/","/glossary/math/continuity/","glossary-term","high-confidence-inferred"
"/subjects/math/calculus/limits-continuity/unit/limits/scaled-sine-tangent/","/glossary/math/continuity/","glossary-term","high-confidence-inferred"
"/subjects/math/calculus/limits-continuity/unit/limits/sin-x-over-x-proof/","/glossary/math/continuity/","glossary-term","high-confidence-inferred"
"/subjects/math/calculus/limits-continuity/unit/limits/sin-x-over-x/","/glossary/math/continuity/","glossary-term","high-confidence-inferred"
"/subjects/math/calculus/limits-continuity/unit/limits/slant-asymptotes/","/glossary/math/continuity/","glossary-term","high-confidence-inferred"
"/subjects/math/calculus/limits-continuity/unit/limits/squeeze-theorem/","/glossary/math/continuity/","glossary-term","high-confidence-inferred"
"/subjects/math/calculus/limits-continuity/unit/limits/unit-review/","/glossary/math/continuity/","glossary-term","high-confidence-inferred"
"/subjects/math/calculus/limits-continuity/unit/limits/vertical-asymptotes/","/glossary/math/continuity/","glossary-term","high-confidence-inferred"
"/subjects/math/calculus/limits-continuity/unit/limits/what-a-limit-means/","/glossary/math/continuity/","glossary-term","high-confidence-inferred"
"/subjects/math/calculus/limits-continuity/unit/limits/when-a-limit-does-not-exist/","/glossary/math/continuity/","glossary-term","high-confidence-inferred"
"/subjects/math/calculus/limits-continuity/unit/limits/why-limits-matter/","/glossary/math/continuity/","glossary-term","high-confidence-inferred"
"/subjects/math/calculus/limits-continuity/unit/limits/zero-over-zero/","/glossary/math/continuity/","glossary-term","high-confidence-inferred"
"/subjects/math/calculus/limits-continuity/unit/study/correct-practice-test/","/glossary/math/continuity/","glossary-term","high-confidence-inferred"
"/subjects/math/calculus/power-series-and-taylor-series/algebra-with-power-series/","/glossary/math/taylor-series/","glossary-term","high-confidence-inferred"
"/subjects/math/calculus/power-series-and-taylor-series/algebra-with-power-series/","/subjects/math/calculus/visuals/taylor-approximation-visual/","visual-guide","high-confidence-inferred"
"/subjects/math/calculus/power-series-and-taylor-series/alternating-series-approximation/","/glossary/math/taylor-series/","glossary-term","high-confidence-inferred"
"/subjects/math/calculus/power-series-and-taylor-series/alternating-series-approximation/","/subjects/math/calculus/visuals/taylor-approximation-visual/","visual-guide","high-confidence-inferred"
"/subjects/math/calculus/power-series-and-taylor-series/binomial-series/","/glossary/math/taylor-series/","glossary-term","high-confidence-inferred"
"/subjects/math/calculus/power-series-and-taylor-series/binomial-series/","/subjects/math/calculus/visuals/taylor-approximation-visual/","visual-guide","high-confidence-inferred"
"/subjects/math/calculus/power-series-and-taylor-series/building-new-series/","/glossary/math/taylor-series/","glossary-term","high-confidence-inferred"
"/subjects/math/calculus/power-series-and-taylor-series/building-new-series/","/subjects/math/calculus/visuals/taylor-approximation-visual/","visual-guide","high-confidence-inferred"
"/subjects/math/calculus/power-series-and-taylor-series/common-errors/","/glossary/math/taylor-series/","glossary-term","high-confidence-inferred"
"/subjects/math/calculus/power-series-and-taylor-series/common-errors/","/subjects/math/calculus/visuals/taylor-approximation-visual/","visual-guide","high-confidence-inferred"
"/subjects/math/calculus/power-series-and-taylor-series/concept-quiz/","/glossary/math/taylor-series/","glossary-term","high-confidence-inferred"
"/subjects/math/calculus/power-series-and-taylor-series/concept-quiz/","/subjects/math/calculus/visuals/taylor-approximation-visual/","visual-guide","high-confidence-inferred"
"/subjects/math/calculus/power-series-and-taylor-series/differentiating-and-integrating-power-series/","/glossary/math/taylor-series/","glossary-term","high-confidence-inferred"
"/subjects/math/calculus/power-series-and-taylor-series/differentiating-and-integrating-power-series/","/subjects/math/calculus/visuals/taylor-approximation-visual/","visual-guide","high-confidence-inferred"
"/subjects/math/calculus/power-series-and-taylor-series/endpoint-testing/","/glossary/math/taylor-series/","glossary-term","high-confidence-inferred"
"/subjects/math/calculus/power-series-and-taylor-series/endpoint-testing/","/subjects/math/calculus/visuals/taylor-approximation-visual/","visual-guide","high-confidence-inferred"
"/subjects/math/calculus/power-series-and-taylor-series/geometric-series-library/","/glossary/math/geometric-series/","glossary-term","high-confidence-inferred"
"/subjects/math/calculus/power-series-and-taylor-series/logarithm-and-arctangent-series/","/glossary/math/taylor-series/","glossary-term","high-confidence-inferred"
"/subjects/math/calculus/power-series-and-taylor-series/logarithm-and-arctangent-series/","/subjects/math/calculus/visuals/taylor-approximation-visual/","visual-guide","high-confidence-inferred"
"/subjects/math/calculus/power-series-and-taylor-series/maclaurin-series/","/glossary/math/taylor-series/","glossary-term","high-confidence-inferred"
"/subjects/math/calculus/power-series-and-taylor-series/maclaurin-series/","/subjects/math/calculus/visuals/taylor-approximation-visual/","visual-guide","high-confidence-inferred"
"/subjects/math/calculus/power-series-and-taylor-series/mixed-practice/","/glossary/math/taylor-series/","glossary-term","high-confidence-inferred"
"/subjects/math/calculus/power-series-and-taylor-series/mixed-practice/","/subjects/math/calculus/visuals/taylor-approximation-visual/","visual-guide","high-confidence-inferred"
"/subjects/math/calculus/power-series-and-taylor-series/power-series-as-functions/","/glossary/math/taylor-series/","glossary-term","high-confidence-inferred"
"/subjects/math/calculus/power-series-and-taylor-series/power-series-as-functions/","/subjects/math/calculus/visuals/taylor-approximation-visual/","visual-guide","high-confidence-inferred"
"/subjects/math/calculus/power-series-and-taylor-series/power-series-review/","/glossary/math/taylor-series/","glossary-term","high-confidence-inferred"
"/subjects/math/calculus/power-series-and-taylor-series/power-series-review/","/subjects/math/calculus/visuals/taylor-approximation-visual/","visual-guide","high-confidence-inferred"
"/subjects/math/calculus/power-series-and-taylor-series/practice-exam-a-answer-key/","/glossary/math/taylor-series/","glossary-term","high-confidence-inferred"
"/subjects/math/calculus/power-series-and-taylor-series/practice-exam-a-answer-key/","/subjects/math/calculus/visuals/taylor-approximation-visual/","visual-guide","high-confidence-inferred"
"/subjects/math/calculus/power-series-and-taylor-series/practice-exam-a/","/glossary/math/taylor-series/","glossary-term","high-confidence-inferred"
"/subjects/math/calculus/power-series-and-taylor-series/practice-exam-a/","/subjects/math/calculus/visuals/taylor-approximation-visual/","visual-guide","high-confidence-inferred"
"/subjects/math/calculus/power-series-and-taylor-series/practice-exam-b-answer-key/","/glossary/math/taylor-series/","glossary-term","high-confidence-inferred"
"/subjects/math/calculus/power-series-and-taylor-series/practice-exam-b-answer-key/","/subjects/math/calculus/visuals/taylor-approximation-visual/","visual-guide","high-confidence-inferred"
"/subjects/math/calculus/power-series-and-taylor-series/practice-exam-b/","/glossary/math/taylor-series/","glossary-term","high-confidence-inferred"
"/subjects/math/calculus/power-series-and-taylor-series/practice-exam-b/","/subjects/math/calculus/visuals/taylor-approximation-visual/","visual-guide","high-confidence-inferred"
"/subjects/math/calculus/power-series-and-taylor-series/radius-and-interval-of-convergence/","/glossary/math/taylor-series/","glossary-term","high-confidence-inferred"
"/subjects/math/calculus/power-series-and-taylor-series/radius-and-interval-of-convergence/","/subjects/math/calculus/visuals/taylor-approximation-visual/","visual-guide","high-confidence-inferred"
"/subjects/math/calculus/power-series-and-taylor-series/ratio-test-for-power-series/","/glossary/math/taylor-series/","glossary-term","high-confidence-inferred"
"/subjects/math/calculus/power-series-and-taylor-series/ratio-test-for-power-series/","/subjects/math/calculus/visuals/taylor-approximation-visual/","visual-guide","high-confidence-inferred"
"/subjects/math/calculus/power-series-and-taylor-series/reference-sheet/","/glossary/math/taylor-series/","glossary-term","high-confidence-inferred"
"/subjects/math/calculus/power-series-and-taylor-series/reference-sheet/","/subjects/math/calculus/visuals/taylor-approximation-visual/","visual-guide","high-confidence-inferred"
"/subjects/math/calculus/power-series-and-taylor-series/series-for-definite-integrals/","/glossary/math/taylor-series/","glossary-term","high-confidence-inferred"
"/subjects/math/calculus/power-series-and-taylor-series/series-for-definite-integrals/","/subjects/math/calculus/visuals/taylor-approximation-visual/","visual-guide","high-confidence-inferred"
"/subjects/math/calculus/power-series-and-taylor-series/series-solutions-preview/","/glossary/math/taylor-series/","glossary-term","high-confidence-inferred"
"/subjects/math/calculus/power-series-and-taylor-series/series-solutions-preview/","/subjects/math/calculus/visuals/taylor-approximation-visual/","visual-guide","high-confidence-inferred"
"/subjects/math/calculus/power-series-and-taylor-series/small-angle-physics/","/glossary/math/taylor-series/","glossary-term","high-confidence-inferred"
"/subjects/math/calculus/power-series-and-taylor-series/small-angle-physics/","/subjects/math/calculus/visuals/taylor-approximation-visual/","visual-guide","high-confidence-inferred"
"/subjects/math/calculus/power-series-and-taylor-series/standard-maclaurin-series/","/glossary/math/taylor-series/","glossary-term","high-confidence-inferred"
"/subjects/math/calculus/power-series-and-taylor-series/standard-maclaurin-series/","/subjects/math/calculus/visuals/taylor-approximation-visual/","visual-guide","high-confidence-inferred"
"/subjects/math/calculus/power-series-and-taylor-series/taylor-polynomials/","/glossary/math/taylor-series/","glossary-term","high-confidence-inferred"
"/subjects/math/calculus/power-series-and-taylor-series/taylor-polynomials/","/subjects/math/calculus/visuals/taylor-approximation-visual/","visual-guide","high-confidence-inferred"
"/subjects/math/calculus/power-series-and-taylor-series/taylor-remainder-theorem/","/glossary/math/taylor-series/","glossary-term","high-confidence-inferred"
"/subjects/math/calculus/power-series-and-taylor-series/taylor-remainder-theorem/","/subjects/math/calculus/visuals/taylor-approximation-visual/","visual-guide","high-confidence-inferred"
"/subjects/math/calculus/power-series-and-taylor-series/taylor-series-centered-at-a/","/glossary/math/taylor-series/","glossary-term","high-confidence-inferred"
"/subjects/math/calculus/power-series-and-taylor-series/taylor-series-centered-at-a/","/subjects/math/calculus/visuals/taylor-approximation-visual/","visual-guide","high-confidence-inferred"
"/subjects/math/calculus/power-series-and-taylor-series/taylor-series-review/","/glossary/math/taylor-series/","glossary-term","high-confidence-inferred"
"/subjects/math/calculus/power-series-and-taylor-series/taylor-series-review/","/subjects/math/calculus/visuals/taylor-approximation-visual/","visual-guide","high-confidence-inferred"
"/subjects/math/calculus/power-series-and-taylor-series/uniform-convergence-preview/","/glossary/math/taylor-series/","glossary-term","high-confidence-inferred"
"/subjects/math/calculus/power-series-and-taylor-series/uniform-convergence-preview/","/subjects/math/calculus/visuals/taylor-approximation-visual/","visual-guide","high-confidence-inferred"
"/subjects/math/calculus/sequences-and-series/absolute-and-conditional-convergence/","/glossary/math/sequence/","glossary-term","high-confidence-inferred"
"/subjects/math/calculus/sequences-and-series/alternating-series-error/","/glossary/math/sequence/","glossary-term","high-confidence-inferred"
"/subjects/math/calculus/sequences-and-series/alternating-series-test/","/glossary/math/sequence/","glossary-term","high-confidence-inferred"
"/subjects/math/calculus/sequences-and-series/cauchy-criterion-preview/","/glossary/math/sequence/","glossary-term","high-confidence-inferred"
"/subjects/math/calculus/sequences-and-series/choosing-a-convergence-test/","/subjects/math/calculus/visuals/convergence-tests-flowchart/","visual-guide","high-confidence-inferred"
"/subjects/math/calculus/sequences-and-series/common-errors/","/glossary/math/sequence/","glossary-term","high-confidence-inferred"
"/subjects/math/calculus/sequences-and-series/concept-quiz/","/glossary/math/sequence/","glossary-term","high-confidence-inferred"
"/subjects/math/calculus/sequences-and-series/convergence-tests-review/","/subjects/math/calculus/visuals/convergence-tests-flowchart/","visual-guide","high-confidence-inferred"
"/subjects/math/calculus/sequences-and-series/direct-comparison-test/","/glossary/math/sequence/","glossary-term","high-confidence-inferred"
"/subjects/math/calculus/sequences-and-series/explicit-and-recursive-sequences/","/glossary/math/sequence/","glossary-term","high-confidence-inferred"
"/subjects/math/calculus/sequences-and-series/infinite-series-and-partial-sums/","/glossary/math/sequence/","glossary-term","high-confidence-inferred"
"/subjects/math/calculus/sequences-and-series/integral-test-remainder-estimates/","/glossary/math/definite-integral/","glossary-term","high-confidence-inferred"
"/subjects/math/calculus/sequences-and-series/integral-test-remainder-estimates/","/glossary/math/improper-integral/","glossary-term","high-confidence-inferred"
"/subjects/math/calculus/sequences-and-series/integral-test-remainder-estimates/","/subjects/math/calculus/visuals/riemann-sum-progression/","visual-guide","high-confidence-inferred"
"/subjects/math/calculus/sequences-and-series/integral-test-remainder-estimates/","/tools/math/calculus/integration-method-finder/","tool","high-confidence-inferred"
"/subjects/math/calculus/sequences-and-series/integral-test/","/glossary/math/definite-integral/","glossary-term","high-confidence-inferred"
"/subjects/math/calculus/sequences-and-series/integral-test/","/glossary/math/improper-integral/","glossary-term","high-confidence-inferred"
"/subjects/math/calculus/sequences-and-series/integral-test/","/subjects/math/calculus/visuals/riemann-sum-progression/","visual-guide","high-confidence-inferred"
"/subjects/math/calculus/sequences-and-series/integral-test/","/tools/math/calculus/integration-method-finder/","tool","high-confidence-inferred"
"/subjects/math/calculus/sequences-and-series/limit-comparison-test/","/glossary/math/limit/","glossary-term","high-confidence-inferred"
"/subjects/math/calculus/sequences-and-series/limit-comparison-test/","/glossary/math/one-sided-limit/","glossary-term","high-confidence-inferred"
"/subjects/math/calculus/sequences-and-series/limits-of-sequences/","/glossary/math/limit/","glossary-term","high-confidence-inferred"
"/subjects/math/calculus/sequences-and-series/limits-of-sequences/","/glossary/math/one-sided-limit/","glossary-term","high-confidence-inferred"
"/subjects/math/calculus/sequences-and-series/monotone-and-bounded-sequences/","/glossary/math/sequence/","glossary-term","high-confidence-inferred"
"/subjects/math/calculus/sequences-and-series/nth-term-divergence-test/","/glossary/math/sequence/","glossary-term","high-confidence-inferred"
"/subjects/math/calculus/sequences-and-series/practice-exam-a-answer-key/","/glossary/math/sequence/","glossary-term","high-confidence-inferred"
"/subjects/math/calculus/sequences-and-series/practice-exam-a/","/glossary/math/sequence/","glossary-term","high-confidence-inferred"
"/subjects/math/calculus/sequences-and-series/practice-exam-b-answer-key/","/glossary/math/sequence/","glossary-term","high-confidence-inferred"
"/subjects/math/calculus/sequences-and-series/practice-exam-b/","/glossary/math/sequence/","glossary-term","high-confidence-inferred"
"/subjects/math/calculus/sequences-and-series/prerequisite-diagnostic/","/glossary/math/sequence/","glossary-term","high-confidence-inferred"
"/subjects/math/calculus/sequences-and-series/ratio-test/","/glossary/math/sequence/","glossary-term","high-confidence-inferred"
"/subjects/math/calculus/sequences-and-series/reference-sheet/","/glossary/math/sequence/","glossary-term","high-confidence-inferred"
"/subjects/math/calculus/sequences-and-series/root-test/","/glossary/math/sequence/","glossary-term","high-confidence-inferred"
"/subjects/math/calculus/sequences-and-series/sequence-limit-laws/","/glossary/math/limit/","glossary-term","high-confidence-inferred"
"/subjects/math/calculus/sequences-and-series/sequence-limit-laws/","/glossary/math/one-sided-limit/","glossary-term","high-confidence-inferred"
"/subjects/math/calculus/sequences-and-series/sequence-review/","/glossary/math/sequence/","glossary-term","high-confidence-inferred"
"/subjects/math/calculus/sequences-and-series/sequences-as-functions/","/glossary/math/sequence/","glossary-term","high-confidence-inferred"
"/subjects/math/calculus/sequences-and-series/squeeze-theorem-for-sequences/","/glossary/math/sequence/","glossary-term","high-confidence-inferred"
"/subjects/math/calculus/sequences-and-series/telescoping-series/","/glossary/math/sequence/","glossary-term","high-confidence-inferred"
"/subjects/math/calculus/sequences-and-series/test-selection-practice/","/glossary/math/sequence/","glossary-term","high-confidence-inferred"
