route,title,length,unique,h1,title_h1_consistent,page_role
"/","Better Grades — Free answers, full explanations","47","true","Search the problem. Learn the method.","false","home"
"/about/","Better Grades | Better Grades","29","false","Built to teach, not tease.","false","policy"
"/accessibility/","Better Grades | Better Grades","29","false","Math help should not add obstacles.","false","policy"
"/answers/","Search the answer bank | Better Grades","38","true","Search the calculus library.","false","directory"
"/answers/calculus/integral-of-sec-cubed/","What is the integral of sec³x? | Better Grades","46","true","What is the integral of sec³x?","true","answer"
"/corrections/","Better Grades | Better Grades","29","false","Found something off? Tell us plainly.","false","policy"
"/editorial-policy/","Better Grades | Better Grades","29","false","Direct first. Complete second. Honest throughout.","false","policy"
"/glossary/","Better Grades glossaries | Better Grades","40","true","One language layer. Every subject.","false","glossary-hub"
"/glossary/math/","Mathematics glossary | Better Grades","36","true","Read the symbol. Understand the idea.","false","glossary-hub"
"/glossary/math/absolute-convergence/","Absolute Convergence: Meaning, Notation, and Example | Better Grades","68","true","Absolute Convergence: Meaning, Notation, and Example","true","glossary-term"
"/glossary/math/antiderivative/","Antiderivative: Meaning, Notation, and Example | Better Grades","62","true","Antiderivative: Meaning, Notation, and Example","true","glossary-term"
"/glossary/math/chain-rule/","Chain Rule: Meaning, Notation, and Example | Better Grades","58","true","Chain Rule: Meaning, Notation, and Example","true","glossary-term"
"/glossary/math/continuity/","Continuity: Meaning, Notation, and Example | Better Grades","58","true","Continuity: Meaning, Notation, and Example","true","glossary-term"
"/glossary/math/conventions/","Mathematics variable and notation conventions | Better Grades","61","true","Letters should carry meaning, not decorative noise.","false","glossary-term"
"/glossary/math/critical-number/","Critical Number: Meaning, Notation, and Example | Better Grades","63","true","Critical Number: Meaning, Notation, and Example","true","glossary-term"
"/glossary/math/definite-integral/","Definite Integral: Meaning, Notation, and Example | Better Grades","65","true","Definite Integral: Meaning, Notation, and Example","true","glossary-term"
"/glossary/math/derivative/","Derivative: Meaning, Notation, and Example | Better Grades","58","true","Derivative: Meaning, Notation, and Example","true","glossary-term"
"/glossary/math/fundamental-theorem-calculus/","Fundamental Theorem Calculus: Meaning, Notation, and Example | Better Grades","76","true","Fundamental Theorem Calculus: Meaning, Notation, and Example","true","glossary-term"
"/glossary/math/geometric-series/","Geometric Series: Meaning, Notation, and Example | Better Grades","64","true","Geometric Series: Meaning, Notation, and Example","true","glossary-term"
"/glossary/math/implicit-differentiation/","Implicit Differentiation: Meaning, Notation, and Example | Better Grades","72","true","Implicit Differentiation: Meaning, Notation, and Example","true","glossary-term"
"/glossary/math/improper-integral/","Improper Integral: Meaning, Notation, and Example | Better Grades","65","true","Improper Integral: Meaning, Notation, and Example","true","glossary-term"
"/glossary/math/integration-by-parts/","Integration By Parts: Meaning, Notation, and Example | Better Grades","68","true","Integration By Parts: Meaning, Notation, and Example","true","glossary-term"
"/glossary/math/limit/","Limit: Meaning, Notation, and Example | Better Grades","53","true","Limit: Meaning, Notation, and Example","true","glossary-term"
"/glossary/math/local-maximum/","Local Maximum: Meaning, Notation, and Example | Better Grades","61","true","Local Maximum: Meaning, Notation, and Example","true","glossary-term"
"/glossary/math/local-minimum/","Local Minimum: Meaning, Notation, and Example | Better Grades","61","true","Local Minimum: Meaning, Notation, and Example","true","glossary-term"
"/glossary/math/one-sided-limit/","One Sided Limit: Meaning, Notation, and Example | Better Grades","63","true","One Sided Limit: Meaning, Notation, and Example","true","glossary-term"
"/glossary/math/optimization/","Optimization: Meaning, Notation, and Example | Better Grades","60","true","Optimization: Meaning, Notation, and Example","true","glossary-term"
"/glossary/math/power-series/","Power Series: Meaning, Notation, and Example | Better Grades","60","true","Power Series: Meaning, Notation, and Example","true","glossary-term"
"/glossary/math/radius-of-convergence/","Radius Of Convergence: Meaning, Notation, and Example | Better Grades","69","true","Radius Of Convergence: Meaning, Notation, and Example","true","glossary-term"
"/glossary/math/related-rates/","Related Rates: Meaning, Notation, and Example | Better Grades","61","true","Related Rates: Meaning, Notation, and Example","true","glossary-term"
"/glossary/math/sequence/","Sequence: Meaning, Notation, and Example | Better Grades","56","true","Sequence: Meaning, Notation, and Example","true","glossary-term"
"/glossary/math/series/","Series: Meaning, Notation, and Example | Better Grades","54","true","Series: Meaning, Notation, and Example","true","glossary-term"
"/glossary/math/taylor-series/","Taylor Series: Meaning, Notation, and Example | Better Grades","61","true","Taylor Series: Meaning, Notation, and Example","true","glossary-term"
"/glossary/math/u-substitution/","U Substitution: Meaning, Notation, and Example | Better Grades","62","true","U Substitution: Meaning, Notation, and Example","true","glossary-term"
"/how-we-verify/","Better Grades | Better Grades","29","false","Answers should survive being checked.","false","policy"
"/learn/calculus/integration-by-parts/","Integration by parts: recognition, setup, and examples | Better Grades","70","true","Integration by parts, without the guessing game.","false","method-guide"
"/practice/","Free quizzes and practice exams | Better Grades","47","true","Choose a subject before choosing a workout.","false","directory"
"/practice/math/","Mathematics practice | Better Grades","36","true","Choose the mathematics course you are studying.","false","assessment"
"/practice/math/calculus/","Calculus practice | Better Grades","33","true","Pick the kind of calculus practice you need.","false","assessment"
"/practice/math/calculus/challenges/integration-bee/","Integration Bee | Better Grades","31","true","Twenty integrals. One very honest clock.","false","assessment"
"/practice/math/calculus/diagnostics/calculus-readiness/","Calculus readiness diagnostic | Better Grades","45","true","Calculus readiness diagnostic","true","assessment"
"/practice/math/calculus/exams/calculus-foundations/","Calculus foundations practice exam | Better Grades","50","true","Calculus foundations practice exam","true","practice-exam"
"/practice/math/calculus/quizzes/integration-method-selection/","Integration method selection | Better Grades","44","true","Integration method selection","true","assessment"
"/privacy/","Better Grades | Better Grades","29","false","Learn without becoming a data product.","false","policy"
"/resources/","Free Math Resources | Worksheets, Practice Exams, Guides, and More | Better Grades","82","true","Everything printable, visual, and worked through.","false","resource-library"
"/search/","Search Better Grades | Better Grades","36","true","What are you stuck on?","false","search"
"/source-policy/","Better Grades | Better Grades","29","false","Original work, traceable sources.","false","policy"
"/subjects/","Browse subjects | Better Grades","31","true","Free help, organized like a course.","false","subject-hub"
"/subjects/math/","Mathematics | Better Grades","27","true","Choose your course.","false","subject-hub"
"/subjects/math/algebra/","Algebra resources | Better Grades","33","true","Algebra","true","course-hub"
"/subjects/math/algebra/expressions-equations/","Expressions & Equations Algebra resources | Better Grades","57","true","Expressions & Equations","true","quick-answer"
"/subjects/math/algebra/expressions-equations/combining-like-terms/","Combining like terms without combining things that only look alike | Better Grades","82","true","Combining like terms without combining things that only look alike","true","method-guide"
"/subjects/math/algebra/expressions-equations/distributive-property/","The distributive property: why the outside factor reaches every term | Better Grades","84","true","The distributive property: why the outside factor reaches every term","true","method-guide"
"/subjects/math/algebra/expressions-equations/evaluating-expressions-by-substitution/","Evaluating algebraic expressions by substitution | Better Grades","64","true","Evaluating algebraic expressions by substitution","true","method-guide"
"/subjects/math/algebra/expressions-equations/order-of-operations-with-variables/","Order of operations with variables: what actually comes first? | Better Grades","78","true","Order of operations with variables: what actually comes first?","true","method-guide"
"/subjects/math/algebra/expressions-equations/solving-linear-equations/","Solving linear equations: keep the balance, not a bag of tricks | Better Grades","79","true","Solving linear equations: keep the balance, not a bag of tricks","true","decision-guide"
"/subjects/math/algebra/expressions-equations/variables-on-both-sides/","Variables on both sides: which side should you move them to? | Better Grades","76","true","Variables on both sides: which side should you move them to?","true","decision-guide"
"/subjects/math/algebra/linear-relationships/","Linear Relationships Algebra resources | Better Grades","54","true","Linear Relationships","true","quick-answer"
"/subjects/math/algebra/linear-relationships/equation-from-two-points/","How to write a line equation from two points | Better Grades","60","true","How to write a line equation from two points","true","decision-guide"
"/subjects/math/algebra/linear-relationships/graphing-linear-equations-from-standard-form/","Graphing a linear equation from standard form | Better Grades","61","true","Graphing a linear equation from standard form","true","decision-guide"
"/subjects/math/algebra/linear-relationships/interpreting-linear-models/","What do slope and intercept mean in a linear model? | Better Grades","67","true","What do slope and intercept mean in a linear model?","true","quick-answer"
"/subjects/math/algebra/linear-relationships/parallel-perpendicular-lines/","Parallel and perpendicular slopes, with the vertical-line exception | Better Grades","83","true","Parallel and perpendicular slopes, with the vertical-line exception","true","decision-guide"
"/subjects/math/algebra/linear-relationships/point-slope-vs-slope-intercept/","Point-slope or slope-intercept form: which should you use? | Better Grades","74","true","Point-slope or slope-intercept form: which should you use?","true","quick-answer"
"/subjects/math/algebra/linear-relationships/slope-as-rate-of-change/","Slope is a rate of change, not just rise over run | Better Grades","65","true","Slope is a rate of change, not just rise over run","true","quick-answer"
"/subjects/math/algebra/polynomials-factoring/","Polynomials & Factoring Algebra resources | Better Grades","57","true","Polynomials & Factoring","true","quick-answer"
"/subjects/math/algebra/polynomials-factoring/completing-the-square/","Completing the square without guessing | Better Grades","54","true","Completing the square without guessing","true","decision-guide"
"/subjects/math/algebra/polynomials-factoring/exponent-rules/","Exponent rules that come from counting factors | Better Grades","62","true","Exponent rules that come from counting factors","true","method-guide"
"/subjects/math/algebra/polynomials-factoring/factoring-trinomials/","Factoring trinomials: use product and sum, not random guessing | Better Grades","78","true","Factoring trinomials: use product and sum, not random guessing","true","decision-guide"
"/subjects/math/algebra/polynomials-factoring/greatest-common-factor/","Factor the greatest common factor before anything fancy | Better Grades","71","true","Factor the greatest common factor before anything fancy","true","decision-guide"
"/subjects/math/algebra/polynomials-factoring/multiply-polynomials/","Multiplying polynomials without losing a term | Better Grades","61","true","Multiplying polynomials without losing a term","true","decision-guide"
"/subjects/math/algebra/polynomials-factoring/special-factor-patterns/","Difference of squares or perfect-square trinomial? | Better Grades","66","true","Difference of squares or perfect-square trinomial?","true","decision-guide"
"/subjects/math/algebra/radicals-exponents-functions/","Radicals, Exponents & Functions Algebra resources | Better Grades","65","true","Radicals, Exponents & Functions","true","quick-answer"
"/subjects/math/algebra/radicals-exponents-functions/exponential-growth-and-decay/","Exponential growth and decay: reading the model | Better Grades","63","true","Exponential growth and decay: reading the model","true","decision-guide"
"/subjects/math/algebra/radicals-exponents-functions/function-notation/","Function notation: inputs, outputs, and what f(x) does not mean | Better Grades","79","true","Function notation: inputs, outputs, and what f(x) does not mean","true","quick-answer"
"/subjects/math/algebra/radicals-exponents-functions/inverse-functions-vs-reciprocals/","Inverse function or reciprocal? The −1 notation has two different jobs | Better Grades","86","true","Inverse function or reciprocal? The −1 notation has two different jobs","true","decision-guide"
"/subjects/math/algebra/radicals-exponents-functions/rational-exponents/","Rational exponents: the bridge between powers and roots | Better Grades","71","true","Rational exponents: the bridge between powers and roots","true","method-guide"
"/subjects/math/algebra/radicals-exponents-functions/simplifying-radicals/","Simplifying radicals by pulling out perfect powers | Better Grades","66","true","Simplifying radicals by pulling out perfect powers","true","method-guide"
"/subjects/math/algebra/radicals-exponents-functions/solving-radical-equations/","Solving radical equations and checking for extraneous roots | Better Grades","75","true","Solving radical equations and checking for extraneous roots","true","method-guide"
"/subjects/math/algebra/rational-expressions/","Rational Expressions Algebra resources | Better Grades","54","true","Rational Expressions","true","quick-answer"
"/subjects/math/algebra/rational-expressions/add-subtract-rational-expressions/","Adding and subtracting rational expressions | Better Grades","59","true","Adding and subtracting rational expressions","true","method-guide"
"/subjects/math/algebra/rational-expressions/direct-inverse-variation/","Direct or inverse variation: which model matches the relationship? | Better Grades","82","true","Direct or inverse variation: which model matches the relationship?","true","quick-answer"
"/subjects/math/algebra/rational-expressions/rational-domain-restrictions/","Domain restrictions in rational expressions | Better Grades","59","true","Domain restrictions in rational expressions","true","method-guide"
"/subjects/math/algebra/rational-expressions/simplifying-complex-rational-expressions/","Simplifying complex rational expressions | Better Grades","56","true","Simplifying complex rational expressions","true","method-guide"
"/subjects/math/algebra/rational-expressions/simplifying-rational-expressions/","Simplifying rational expressions by factors, not by terms | Better Grades","73","true","Simplifying rational expressions by factors, not by terms","true","method-guide"
"/subjects/math/algebra/rational-expressions/solving-rational-equations/","Solving rational equations without accepting forbidden answers | Better Grades","78","true","Solving rational equations without accepting forbidden answers","true","method-guide"
"/subjects/math/algebra/systems-inequalities/","Systems & Inequalities Algebra resources | Better Grades","56","true","Systems & Inequalities","true","quick-answer"
"/subjects/math/algebra/systems-inequalities/choosing-system-method/","Graphing, substitution, or elimination: which system method fits? | Better Grades","81","true","Graphing, substitution, or elimination: which system method fits?","true","decision-guide"
"/subjects/math/algebra/systems-inequalities/compound-inequalities/","Compound inequalities: and, or, and the sign flip | Better Grades","65","true","Compound inequalities: and, or, and the sign flip","true","method-guide"
"/subjects/math/algebra/systems-inequalities/elimination-systems/","Solving systems by elimination | Better Grades","46","true","Solving systems by elimination","true","decision-guide"
"/subjects/math/algebra/systems-inequalities/graphing-linear-inequalities/","Graphing linear inequalities in two variables | Better Grades","61","true","Graphing linear inequalities in two variables","true","decision-guide"
"/subjects/math/algebra/systems-inequalities/no-one-infinite-solutions/","One solution, no solution, or infinitely many? | Better Grades","62","true","One solution, no solution, or infinitely many?","true","decision-guide"
"/subjects/math/algebra/systems-inequalities/substitution-systems/","Solving systems by substitution | Better Grades","47","true","Solving systems by substitution","true","decision-guide"
"/subjects/math/calculus/","Calculus resources | Better Grades","34","true","Calculus","true","course-hub"
"/subjects/math/calculus/derivative-applications/","Unit 2B: Applications of Derivatives | Better Grades","52","true","Unit 2B: Applications of Derivatives","true","unit-hub"
"/subjects/math/calculus/derivative-applications/advanced-cauchy-mvt/","Cauchy s Mean Value Theorem and L Hopital s Rule | Unit 2B | Better Grades","74","true","Cauchy s Mean Value Theorem and L Hopital s Rule","true","textbook-lesson"
"/subjects/math/calculus/derivative-applications/advanced-convexity/","Convexity, Tangent Inequalities, and Global Minima | Unit 2B | Better Grades","76","true","Convexity, Tangent Inequalities, and Global Minima","true","textbook-lesson"
"/subjects/math/calculus/derivative-applications/advanced-newton-convergence/","Newton s Method: Convergence and Failure Modes | Unit 2B | Better Grades","72","true","Newton s Method: Convergence and Failure Modes","true","textbook-lesson"
"/subjects/math/calculus/derivative-applications/advanced-notes/","Advanced Notes: Analysis Behind the Applications | Unit 2B | Better Grades","74","true","Advanced Notes: Analysis Behind the Applications","true","textbook-lesson"
"/subjects/math/calculus/derivative-applications/advanced-sensitivity-elasticity/","Sensitivity, Elasticity, and Condition Numbers | Unit 2B | Better Grades","72","true","Sensitivity, Elasticity, and Condition Numbers","true","textbook-lesson"
"/subjects/math/calculus/derivative-applications/anatomy-of-optimization/","The Anatomy of an Optimization Problem | Unit 2B | Better Grades","64","true","The Anatomy of an Optimization Problem","true","textbook-lesson"
"/subjects/math/calculus/derivative-applications/approximation-concept-quiz/","Approximation Concept Quiz | Unit 2B | Better Grades","52","true","Approximation Concept Quiz","true","textbook-lesson"
"/subjects/math/calculus/derivative-applications/approximation-review/","Approximation and Newton s Method Review | Unit 2B | Better Grades","66","true","Approximation and Newton s Method Review","true","textbook-lesson"
"/subjects/math/calculus/derivative-applications/bridge-diagnostic/","Derivative Applications Bridge Diagnostic | Unit 2B | Better Grades","67","true","Derivative Applications Bridge Diagnostic","true","textbook-lesson"
"/subjects/math/calculus/derivative-applications/closed-interval-method/","The Closed Interval Method | Unit 2B | Better Grades","52","true","The Closed Interval Method","true","textbook-lesson"
"/subjects/math/calculus/derivative-applications/common-errors/","Common Derivative Application and Optimization Errors | Unit 2B | Better Grades","79","true","Common Derivative Application and Optimization Errors","true","textbook-lesson"
"/subjects/math/calculus/derivative-applications/concavity/","Concavity and Inflection Points | Unit 2B | Better Grades","57","true","Concavity and Inflection Points","true","textbook-lesson"
"/subjects/math/calculus/derivative-applications/cumulative-practice/","Unit 2B Cumulative Applications Practice | Better Grades","56","true","Unit 2B Cumulative Applications Practice","true","textbook-lesson"
"/subjects/math/calculus/derivative-applications/curve-sketching-from-derivatives/","Curve sketching from first and second derivatives | Unit 2B | Better Grades","75","true","Curve sketching from first and second derivatives","true","method-guide"
"/subjects/math/calculus/derivative-applications/curve-sketching/","Complete Curve Sketching | Unit 2B | Better Grades","50","true","Complete Curve Sketching","true","textbook-lesson"
"/subjects/math/calculus/derivative-applications/derivative-graphs/","Reading Function and Derivative Graphs | Unit 2B | Better Grades","64","true","Reading Function and Derivative Graphs","true","textbook-lesson"
"/subjects/math/calculus/derivative-applications/differentials/","Differentials | Unit 2B | Better Grades","39","true","Differentials","true","textbook-lesson"
"/subjects/math/calculus/derivative-applications/error-estimation/","Error Estimation with Differentials | Unit 2B | Better Grades","61","true","Error Estimation with Differentials","true","textbook-lesson"
"/subjects/math/calculus/derivative-applications/extrema-and-critical-numbers/","Extrema and Critical Numbers | Unit 2B | Better Grades","54","true","Extrema and Critical Numbers","true","textbook-lesson"
"/subjects/math/calculus/derivative-applications/first-derivative-test/","The First Derivative Test | Unit 2B | Better Grades","51","true","The First Derivative Test","true","textbook-lesson"
"/subjects/math/calculus/derivative-applications/graph-analysis-story/","Graph Analysis as a Coherent Story | Unit 2B | Better Grades","60","true","Graph Analysis as a Coherent Story","true","textbook-lesson"
"/subjects/math/calculus/derivative-applications/how-to-translate-word-problems/","How to Translate Derivative Word Problems | Unit 2B | Better Grades","67","true","How to Translate Derivative Word Problems","true","textbook-lesson"
"/subjects/math/calculus/derivative-applications/increasing-decreasing/","Increasing and Decreasing Intervals | Unit 2B | Better Grades","61","true","Increasing and Decreasing Intervals","true","textbook-lesson"
"/subjects/math/calculus/derivative-applications/interpretation-concept-quiz/","Interpretation and Motion Concept Quiz | Unit 2B | Better Grades","64","true","Interpretation and Motion Concept Quiz","true","textbook-lesson"
"/subjects/math/calculus/derivative-applications/interpretation-review/","Higher Derivatives and Motion Review | Unit 2B | Better Grades","62","true","Higher Derivatives and Motion Review","true","textbook-lesson"
"/subjects/math/calculus/derivative-applications/interpreting-derivatives/","How to Interpret a Derivative in Context | Unit 2B | Better Grades","66","true","How to Interpret a Derivative in Context","true","textbook-lesson"
"/subjects/math/calculus/derivative-applications/interpreting-higher-derivatives/","Interpreting Higher Derivatives | Unit 2B | Better Grades","57","true","Interpreting Higher Derivatives","true","textbook-lesson"
"/subjects/math/calculus/derivative-applications/lhopital-concept-quiz/","L Hopital Concept Quiz | Unit 2B | Better Grades","48","true","L Hopital Concept Quiz","true","textbook-lesson"
"/subjects/math/calculus/derivative-applications/lhopital-infinity-over-infinity/","L Hopital s Rule for infinity/infinity | Unit 2B | Better Grades","64","true","L Hopital s Rule for infinity/infinity","true","textbook-lesson"
"/subjects/math/calculus/derivative-applications/lhopital-is-not-cancellation/","L Hopital s Rule Is Not Quotient Cancellation | Unit 2B | Better Grades","71","true","L Hopital s Rule Is Not Quotient Cancellation","true","textbook-lesson"
"/subjects/math/calculus/derivative-applications/lhopital-review/","L Hopital s Rule Review | Unit 2B | Better Grades","49","true","L Hopital s Rule Review","true","textbook-lesson"
"/subjects/math/calculus/derivative-applications/lhopital-rule/","L Hopital s Rule | Unit 2B | Better Grades","42","true","L Hopital s Rule","true","textbook-lesson"
"/subjects/math/calculus/derivative-applications/lhopital-zero-over-zero/","L Hopital s Rule for 0/0 | Unit 2B | Better Grades","50","true","L Hopital s Rule for 0/0","true","textbook-lesson"
"/subjects/math/calculus/derivative-applications/linear-approximation/","Linear approximation: use the tangent line as a local calculator | Unit 2B | Better Grades","90","true","Linear approximation: use the tangent line as a local calculator","true","method-guide"
"/subjects/math/calculus/derivative-applications/linearization-practice/","Using Linearization | Unit 2B | Better Grades","45","true","Using Linearization","true","textbook-lesson"
"/subjects/math/calculus/derivative-applications/local-linearity/","Local Linearity | Unit 2B | Better Grades","41","true","Local Linearity","true","textbook-lesson"
"/subjects/math/calculus/derivative-applications/manufacturing-tolerance/","Manufacturing Tolerances and Error Propagation | Unit 2B | Better Grades","72","true","Manufacturing Tolerances and Error Propagation","true","textbook-lesson"
"/subjects/math/calculus/derivative-applications/marginal-analysis/","Marginal Cost, Revenue, Profit, and Elasticity | Unit 2B | Better Grades","72","true","Marginal Cost, Revenue, Profit, and Elasticity","true","textbook-lesson"
"/subjects/math/calculus/derivative-applications/mean-value-theorem/","The Mean Value Theorem | Unit 2B | Better Grades","48","true","The Mean Value Theorem","true","textbook-lesson"
"/subjects/math/calculus/derivative-applications/medication-concentration/","Medication Concentration, Peak Timing, and Model Limits | Unit 2B | Better Grades","81","true","Medication Concentration, Peak Timing, and Model Limits","true","textbook-lesson"
"/subjects/math/calculus/derivative-applications/modeling-studio-review/","Derivative Applications Modeling Studio Review | Unit 2B | Better Grades","72","true","Derivative Applications Modeling Studio Review","true","textbook-lesson"
"/subjects/math/calculus/derivative-applications/modeling-studio/","Derivative Applications Modeling Studio | Unit 2B | Better Grades","65","true","Derivative Applications Modeling Studio","true","textbook-lesson"
"/subjects/math/calculus/derivative-applications/newtons-method/","Newton s Method | Unit 2B | Better Grades","41","true","Newton s Method","true","textbook-lesson"
"/subjects/math/calculus/derivative-applications/optimization-business-science/","Business and Scientific Optimization | Unit 2B | Better Grades","62","true","Business and Scientific Optimization","true","textbook-lesson"
"/subjects/math/calculus/derivative-applications/optimization-closed-interval/","Closed-Interval Optimization | Unit 2B | Better Grades","54","true","Closed-Interval Optimization","true","textbook-lesson"
"/subjects/math/calculus/derivative-applications/optimization-concept-quiz/","Optimization Concept Quiz | Unit 2B | Better Grades","51","true","Optimization Concept Quiz","true","textbook-lesson"
"/subjects/math/calculus/derivative-applications/optimization-geometry/","Geometric Optimization | Unit 2B | Better Grades","48","true","Geometric Optimization","true","textbook-lesson"
"/subjects/math/calculus/derivative-applications/optimization-modeling/","Optimization Modeling | Unit 2B | Better Grades","47","true","Optimization Modeling","true","textbook-lesson"
"/subjects/math/calculus/derivative-applications/optimization-review/","Optimization Review | Unit 2B | Better Grades","45","true","Optimization Review","true","textbook-lesson"
"/subjects/math/calculus/derivative-applications/optimization/","A calculus optimization workflow that does not skip the model | Unit 2B | Better Grades","87","true","A calculus optimization workflow that does not skip the model","true","method-guide"
"/subjects/math/calculus/derivative-applications/other-indeterminate-forms/","Products, Differences, and Powers | Unit 2B | Better Grades","59","true","Products, Differences, and Powers","true","textbook-lesson"
"/subjects/math/calculus/derivative-applications/position-velocity-acceleration/","Position, Velocity, and Acceleration | Unit 2B | Better Grades","62","true","Position, Velocity, and Acceleration","true","textbook-lesson"
"/subjects/math/calculus/derivative-applications/practice-exam-a-answer-key/","Unit 2B Practice Exam A Answer Key | Better Grades","50","true","Unit 2B Practice Exam A Answer Key","true","textbook-lesson"
"/subjects/math/calculus/derivative-applications/practice-exam-a/","Unit 2B Practice Exam A | Better Grades","39","true","Unit 2B Practice Exam A","true","textbook-lesson"
"/subjects/math/calculus/derivative-applications/practice-exam-b-answer-key/","Unit 2B Practice Exam B Answer Key | Better Grades","50","true","Unit 2B Practice Exam B Answer Key","true","textbook-lesson"
"/subjects/math/calculus/derivative-applications/practice-exam-b/","Unit 2B Practice Exam B | Better Grades","39","true","Unit 2B Practice Exam B","true","textbook-lesson"
"/subjects/math/calculus/derivative-applications/radar-tracking/","Radar and Camera Tracking with Changing Angles | Unit 2B | Better Grades","72","true","Radar and Camera Tracking with Changing Angles","true","textbook-lesson"
"/subjects/math/calculus/derivative-applications/rates-from-data/","Rates from Data and Units | Unit 2B | Better Grades","51","true","Rates from Data and Units","true","textbook-lesson"
"/subjects/math/calculus/derivative-applications/reference/","Unit 2B Formula and Strategy Reference | Better Grades","54","true","Unit 2B Formula and Strategy Reference","true","textbook-lesson"
"/subjects/math/calculus/derivative-applications/related-rates-angle/","Changing Angles | Unit 2B | Better Grades","41","true","Changing Angles","true","textbook-lesson"
"/subjects/math/calculus/derivative-applications/related-rates-concept-quiz/","Related Rates Concept Quiz | Unit 2B | Better Grades","52","true","Related Rates Concept Quiz","true","textbook-lesson"
"/subjects/math/calculus/derivative-applications/related-rates-mixed/","Mixed Related-Rates Problems | Unit 2B | Better Grades","54","true","Mixed Related-Rates Problems","true","textbook-lesson"
"/subjects/math/calculus/derivative-applications/related-rates-pythagorean/","Pythagorean Related Rates | Unit 2B | Better Grades","51","true","Pythagorean Related Rates","true","textbook-lesson"
"/subjects/math/calculus/derivative-applications/related-rates-review/","Related Rates Review | Unit 2B | Better Grades","46","true","Related Rates Review","true","textbook-lesson"
"/subjects/math/calculus/derivative-applications/related-rates-shadows/","Shadows and Similar Triangles | Unit 2B | Better Grades","55","true","Shadows and Similar Triangles","true","textbook-lesson"
"/subjects/math/calculus/derivative-applications/related-rates-volume/","Volume and Filling Problems | Unit 2B | Better Grades","53","true","Volume and Filling Problems","true","textbook-lesson"
"/subjects/math/calculus/derivative-applications/related-rates-workflow/","Related Rates Workflow | Unit 2B | Better Grades","48","true","Related Rates Workflow","true","textbook-lesson"
"/subjects/math/calculus/derivative-applications/related-rates/","Related rates: translate the geometry before differentiating | Unit 2B | Better Grades","86","true","Related rates: translate the geometry before differentiating","true","method-guide"
"/subjects/math/calculus/derivative-applications/repeated-lhopital/","Repeated L Hopital Applications | Unit 2B | Better Grades","57","true","Repeated L Hopital Applications","true","textbook-lesson"
"/subjects/math/calculus/derivative-applications/rolles-theorem/","Rolle s Theorem | Unit 2B | Better Grades","41","true","Rolle s Theorem","true","textbook-lesson"
"/subjects/math/calculus/derivative-applications/second-derivative-test/","The Second Derivative Test | Unit 2B | Better Grades","52","true","The Second Derivative Test","true","textbook-lesson"
"/subjects/math/calculus/derivative-applications/speeding-up-slowing-down/","Speeding Up and Slowing Down | Unit 2B | Better Grades","54","true","Speeding Up and Slowing Down","true","textbook-lesson"
"/subjects/math/calculus/derivative-applications/stopping-distance/","Reaction Time, Braking, and Vehicle Stopping Distance | Unit 2B | Better Grades","79","true","Reaction Time, Braking, and Vehicle Stopping Distance","true","textbook-lesson"
"/subjects/math/calculus/derivative-applications/theorems-shape-concept-quiz/","Derivative Theorems and Shape Concept Quiz | Unit 2B | Better Grades","68","true","Derivative Theorems and Shape Concept Quiz","true","textbook-lesson"
"/subjects/math/calculus/derivative-applications/theorems-shape-review/","Derivative Theorems and Shape Review | Unit 2B | Better Grades","62","true","Derivative Theorems and Shape Review","true","textbook-lesson"
"/subjects/math/calculus/derivative-applications/unit-2b-review/","Unit 2B Review: Applications of Derivatives | Better Grades","59","true","Unit 2B Review: Applications of Derivatives","true","decision-guide"
"/subjects/math/calculus/derivative-applications/when-not-lhopital/","When Not to Use L Hopital s Rule | Unit 2B | Better Grades","58","true","When Not to Use L Hopital s Rule","true","textbook-lesson"
"/subjects/math/calculus/derivative-applications/why-linear-approximation-works/","Why a Tangent Line Can Approximate a Curve | Unit 2B | Better Grades","68","true","Why a Tangent Line Can Approximate a Curve","true","textbook-lesson"
"/subjects/math/calculus/derivative-applications/why-related-rates-feel-hard/","Why Related-Rates Problems Feel Hard | Unit 2B | Better Grades","62","true","Why Related-Rates Problems Feel Hard","true","textbook-lesson"
"/subjects/math/calculus/derivatives/","Unit 2A: Derivative Foundations and Differentiation Techniques | Better Grades","78","true","Unit 2A: Derivative Foundations and Differentiation Techniques","true","unit-hub"
"/subjects/math/calculus/derivatives/advanced-chain-rule-linear-maps/","The Chain Rule as Composition of Local Linear Maps | Unit 2A | Better Grades","76","true","The Chain Rule as Composition of Local Linear Maps","true","textbook-lesson"
"/subjects/math/calculus/derivatives/advanced-darboux-derivatives/","Darboux s Theorem: Derivatives Cannot Jump | Unit 2A | Better Grades","68","true","Darboux s Theorem: Derivatives Cannot Jump","true","textbook-lesson"
"/subjects/math/calculus/derivatives/advanced-implicit-function-theorem/","A Preview of the Implicit Function Theorem | Unit 2A | Better Grades","68","true","A Preview of the Implicit Function Theorem","true","textbook-lesson"
"/subjects/math/calculus/derivatives/advanced-local-linearity-little-o/","Differentiability, Little-o Notation, and the Best Local Linear Model | Unit 2A | Better Grades","95","true","Differentiability, Little-o Notation, and the Best Local Linear Model","true","textbook-lesson"
"/subjects/math/calculus/derivatives/advanced-notes-2a/","Advanced Notes: What Differentiability Is Really Saying | Unit 2A | Better Grades","81","true","Advanced Notes: What Differentiability Is Really Saying","true","textbook-lesson"
"/subjects/math/calculus/derivatives/chain-exp-log/","Chain Rule with Exponentials and Logarithms | Unit 2A | Better Grades","69","true","Chain Rule with Exponentials and Logarithms","true","textbook-lesson"
"/subjects/math/calculus/derivatives/chain-rule-basic/","The Basic Chain Rule | Unit 2A | Better Grades","46","true","The Basic Chain Rule","true","textbook-lesson"
"/subjects/math/calculus/derivatives/chain-rule-concept-quiz/","Chain Rule Concept Quiz | Unit 2A | Better Grades","49","true","Chain Rule Concept Quiz","true","textbook-lesson"
"/subjects/math/calculus/derivatives/chain-rule-map/","A Visual and Verbal Map of the Chain Rule | Unit 2A | Better Grades","67","true","A Visual and Verbal Map of the Chain Rule","true","textbook-lesson"
"/subjects/math/calculus/derivatives/chain-rule-review/","Chain Rule Review | Unit 2A | Better Grades","43","true","Chain Rule Review","true","textbook-lesson"
"/subjects/math/calculus/derivatives/chain-rule/","The Chain Rule as a structure-reading skill | Unit 2A | Better Grades","69","true","The Chain Rule as a structure-reading skill","true","method-guide"
"/subjects/math/calculus/derivatives/chain-trig/","Chain Rule with Trigonometric Functions | Unit 2A | Better Grades","65","true","Chain Rule with Trigonometric Functions","true","textbook-lesson"
"/subjects/math/calculus/derivatives/combined-rules/","Combining Product, Quotient, and Chain Rules | Unit 2A | Better Grades","70","true","Combining Product, Quotient, and Chain Rules","true","textbook-lesson"
"/subjects/math/calculus/derivatives/composition/","Composition and the Need for the Chain Rule | Unit 2A | Better Grades","69","true","Composition and the Need for the Chain Rule","true","textbook-lesson"
"/subjects/math/calculus/derivatives/core-rules-concept-quiz/","Core Rules Concept Quiz | Unit 2A | Better Grades","49","true","Core Rules Concept Quiz","true","textbook-lesson"
"/subjects/math/calculus/derivatives/core-rules-review/","Core Differentiation Rules Review | Unit 2A | Better Grades","59","true","Core Differentiation Rules Review","true","textbook-lesson"
"/subjects/math/calculus/derivatives/derivative-at-a-point/","The Derivative at a Point | Unit 2A | Better Grades","51","true","The Derivative at a Point","true","textbook-lesson"
"/subjects/math/calculus/derivatives/derivative-computation-strategy/","A Complete Derivative Computation Strategy | Unit 2A | Better Grades","68","true","A Complete Derivative Computation Strategy","true","textbook-lesson"
"/subjects/math/calculus/derivatives/derivative-function/","The Derivative as a Function | Unit 2A | Better Grades","54","true","The Derivative as a Function","true","textbook-lesson"
"/subjects/math/calculus/derivatives/derivative-of-x-to-the-x/","What is the derivative of x to the x? | Unit 2A | Better Grades","63","true","What is the derivative of x to the x?","true","quick-answer"
"/subjects/math/calculus/derivatives/derivatives-of-inverse-trig-functions/","Derivatives of inverse trigonometric functions | Unit 2A | Better Grades","72","true","Derivatives of inverse trigonometric functions","true","method-guide"
"/subjects/math/calculus/derivatives/difference-quotient-algebra/","Difference Quotient Algebra Without Skipped Steps | Unit 2A | Better Grades","75","true","Difference Quotient Algebra Without Skipped Steps","true","textbook-lesson"
"/subjects/math/calculus/derivatives/differentiability-and-continuity/","Differentiability and Continuity | Unit 2A | Better Grades","58","true","Differentiability and Continuity","true","textbook-lesson"
"/subjects/math/calculus/derivatives/exponential-e/","The Derivative of the Natural Exponential | Unit 2A | Better Grades","67","true","The Derivative of the Natural Exponential","true","textbook-lesson"
"/subjects/math/calculus/derivatives/foundations-concept-quiz/","Derivative Foundations Concept Quiz | Unit 2A | Better Grades","61","true","Derivative Foundations Concept Quiz","true","textbook-lesson"
"/subjects/math/calculus/derivatives/foundations-review/","Derivative Foundations Review | Unit 2A | Better Grades","55","true","Derivative Foundations Review","true","textbook-lesson"
"/subjects/math/calculus/derivatives/from-graphs-and-tables/","Estimating Derivatives from Graphs and Tables | Unit 2A | Better Grades","71","true","Estimating Derivatives from Graphs and Tables","true","textbook-lesson"
"/subjects/math/calculus/derivatives/general-exponential/","Derivatives of General Exponential Functions | Unit 2A | Better Grades","70","true","Derivatives of General Exponential Functions","true","textbook-lesson"
"/subjects/math/calculus/derivatives/general-logarithms/","Derivatives of General Logarithms | Unit 2A | Better Grades","59","true","Derivatives of General Logarithms","true","textbook-lesson"
"/subjects/math/calculus/derivatives/higher-derivative-techniques/","How to Compute Higher Derivatives Reliably | Unit 2A | Better Grades","68","true","How to Compute Higher Derivatives Reliably","true","textbook-lesson"
"/subjects/math/calculus/derivatives/higher-derivatives/","Higher Derivatives | Unit 2A | Better Grades","44","true","Higher Derivatives","true","textbook-lesson"
"/subjects/math/calculus/derivatives/implicit-differentiation/","Implicit Differentiation | Unit 2A | Better Grades","50","true","Implicit Differentiation","true","textbook-lesson"
"/subjects/math/calculus/derivatives/implicit-inverse-concept-quiz/","Implicit and Inverse Concept Quiz | Unit 2A | Better Grades","59","true","Implicit and Inverse Concept Quiz","true","textbook-lesson"
"/subjects/math/calculus/derivatives/implicit-inverse-review/","Implicit, Inverse, and Logarithmic Differentiation Review | Unit 2A | Better Grades","83","true","Implicit, Inverse, and Logarithmic Differentiation Review","true","textbook-lesson"
"/subjects/math/calculus/derivatives/implicit-second-derivative/","Second Derivatives from Implicit Equations | Unit 2A | Better Grades","68","true","Second Derivatives from Implicit Equations","true","textbook-lesson"
"/subjects/math/calculus/derivatives/implicit-tangent-lines/","Tangent Lines to Implicit Curves | Unit 2A | Better Grades","58","true","Tangent Lines to Implicit Curves","true","textbook-lesson"
"/subjects/math/calculus/derivatives/inverse-function-rule/","Derivative of an Inverse Function | Unit 2A | Better Grades","59","true","Derivative of an Inverse Function","true","textbook-lesson"
"/subjects/math/calculus/derivatives/inverse-trig/","Inverse Trigonometric Derivatives | Unit 2A | Better Grades","59","true","Inverse Trigonometric Derivatives","true","textbook-lesson"
"/subjects/math/calculus/derivatives/logarithmic-differentiation/","Logarithmic Differentiation | Unit 2A | Better Grades","53","true","Logarithmic Differentiation","true","textbook-lesson"
"/subjects/math/calculus/derivatives/multiple-chain-layers/","Multiple Chain-Rule Layers | Unit 2A | Better Grades","52","true","Multiple Chain-Rule Layers","true","textbook-lesson"
"/subjects/math/calculus/derivatives/natural-log/","The Derivative of the Natural Logarithm | Unit 2A | Better Grades","65","true","The Derivative of the Natural Logarithm","true","textbook-lesson"
"/subjects/math/calculus/derivatives/negative-fractional-powers/","Negative and Fractional Powers | Unit 2A | Better Grades","56","true","Negative and Fractional Powers","true","textbook-lesson"
"/subjects/math/calculus/derivatives/notation-and-units/","Derivative Notation and Units | Unit 2A | Better Grades","55","true","Derivative Notation and Units","true","textbook-lesson"
"/subjects/math/calculus/derivatives/notation-guide/","Derivative Notation Guide | Unit 2A | Better Grades","51","true","Derivative Notation Guide","true","textbook-lesson"
"/subjects/math/calculus/derivatives/other-trig-functions/","Derivatives of the Other Trigonometric Functions | Unit 2A | Better Grades","74","true","Derivatives of the Other Trigonometric Functions","true","textbook-lesson"
"/subjects/math/calculus/derivatives/power-rule/","The Constant and Power Rules | Unit 2A | Better Grades","54","true","The Constant and Power Rules","true","textbook-lesson"
"/subjects/math/calculus/derivatives/practice-exam-a-answer-key/","Unit 2A Practice Exam A Answer Key | Better Grades","50","true","Unit 2A Practice Exam A Answer Key","true","textbook-lesson"
"/subjects/math/calculus/derivatives/practice-exam-b-answer-key/","Unit 2A Practice Exam B Answer Key | Better Grades","50","true","Unit 2A Practice Exam B Answer Key","true","textbook-lesson"
"/subjects/math/calculus/derivatives/prerequisite-diagnostic/","Derivative Prerequisite Diagnostic | Unit 2A | Better Grades","60","true","Derivative Prerequisite Diagnostic","true","textbook-lesson"
"/subjects/math/calculus/derivatives/product-rule-vs-quotient-rule/","Product Rule or Quotient Rule? | Unit 2A | Better Grades","56","true","Product Rule or Quotient Rule?","true","decision-guide"
"/subjects/math/calculus/derivatives/product-rule/","The Product Rule | Unit 2A | Better Grades","42","true","The Product Rule","true","textbook-lesson"
"/subjects/math/calculus/derivatives/quotient-rule/","The Quotient Rule | Unit 2A | Better Grades","43","true","The Quotient Rule","true","textbook-lesson"
"/subjects/math/calculus/derivatives/rule-selection/","How to Choose a Differentiation Rule | Unit 2A | Better Grades","62","true","How to Choose a Differentiation Rule","true","textbook-lesson"
"/subjects/math/calculus/derivatives/sine-and-cosine/","Derivatives of Sine and Cosine | Unit 2A | Better Grades","56","true","Derivatives of Sine and Cosine","true","textbook-lesson"
"/subjects/math/calculus/derivatives/special-functions-concept-quiz/","Special Functions Concept Quiz | Unit 2A | Better Grades","56","true","Special Functions Concept Quiz","true","textbook-lesson"
"/subjects/math/calculus/derivatives/special-functions-review/","Trigonometric, Exponential, and Logarithmic Review | Unit 2A | Better Grades","76","true","Trigonometric, Exponential, and Logarithmic Review","true","textbook-lesson"
"/subjects/math/calculus/derivatives/sum-and-constant-multiple-rules/","Sums and Constant Multiples | Unit 2A | Better Grades","53","true","Sums and Constant Multiples","true","textbook-lesson"
"/subjects/math/calculus/derivatives/tangent-line-equation/","Tangent and Normal Lines | Unit 2A | Better Grades","50","true","Tangent and Normal Lines","true","textbook-lesson"
"/subjects/math/calculus/derivatives/unit-2a-common-errors/","Common Derivative Computation Errors and How to Repair Them | Unit 2A | Better Grades","85","true","Common Derivative Computation Errors and How to Repair Them","true","textbook-lesson"
"/subjects/math/calculus/derivatives/unit-2a-cumulative-practice/","Unit 2A Cumulative Derivative Practice | Better Grades","54","true","Unit 2A Cumulative Derivative Practice","true","textbook-lesson"
"/subjects/math/calculus/derivatives/unit-2a-practice-exam-a/","Unit 2A Practice Exam A | Better Grades","39","true","Unit 2A Practice Exam A","true","textbook-lesson"
"/subjects/math/calculus/derivatives/unit-2a-practice-exam-b/","Unit 2A Practice Exam B | Better Grades","39","true","Unit 2A Practice Exam B","true","textbook-lesson"
"/subjects/math/calculus/derivatives/unit-2a-reference/","Unit 2A Formula and Strategy Reference | Better Grades","54","true","Unit 2A Formula and Strategy Reference","true","textbook-lesson"
"/subjects/math/calculus/derivatives/unit-2a-review/","Unit 2A Review: Derivative Meaning and Computation | Better Grades","66","true","Unit 2A Review: Derivative Meaning and Computation","true","textbook-lesson"
"/subjects/math/calculus/derivatives/variable-exponents/","Variable Bases and Exponents | Unit 2A | Better Grades","54","true","Variable Bases and Exponents","true","textbook-lesson"
"/subjects/math/calculus/derivatives/what-does-derivative-mean/","What Does the Word Derivative Mean in Calculus? | Unit 2A | Better Grades","73","true","What Does the Word Derivative Mean in Calculus?","true","textbook-lesson"
"/subjects/math/calculus/derivatives/what-implicit-means/","What “Implicit” Means and Why It Matters | Unit 2A | Better Grades","66","true","What “Implicit” Means and Why It Matters","true","textbook-lesson"
"/subjects/math/calculus/derivatives/why-derivative-rules-work/","Derivative Rules Are Shortcuts, Not New Definitions | Unit 2A | Better Grades","77","true","Derivative Rules Are Shortcuts, Not New Definitions","true","textbook-lesson"
"/subjects/math/calculus/derivatives/why-derivatives-matter/","Why Derivatives Matter | Unit 2A | Better Grades","48","true","Why Derivatives Matter","true","textbook-lesson"
"/subjects/math/calculus/derivatives/why-special-derivatives-are-not-random/","Why Special-Function Derivatives Are Not Random | Unit 2A | Better Grades","73","true","Why Special-Function Derivatives Are Not Random","true","textbook-lesson"
"/subjects/math/calculus/formula-sheets/","Calculus Formula Sheets and Reference Guides | Better Grades","60","true","Calculus Formula Sheets and Reference Guides","true","resource-hub"
"/subjects/math/calculus/formula-sheets/derivative-rules/","Derivative Rules Formula Sheet and Printable PDF | Better Grades","64","true","Derivative Rules Formula Sheet and Printable PDF","true","formula-sheet"
"/subjects/math/calculus/integrals/","Unit 3A: Integral Foundations and Techniques | Better Grades","60","true","Unit 3A: Integral Foundations and Techniques","true","unit-hub"
"/subjects/math/calculus/integrals/accumulation-functions/","Accumulation Functions | Unit 3A | Better Grades","48","true","Accumulation Functions","true","textbook-lesson"
"/subjects/math/calculus/integrals/antiderivatives/","Antiderivatives: Reversing a Derivative | Unit 3A | Better Grades","65","true","Antiderivatives: Reversing a Derivative","true","textbook-lesson"
"/subjects/math/calculus/integrals/average-value-of-a-function/","Average Value of a Function | Unit 3A | Better Grades","53","true","Average Value of a Function","true","textbook-lesson"
"/subjects/math/calculus/integrals/basic-antiderivative-rules/","Basic Antiderivative Rules | Unit 3A | Better Grades","52","true","Basic Antiderivative Rules","true","textbook-lesson"
"/subjects/math/calculus/integrals/common-errors/","Common Integral Errors and How to Repair Them | Unit 3A | Better Grades","71","true","Common Integral Errors and How to Repair Them","true","textbook-lesson"
"/subjects/math/calculus/integrals/cumulative-practice/","Unit 3A Cumulative Practice | Better Grades","43","true","Unit 3A Cumulative Practice","true","textbook-lesson"
"/subjects/math/calculus/integrals/definite-integral-signed-area/","The Definite Integral as Signed Area | Unit 3A | Better Grades","62","true","The Definite Integral as Signed Area","true","textbook-lesson"
"/subjects/math/calculus/integrals/definite-integrals-by-substitution/","Definite Integrals by Substitution | Unit 3A | Better Grades","60","true","Definite Integrals by Substitution","true","textbook-lesson"
"/subjects/math/calculus/integrals/displacement-and-distance/","Displacement, Distance, and Signed Accumulation | Unit 3A | Better Grades","73","true","Displacement, Distance, and Signed Accumulation","true","textbook-lesson"
"/subjects/math/calculus/integrals/fundamental-theorem-part-one/","Fundamental Theorem of Calculus, Part I | Unit 3A | Better Grades","65","true","Fundamental Theorem of Calculus, Part I","true","textbook-lesson"
"/subjects/math/calculus/integrals/fundamental-theorem-part-two/","Fundamental Theorem of Calculus, Part II | Unit 3A | Better Grades","66","true","Fundamental Theorem of Calculus, Part II","true","textbook-lesson"
"/subjects/math/calculus/integrals/improper-integrals-infinite-intervals/","Improper Integrals over Infinite Intervals | Unit 3A | Better Grades","68","true","Improper Integrals over Infinite Intervals","true","textbook-lesson"
"/subjects/math/calculus/integrals/improper-integrals-unbounded-functions/","Improper Integrals with Unbounded Integrands | Unit 3A | Better Grades","70","true","Improper Integrals with Unbounded Integrands","true","textbook-lesson"
"/subjects/math/calculus/integrals/indefinite-integrals-and-c/","Indefinite Integrals and the Constant of Integration | Unit 3A | Better Grades","78","true","Indefinite Integrals and the Constant of Integration","true","textbook-lesson"
"/subjects/math/calculus/integrals/initial-value-problems/","Initial-Value Problems and Recovering a Function | Unit 3A | Better Grades","74","true","Initial-Value Problems and Recovering a Function","true","textbook-lesson"
"/subjects/math/calculus/integrals/integration-by-parts/","Integration by Parts | Unit 3A | Better Grades","46","true","Integration by Parts","true","textbook-lesson"
"/subjects/math/calculus/integrals/integration-strategy/","Choosing an Integration Strategy | Unit 3A | Better Grades","58","true","Choosing an Integration Strategy","true","textbook-lesson"
"/subjects/math/calculus/integrals/left-right-midpoint-riemann-sums/","Left, Right, and Midpoint Riemann Sums | Unit 3A | Better Grades","64","true","Left, Right, and Midpoint Riemann Sums","true","textbook-lesson"
"/subjects/math/calculus/integrals/net-change-theorem/","The Net Change Theorem | Unit 3A | Better Grades","48","true","The Net Change Theorem","true","textbook-lesson"
"/subjects/math/calculus/integrals/numerical-integration/","Midpoint and Trapezoidal Rules | Unit 3A | Better Grades","56","true","Midpoint and Trapezoidal Rules","true","textbook-lesson"
"/subjects/math/calculus/integrals/partial-fractions/","Partial Fractions | Unit 3A | Better Grades","43","true","Partial Fractions","true","textbook-lesson"
"/subjects/math/calculus/integrals/partitions-and-sigma-notation/","Partitions and Sigma Notation | Unit 3A | Better Grades","55","true","Partitions and Sigma Notation","true","textbook-lesson"
"/subjects/math/calculus/integrals/practice-exam-a-answer-key/","Unit 3A Practice Exam A Answer Key | Better Grades","50","true","Unit 3A Practice Exam A Answer Key","true","textbook-lesson"
"/subjects/math/calculus/integrals/practice-exam-a/","Unit 3A Practice Exam A | Better Grades","39","true","Unit 3A Practice Exam A","true","textbook-lesson"
"/subjects/math/calculus/integrals/practice-exam-b-answer-key/","Unit 3A Practice Exam B Answer Key | Better Grades","50","true","Unit 3A Practice Exam B Answer Key","true","textbook-lesson"
"/subjects/math/calculus/integrals/practice-exam-b/","Unit 3A Practice Exam B | Better Grades","39","true","Unit 3A Practice Exam B","true","textbook-lesson"
"/subjects/math/calculus/integrals/properties-of-definite-integrals/","Properties and Orientation of Definite Integrals | Unit 3A | Better Grades","74","true","Properties and Orientation of Definite Integrals","true","textbook-lesson"
"/subjects/math/calculus/integrals/rates-to-total-change/","From a Rate to Total Change | Unit 3A | Better Grades","53","true","From a Rate to Total Change","true","textbook-lesson"
"/subjects/math/calculus/integrals/review/","Unit 3A Review: Integral Foundations and Techniques | Better Grades","67","true","Unit 3A Review: Integral Foundations and Techniques","true","textbook-lesson"
"/subjects/math/calculus/integrals/riemann-sum-limit/","The Riemann-Sum Definition of the Definite Integral | Unit 3A | Better Grades","77","true","The Riemann-Sum Definition of the Definite Integral","true","textbook-lesson"
"/subjects/math/calculus/integrals/simpsons-rule/","Simpson’s Rule | Unit 3A | Better Grades","40","true","Simpson’s Rule","true","textbook-lesson"
"/subjects/math/calculus/integrals/substitution/","Substitution: Reversing the Chain Rule | Unit 3A | Better Grades","64","true","Substitution: Reversing the Chain Rule","true","textbook-lesson"
"/subjects/math/calculus/integrals/trigonometric-integrals/","Trigonometric Integrals | Unit 3A | Better Grades","49","true","Trigonometric Integrals","true","textbook-lesson"
"/subjects/math/calculus/integrals/trigonometric-substitution/","Trigonometric Substitution | Unit 3A | Better Grades","52","true","Trigonometric Substitution","true","textbook-lesson"
"/subjects/math/calculus/integrals/variable-limits-and-chain-rule/","Variable Limits and the Chain Rule | Unit 3A | Better Grades","60","true","Variable Limits and the Chain Rule","true","textbook-lesson"
"/subjects/math/calculus/integration-applications/","Unit 3B: Applications of Integration | Better Grades","52","true","Unit 3B: Applications of Integration","true","unit-hub"
"/subjects/math/calculus/integration-applications/arc-length/","Arc Length | Unit 3B | Better Grades","36","true","Arc Length","true","textbook-lesson"
"/subjects/math/calculus/integration-applications/area-between-curves/","Area Between Curves | Unit 3B | Better Grades","45","true","Area Between Curves","true","textbook-lesson"
"/subjects/math/calculus/integration-applications/average-value-of-a-function/","Average value of a function on an interval | Unit 3B | Better Grades","68","true","Average value of a function on an interval","true","method-guide"
"/subjects/math/calculus/integration-applications/choosing-a-volume-method/","Choosing a Volume Method | Unit 3B | Better Grades","50","true","Choosing a Volume Method","true","textbook-lesson"
"/subjects/math/calculus/integration-applications/common-errors/","Common Application Errors and How to Repair Them | Unit 3B | Better Grades","74","true","Common Application Errors and How to Repair Them","true","textbook-lesson"
"/subjects/math/calculus/integration-applications/cumulative-practice/","Unit 3B Cumulative Practice | Better Grades","43","true","Unit 3B Cumulative Practice","true","textbook-lesson"
"/subjects/math/calculus/integration-applications/cylindrical-shells/","Cylindrical Shells | Unit 3B | Better Grades","44","true","Cylindrical Shells","true","textbook-lesson"
"/subjects/math/calculus/integration-applications/density-and-mass/","Density and Mass | Unit 3B | Better Grades","42","true","Density and Mass","true","textbook-lesson"
"/subjects/math/calculus/integration-applications/disks-and-washers/","Disks and Washers | Unit 3B | Better Grades","43","true","Disks and Washers","true","textbook-lesson"
"/subjects/math/calculus/integration-applications/fluid-pressure/","Fluid Pressure and Hydrostatic Force | Unit 3B | Better Grades","62","true","Fluid Pressure and Hydrostatic Force","true","textbook-lesson"
"/subjects/math/calculus/integration-applications/horizontal-slices/","Choosing Vertical or Horizontal Slices | Unit 3B | Better Grades","64","true","Choosing Vertical or Horizontal Slices","true","textbook-lesson"
"/subjects/math/calculus/integration-applications/marginal-quantities/","Recovering Totals from Marginal Quantities | Unit 3B | Better Grades","68","true","Recovering Totals from Marginal Quantities","true","textbook-lesson"
"/subjects/math/calculus/integration-applications/moments-and-center-of-mass/","Moments and Center of Mass | Unit 3B | Better Grades","52","true","Moments and Center of Mass","true","textbook-lesson"
"/subjects/math/calculus/integration-applications/physics-application-studio/","Physics Application Studio | Unit 3B | Better Grades","52","true","Physics Application Studio","true","textbook-lesson"
"/subjects/math/calculus/integration-applications/practice-exam-a-answer-key/","Unit 3B Practice Exam A Answer Key | Better Grades","50","true","Unit 3B Practice Exam A Answer Key","true","textbook-lesson"
"/subjects/math/calculus/integration-applications/practice-exam-a/","Unit 3B Practice Exam A | Better Grades","39","true","Unit 3B Practice Exam A","true","textbook-lesson"
"/subjects/math/calculus/integration-applications/practice-exam-b-answer-key/","Unit 3B Practice Exam B Answer Key | Better Grades","50","true","Unit 3B Practice Exam B Answer Key","true","textbook-lesson"
"/subjects/math/calculus/integration-applications/practice-exam-b/","Unit 3B Practice Exam B | Better Grades","39","true","Unit 3B Practice Exam B","true","textbook-lesson"
"/subjects/math/calculus/integration-applications/probability-density/","Probability Density and Expected Value | Unit 3B | Better Grades","64","true","Probability Density and Expected Value","true","textbook-lesson"
"/subjects/math/calculus/integration-applications/pumping-liquids/","Pumping Liquids | Unit 3B | Better Grades","41","true","Pumping Liquids","true","textbook-lesson"
"/subjects/math/calculus/integration-applications/review/","Unit 3B Review: Applications of Integration | Better Grades","59","true","Unit 3B Review: Applications of Integration","true","textbook-lesson"
"/subjects/math/calculus/integration-applications/spring-work/","Work Done on Springs | Unit 3B | Better Grades","46","true","Work Done on Springs","true","textbook-lesson"
"/subjects/math/calculus/integration-applications/surface-area-of-revolution/","Surface Area of Revolution | Unit 3B | Better Grades","52","true","Surface Area of Revolution","true","textbook-lesson"
"/subjects/math/calculus/integration-applications/volumes-by-slicing/","Volumes by Slicing | Unit 3B | Better Grades","44","true","Volumes by Slicing","true","textbook-lesson"
"/subjects/math/calculus/integration-applications/washer-vs-shell/","Washer method or shell method? | Unit 3B | Better Grades","56","true","Washer method or shell method?","true","decision-guide"
"/subjects/math/calculus/integration-applications/work-and-fluid-force/","Setting up work and fluid-force integrals | Unit 3B | Better Grades","67","true","Setting up work and fluid-force integrals","true","decision-guide"
"/subjects/math/calculus/integration-applications/work-and-variable-force/","Work and Variable Force | Unit 3B | Better Grades","49","true","Work and Variable Force","true","textbook-lesson"
"/subjects/math/calculus/integration-techniques/","Integration Techniques Calculus resources | Better Grades","57","true","Integration Techniques","true","quick-answer"
"/subjects/math/calculus/integration-techniques/improper-integrals/","Improper integrals are limits, not unusual notation | Better Grades","67","true","Improper integrals are limits, not unusual notation","true","quick-answer"
"/subjects/math/calculus/integration-techniques/integration-by-parts-strategy/","Integration by parts: choosing u and knowing when to repeat | Better Grades","75","true","Integration by parts: choosing u and knowing when to repeat","true","decision-guide"
"/subjects/math/calculus/integration-techniques/partial-fractions/","Partial fractions: decompose before integrating | Better Grades","63","true","Partial fractions: decompose before integrating","true","decision-guide"
"/subjects/math/calculus/integration-techniques/trigonometric-integrals/","How to choose an identity for a trigonometric integral | Better Grades","70","true","How to choose an identity for a trigonometric integral","true","decision-guide"
"/subjects/math/calculus/integration-techniques/trigonometric-substitution/","Choosing the right trigonometric substitution | Better Grades","61","true","Choosing the right trigonometric substitution","true","decision-guide"
"/subjects/math/calculus/integration-techniques/u-substitution/","u-substitution as the reverse Chain Rule | Better Grades","56","true","u-substitution as the reverse Chain Rule","true","decision-guide"
"/subjects/math/calculus/limits-continuity/","Limits & Continuity Calculus resources | Better Grades","54","true","Limits & Continuity","true","unit-hub"
"/subjects/math/calculus/limits-continuity/continuity-at-a-point/","What continuity at a point really requires | Better Grades","58","true","What continuity at a point really requires","true","method-guide"
"/subjects/math/calculus/limits-continuity/evaluating-indeterminate-limits/","How to evaluate an indeterminate limit | Better Grades","54","true","How to evaluate an indeterminate limit","true","quick-answer"
"/subjects/math/calculus/limits-continuity/infinite-limits-and-asymptotes/","Infinite limits and vertical asymptotes | Better Grades","55","true","Infinite limits and vertical asymptotes","true","method-guide"
"/subjects/math/calculus/limits-continuity/limit-of-sin-x-over-x/","Why is the limit of sin x over x equal to 1? | Better Grades","60","true","Why is the limit of sin x over x equal to 1?","true","quick-answer"
"/subjects/math/calculus/limits-continuity/one-sided-limits-and-jump-discontinuities/","One-sided limits and jump discontinuities | Better Grades","57","true","One-sided limits and jump discontinuities","true","method-guide"
"/subjects/math/calculus/limits-continuity/squeeze-theorem/","How and when to use the Squeeze Theorem | Better Grades","55","true","How and when to use the Squeeze Theorem","true","quick-answer"
"/subjects/math/calculus/limits-continuity/unit/","Limits and Continuity Course Overview | Better Grades","53","true","Limits and Continuity Course Overview","true","decision-guide"
"/subjects/math/calculus/limits-continuity/unit/continuity/bisection-method/","Bisection Method After the IVT | Better Grades","46","true","Bisection Method After the IVT","true","textbook-lesson"
"/subjects/math/calculus/limits-continuity/unit/continuity/continuity-at-a-point/","Continuity at a Point | Better Grades","37","true","Continuity at a Point","true","textbook-lesson"
"/subjects/math/calculus/limits-continuity/unit/continuity/continuity-concept-quiz/","Continuity Concept Quiz | Better Grades","39","true","Continuity Concept Quiz","true","textbook-lesson"
"/subjects/math/calculus/limits-continuity/unit/continuity/continuity-practice/","Continuity and IVT Practice Problems | Better Grades","52","true","Continuity and IVT Practice Problems","true","textbook-lesson"
"/subjects/math/calculus/limits-continuity/unit/continuity/continuity-review/","Continuity and IVT Review | Better Grades","41","true","Continuity and IVT Review","true","textbook-lesson"
"/subjects/math/calculus/limits-continuity/unit/continuity/continuous-functions/","Which Functions Are Continuous? | Better Grades","47","true","Which Functions Are Continuous?","true","textbook-lesson"
"/subjects/math/calculus/limits-continuity/unit/continuity/intermediate-value-theorem/","Intermediate Value Theorem | Better Grades","42","true","Intermediate Value Theorem","true","textbook-lesson"
"/subjects/math/calculus/limits-continuity/unit/continuity/intervals-endpoints/","Continuity on Intervals and at Endpoints | Better Grades","56","true","Continuity on Intervals and at Endpoints","true","textbook-lesson"
"/subjects/math/calculus/limits-continuity/unit/continuity/piecewise-parameters/","Choosing Parameters for Piecewise Continuity | Better Grades","60","true","Choosing Parameters for Piecewise Continuity","true","textbook-lesson"
"/subjects/math/calculus/limits-continuity/unit/continuity/repair-removable-discontinuity/","How to Repair a Removable Discontinuity | Better Grades","55","true","How to Repair a Removable Discontinuity","true","textbook-lesson"
"/subjects/math/calculus/limits-continuity/unit/continuity/two-parameter-continuity/","Two-Parameter Continuity Problems | Better Grades","49","true","Two-Parameter Continuity Problems","true","textbook-lesson"
"/subjects/math/calculus/limits-continuity/unit/continuity/types-of-discontinuity/","Types of Discontinuity | Better Grades","38","true","Types of Discontinuity","true","textbook-lesson"
"/subjects/math/calculus/limits-continuity/unit/limits/absolute-value-piecewise/","Limits With Absolute Values and Piecewise Functions | Better Grades","67","true","Limits With Absolute Values and Piecewise Functions","true","textbook-lesson"
"/subjects/math/calculus/limits-continuity/unit/limits/common-exam-errors/","Common Limits Exam Errors | Better Grades","41","true","Common Limits Exam Errors","true","textbook-lesson"
"/subjects/math/calculus/limits-continuity/unit/limits/complete-asymptote-analysis/","Complete Rational Function Asymptote Analysis | Better Grades","61","true","Complete Rational Function Asymptote Analysis","true","textbook-lesson"
"/subjects/math/calculus/limits-continuity/unit/limits/complex-fractions/","Limits With Complex Fractions | Better Grades","45","true","Limits With Complex Fractions","true","textbook-lesson"
"/subjects/math/calculus/limits-continuity/unit/limits/cosine-limits/","Cosine Limits and Trigonometric Identities | Better Grades","58","true","Cosine Limits and Trigonometric Identities","true","decision-guide"
"/subjects/math/calculus/limits-continuity/unit/limits/cumulative-practice/","Cumulative Limits and Continuity Practice | Better Grades","57","true","Cumulative Limits and Continuity Practice","true","textbook-lesson"
"/subjects/math/calculus/limits-continuity/unit/limits/direct-substitution/","Direct Substitution for Limits | Better Grades","46","true","Direct Substitution for Limits","true","textbook-lesson"
"/subjects/math/calculus/limits-continuity/unit/limits/disprove-limit-epsilon-delta/","How to Disprove a Claimed Limit | Better Grades","47","true","How to Disprove a Claimed Limit","true","textbook-lesson"
"/subjects/math/calculus/limits-continuity/unit/limits/epsilon-delta-concept-quiz/","Epsilon-Delta Concept Quiz | Better Grades","42","true","Epsilon-Delta Concept Quiz","true","textbook-lesson"
"/subjects/math/calculus/limits-continuity/unit/limits/epsilon-delta-graph/","Reading Epsilon and Delta From a Graph | Better Grades","54","true","Reading Epsilon and Delta From a Graph","true","textbook-lesson"
"/subjects/math/calculus/limits-continuity/unit/limits/epsilon-delta-introduction/","Epsilon-Delta Definition: An Introduction | Better Grades","57","true","Epsilon-Delta Definition: An Introduction","true","textbook-lesson"
"/subjects/math/calculus/limits-continuity/unit/limits/epsilon-delta-linear/","Epsilon-Delta Proofs for Linear Functions | Better Grades","57","true","Epsilon-Delta Proofs for Linear Functions","true","textbook-lesson"
"/subjects/math/calculus/limits-continuity/unit/limits/epsilon-delta-practice/","Epsilon-Delta Practice Problems | Better Grades","47","true","Epsilon-Delta Practice Problems","true","textbook-lesson"
"/subjects/math/calculus/limits-continuity/unit/limits/epsilon-delta-quadratic/","Epsilon-Delta Proofs for Quadratic Functions | Better Grades","60","true","Epsilon-Delta Proofs for Quadratic Functions","true","textbook-lesson"
"/subjects/math/calculus/limits-continuity/unit/limits/epsilon-delta-review/","Epsilon-Delta Review | Better Grades","36","true","Epsilon-Delta Review","true","textbook-lesson"
"/subjects/math/calculus/limits-continuity/unit/limits/factoring-limits/","Evaluating Limits by Factoring | Better Grades","46","true","Evaluating Limits by Factoring","true","textbook-lesson"
"/subjects/math/calculus/limits-continuity/unit/limits/finite-limit-decision-tree/","Finite Limit Decision Tree | Better Grades","42","true","Finite Limit Decision Tree","true","textbook-lesson"
"/subjects/math/calculus/limits-continuity/unit/limits/finite-limits-concept-quiz/","Finite Limits Concept Quiz | Better Grades","42","true","Finite Limits Concept Quiz","true","textbook-lesson"
"/subjects/math/calculus/limits-continuity/unit/limits/finite-limits-practice/","Finite Limit Practice Problems | Better Grades","46","true","Finite Limit Practice Problems","true","textbook-lesson"
"/subjects/math/calculus/limits-continuity/unit/limits/finite-limits-review/","Finite Limits Review | Better Grades","36","true","Finite Limits Review","true","textbook-lesson"
"/subjects/math/calculus/limits-continuity/unit/limits/formal-infinite-limits/","Formal Definition of an Infinite Limit | Better Grades","54","true","Formal Definition of an Infinite Limit","true","textbook-lesson"
"/subjects/math/calculus/limits-continuity/unit/limits/function-value-vs-limit/","Function Value vs. Limit | Better Grades","40","true","Function Value vs. Limit","true","textbook-lesson"
"/subjects/math/calculus/limits-continuity/unit/limits/infinite-behavior-concept-quiz/","Infinite Limits Concept Quiz | Better Grades","44","true","Infinite Limits Concept Quiz","true","textbook-lesson"
"/subjects/math/calculus/limits-continuity/unit/limits/infinite-behavior-practice/","Infinite Limits and Asymptote Practice | Better Grades","54","true","Infinite Limits and Asymptote Practice","true","textbook-lesson"
"/subjects/math/calculus/limits-continuity/unit/limits/infinite-behavior-review/","Infinite Limits and Asymptotes Review | Better Grades","53","true","Infinite Limits and Asymptotes Review","true","textbook-lesson"
"/subjects/math/calculus/limits-continuity/unit/limits/infinite-limits/","Infinite Limits Explained | Better Grades","41","true","Infinite Limits Explained","true","decision-guide"
"/subjects/math/calculus/limits-continuity/unit/limits/infinity-minus-infinity/","Infinity Minus Infinity Limits | Better Grades","46","true","Infinity Minus Infinity Limits","true","textbook-lesson"
"/subjects/math/calculus/limits-continuity/unit/limits/limit-at-a-hole/","Limits at Holes and Undefined Points | Better Grades","52","true","Limits at Holes and Undefined Points","true","textbook-lesson"
"/subjects/math/calculus/limits-continuity/unit/limits/limit-laws/","Limit Laws and How to Use Them | Better Grades","46","true","Limit Laws and How to Use Them","true","textbook-lesson"
"/subjects/math/calculus/limits-continuity/unit/limits/limits-at-infinity/","Limits at Infinity and Horizontal Asymptotes | Better Grades","60","true","Limits at Infinity and Horizontal Asymptotes","true","textbook-lesson"
"/subjects/math/calculus/limits-continuity/unit/limits/meaning-concept-quiz/","Limit Meaning Concept Quiz | Better Grades","42","true","Limit Meaning Concept Quiz","true","textbook-lesson"
"/subjects/math/calculus/limits-continuity/unit/limits/meaning-practice/","Limit Meaning Practice Problems | Better Grades","47","true","Limit Meaning Practice Problems","true","textbook-lesson"
"/subjects/math/calculus/limits-continuity/unit/limits/meaning-review/","Limit Meaning Review | Better Grades","36","true","Limit Meaning Review","true","textbook-lesson"
"/subjects/math/calculus/limits-continuity/unit/limits/notation-guide/","Limit Notation Guide | Better Grades","36","true","Limit Notation Guide","true","textbook-lesson"
"/subjects/math/calculus/limits-continuity/unit/limits/one-sided-limits/","One-Sided Limits From the Left and Right | Better Grades","56","true","One-Sided Limits From the Left and Right","true","textbook-lesson"
"/subjects/math/calculus/limits-continuity/unit/limits/practice-exam-a/","Limits and Continuity Practice Exam A | Better Grades","53","true","Limits and Continuity Practice Exam A","true","textbook-lesson"
"/subjects/math/calculus/limits-continuity/unit/limits/practice-exam-a/answer-key/","Limits and Continuity Practice Exam A Answer Key | Better Grades","64","true","Practice Exam A Answer Key","true","textbook-lesson"
"/subjects/math/calculus/limits-continuity/unit/limits/practice-exam-b/","Limits and Continuity Practice Exam B | Better Grades","53","true","Limits and Continuity Practice Exam B","true","textbook-lesson"
"/subjects/math/calculus/limits-continuity/unit/limits/practice-exam-b/answer-key/","Limits and Continuity Practice Exam B Answer Key | Better Grades","64","true","Practice Exam B Answer Key","true","textbook-lesson"
"/subjects/math/calculus/limits-continuity/unit/limits/prerequisite-diagnostic/","Calculus Limits Prerequisite Diagnostic | Better Grades","55","true","Calculus Limits Prerequisite Diagnostic","true","textbook-lesson"
"/subjects/math/calculus/limits-continuity/unit/limits/radicals-at-infinity/","Radical Limits at Infinity | Better Grades","42","true","Radical Limits at Infinity","true","textbook-lesson"
"/subjects/math/calculus/limits-continuity/unit/limits/ratio-of-sines/","Limits of Ratios of Sine Functions | Better Grades","50","true","Limits of Ratios of Sine Functions","true","textbook-lesson"
"/subjects/math/calculus/limits-continuity/unit/limits/rationalizing-radicals/","Evaluating Radical Limits With Conjugates | Better Grades","57","true","Evaluating Radical Limits With Conjugates","true","textbook-lesson"
"/subjects/math/calculus/limits-continuity/unit/limits/read-limits-from-graphs/","How to Read Limits From a Graph | Better Grades","47","true","How to Read Limits From a Graph","true","textbook-lesson"
"/subjects/math/calculus/limits-continuity/unit/limits/scaled-sine-tangent/","Scaled Sine and Tangent Limits | Better Grades","46","true","Scaled Sine and Tangent Limits","true","textbook-lesson"
"/subjects/math/calculus/limits-continuity/unit/limits/sin-x-over-x-proof/","Geometric Proof of the sin(x)/x Limit | Better Grades","53","true","Geometric Proof of the sin(x)/x Limit","true","textbook-lesson"
"/subjects/math/calculus/limits-continuity/unit/limits/sin-x-over-x/","Why sin(x)/x Approaches 1 | Better Grades","41","true","Why sin(x)/x Approaches 1","true","textbook-lesson"
"/subjects/math/calculus/limits-continuity/unit/limits/slant-asymptotes/","Polynomial and Slant Asymptotes | Better Grades","47","true","Polynomial and Slant Asymptotes","true","textbook-lesson"
"/subjects/math/calculus/limits-continuity/unit/limits/squeeze-theorem/","The Squeeze Theorem | Better Grades","35","true","The Squeeze Theorem","true","textbook-lesson"
"/subjects/math/calculus/limits-continuity/unit/limits/trig-limit-decision-guide/","Trigonometric Limit Decision Guide | Better Grades","50","true","Trigonometric Limit Decision Guide","true","decision-guide"
"/subjects/math/calculus/limits-continuity/unit/limits/trig-limits-concept-quiz/","Trigonometric Limits Concept Quiz | Better Grades","49","true","Trigonometric Limits Concept Quiz","true","decision-guide"
"/subjects/math/calculus/limits-continuity/unit/limits/trig-limits-practice/","Trigonometric Limit Practice Problems | Better Grades","53","true","Trigonometric Limit Practice Problems","true","decision-guide"
"/subjects/math/calculus/limits-continuity/unit/limits/trig-limits-review/","Squeeze and Trigonometric Limits Review | Better Grades","55","true","Squeeze and Trigonometric Limits Review","true","decision-guide"
"/subjects/math/calculus/limits-continuity/unit/limits/unit-review/","Limits and Continuity Unit Review | Better Grades","49","true","Limits and Continuity Unit Review","true","textbook-lesson"
"/subjects/math/calculus/limits-continuity/unit/limits/vertical-asymptotes/","Vertical Asymptotes and One-Sided Sign Analysis | Better Grades","63","true","Vertical Asymptotes and One-Sided Sign Analysis","true","textbook-lesson"
"/subjects/math/calculus/limits-continuity/unit/limits/what-a-limit-means/","What a Limit Means | Better Grades","34","true","What a Limit Means","true","textbook-lesson"
"/subjects/math/calculus/limits-continuity/unit/limits/when-a-limit-does-not-exist/","When a Limit Does Not Exist | Better Grades","43","true","When a Limit Does Not Exist","true","textbook-lesson"
"/subjects/math/calculus/limits-continuity/unit/limits/why-limits-matter/","Why Limits Matter in Calculus | Better Grades","45","true","Why Limits Matter in Calculus","true","textbook-lesson"
"/subjects/math/calculus/limits-continuity/unit/limits/zero-over-zero/","What 0/0 Means in a Limit | Better Grades","41","true","What 0/0 Means in a Limit","true","textbook-lesson"
"/subjects/math/calculus/limits-continuity/unit/study/correct-practice-test/","How to Correct a Calculus Practice Test | Better Grades","55","true","How to Correct a Calculus Practice Test","true","textbook-lesson"
"/subjects/math/calculus/power-series-and-taylor-series/","Unit 4B: Power Series and Taylor Series | Better Grades","55","true","Unit 4B: Power Series and Taylor Series","true","unit-hub"
"/subjects/math/calculus/power-series-and-taylor-series/algebra-with-power-series/","Algebra with Power Series | Unit 4B | Better Grades","51","true","Algebra with Power Series","true","textbook-lesson"
"/subjects/math/calculus/power-series-and-taylor-series/alternating-series-approximation/","Alternating-Series Approximation for Taylor Series | Unit 4B | Better Grades","76","true","Alternating-Series Approximation for Taylor Series","true","textbook-lesson"
"/subjects/math/calculus/power-series-and-taylor-series/binomial-series/","The Binomial Series | Unit 4B | Better Grades","45","true","The Binomial Series","true","textbook-lesson"
"/subjects/math/calculus/power-series-and-taylor-series/building-new-series/","Building New Series from Known Ones | Unit 4B | Better Grades","61","true","Building New Series from Known Ones","true","textbook-lesson"
"/subjects/math/calculus/power-series-and-taylor-series/common-errors/","Common Errors in Power and Taylor Series | Unit 4B | Better Grades","66","true","Common Errors in Power and Taylor Series","true","textbook-lesson"
"/subjects/math/calculus/power-series-and-taylor-series/concept-quiz/","Unit 4B Concept Quiz | Better Grades","36","true","Unit 4B Concept Quiz","true","textbook-lesson"
"/subjects/math/calculus/power-series-and-taylor-series/differentiating-and-integrating-power-series/","Differentiating and Integrating Power Series | Unit 4B | Better Grades","70","true","Differentiating and Integrating Power Series","true","textbook-lesson"
"/subjects/math/calculus/power-series-and-taylor-series/endpoint-testing/","Endpoint Testing for Power Series | Unit 4B | Better Grades","59","true","Endpoint Testing for Power Series","true","textbook-lesson"
"/subjects/math/calculus/power-series-and-taylor-series/geometric-series-library/","The Geometric Series as a Function Library | Unit 4B | Better Grades","68","true","The Geometric Series as a Function Library","true","textbook-lesson"
"/subjects/math/calculus/power-series-and-taylor-series/logarithm-and-arctangent-series/","Logarithm and Arctangent Series | Unit 4B | Better Grades","57","true","Logarithm and Arctangent Series","true","textbook-lesson"
"/subjects/math/calculus/power-series-and-taylor-series/maclaurin-series/","Maclaurin Series | Unit 4B | Better Grades","42","true","Maclaurin Series","true","textbook-lesson"
"/subjects/math/calculus/power-series-and-taylor-series/mixed-practice/","Unit 4B Mixed Practice | Better Grades","38","true","Unit 4B Mixed Practice","true","textbook-lesson"
"/subjects/math/calculus/power-series-and-taylor-series/power-series-as-functions/","Power Series as Functions | Unit 4B | Better Grades","51","true","Power Series as Functions","true","textbook-lesson"
"/subjects/math/calculus/power-series-and-taylor-series/power-series-review/","Power Series Review | Unit 4B | Better Grades","45","true","Power Series Review","true","textbook-lesson"
"/subjects/math/calculus/power-series-and-taylor-series/practice-exam-a-answer-key/","Unit 4B Practice Exam A Answer Key | Better Grades","50","true","Unit 4B Practice Exam A Answer Key","true","textbook-lesson"
"/subjects/math/calculus/power-series-and-taylor-series/practice-exam-a/","Unit 4B Practice Exam A | Better Grades","39","true","Unit 4B Practice Exam A","true","textbook-lesson"
"/subjects/math/calculus/power-series-and-taylor-series/practice-exam-b-answer-key/","Unit 4B Practice Exam B Answer Key | Better Grades","50","true","Unit 4B Practice Exam B Answer Key","true","textbook-lesson"
"/subjects/math/calculus/power-series-and-taylor-series/practice-exam-b/","Unit 4B Practice Exam B | Better Grades","39","true","Unit 4B Practice Exam B","true","textbook-lesson"
"/subjects/math/calculus/power-series-and-taylor-series/radius-and-interval-of-convergence/","Radius and Interval of Convergence | Unit 4B | Better Grades","60","true","Radius and Interval of Convergence","true","textbook-lesson"
"/subjects/math/calculus/power-series-and-taylor-series/ratio-test-for-power-series/","Using the Ratio Test on Power Series | Unit 4B | Better Grades","62","true","Using the Ratio Test on Power Series","true","textbook-lesson"
"/subjects/math/calculus/power-series-and-taylor-series/reference-sheet/","Unit 4B Reference Sheet | Better Grades","39","true","Unit 4B Reference Sheet","true","textbook-lesson"
"/subjects/math/calculus/power-series-and-taylor-series/series-for-definite-integrals/","Using Series to Approximate Definite Integrals | Unit 4B | Better Grades","72","true","Using Series to Approximate Definite Integrals","true","textbook-lesson"
"/subjects/math/calculus/power-series-and-taylor-series/series-solutions-preview/","A Preview of Series Solutions to Differential Equations | Unit 4B | Better Grades","81","true","A Preview of Series Solutions to Differential Equations","true","textbook-lesson"
"/subjects/math/calculus/power-series-and-taylor-series/small-angle-physics/","Small-Angle Approximations in Physics | Unit 4B | Better Grades","63","true","Small-Angle Approximations in Physics","true","textbook-lesson"
"/subjects/math/calculus/power-series-and-taylor-series/standard-maclaurin-series/","Standard Maclaurin Series | Unit 4B | Better Grades","51","true","Standard Maclaurin Series","true","textbook-lesson"
"/subjects/math/calculus/power-series-and-taylor-series/taylor-polynomials/","Taylor Polynomials | Unit 4B | Better Grades","44","true","Taylor Polynomials","true","textbook-lesson"
"/subjects/math/calculus/power-series-and-taylor-series/taylor-remainder-theorem/","Taylor s Theorem and the Remainder | Unit 4B | Better Grades","60","true","Taylor s Theorem and the Remainder","true","textbook-lesson"
"/subjects/math/calculus/power-series-and-taylor-series/taylor-series-centered-at-a/","Taylor Series Centered at a | Unit 4B | Better Grades","53","true","Taylor Series Centered at a","true","textbook-lesson"
"/subjects/math/calculus/power-series-and-taylor-series/taylor-series-review/","Taylor Series Review | Unit 4B | Better Grades","46","true","Taylor Series Review","true","textbook-lesson"
"/subjects/math/calculus/power-series-and-taylor-series/uniform-convergence-preview/","Why Termwise Operations Need Uniform Control | Unit 4B | Better Grades","70","true","Why Termwise Operations Need Uniform Control","true","textbook-lesson"
"/subjects/math/calculus/practice-exams/","Calculus Practice Exams with Complete Solutions | Better Grades","63","true","Calculus Practice Exams with Complete Solutions","true","resource-hub"
"/subjects/math/calculus/practice-exams/calculus-1-final/","Calculus I Practice Final Exam with Complete Solutions | Better Grades","70","true","Calculus I Practice Final Exam with Complete Solutions","true","practice-exam"
"/subjects/math/calculus/practice-exams/calculus-2-final/","Calculus II Practice Final Exam with Complete Solutions | Better Grades","71","true","Calculus II Practice Final Exam with Complete Solutions","true","practice-exam"
"/subjects/math/calculus/sequences-and-series/","Unit 4A: Sequences and Infinite Series | Better Grades","54","true","Unit 4A: Sequences and Infinite Series","true","unit-hub"
"/subjects/math/calculus/sequences-and-series/absolute-and-conditional-convergence/","Absolute and Conditional Convergence | Unit 4A | Better Grades","62","true","Absolute and Conditional Convergence","true","textbook-lesson"
"/subjects/math/calculus/sequences-and-series/alternating-series-error/","Alternating-Series Error Estimates | Unit 4A | Better Grades","60","true","Alternating-Series Error Estimates","true","textbook-lesson"
"/subjects/math/calculus/sequences-and-series/alternating-series-test/","Alternating Series | Unit 4A | Better Grades","44","true","Alternating Series","true","textbook-lesson"
"/subjects/math/calculus/sequences-and-series/cauchy-criterion-preview/","Why Convergence Is About Tails: A Cauchy Preview | Unit 4A | Better Grades","74","true","Why Convergence Is About Tails: A Cauchy Preview","true","textbook-lesson"
"/subjects/math/calculus/sequences-and-series/choosing-a-convergence-test/","Choosing a Convergence Test | Unit 4A | Better Grades","53","true","Choosing a Convergence Test","true","textbook-lesson"
"/subjects/math/calculus/sequences-and-series/common-errors/","Common Errors in Sequence and Series Problems | Unit 4A | Better Grades","71","true","Common Errors in Sequence and Series Problems","true","textbook-lesson"
"/subjects/math/calculus/sequences-and-series/concept-quiz/","Unit 4A Concept Quiz | Better Grades","36","true","Unit 4A Concept Quiz","true","textbook-lesson"
"/subjects/math/calculus/sequences-and-series/convergence-tests-review/","Convergence Tests Review | Unit 4A | Better Grades","50","true","Convergence Tests Review","true","textbook-lesson"
"/subjects/math/calculus/sequences-and-series/direct-comparison-test/","The Direct Comparison Test | Unit 4A | Better Grades","52","true","The Direct Comparison Test","true","textbook-lesson"
"/subjects/math/calculus/sequences-and-series/explicit-and-recursive-sequences/","Explicit and Recursive Sequences | Unit 4A | Better Grades","58","true","Explicit and Recursive Sequences","true","textbook-lesson"
"/subjects/math/calculus/sequences-and-series/geometric-series/","Geometric Series | Unit 4A | Better Grades","42","true","Geometric Series","true","textbook-lesson"
"/subjects/math/calculus/sequences-and-series/harmonic-and-p-series/","The Harmonic Series and p-Series | Unit 4A | Better Grades","58","true","The Harmonic Series and p-Series","true","textbook-lesson"
"/subjects/math/calculus/sequences-and-series/infinite-series-and-partial-sums/","Infinite Series and Partial Sums | Unit 4A | Better Grades","58","true","Infinite Series and Partial Sums","true","textbook-lesson"
"/subjects/math/calculus/sequences-and-series/integral-test-remainder-estimates/","Integral-Test Remainder Estimates | Unit 4A | Better Grades","59","true","Integral-Test Remainder Estimates","true","textbook-lesson"
"/subjects/math/calculus/sequences-and-series/integral-test/","The Integral Test | Unit 4A | Better Grades","43","true","The Integral Test","true","textbook-lesson"
"/subjects/math/calculus/sequences-and-series/limit-comparison-test/","The Limit Comparison Test | Unit 4A | Better Grades","51","true","The Limit Comparison Test","true","textbook-lesson"
"/subjects/math/calculus/sequences-and-series/limits-of-sequences/","Limits of Sequences | Unit 4A | Better Grades","45","true","Limits of Sequences","true","textbook-lesson"
"/subjects/math/calculus/sequences-and-series/monotone-and-bounded-sequences/","Monotone and Bounded Sequences | Unit 4A | Better Grades","56","true","Monotone and Bounded Sequences","true","textbook-lesson"
"/subjects/math/calculus/sequences-and-series/nth-term-divergence-test/","The nth-Term Test for Divergence | Unit 4A | Better Grades","58","true","The nth-Term Test for Divergence","true","textbook-lesson"
"/subjects/math/calculus/sequences-and-series/practice-exam-a-answer-key/","Unit 4A Practice Exam A Answer Key | Better Grades","50","true","Unit 4A Practice Exam A Answer Key","true","textbook-lesson"
"/subjects/math/calculus/sequences-and-series/practice-exam-a/","Unit 4A Practice Exam A | Better Grades","39","true","Unit 4A Practice Exam A","true","textbook-lesson"
"/subjects/math/calculus/sequences-and-series/practice-exam-b-answer-key/","Unit 4A Practice Exam B Answer Key | Better Grades","50","true","Unit 4A Practice Exam B Answer Key","true","textbook-lesson"
"/subjects/math/calculus/sequences-and-series/practice-exam-b/","Unit 4A Practice Exam B | Better Grades","39","true","Unit 4A Practice Exam B","true","textbook-lesson"
"/subjects/math/calculus/sequences-and-series/prerequisite-diagnostic/","Unit 4A Prerequisite Diagnostic | Better Grades","47","true","Unit 4A Prerequisite Diagnostic","true","textbook-lesson"
"/subjects/math/calculus/sequences-and-series/ratio-test/","The Ratio Test | Unit 4A | Better Grades","40","true","The Ratio Test","true","textbook-lesson"
"/subjects/math/calculus/sequences-and-series/reference-sheet/","Unit 4A Reference Sheet | Better Grades","39","true","Unit 4A Reference Sheet","true","textbook-lesson"
"/subjects/math/calculus/sequences-and-series/root-test/","The Root Test | Unit 4A | Better Grades","39","true","The Root Test","true","textbook-lesson"
"/subjects/math/calculus/sequences-and-series/sequence-limit-laws/","Limit Laws for Sequences | Unit 4A | Better Grades","50","true","Limit Laws for Sequences","true","textbook-lesson"
"/subjects/math/calculus/sequences-and-series/sequence-review/","Sequence Review | Unit 4A | Better Grades","41","true","Sequence Review","true","textbook-lesson"
"/subjects/math/calculus/sequences-and-series/sequences-as-functions/","Sequences as Functions on the Integers | Unit 4A | Better Grades","64","true","Sequences as Functions on the Integers","true","textbook-lesson"
"/subjects/math/calculus/sequences-and-series/squeeze-theorem-for-sequences/","The Squeeze Theorem for Sequences | Unit 4A | Better Grades","59","true","The Squeeze Theorem for Sequences","true","textbook-lesson"
"/subjects/math/calculus/sequences-and-series/telescoping-series/","Telescoping Series | Unit 4A | Better Grades","44","true","Telescoping Series","true","textbook-lesson"
"/subjects/math/calculus/sequences-and-series/test-selection-practice/","Convergence-Test Selection Practice | Unit 4A | Better Grades","61","true","Convergence-Test Selection Practice","true","textbook-lesson"
"/subjects/math/calculus/sequences-series/harmonic-series-diverges/","Why does the harmonic series diverge? | Better Grades","53","true","Why does the harmonic series diverge?","true","quick-answer"
"/subjects/math/calculus/sequences-series/ratio-test-vs-root-test/","Ratio test or root test? Choose from the series structure | Better Grades","73","true","Ratio test or root test? Choose from the series structure","true","decision-guide"
"/subjects/math/calculus/visuals/","Calculus Visual Guides and Downloadable Diagrams | Better Grades","64","true","Calculus Visual Guides and Downloadable Diagrams","true","resource-hub"
"/subjects/math/calculus/visuals/convergence-tests-flowchart/","Convergence Tests Flowchart and Visual Guide | Better Grades","60","true","Convergence Tests Flowchart and Visual Guide","true","visual-guide"
"/subjects/math/calculus/visuals/derivative-rules-map/","Derivative Rules Map: How to Choose a Differentiation Rule | Better Grades","74","true","Derivative Rules Map: How to Choose a Differentiation Rule","true","visual-guide"
"/subjects/math/calculus/visuals/riemann-sum-progression/","Riemann Sum Progression: From Rectangles to Definite Integral | Better Grades","77","true","Riemann Sum Progression: From Rectangles to Definite Integral","true","visual-guide"
"/subjects/math/calculus/visuals/taylor-approximation-visual/","Taylor Polynomial Approximation Sequence Visual | Better Grades","63","true","Taylor Polynomial Approximation Sequence Visual","true","visual-guide"
"/subjects/math/calculus/worked-problems/","Curated Calculus Worked Problems | Better Grades","48","true","Curated Calculus Worked Problems","true","resource-hub"
"/subjects/math/calculus/worked-problems/absolute-versus-conditional-convergence/","Absolute Versus Conditional Convergence: Worked Example and Solution | Better Grades","84","true","Absolute Versus Conditional Convergence: Worked Example and Solution","true","worked-problem"
"/subjects/math/calculus/worked-problems/alternating-series-test-example/","Alternating Series Test Example: Worked Example and Solution | Better Grades","76","true","Alternating Series Test Example: Worked Example and Solution","true","worked-problem"
"/subjects/math/calculus/worked-problems/basic-chain-rule/","Basic Chain Rule: Worked Example and Solution | Better Grades","61","true","Basic Chain Rule: Worked Example and Solution","true","worked-problem"
"/subjects/math/calculus/worked-problems/fencing-optimization/","Fencing Optimization: Worked Example and Solution | Better Grades","65","true","Fencing Optimization: Worked Example and Solution","true","worked-problem"
"/subjects/math/calculus/worked-problems/finite-geometric-sum/","Finite Geometric Sum: Worked Example and Solution | Better Grades","65","true","Finite Geometric Sum: Worked Example and Solution","true","worked-problem"
"/subjects/math/calculus/worked-problems/fundamental-theorem-derivative/","Fundamental Theorem Derivative: Worked Example and Solution | Better Grades","75","true","Fundamental Theorem Derivative: Worked Example and Solution","true","worked-problem"
"/subjects/math/calculus/worked-problems/infinite-geometric-sum/","Infinite Geometric Sum: Worked Example and Solution | Better Grades","67","true","Infinite Geometric Sum: Worked Example and Solution","true","worked-problem"
"/subjects/math/calculus/worked-problems/integration-by-parts-log-x/","Integration By Parts Log X: Worked Example and Solution | Better Grades","71","true","Integration By Parts Log X: Worked Example and Solution","true","worked-problem"
"/subjects/math/calculus/worked-problems/integration-by-parts-x-e-x/","Integration By Parts X E X: Worked Example and Solution | Better Grades","71","true","Integration By Parts X E X: Worked Example and Solution","true","worked-problem"
"/subjects/math/calculus/worked-problems/interval-of-convergence-example/","Interval Of Convergence Example: Worked Example and Solution | Better Grades","76","true","Interval Of Convergence Example: Worked Example and Solution","true","worked-problem"
"/subjects/math/calculus/worked-problems/limit-by-factoring/","Limit By Factoring: Worked Example and Solution | Better Grades","63","true","Limit By Factoring: Worked Example and Solution","true","worked-problem"
"/subjects/math/calculus/worked-problems/limit-by-rationalization/","Limit By Rationalization: Worked Example and Solution | Better Grades","69","true","Limit By Rationalization: Worked Example and Solution","true","worked-problem"
"/subjects/math/calculus/worked-problems/limit-comparison-example/","Limit Comparison Example: Worked Example and Solution | Better Grades","69","true","Limit Comparison Example: Worked Example and Solution","true","worked-problem"
"/subjects/math/calculus/worked-problems/nested-chain-rule/","Nested Chain Rule: Worked Example and Solution | Better Grades","62","true","Nested Chain Rule: Worked Example and Solution","true","worked-problem"
"/subjects/math/calculus/worked-problems/one-sided-piecewise-limit/","One Sided Piecewise Limit: Worked Example and Solution | Better Grades","70","true","One Sided Piecewise Limit: Worked Example and Solution","true","worked-problem"
"/subjects/math/calculus/worked-problems/open-top-box-optimization/","Open Top Box Optimization: Worked Example and Solution | Better Grades","70","true","Open Top Box Optimization: Worked Example and Solution","true","worked-problem"
"/subjects/math/calculus/worked-problems/product-plus-chain-rule/","Product Plus Chain Rule: Worked Example and Solution | Better Grades","68","true","Product Plus Chain Rule: Worked Example and Solution","true","worked-problem"
"/subjects/math/calculus/worked-problems/quotient-plus-chain-rule/","Quotient Plus Chain Rule: Worked Example and Solution | Better Grades","69","true","Quotient Plus Chain Rule: Worked Example and Solution","true","worked-problem"
"/subjects/math/calculus/worked-problems/ratio-test-example/","Ratio Test Example: Worked Example and Solution | Better Grades","63","true","Ratio Test Example: Worked Example and Solution","true","worked-problem"
"/subjects/math/calculus/worked-problems/repeated-integration-by-parts/","Repeated Integration By Parts: Worked Example and Solution | Better Grades","74","true","Repeated Integration By Parts: Worked Example and Solution","true","worked-problem"
"/subjects/math/calculus/worked-problems/repeating-decimal-as-a-series/","Repeating Decimal As A Series: Worked Example and Solution | Better Grades","74","true","Repeating Decimal As A Series: Worked Example and Solution","true","worked-problem"
"/subjects/math/calculus/worked-problems/root-test-example/","Root Test Example: Worked Example and Solution | Better Grades","62","true","Root Test Example: Worked Example and Solution","true","worked-problem"
"/subjects/math/calculus/worked-problems/shifted-geometric-series/","Shifted Geometric Series: Worked Example and Solution | Better Grades","69","true","Shifted Geometric Series: Worked Example and Solution","true","worked-problem"
"/subjects/math/calculus/worked-problems/taylor-approximation-error/","Taylor Approximation Error: Worked Example and Solution | Better Grades","71","true","Taylor Approximation Error: Worked Example and Solution","true","worked-problem"
"/subjects/math/calculus/worked-problems/taylor-polynomial-from-derivatives/","Taylor Polynomial From Derivatives: Worked Example and Solution | Better Grades","79","true","Taylor Polynomial From Derivatives: Worked Example and Solution","true","worked-problem"
"/subjects/math/calculus/worked-problems/taylor-series-from-known-series/","Taylor Series From Known Series: Worked Example and Solution | Better Grades","76","true","Taylor Series From Known Series: Worked Example and Solution","true","worked-problem"
"/subjects/math/calculus/worksheets/","Free Calculus Worksheets with Answers | Better Grades","53","true","Free Calculus Worksheets with Answers","true","resource-hub"
"/subjects/math/calculus/worksheets/chain-rule/","Chain Rule Worksheet with Answers and Worked Solutions | Better Grades","70","true","Chain Rule Worksheet with Answers and Worked Solutions","true","worksheet"
"/subjects/math/calculus/worksheets/evaluating-limits/","Evaluating Limits Worksheet with Complete Solutions | Better Grades","67","true","Evaluating Limits Worksheet with Complete Solutions","true","worksheet"
"/subjects/math/calculus/worksheets/geometric-series/","Geometric Series Worksheet with Answers and Printable PDF | Better Grades","73","true","Geometric Series Worksheet with Answers and Printable PDF","true","worksheet"
"/subjects/math/calculus/worksheets/integration-by-parts/","Integration by Parts Worksheet with Complete Solutions | Better Grades","70","true","Integration by Parts Worksheet with Complete Solutions","true","worksheet"
"/subjects/math/calculus/worksheets/optimization/","Calculus Optimization Worksheet with Complete Solutions | Better Grades","71","true","Calculus Optimization Worksheet with Complete Solutions","true","worksheet"
"/subjects/math/calculus/worksheets/taylor-series/","Taylor Series Worksheet with Answers and Error Practice | Better Grades","71","true","Taylor Series Worksheet with Answers and Error Practice","true","worksheet"
"/tools/","Math tools with visible limits | Better Grades","46","true","Useful tools. Visible limits.","false","directory"
"/tools/math/algebra/expression-checker/","Algebra Expression Checker | Better Grades","42","true","Type it messy. See it clearly.","false","tool"
"/tools/math/calculus/integration-method-finder/","Integration Method Finder | Better Grades","41","true","Integration Method Finder","true","tool"
