url,canonicalUrl,course,unit,lessonId,role,title,h1,primaryTargetQuery,secondaryQueries,primaryCompetitorUrl,primaryCompetitorQuery,gscTopQueries,gscClicks,gscImpressions,gscCtr,gscAveragePosition,action,rationale,primaryOwner,collisionScore,status,implementationNotes,confidence,evidenceRequest
/answers/calculus/integral-of-sec-cubed/,https://bettergrades.net/answers/calculus/integral-of-sec-cubed/,calculus,,,answer,What is the integral of sec³x? | Better Grades,What is the integral of sec³x?,what is the integral of sec³x,∫ sec³(x) dx | Calculus II | Integration | Trigonometric integrals | Integration by parts | integral of sec cubed | antiderivative of sec^3 x | integrate sec3x,,,UNAVAILABLE,UNAVAILABLE,UNAVAILABLE,UNAVAILABLE,UNAVAILABLE,KEEP,Unique rendered H1/primary query retained; monitor in Search Console.,/answers/calculus/integral-of-sec-cubed/,0,CURRENT,self-canonical=true; sitemap=true; inboundInternalLinks=2,medium / pending search evidence,"GSC top queries, clicks, impressions, CTR, average position; backlinks before any consolidation"
/glossary/,https://bettergrades.net/glossary/,sitewide,,,glossary-hub,Better Grades glossaries | Better Grades,Find the definition.,find the definition,glossary,,,UNAVAILABLE,UNAVAILABLE,UNAVAILABLE,UNAVAILABLE,UNAVAILABLE,KEEP,Unique rendered H1/primary query retained; monitor in Search Console.,/glossary/,0,CURRENT,self-canonical=true; sitemap=true; inboundInternalLinks=1,medium / pending search evidence,"GSC top queries, clicks, impressions, CTR, average position; backlinks before any consolidation"
/glossary/math/,https://bettergrades.net/glossary/math/,sitewide,,,glossary-hub,Mathematics glossary | Better Grades,Read the symbol. Understand the idea.,read the symbol understand the idea,math,,,UNAVAILABLE,UNAVAILABLE,UNAVAILABLE,UNAVAILABLE,UNAVAILABLE,KEEP,Unique rendered H1/primary query retained; monitor in Search Console.,/glossary/math/,0,CURRENT,self-canonical=true; sitemap=true; inboundInternalLinks=974,medium / pending search evidence,"GSC top queries, clicks, impressions, CTR, average position; backlinks before any consolidation"
/glossary/math/absolute-convergence/,https://bettergrades.net/glossary/math/absolute-convergence/,sitewide,,,glossary-term,"Absolute Convergence: Meaning, Notation, and Example | Better Grades","Absolute Convergence: Meaning, Notation, and Example","absolute convergence: meaning, notation, and example",absolutely convergent | series | \sum|a_n|<\infty | Absolute convergence | absolute convergence,,,UNAVAILABLE,UNAVAILABLE,UNAVAILABLE,UNAVAILABLE,UNAVAILABLE,KEEP,Unique rendered H1/primary query retained; monitor in Search Console.,/glossary/math/absolute-convergence/,0,CURRENT,self-canonical=true; sitemap=true; inboundInternalLinks=2,medium / pending search evidence,"GSC top queries, clicks, impressions, CTR, average position; backlinks before any consolidation"
/glossary/math/antiderivative/,https://bettergrades.net/glossary/math/antiderivative/,sitewide,,,glossary-term,"Antiderivative: Meaning, Notation, and Example | Better Grades","Antiderivative: Meaning, Notation, and Example","antiderivative: meaning, notation, and example",primitive function | indefinite integral | F'(x)=f(x) | Antiderivative | antiderivative,,,UNAVAILABLE,UNAVAILABLE,UNAVAILABLE,UNAVAILABLE,UNAVAILABLE,KEEP,Unique rendered H1/primary query retained; monitor in Search Console.,/glossary/math/antiderivative/,0,CURRENT,self-canonical=true; sitemap=true; inboundInternalLinks=2,medium / pending search evidence,"GSC top queries, clicks, impressions, CTR, average position; backlinks before any consolidation"
/glossary/math/chain-rule/,https://bettergrades.net/glossary/math/chain-rule/,sitewide,,,glossary-term,"Chain Rule: Meaning, Notation, and Example | Better Grades","Chain Rule: Meaning, Notation, and Example","chain rule: meaning, notation, and example",chain differentiation | composite function | \frac d{dx}f(g(x))=f'(g(x))g'(x) | Chain rule | chain rule,,,UNAVAILABLE,UNAVAILABLE,UNAVAILABLE,UNAVAILABLE,UNAVAILABLE,KEEP,Unique rendered H1/primary query retained; monitor in Search Console.,/glossary/math/chain-rule/,0,CURRENT,self-canonical=true; sitemap=true; inboundInternalLinks=10,medium / pending search evidence,"GSC top queries, clicks, impressions, CTR, average position; backlinks before any consolidation"
/glossary/math/continuity/,https://bettergrades.net/glossary/math/continuity/,sitewide,,,glossary-term,"Continuity: Meaning, Notation, and Example | Better Grades","Continuity: Meaning, Notation, and Example","continuity: meaning, notation, and example",continuous function | limit | \lim_{x\to a}f(x)=f(a) | Continuity | continuity,,,UNAVAILABLE,UNAVAILABLE,UNAVAILABLE,UNAVAILABLE,UNAVAILABLE,KEEP,Unique rendered H1/primary query retained; monitor in Search Console.,/glossary/math/continuity/,0,CURRENT,self-canonical=true; sitemap=true; inboundInternalLinks=6,medium / pending search evidence,"GSC top queries, clicks, impressions, CTR, average position; backlinks before any consolidation"
/glossary/math/conventions/,https://bettergrades.net/glossary/math/conventions/,sitewide,,,glossary-term,Mathematics variable and notation conventions | Better Grades,"Letters should carry meaning, not decorative noise.","letters should carry meaning, not decorative noise",conventions | glossary term conventions | math notation conventions,,,UNAVAILABLE,UNAVAILABLE,UNAVAILABLE,UNAVAILABLE,UNAVAILABLE,KEEP,Unique rendered H1/primary query retained; monitor in Search Console.,/glossary/math/conventions/,0,CURRENT,self-canonical=true; sitemap=true; inboundInternalLinks=974,medium / pending search evidence,"GSC top queries, clicks, impressions, CTR, average position; backlinks before any consolidation"
/glossary/math/critical-number/,https://bettergrades.net/glossary/math/critical-number/,sitewide,,,glossary-term,"Critical Number: Meaning, Notation, and Example | Better Grades","Critical Number: Meaning, Notation, and Example","critical number: meaning, notation, and example",critical point | optimization | f'(c)=0\ \text{or undefined} | Critical number | critical number,,,UNAVAILABLE,UNAVAILABLE,UNAVAILABLE,UNAVAILABLE,UNAVAILABLE,KEEP,Unique rendered H1/primary query retained; monitor in Search Console.,/glossary/math/critical-number/,0,CURRENT,self-canonical=true; sitemap=true; inboundInternalLinks=8,medium / pending search evidence,"GSC top queries, clicks, impressions, CTR, average position; backlinks before any consolidation"
/glossary/math/definite-integral/,https://bettergrades.net/glossary/math/definite-integral/,sitewide,,,glossary-term,"Definite Integral: Meaning, Notation, and Example | Better Grades","Definite Integral: Meaning, Notation, and Example","definite integral: meaning, notation, and example","bounded integral | area | accumulation | \int_a^b f(x)\,dx | Definite integral | definite integral",,,UNAVAILABLE,UNAVAILABLE,UNAVAILABLE,UNAVAILABLE,UNAVAILABLE,KEEP,Unique rendered H1/primary query retained; monitor in Search Console.,/glossary/math/definite-integral/,0,CURRENT,self-canonical=true; sitemap=true; inboundInternalLinks=3,medium / pending search evidence,"GSC top queries, clicks, impressions, CTR, average position; backlinks before any consolidation"
/glossary/math/derivative/,https://bettergrades.net/glossary/math/derivative/,sitewide,,,glossary-term,"Derivative: Meaning, Notation, and Example | Better Grades","Derivative: Meaning, Notation, and Example","derivative: meaning, notation, and example",differentiate | differentiation | instantaneous rate | d/dx | dy/dx | f prime | \frac d{dx}[f(x)] | operator notation,,,UNAVAILABLE,UNAVAILABLE,UNAVAILABLE,UNAVAILABLE,UNAVAILABLE,KEEP,Unique rendered H1/primary query retained; monitor in Search Console.,/glossary/math/derivative/,0,CURRENT,self-canonical=true; sitemap=true; inboundInternalLinks=7,medium / pending search evidence,"GSC top queries, clicks, impressions, CTR, average position; backlinks before any consolidation"
/glossary/math/fundamental-theorem-calculus/,https://bettergrades.net/glossary/math/fundamental-theorem-calculus/,sitewide,,,glossary-term,"Fundamental Theorem Calculus: Meaning, Notation, and Example | Better Grades","Fundamental Theorem Calculus: Meaning, Notation, and Example","fundamental theorem calculus: meaning, notation, and example","FTC | definite integral | antiderivative | \int_a^b f(x)\,dx=F(b)-F(a) | Fundamental theorem of calculus | fundamental theorem calculus",,,UNAVAILABLE,UNAVAILABLE,UNAVAILABLE,UNAVAILABLE,UNAVAILABLE,KEEP,Unique rendered H1/primary query retained; monitor in Search Console.,/glossary/math/fundamental-theorem-calculus/,0,CURRENT,self-canonical=true; sitemap=true; inboundInternalLinks=2,medium / pending search evidence,"GSC top queries, clicks, impressions, CTR, average position; backlinks before any consolidation"
/glossary/math/geometric-series/,https://bettergrades.net/glossary/math/geometric-series/,sitewide,,,glossary-term,"Geometric Series: Meaning, Notation, and Example | Better Grades","Geometric Series: Meaning, Notation, and Example","geometric series: meaning, notation, and example",geometric sum | common ratio | \sum_{n=0}^\infty ar^n | Geometric series | geometric series,,,UNAVAILABLE,UNAVAILABLE,UNAVAILABLE,UNAVAILABLE,UNAVAILABLE,KEEP,Unique rendered H1/primary query retained; monitor in Search Console.,/glossary/math/geometric-series/,0,CURRENT,self-canonical=true; sitemap=true; inboundInternalLinks=8,medium / pending search evidence,"GSC top queries, clicks, impressions, CTR, average position; backlinks before any consolidation"
/glossary/math/implicit-differentiation/,https://bettergrades.net/glossary/math/implicit-differentiation/,sitewide,,,glossary-term,"Implicit Differentiation: Meaning, Notation, and Example | Better Grades","Implicit Differentiation: Meaning, Notation, and Example","implicit differentiation: meaning, notation, and example","implicit derivative | dy/dx | chain rule | \frac d{dx}f(x,y)=f_x+f_y\frac{dy}{dx} | Implicit differentiation | implicit differentiation",,,UNAVAILABLE,UNAVAILABLE,UNAVAILABLE,UNAVAILABLE,UNAVAILABLE,KEEP,Unique rendered H1/primary query retained; monitor in Search Console.,/glossary/math/implicit-differentiation/,0,CURRENT,self-canonical=true; sitemap=true; inboundInternalLinks=5,medium / pending search evidence,"GSC top queries, clicks, impressions, CTR, average position; backlinks before any consolidation"
/glossary/math/improper-integral/,https://bettergrades.net/glossary/math/improper-integral/,sitewide,,,glossary-term,"Improper Integral: Meaning, Notation, and Example | Better Grades","Improper Integral: Meaning, Notation, and Example","improper integral: meaning, notation, and example","infinite integral | convergence | \int_a^\infty f(x)\,dx | Improper integral | improper integral",,,UNAVAILABLE,UNAVAILABLE,UNAVAILABLE,UNAVAILABLE,UNAVAILABLE,KEEP,Unique rendered H1/primary query retained; monitor in Search Console.,/glossary/math/improper-integral/,0,CURRENT,self-canonical=true; sitemap=true; inboundInternalLinks=2,medium / pending search evidence,"GSC top queries, clicks, impressions, CTR, average position; backlinks before any consolidation"
/glossary/math/integration-by-parts/,https://bettergrades.net/glossary/math/integration-by-parts/,sitewide,,,glossary-term,"Integration By Parts: Meaning, Notation, and Example | Better Grades","Integration By Parts: Meaning, Notation, and Example","integration by parts: meaning, notation, and example","parts formula | IBP | integration technique | \int u\,dv=uv-\int v\,du | Integration by parts | integration by parts",,,UNAVAILABLE,UNAVAILABLE,UNAVAILABLE,UNAVAILABLE,UNAVAILABLE,KEEP,Unique rendered H1/primary query retained; monitor in Search Console.,/glossary/math/integration-by-parts/,0,CURRENT,self-canonical=true; sitemap=true; inboundInternalLinks=13,medium / pending search evidence,"GSC top queries, clicks, impressions, CTR, average position; backlinks before any consolidation"
/glossary/math/limit/,https://bettergrades.net/glossary/math/limit/,sitewide,,,glossary-term,"Limit: Meaning, Notation, and Example | Better Grades","Limit: Meaning, Notation, and Example","limit: meaning, notation, and example",limiting value | approach | \lim_{x\to a}f(x)=L | Limit | limit,,,UNAVAILABLE,UNAVAILABLE,UNAVAILABLE,UNAVAILABLE,UNAVAILABLE,KEEP,Unique rendered H1/primary query retained; monitor in Search Console.,/glossary/math/limit/,0,CURRENT,self-canonical=true; sitemap=true; inboundInternalLinks=10,medium / pending search evidence,"GSC top queries, clicks, impressions, CTR, average position; backlinks before any consolidation"
/glossary/math/local-maximum/,https://bettergrades.net/glossary/math/local-maximum/,sitewide,,,glossary-term,"Local Maximum: Meaning, Notation, and Example | Better Grades","Local Maximum: Meaning, Notation, and Example","local maximum: meaning, notation, and example",relative maximum | extrema | f(c)\ge f(x) | Local maximum | local maximum,,,UNAVAILABLE,UNAVAILABLE,UNAVAILABLE,UNAVAILABLE,UNAVAILABLE,KEEP,Unique rendered H1/primary query retained; monitor in Search Console.,/glossary/math/local-maximum/,0,CURRENT,self-canonical=true; sitemap=true; inboundInternalLinks=5,medium / pending search evidence,"GSC top queries, clicks, impressions, CTR, average position; backlinks before any consolidation"
/glossary/math/local-minimum/,https://bettergrades.net/glossary/math/local-minimum/,sitewide,,,glossary-term,"Local Minimum: Meaning, Notation, and Example | Better Grades","Local Minimum: Meaning, Notation, and Example","local minimum: meaning, notation, and example",relative minimum | extrema | f(c)\le f(x) | Local minimum | local minimum,,,UNAVAILABLE,UNAVAILABLE,UNAVAILABLE,UNAVAILABLE,UNAVAILABLE,KEEP,Unique rendered H1/primary query retained; monitor in Search Console.,/glossary/math/local-minimum/,0,CURRENT,self-canonical=true; sitemap=true; inboundInternalLinks=3,medium / pending search evidence,"GSC top queries, clicks, impressions, CTR, average position; backlinks before any consolidation"
/glossary/math/one-sided-limit/,https://bettergrades.net/glossary/math/one-sided-limit/,sitewide,,,glossary-term,"One Sided Limit: Meaning, Notation, and Example | Better Grades","One Sided Limit: Meaning, Notation, and Example","one sided limit: meaning, notation, and example","left-hand limit | right-hand limit | limit | \lim_{x\to a^-}f(x),\quad\lim_{x\to a^+}f(x) | One-sided limit | one sided limit",,,UNAVAILABLE,UNAVAILABLE,UNAVAILABLE,UNAVAILABLE,UNAVAILABLE,KEEP,Unique rendered H1/primary query retained; monitor in Search Console.,/glossary/math/one-sided-limit/,0,CURRENT,self-canonical=true; sitemap=true; inboundInternalLinks=5,medium / pending search evidence,"GSC top queries, clicks, impressions, CTR, average position; backlinks before any consolidation"
/glossary/math/optimization/,https://bettergrades.net/glossary/math/optimization/,sitewide,,,glossary-term,"Optimization: Meaning, Notation, and Example | Better Grades","Optimization: Meaning, Notation, and Example","optimization: meaning, notation, and example","optimization problem | maximize | minimize | critical point | constraint | extrema | f'(c)=0,\quad a\le c\le b | Optimization",,,UNAVAILABLE,UNAVAILABLE,UNAVAILABLE,UNAVAILABLE,UNAVAILABLE,KEEP,Unique rendered H1/primary query retained; monitor in Search Console.,/glossary/math/optimization/,0,CURRENT,self-canonical=true; sitemap=true; inboundInternalLinks=3,medium / pending search evidence,"GSC top queries, clicks, impressions, CTR, average position; backlinks before any consolidation"
/glossary/math/power-series/,https://bettergrades.net/glossary/math/power-series/,sitewide,,,glossary-term,"Power Series: Meaning, Notation, and Example | Better Grades","Power Series: Meaning, Notation, and Example","power series: meaning, notation, and example",series in powers | radius of convergence | \sum_{n=0}^\infty c_n(x-a)^n | Power series | power series,,,UNAVAILABLE,UNAVAILABLE,UNAVAILABLE,UNAVAILABLE,UNAVAILABLE,KEEP,Unique rendered H1/primary query retained; monitor in Search Console.,/glossary/math/power-series/,0,CURRENT,self-canonical=true; sitemap=true; inboundInternalLinks=2,medium / pending search evidence,"GSC top queries, clicks, impressions, CTR, average position; backlinks before any consolidation"
/glossary/math/radius-of-convergence/,https://bettergrades.net/glossary/math/radius-of-convergence/,sitewide,,,glossary-term,"Radius Of Convergence: Meaning, Notation, and Example | Better Grades","Radius Of Convergence: Meaning, Notation, and Example","radius of convergence: meaning, notation, and example",convergence radius | power series | |x-a|<R | Radius of convergence | radius of convergence,,,UNAVAILABLE,UNAVAILABLE,UNAVAILABLE,UNAVAILABLE,UNAVAILABLE,KEEP,Unique rendered H1/primary query retained; monitor in Search Console.,/glossary/math/radius-of-convergence/,0,CURRENT,self-canonical=true; sitemap=true; inboundInternalLinks=2,medium / pending search evidence,"GSC top queries, clicks, impressions, CTR, average position; backlinks before any consolidation"
/glossary/math/related-rates/,https://bettergrades.net/glossary/math/related-rates/,sitewide,,,glossary-term,"Related Rates: Meaning, Notation, and Example | Better Grades","Related Rates: Meaning, Notation, and Example","related rates: meaning, notation, and example","rates problem | time derivative | implicit differentiation | \frac d{dt}f(x(t),y(t))=0 | Related rates | related rates",,,UNAVAILABLE,UNAVAILABLE,UNAVAILABLE,UNAVAILABLE,UNAVAILABLE,KEEP,Unique rendered H1/primary query retained; monitor in Search Console.,/glossary/math/related-rates/,0,CURRENT,self-canonical=true; sitemap=true; inboundInternalLinks=2,medium / pending search evidence,"GSC top queries, clicks, impressions, CTR, average position; backlinks before any consolidation"
/glossary/math/sequence/,https://bettergrades.net/glossary/math/sequence/,sitewide,,,glossary-term,"Sequence: Meaning, Notation, and Example | Better Grades","Sequence: Meaning, Notation, and Example","sequence: meaning, notation, and example","number sequence | index | series | a_1,a_2,a_3,\ldots | Sequence | sequence",,,UNAVAILABLE,UNAVAILABLE,UNAVAILABLE,UNAVAILABLE,UNAVAILABLE,KEEP,Unique rendered H1/primary query retained; monitor in Search Console.,/glossary/math/sequence/,0,CURRENT,self-canonical=true; sitemap=true; inboundInternalLinks=2,medium / pending search evidence,"GSC top queries, clicks, impressions, CTR, average position; backlinks before any consolidation"
/glossary/math/series/,https://bettergrades.net/glossary/math/series/,sitewide,,,glossary-term,"Series: Meaning, Notation, and Example | Better Grades","Series: Meaning, Notation, and Example","series: meaning, notation, and example",infinite series | sequence | \sum_{n=1}^\infty a_n | Series | series,,,UNAVAILABLE,UNAVAILABLE,UNAVAILABLE,UNAVAILABLE,UNAVAILABLE,KEEP,Unique rendered H1/primary query retained; monitor in Search Console.,/glossary/math/series/,0,CURRENT,self-canonical=true; sitemap=true; inboundInternalLinks=2,medium / pending search evidence,"GSC top queries, clicks, impressions, CTR, average position; backlinks before any consolidation"
/glossary/math/taylor-series/,https://bettergrades.net/glossary/math/taylor-series/,sitewide,,,glossary-term,"Taylor Series: Meaning, Notation, and Example | Better Grades","Taylor Series: Meaning, Notation, and Example","taylor series: meaning, notation, and example",Taylor expansion | power series | \sum_{n=0}^\infty\frac{f^{(n)}(a)}{n!}(x-a)^n | Taylor series | taylor series,,,UNAVAILABLE,UNAVAILABLE,UNAVAILABLE,UNAVAILABLE,UNAVAILABLE,KEEP,Unique rendered H1/primary query retained; monitor in Search Console.,/glossary/math/taylor-series/,0,CURRENT,self-canonical=true; sitemap=true; inboundInternalLinks=8,medium / pending search evidence,"GSC top queries, clicks, impressions, CTR, average position; backlinks before any consolidation"
/glossary/math/u-substitution/,https://bettergrades.net/glossary/math/u-substitution/,sitewide,,,glossary-term,"U Substitution: Meaning, Notation, and Example | Better Grades","U Substitution: Meaning, Notation, and Example","u substitution: meaning, notation, and example","substitution rule | change of variable | integration technique | u=g(x),\quad du=g'(x)\,dx | u-substitution | u substitution",,,UNAVAILABLE,UNAVAILABLE,UNAVAILABLE,UNAVAILABLE,UNAVAILABLE,KEEP,Unique rendered H1/primary query retained; monitor in Search Console.,/glossary/math/u-substitution/,0,CURRENT,self-canonical=true; sitemap=true; inboundInternalLinks=2,medium / pending search evidence,"GSC top queries, clicks, impressions, CTR, average position; backlinks before any consolidation"
/learn/calculus/integration-by-parts/,https://bettergrades.net/learn/calculus/integration-by-parts/,calculus,,,method-guide,When to use integration by parts: recognition and setup | Better Grades,When should you use integration by parts?,when to use integration by parts,∫u dv = uv − ∫v du | Calculus II | Integration | Method selection | Integration by parts | when to use integration by parts | choosing u and dv | LIATE,/subjects/math/calculus/integrals/integration-by-parts/,complete Integration by Parts — Unit 3A lesson,UNAVAILABLE,UNAVAILABLE,UNAVAILABLE,UNAVAILABLE,UNAVAILABLE,REPOSITION,Distinct intent versus /subjects/math/calculus/integrals/integration-by-parts/; URL preservation is safer without GSC/backlink evidence.,/subjects/math/calculus/integrals/integration-by-parts/,11,IMPLEMENTED_OR_CONFIRMED,self-canonical=true; sitemap=true; inboundInternalLinks=3,high editorial / pending search evidence,"GSC top queries, clicks, impressions, CTR, average position; backlinks before any consolidation"
/practice/math/calculus/challenges/integration-bee/,https://bettergrades.net/practice/math/calculus/challenges/integration-bee/,calculus,,,assessment,Integration Bee | Better Grades,Twenty integrals. One very honest clock.,twenty integrals one very honest clock,/bee/ | Integration Techniques | challenge | questions | test | review | integration bee,,,UNAVAILABLE,UNAVAILABLE,UNAVAILABLE,UNAVAILABLE,UNAVAILABLE,KEEP,Unique rendered H1/primary query retained; monitor in Search Console.,/practice/math/calculus/challenges/integration-bee/,0,CURRENT,self-canonical=true; sitemap=true; inboundInternalLinks=1,medium / pending search evidence,"GSC top queries, clicks, impressions, CTR, average position; backlinks before any consolidation"
/practice/math/calculus/diagnostics/calculus-readiness/,https://bettergrades.net/practice/math/calculus/diagnostics/calculus-readiness/,calculus,,,assessment,Calculus readiness diagnostic | Better Grades,Calculus readiness diagnostic,calculus readiness diagnostic,/exams/calculus-readiness/ | Limits & Continuity | diagnostic | questions | test | review | calculus readiness,,,UNAVAILABLE,UNAVAILABLE,UNAVAILABLE,UNAVAILABLE,UNAVAILABLE,KEEP,Unique rendered H1/primary query retained; monitor in Search Console.,/practice/math/calculus/diagnostics/calculus-readiness/,0,CURRENT,self-canonical=true; sitemap=true; inboundInternalLinks=7,medium / pending search evidence,"GSC top queries, clicks, impressions, CTR, average position; backlinks before any consolidation"
/practice/math/calculus/exams/calculus-foundations/,https://bettergrades.net/practice/math/calculus/exams/calculus-foundations/,calculus,,,practice-exam,Calculus foundations practice exam | Better Grades,Calculus foundations practice exam,calculus foundations practice exam,Limits & Continuity | Integration Techniques | practice exam | questions | test | review | calculus foundations,,,UNAVAILABLE,UNAVAILABLE,UNAVAILABLE,UNAVAILABLE,UNAVAILABLE,KEEP,Unique rendered H1/primary query retained; monitor in Search Console.,/practice/math/calculus/exams/calculus-foundations/,0,CURRENT,self-canonical=true; sitemap=true; inboundInternalLinks=13,medium / pending search evidence,"GSC top queries, clicks, impressions, CTR, average position; backlinks before any consolidation"
/practice/math/calculus/quizzes/integration-method-selection/,https://bettergrades.net/practice/math/calculus/quizzes/integration-method-selection/,calculus,,,assessment,Integration method selection | Better Grades,Integration method selection,integration method selection,/practice/calculus/integration-method-selection/ | Integration Techniques | quiz | questions | test | review | integration method selection,,,UNAVAILABLE,UNAVAILABLE,UNAVAILABLE,UNAVAILABLE,UNAVAILABLE,KEEP,Unique rendered H1/primary query retained; monitor in Search Console.,/practice/math/calculus/quizzes/integration-method-selection/,0,CURRENT,self-canonical=true; sitemap=true; inboundInternalLinks=10,medium / pending search evidence,"GSC top queries, clicks, impressions, CTR, average position; backlinks before any consolidation"
/resources/,https://bettergrades.net/resources/,sitewide,,,resource-library,"Free Math Resources | Worksheets, Practice Exams, Guides, and More | Better Grades","Everything printable, visual, and worked through.","everything printable, visual, and worked through",resources,,,UNAVAILABLE,UNAVAILABLE,UNAVAILABLE,UNAVAILABLE,UNAVAILABLE,KEEP,Unique rendered H1/primary query retained; monitor in Search Console.,/resources/,0,CURRENT,self-canonical=true; sitemap=true; inboundInternalLinks=974,medium / pending search evidence,"GSC top queries, clicks, impressions, CTR, average position; backlinks before any consolidation"
/subjects/,https://bettergrades.net/subjects/,sitewide,,,subject-hub,Browse subjects | Better Grades,"Free help, organized like a course.","free help, organized like a course",subjects,,,UNAVAILABLE,UNAVAILABLE,UNAVAILABLE,UNAVAILABLE,UNAVAILABLE,KEEP,Unique rendered H1/primary query retained; monitor in Search Console.,/subjects/,0,CURRENT,self-canonical=true; sitemap=true; inboundInternalLinks=974,medium / pending search evidence,"GSC top queries, clicks, impressions, CTR, average position; backlinks before any consolidation"
/subjects/math/,https://bettergrades.net/subjects/math/,sitewide,,,subject-hub,Mathematics | Better Grades,Choose your course.,choose your course,math,,,UNAVAILABLE,UNAVAILABLE,UNAVAILABLE,UNAVAILABLE,UNAVAILABLE,KEEP,Unique rendered H1/primary query retained; monitor in Search Console.,/subjects/math/,0,CURRENT,self-canonical=true; sitemap=true; inboundInternalLinks=576,medium / pending search evidence,"GSC top queries, clicks, impressions, CTR, average position; backlinks before any consolidation"
/subjects/math/algebra/,https://bettergrades.net/subjects/math/algebra/,algebra,,,course-hub,"Algebra: Quantities, Equations, and Structure | Better Grades","Algebra: Quantities, Equations, and Structure","algebra: quantities, equations, and structure","Algebra: Quantities, Equations, and Structure | course hub | Algebra | Algebra is the art of preserving meaning while changing representation. | algebra textbook",,,UNAVAILABLE,UNAVAILABLE,UNAVAILABLE,UNAVAILABLE,UNAVAILABLE,KEEP,Unique rendered H1/primary query retained; monitor in Search Console.,/subjects/math/algebra/,0,CURRENT,self-canonical=true; sitemap=true; inboundInternalLinks=974,medium / pending search evidence,"GSC top queries, clicks, impressions, CTR, average position; backlinks before any consolidation"
/subjects/math/algebra/arithmetic-readiness/,https://bettergrades.net/subjects/math/algebra/arithmetic-readiness/,algebra,unit.math.algebra.a0,,unit-hub,Unit A0: Arithmetic Readiness and Repair | Better Grades,Unit A0: Arithmetic Readiness and Repair,unit a0: arithmetic readiness and repair,Unit A0: Arithmetic Readiness and Repair | unit hub | Arithmetic Readiness and Repair | What must be dependable about numbers before symbols can carry meaning? | algebra textbook,,,UNAVAILABLE,UNAVAILABLE,UNAVAILABLE,UNAVAILABLE,UNAVAILABLE,KEEP,Unique rendered H1/primary query retained; monitor in Search Console.,/subjects/math/algebra/arithmetic-readiness/,0,CURRENT,self-canonical=true; sitemap=true; inboundInternalLinks=17,medium / pending search evidence,"GSC top queries, clicks, impressions, CTR, average position; backlinks before any consolidation"
/subjects/math/algebra/arithmetic-readiness/adding-subtracting-and-complex-fractions/,https://bettergrades.net/subjects/math/algebra/arithmetic-readiness/adding-subtracting-and-complex-fractions/,algebra,unit.math.algebra.a0,textbook-lesson.math.algebra.a0-6,textbook-lesson,"Adding, subtracting, and complex fractions | Unit A0 | Better Grades","Adding, subtracting, and complex fractions","adding, subtracting, and complex fractions","Adding, subtracting, and complex fractions | lesson | Arithmetic Readiness and Repair | What must be dependable about numbers before symbols can carry meaning? | Use common-sized parts to combine fractions and simplify expressions containing fractions within fractions. | algebra textbook",,,UNAVAILABLE,UNAVAILABLE,UNAVAILABLE,UNAVAILABLE,UNAVAILABLE,KEEP,Unique rendered H1/primary query retained; monitor in Search Console.,/subjects/math/algebra/arithmetic-readiness/adding-subtracting-and-complex-fractions/,0,CURRENT,self-canonical=true; sitemap=true; inboundInternalLinks=5,medium / pending search evidence,"GSC top queries, clicks, impressions, CTR, average position; backlinks before any consolidation"
/subjects/math/algebra/arithmetic-readiness/factors-primes-gcf-and-lcm/,https://bettergrades.net/subjects/math/algebra/arithmetic-readiness/factors-primes-gcf-and-lcm/,algebra,unit.math.algebra.a0,textbook-lesson.math.algebra.a0-3,textbook-lesson,"Factors, primes, GCF, and LCM | Unit A0 | Better Grades","Factors, primes, GCF, and LCM","factors, primes, gcf, and lcm","Factors, primes, GCF, and LCM | lesson | Arithmetic Readiness and Repair | What must be dependable about numbers before symbols can carry meaning? | Decompose whole numbers multiplicatively and distinguish common-factor questions from common-multiple questions. | algebra textbook",,,UNAVAILABLE,UNAVAILABLE,UNAVAILABLE,UNAVAILABLE,UNAVAILABLE,KEEP,Unique rendered H1/primary query retained; monitor in Search Console.,/subjects/math/algebra/arithmetic-readiness/factors-primes-gcf-and-lcm/,0,CURRENT,self-canonical=true; sitemap=true; inboundInternalLinks=5,medium / pending search evidence,"GSC top queries, clicks, impressions, CTR, average position; backlinks before any consolidation"
/subjects/math/algebra/arithmetic-readiness/fractions-as-numbers/,https://bettergrades.net/subjects/math/algebra/arithmetic-readiness/fractions-as-numbers/,algebra,unit.math.algebra.a0,textbook-lesson.math.algebra.a0-4,textbook-lesson,Fractions as numbers | Unit A0 | Better Grades,Fractions as numbers,fractions as numbers,"Fractions as numbers | lesson | Arithmetic Readiness and Repair | What must be dependable about numbers before symbols can carry meaning? | Interpret a fraction as a number, quotient, ratio, and operator and locate it on a number line. | algebra textbook",,,UNAVAILABLE,UNAVAILABLE,UNAVAILABLE,UNAVAILABLE,UNAVAILABLE,KEEP,Unique rendered H1/primary query retained; monitor in Search Console.,/subjects/math/algebra/arithmetic-readiness/fractions-as-numbers/,0,CURRENT,self-canonical=true; sitemap=true; inboundInternalLinks=5,medium / pending search evidence,"GSC top queries, clicks, impressions, CTR, average position; backlinks before any consolidation"
/subjects/math/algebra/arithmetic-readiness/fractions-decimals-and-percents/,https://bettergrades.net/subjects/math/algebra/arithmetic-readiness/fractions-decimals-and-percents/,algebra,unit.math.algebra.a0,textbook-lesson.math.algebra.a0-7,textbook-lesson,"Fractions, decimals, and percents | Unit A0 | Better Grades","Fractions, decimals, and percents","fractions, decimals, and percents","Fractions, decimals, and percents | lesson | Arithmetic Readiness and Repair | What must be dependable about numbers before symbols can carry meaning? | Translate among equivalent representations and choose the form most useful for a question. | algebra textbook",,,UNAVAILABLE,UNAVAILABLE,UNAVAILABLE,UNAVAILABLE,UNAVAILABLE,KEEP,Unique rendered H1/primary query retained; monitor in Search Console.,/subjects/math/algebra/arithmetic-readiness/fractions-decimals-and-percents/,0,CURRENT,self-canonical=true; sitemap=true; inboundInternalLinks=5,medium / pending search evidence,"GSC top queries, clicks, impressions, CTR, average position; backlinks before any consolidation"
/subjects/math/algebra/arithmetic-readiness/investigation/,https://bettergrades.net/subjects/math/algebra/arithmetic-readiness/investigation/,algebra,unit.math.algebra.a0,,assessment,Arithmetic Readiness and Repair: investigation | Unit A0 | Better Grades,Arithmetic Readiness and Repair: investigation,arithmetic readiness and repair: investigation,Arithmetic Readiness and Repair: investigation | investigation | Arithmetic Readiness and Repair | What must be dependable about numbers before symbols can carry meaning? | algebra textbook,,,UNAVAILABLE,UNAVAILABLE,UNAVAILABLE,UNAVAILABLE,UNAVAILABLE,KEEP,Unique rendered H1/primary query retained; monitor in Search Console.,/subjects/math/algebra/arithmetic-readiness/investigation/,0,CURRENT,self-canonical=true; sitemap=true; inboundInternalLinks=3,medium / pending search evidence,"GSC top queries, clicks, impressions, CTR, average position; backlinks before any consolidation"
/subjects/math/algebra/arithmetic-readiness/mastery-check/,https://bettergrades.net/subjects/math/algebra/arithmetic-readiness/mastery-check/,algebra,unit.math.algebra.a0,,assessment,Arithmetic Readiness and Repair: mastery check | Unit A0 | Better Grades,Arithmetic Readiness and Repair: mastery check,arithmetic readiness and repair: mastery check,Arithmetic Readiness and Repair: mastery check | mastery check | Arithmetic Readiness and Repair | What must be dependable about numbers before symbols can carry meaning? | algebra textbook,,,UNAVAILABLE,UNAVAILABLE,UNAVAILABLE,UNAVAILABLE,UNAVAILABLE,KEEP,Unique rendered H1/primary query retained; monitor in Search Console.,/subjects/math/algebra/arithmetic-readiness/mastery-check/,0,CURRENT,self-canonical=true; sitemap=true; inboundInternalLinks=4,medium / pending search evidence,"GSC top queries, clicks, impressions, CTR, average position; backlinks before any consolidation"
/subjects/math/algebra/arithmetic-readiness/mastery-check/answer-key/,https://bettergrades.net/subjects/math/algebra/arithmetic-readiness/mastery-check/answer-key/,algebra,unit.math.algebra.a0,,assessment,Arithmetic Readiness and Repair: mastery answer key | Unit A0 | Better Grades,Arithmetic Readiness and Repair: mastery answer key,arithmetic readiness and repair: mastery answer key,Arithmetic Readiness and Repair: mastery answer key | answer key | Arithmetic Readiness and Repair | What must be dependable about numbers before symbols can carry meaning? | algebra textbook,,,UNAVAILABLE,UNAVAILABLE,UNAVAILABLE,UNAVAILABLE,UNAVAILABLE,KEEP,Unique rendered H1/primary query retained; monitor in Search Console.,/subjects/math/algebra/arithmetic-readiness/mastery-check/answer-key/,0,CURRENT,self-canonical=true; sitemap=true; inboundInternalLinks=4,medium / pending search evidence,"GSC top queries, clicks, impressions, CTR, average position; backlinks before any consolidation"
/subjects/math/algebra/arithmetic-readiness/multiplying-and-dividing-fractions/,https://bettergrades.net/subjects/math/algebra/arithmetic-readiness/multiplying-and-dividing-fractions/,algebra,unit.math.algebra.a0,textbook-lesson.math.algebra.a0-5,textbook-lesson,Multiplying and dividing fractions | Unit A0 | Better Grades,Multiplying and dividing fractions,multiplying and dividing fractions,Multiplying and dividing fractions | lesson | Arithmetic Readiness and Repair | What must be dependable about numbers before symbols can carry meaning? | Interpret fraction multiplication as scaling and division as measuring how many groups fit. | algebra textbook,,,UNAVAILABLE,UNAVAILABLE,UNAVAILABLE,UNAVAILABLE,UNAVAILABLE,KEEP,Unique rendered H1/primary query retained; monitor in Search Console.,/subjects/math/algebra/arithmetic-readiness/multiplying-and-dividing-fractions/,0,CURRENT,self-canonical=true; sitemap=true; inboundInternalLinks=5,medium / pending search evidence,"GSC top queries, clicks, impressions, CTR, average position; backlinks before any consolidation"
/subjects/math/algebra/arithmetic-readiness/number-lines-and-signed-quantities/,https://bettergrades.net/subjects/math/algebra/arithmetic-readiness/number-lines-and-signed-quantities/,algebra,unit.math.algebra.a0,textbook-lesson.math.algebra.a0-1,textbook-lesson,Number lines and signed quantities | Unit A0 | Better Grades,Number lines and signed quantities,number lines and signed quantities,"Number lines and signed quantities | lesson | Arithmetic Readiness and Repair | What must be dependable about numbers before symbols can carry meaning? | Interpret sign as position, direction, and change; compare signed numbers and rewrite subtraction as addition of an opposite. | algebra textbook",,,UNAVAILABLE,UNAVAILABLE,UNAVAILABLE,UNAVAILABLE,UNAVAILABLE,KEEP,Unique rendered H1/primary query retained; monitor in Search Console.,/subjects/math/algebra/arithmetic-readiness/number-lines-and-signed-quantities/,0,CURRENT,self-canonical=true; sitemap=true; inboundInternalLinks=4,medium / pending search evidence,"GSC top queries, clicks, impressions, CTR, average position; backlinks before any consolidation"
/subjects/math/algebra/arithmetic-readiness/powers-roots-and-scientific-notation/,https://bettergrades.net/subjects/math/algebra/arithmetic-readiness/powers-roots-and-scientific-notation/,algebra,unit.math.algebra.a0,textbook-lesson.math.algebra.a0-10,textbook-lesson,"Powers, roots, and scientific notation | Unit A0 | Better Grades","Powers, roots, and scientific notation","powers, roots, and scientific notation","Powers, roots, and scientific notation | lesson | Arithmetic Readiness and Repair | What must be dependable about numbers before symbols can carry meaning? | Interpret repeated multiplication, inverse power questions, and orders of magnitude. | algebra textbook",,,UNAVAILABLE,UNAVAILABLE,UNAVAILABLE,UNAVAILABLE,UNAVAILABLE,KEEP,Unique rendered H1/primary query retained; monitor in Search Console.,/subjects/math/algebra/arithmetic-readiness/powers-roots-and-scientific-notation/,0,CURRENT,self-canonical=true; sitemap=true; inboundInternalLinks=4,medium / pending search evidence,"GSC top queries, clicks, impressions, CTR, average position; backlinks before any consolidation"
/subjects/math/algebra/arithmetic-readiness/practice/,https://bettergrades.net/subjects/math/algebra/arithmetic-readiness/practice/,algebra,unit.math.algebra.a0,,assessment,Arithmetic Readiness and Repair: mixed practice | Unit A0 | Better Grades,Arithmetic Readiness and Repair: mixed practice,arithmetic readiness and repair: mixed practice,Arithmetic Readiness and Repair: mixed practice | practice | Arithmetic Readiness and Repair | What must be dependable about numbers before symbols can carry meaning? | algebra textbook,,,UNAVAILABLE,UNAVAILABLE,UNAVAILABLE,UNAVAILABLE,UNAVAILABLE,KEEP,Unique rendered H1/primary query retained; monitor in Search Console.,/subjects/math/algebra/arithmetic-readiness/practice/,0,CURRENT,self-canonical=true; sitemap=true; inboundInternalLinks=13,medium / pending search evidence,"GSC top queries, clicks, impressions, CTR, average position; backlinks before any consolidation"
/subjects/math/algebra/arithmetic-readiness/ratios-rates-proportions-and-percent-change/,https://bettergrades.net/subjects/math/algebra/arithmetic-readiness/ratios-rates-proportions-and-percent-change/,algebra,unit.math.algebra.a0,textbook-lesson.math.algebra.a0-8,textbook-lesson,"Ratios, rates, proportions, and percent change | Unit A0 | Better Grades","Ratios, rates, proportions, and percent change","ratios, rates, proportions, and percent change","Ratios, rates, proportions, and percent change | lesson | Arithmetic Readiness and Repair | What must be dependable about numbers before symbols can carry meaning? | Distinguish ratios from rates, build equivalent comparisons, and interpret percent increase or decrease. | algebra textbook",,,UNAVAILABLE,UNAVAILABLE,UNAVAILABLE,UNAVAILABLE,UNAVAILABLE,KEEP,Unique rendered H1/primary query retained; monitor in Search Console.,/subjects/math/algebra/arithmetic-readiness/ratios-rates-proportions-and-percent-change/,0,CURRENT,self-canonical=true; sitemap=true; inboundInternalLinks=5,medium / pending search evidence,"GSC top queries, clicks, impressions, CTR, average position; backlinks before any consolidation"
/subjects/math/algebra/arithmetic-readiness/review/,https://bettergrades.net/subjects/math/algebra/arithmetic-readiness/review/,algebra,unit.math.algebra.a0,,assessment,Arithmetic Readiness and Repair: cumulative review | Unit A0 | Better Grades,Arithmetic Readiness and Repair: cumulative review,arithmetic readiness and repair: cumulative review,Arithmetic Readiness and Repair: cumulative review | review | Arithmetic Readiness and Repair | What must be dependable about numbers before symbols can carry meaning? | algebra textbook,,,UNAVAILABLE,UNAVAILABLE,UNAVAILABLE,UNAVAILABLE,UNAVAILABLE,KEEP,Unique rendered H1/primary query retained; monitor in Search Console.,/subjects/math/algebra/arithmetic-readiness/review/,0,CURRENT,self-canonical=true; sitemap=true; inboundInternalLinks=3,medium / pending search evidence,"GSC top queries, clicks, impressions, CTR, average position; backlinks before any consolidation"
/subjects/math/algebra/arithmetic-readiness/units-and-dimensional-reasoning/,https://bettergrades.net/subjects/math/algebra/arithmetic-readiness/units-and-dimensional-reasoning/,algebra,unit.math.algebra.a0,textbook-lesson.math.algebra.a0-9,textbook-lesson,Units and dimensional reasoning | Unit A0 | Better Grades,Units and dimensional reasoning,units and dimensional reasoning,Units and dimensional reasoning | lesson | Arithmetic Readiness and Repair | What must be dependable about numbers before symbols can carry meaning? | Treat units as multiplicative factors that constrain valid operations and conversions. | algebra textbook,,,UNAVAILABLE,UNAVAILABLE,UNAVAILABLE,UNAVAILABLE,UNAVAILABLE,KEEP,Unique rendered H1/primary query retained; monitor in Search Console.,/subjects/math/algebra/arithmetic-readiness/units-and-dimensional-reasoning/,0,CURRENT,self-canonical=true; sitemap=true; inboundInternalLinks=5,medium / pending search evidence,"GSC top queries, clicks, impressions, CTR, average position; backlinks before any consolidation"
/subjects/math/algebra/arithmetic-readiness/whole-number-operations-and-estimation/,https://bettergrades.net/subjects/math/algebra/arithmetic-readiness/whole-number-operations-and-estimation/,algebra,unit.math.algebra.a0,textbook-lesson.math.algebra.a0-2,textbook-lesson,Whole-number operations and estimation | Unit A0 | Better Grades,Whole-number operations and estimation,whole-number operations and estimation,"Whole-number operations and estimation | lesson | Arithmetic Readiness and Repair | What must be dependable about numbers before symbols can carry meaning? | Use place value, the four operations, rounding, and order of magnitude to judge whether exact output is plausible. | algebra textbook",,,UNAVAILABLE,UNAVAILABLE,UNAVAILABLE,UNAVAILABLE,UNAVAILABLE,KEEP,Unique rendered H1/primary query retained; monitor in Search Console.,/subjects/math/algebra/arithmetic-readiness/whole-number-operations-and-estimation/,0,CURRENT,self-canonical=true; sitemap=true; inboundInternalLinks=5,medium / pending search evidence,"GSC top queries, clicks, impressions, CTR, average position; backlinks before any consolidation"
/subjects/math/algebra/diagnostic/,https://bettergrades.net/subjects/math/algebra/diagnostic/,algebra,,,assessment,Algebra readiness diagnostic | Better Grades,Algebra readiness diagnostic,algebra readiness diagnostic,Algebra readiness diagnostic | diagnostic | Algebra | Algebra is the art of preserving meaning while changing representation. | algebra textbook,,,UNAVAILABLE,UNAVAILABLE,UNAVAILABLE,UNAVAILABLE,UNAVAILABLE,KEEP,Unique rendered H1/primary query retained; monitor in Search Console.,/subjects/math/algebra/diagnostic/,0,CURRENT,self-canonical=true; sitemap=true; inboundInternalLinks=2,medium / pending search evidence,"GSC top queries, clicks, impressions, CTR, average position; backlinks before any consolidation"
/subjects/math/algebra/exponential-logarithmic/,https://bettergrades.net/subjects/math/algebra/exponential-logarithmic/,algebra,unit.math.algebra.a13,,unit-hub,Unit A13: Exponential and Logarithmic Algebra | Better Grades,Unit A13: Exponential and Logarithmic Algebra,unit a13: exponential and logarithmic algebra,Unit A13: Exponential and Logarithmic Algebra | unit hub | Exponential and Logarithmic Algebra | How do we describe multiplicative change and solve for an unknown exponent? | algebra textbook,,,UNAVAILABLE,UNAVAILABLE,UNAVAILABLE,UNAVAILABLE,UNAVAILABLE,KEEP,Unique rendered H1/primary query retained; monitor in Search Console.,/subjects/math/algebra/exponential-logarithmic/,0,CURRENT,self-canonical=true; sitemap=true; inboundInternalLinks=18,medium / pending search evidence,"GSC top queries, clicks, impressions, CTR, average position; backlinks before any consolidation"
/subjects/math/algebra/exponential-logarithmic/additive-versus-multiplicative-patterns/,https://bettergrades.net/subjects/math/algebra/exponential-logarithmic/additive-versus-multiplicative-patterns/,algebra,unit.math.algebra.a13,textbook-lesson.math.algebra.a13-1,textbook-lesson,Additive versus multiplicative patterns | Unit A13 | Better Grades,Additive versus multiplicative patterns,additive versus multiplicative patterns,"Additive versus multiplicative patterns | lesson | Exponential and Logarithmic Algebra | How do we describe multiplicative change and solve for an unknown exponent? | Distinguish constant difference from constant ratio in tables, graphs, and contexts. | algebra textbook",,,UNAVAILABLE,UNAVAILABLE,UNAVAILABLE,UNAVAILABLE,UNAVAILABLE,KEEP,Unique rendered H1/primary query retained; monitor in Search Console.,/subjects/math/algebra/exponential-logarithmic/additive-versus-multiplicative-patterns/,0,CURRENT,self-canonical=true; sitemap=true; inboundInternalLinks=4,medium / pending search evidence,"GSC top queries, clicks, impressions, CTR, average position; backlinks before any consolidation"
/subjects/math/algebra/exponential-logarithmic/compound-interest/,https://bettergrades.net/subjects/math/algebra/exponential-logarithmic/compound-interest/,algebra,unit.math.algebra.a13,textbook-lesson.math.algebra.a13-6,textbook-lesson,Compound interest | Unit A13 | Better Grades,Compound interest,compound interest,Compound interest | lesson | Exponential and Logarithmic Algebra | How do we describe multiplicative change and solve for an unknown exponent? | Compare compounding periods and calculate accumulated balance. | algebra textbook,,,UNAVAILABLE,UNAVAILABLE,UNAVAILABLE,UNAVAILABLE,UNAVAILABLE,KEEP,Unique rendered H1/primary query retained; monitor in Search Console.,/subjects/math/algebra/exponential-logarithmic/compound-interest/,0,CURRENT,self-canonical=true; sitemap=true; inboundInternalLinks=5,medium / pending search evidence,"GSC top queries, clicks, impressions, CTR, average position; backlinks before any consolidation"
/subjects/math/algebra/exponential-logarithmic/continuous-growth-and-e/,https://bettergrades.net/subjects/math/algebra/exponential-logarithmic/continuous-growth-and-e/,algebra,unit.math.algebra.a13,textbook-lesson.math.algebra.a13-7,textbook-lesson,Continuous growth and e | Unit A13 | Better Grades,Continuous growth and e,continuous growth and e,Continuous growth and e | lesson | Exponential and Logarithmic Algebra | How do we describe multiplicative change and solve for an unknown exponent? | Motivate e through increasingly frequent compounding and use continuous growth/decay models. | algebra textbook,,,UNAVAILABLE,UNAVAILABLE,UNAVAILABLE,UNAVAILABLE,UNAVAILABLE,KEEP,Unique rendered H1/primary query retained; monitor in Search Console.,/subjects/math/algebra/exponential-logarithmic/continuous-growth-and-e/,0,CURRENT,self-canonical=true; sitemap=true; inboundInternalLinks=5,medium / pending search evidence,"GSC top queries, clicks, impressions, CTR, average position; backlinks before any consolidation"
/subjects/math/algebra/exponential-logarithmic/exponential-functions/,https://bettergrades.net/subjects/math/algebra/exponential-logarithmic/exponential-functions/,algebra,unit.math.algebra.a13,textbook-lesson.math.algebra.a13-3,textbook-lesson,Exponential functions | Unit A13 | Better Grades,Exponential functions,exponential functions,"Exponential functions | lesson | Exponential and Logarithmic Algebra | How do we describe multiplicative change and solve for an unknown exponent? | Interpret f(x)=ab^x, parameter restrictions, initial value, and growth or decay. | algebra textbook",,,UNAVAILABLE,UNAVAILABLE,UNAVAILABLE,UNAVAILABLE,UNAVAILABLE,KEEP,Unique rendered H1/primary query retained; monitor in Search Console.,/subjects/math/algebra/exponential-logarithmic/exponential-functions/,0,CURRENT,self-canonical=true; sitemap=true; inboundInternalLinks=5,medium / pending search evidence,"GSC top queries, clicks, impressions, CTR, average position; backlinks before any consolidation"
/subjects/math/algebra/exponential-logarithmic/geometric-sequences-and-repeated-percent-change/,https://bettergrades.net/subjects/math/algebra/exponential-logarithmic/geometric-sequences-and-repeated-percent-change/,algebra,unit.math.algebra.a13,textbook-lesson.math.algebra.a13-2,textbook-lesson,Geometric sequences and repeated percent change | Unit A13 | Better Grades,Geometric sequences and repeated percent change,geometric sequences and repeated percent change,Geometric sequences and repeated percent change | lesson | Exponential and Logarithmic Algebra | How do we describe multiplicative change and solve for an unknown exponent? | Write repeated multiplication as an explicit geometric rule. | algebra textbook,,,UNAVAILABLE,UNAVAILABLE,UNAVAILABLE,UNAVAILABLE,UNAVAILABLE,KEEP,Unique rendered H1/primary query retained; monitor in Search Console.,/subjects/math/algebra/exponential-logarithmic/geometric-sequences-and-repeated-percent-change/,0,CURRENT,self-canonical=true; sitemap=true; inboundInternalLinks=5,medium / pending search evidence,"GSC top queries, clicks, impressions, CTR, average position; backlinks before any consolidation"
/subjects/math/algebra/exponential-logarithmic/graphs-and-transformations-of-exponentials/,https://bettergrades.net/subjects/math/algebra/exponential-logarithmic/graphs-and-transformations-of-exponentials/,algebra,unit.math.algebra.a13,textbook-lesson.math.algebra.a13-4,textbook-lesson,Graphs and transformations of exponentials | Unit A13 | Better Grades,Graphs and transformations of exponentials,graphs and transformations of exponentials,Graphs and transformations of exponentials | lesson | Exponential and Logarithmic Algebra | How do we describe multiplicative change and solve for an unknown exponent? | Read simple shifts and scales and track the horizontal asymptote. | algebra textbook,,,UNAVAILABLE,UNAVAILABLE,UNAVAILABLE,UNAVAILABLE,UNAVAILABLE,KEEP,Unique rendered H1/primary query retained; monitor in Search Console.,/subjects/math/algebra/exponential-logarithmic/graphs-and-transformations-of-exponentials/,0,CURRENT,self-canonical=true; sitemap=true; inboundInternalLinks=5,medium / pending search evidence,"GSC top queries, clicks, impressions, CTR, average position; backlinks before any consolidation"
/subjects/math/algebra/exponential-logarithmic/growth-and-decay-models/,https://bettergrades.net/subjects/math/algebra/exponential-logarithmic/growth-and-decay-models/,algebra,unit.math.algebra.a13,textbook-lesson.math.algebra.a13-5,textbook-lesson,Growth and decay models | Unit A13 | Better Grades,Growth and decay models,growth and decay models,Growth and decay models | lesson | Exponential and Logarithmic Algebra | How do we describe multiplicative change and solve for an unknown exponent? | Build a model from initial value and percentage rate and interpret its valid domain. | algebra textbook,,,UNAVAILABLE,UNAVAILABLE,UNAVAILABLE,UNAVAILABLE,UNAVAILABLE,KEEP,Unique rendered H1/primary query retained; monitor in Search Console.,/subjects/math/algebra/exponential-logarithmic/growth-and-decay-models/,0,CURRENT,self-canonical=true; sitemap=true; inboundInternalLinks=5,medium / pending search evidence,"GSC top queries, clicks, impressions, CTR, average position; backlinks before any consolidation"
/subjects/math/algebra/exponential-logarithmic/investigation/,https://bettergrades.net/subjects/math/algebra/exponential-logarithmic/investigation/,algebra,unit.math.algebra.a13,,assessment,Exponential and Logarithmic Algebra: investigation | Unit A13 | Better Grades,Exponential and Logarithmic Algebra: investigation,exponential and logarithmic algebra: investigation,Exponential and Logarithmic Algebra: investigation | investigation | Exponential and Logarithmic Algebra | How do we describe multiplicative change and solve for an unknown exponent? | algebra textbook,,,UNAVAILABLE,UNAVAILABLE,UNAVAILABLE,UNAVAILABLE,UNAVAILABLE,KEEP,Unique rendered H1/primary query retained; monitor in Search Console.,/subjects/math/algebra/exponential-logarithmic/investigation/,0,CURRENT,self-canonical=true; sitemap=true; inboundInternalLinks=3,medium / pending search evidence,"GSC top queries, clicks, impressions, CTR, average position; backlinks before any consolidation"
/subjects/math/algebra/exponential-logarithmic/logarithm-laws/,https://bettergrades.net/subjects/math/algebra/exponential-logarithmic/logarithm-laws/,algebra,unit.math.algebra.a13,textbook-lesson.math.algebra.a13-9,textbook-lesson,Logarithm laws | Unit A13 | Better Grades,Logarithm laws,logarithm laws,"Logarithm laws | lesson | Exponential and Logarithmic Algebra | How do we describe multiplicative change and solve for an unknown exponent? | Derive product, quotient, and power laws from exponent laws and reject false sum rules. | algebra textbook",,,UNAVAILABLE,UNAVAILABLE,UNAVAILABLE,UNAVAILABLE,UNAVAILABLE,KEEP,Unique rendered H1/primary query retained; monitor in Search Console.,/subjects/math/algebra/exponential-logarithmic/logarithm-laws/,0,CURRENT,self-canonical=true; sitemap=true; inboundInternalLinks=5,medium / pending search evidence,"GSC top queries, clicks, impressions, CTR, average position; backlinks before any consolidation"
/subjects/math/algebra/exponential-logarithmic/logarithms-as-inverse-operations/,https://bettergrades.net/subjects/math/algebra/exponential-logarithmic/logarithms-as-inverse-operations/,algebra,unit.math.algebra.a13,textbook-lesson.math.algebra.a13-8,textbook-lesson,Logarithms as inverse operations | Unit A13 | Better Grades,Logarithms as inverse operations,logarithms as inverse operations,Logarithms as inverse operations | lesson | Exponential and Logarithmic Algebra | How do we describe multiplicative change and solve for an unknown exponent? | Interpret log_b(y) as the exponent producing y and state base/argument restrictions. | algebra textbook,,,UNAVAILABLE,UNAVAILABLE,UNAVAILABLE,UNAVAILABLE,UNAVAILABLE,KEEP,Unique rendered H1/primary query retained; monitor in Search Console.,/subjects/math/algebra/exponential-logarithmic/logarithms-as-inverse-operations/,0,CURRENT,self-canonical=true; sitemap=true; inboundInternalLinks=5,medium / pending search evidence,"GSC top queries, clicks, impressions, CTR, average position; backlinks before any consolidation"
/subjects/math/algebra/exponential-logarithmic/mastery-check/,https://bettergrades.net/subjects/math/algebra/exponential-logarithmic/mastery-check/,algebra,unit.math.algebra.a13,,assessment,Exponential and Logarithmic Algebra: mastery check | Unit A13 | Better Grades,Exponential and Logarithmic Algebra: mastery check,exponential and logarithmic algebra: mastery check,Exponential and Logarithmic Algebra: mastery check | mastery check | Exponential and Logarithmic Algebra | How do we describe multiplicative change and solve for an unknown exponent? | algebra textbook,,,UNAVAILABLE,UNAVAILABLE,UNAVAILABLE,UNAVAILABLE,UNAVAILABLE,KEEP,Unique rendered H1/primary query retained; monitor in Search Console.,/subjects/math/algebra/exponential-logarithmic/mastery-check/,0,CURRENT,self-canonical=true; sitemap=true; inboundInternalLinks=4,medium / pending search evidence,"GSC top queries, clicks, impressions, CTR, average position; backlinks before any consolidation"
/subjects/math/algebra/exponential-logarithmic/mastery-check/answer-key/,https://bettergrades.net/subjects/math/algebra/exponential-logarithmic/mastery-check/answer-key/,algebra,unit.math.algebra.a13,,assessment,Exponential and Logarithmic Algebra: mastery answer key | Unit A13 | Better Grades,Exponential and Logarithmic Algebra: mastery answer key,exponential and logarithmic algebra: mastery answer key,Exponential and Logarithmic Algebra: mastery answer key | answer key | Exponential and Logarithmic Algebra | How do we describe multiplicative change and solve for an unknown exponent? | algebra textbook,,,UNAVAILABLE,UNAVAILABLE,UNAVAILABLE,UNAVAILABLE,UNAVAILABLE,KEEP,Unique rendered H1/primary query retained; monitor in Search Console.,/subjects/math/algebra/exponential-logarithmic/mastery-check/answer-key/,0,CURRENT,self-canonical=true; sitemap=true; inboundInternalLinks=4,medium / pending search evidence,"GSC top queries, clicks, impressions, CTR, average position; backlinks before any consolidation"
/subjects/math/algebra/exponential-logarithmic/practice/,https://bettergrades.net/subjects/math/algebra/exponential-logarithmic/practice/,algebra,unit.math.algebra.a13,,assessment,Exponential and Logarithmic Algebra: mixed practice | Unit A13 | Better Grades,Exponential and Logarithmic Algebra: mixed practice,exponential and logarithmic algebra: mixed practice,Exponential and Logarithmic Algebra: mixed practice | practice | Exponential and Logarithmic Algebra | How do we describe multiplicative change and solve for an unknown exponent? | algebra textbook,,,UNAVAILABLE,UNAVAILABLE,UNAVAILABLE,UNAVAILABLE,UNAVAILABLE,KEEP,Unique rendered H1/primary query retained; monitor in Search Console.,/subjects/math/algebra/exponential-logarithmic/practice/,0,CURRENT,self-canonical=true; sitemap=true; inboundInternalLinks=14,medium / pending search evidence,"GSC top queries, clicks, impressions, CTR, average position; backlinks before any consolidation"
/subjects/math/algebra/exponential-logarithmic/review/,https://bettergrades.net/subjects/math/algebra/exponential-logarithmic/review/,algebra,unit.math.algebra.a13,,assessment,Exponential and Logarithmic Algebra: cumulative review | Unit A13 | Better Grades,Exponential and Logarithmic Algebra: cumulative review,exponential and logarithmic algebra: cumulative review,Exponential and Logarithmic Algebra: cumulative review | review | Exponential and Logarithmic Algebra | How do we describe multiplicative change and solve for an unknown exponent? | algebra textbook,,,UNAVAILABLE,UNAVAILABLE,UNAVAILABLE,UNAVAILABLE,UNAVAILABLE,KEEP,Unique rendered H1/primary query retained; monitor in Search Console.,/subjects/math/algebra/exponential-logarithmic/review/,0,CURRENT,self-canonical=true; sitemap=true; inboundInternalLinks=3,medium / pending search evidence,"GSC top queries, clicks, impressions, CTR, average position; backlinks before any consolidation"
/subjects/math/algebra/exponential-logarithmic/solving-exponential-equations/,https://bettergrades.net/subjects/math/algebra/exponential-logarithmic/solving-exponential-equations/,algebra,unit.math.algebra.a13,textbook-lesson.math.algebra.a13-10,textbook-lesson,Solving exponential equations | Unit A13 | Better Grades,Solving exponential equations,solving exponential equations,Solving exponential equations | lesson | Exponential and Logarithmic Algebra | How do we describe multiplicative change and solve for an unknown exponent? | Use common bases or logarithms and preserve exact form before decimal approximation. | algebra textbook,,,UNAVAILABLE,UNAVAILABLE,UNAVAILABLE,UNAVAILABLE,UNAVAILABLE,KEEP,Unique rendered H1/primary query retained; monitor in Search Console.,/subjects/math/algebra/exponential-logarithmic/solving-exponential-equations/,0,CURRENT,self-canonical=true; sitemap=true; inboundInternalLinks=5,medium / pending search evidence,"GSC top queries, clicks, impressions, CTR, average position; backlinks before any consolidation"
/subjects/math/algebra/exponential-logarithmic/solving-logarithmic-equations-and-logarithmic-models/,https://bettergrades.net/subjects/math/algebra/exponential-logarithmic/solving-logarithmic-equations-and-logarithmic-models/,algebra,unit.math.algebra.a13,textbook-lesson.math.algebra.a13-11,textbook-lesson,Solving logarithmic equations and logarithmic models | Unit A13 | Better Grades,Solving logarithmic equations and logarithmic models,solving logarithmic equations and logarithmic models,"Solving logarithmic equations and logarithmic models | lesson | Exponential and Logarithmic Algebra | How do we describe multiplicative change and solve for an unknown exponent? | Condense, exponentiate, and reject candidates with invalid log arguments. | algebra textbook",,,UNAVAILABLE,UNAVAILABLE,UNAVAILABLE,UNAVAILABLE,UNAVAILABLE,KEEP,Unique rendered H1/primary query retained; monitor in Search Console.,/subjects/math/algebra/exponential-logarithmic/solving-logarithmic-equations-and-logarithmic-models/,0,CURRENT,self-canonical=true; sitemap=true; inboundInternalLinks=4,medium / pending search evidence,"GSC top queries, clicks, impressions, CTR, average position; backlinks before any consolidation"
/subjects/math/algebra/exponents-roots/,https://bettergrades.net/subjects/math/algebra/exponents-roots/,algebra,unit.math.algebra.a6,,unit-hub,"Unit A6: Exponents, Roots, and Power Structure | Better Grades","Unit A6: Exponents, Roots, and Power Structure","unit a6: exponents, roots, and power structure","Unit A6: Exponents, Roots, and Power Structure | unit hub | Exponents, Roots, and Power Structure | How do repeated multiplication and roots create new structures? | algebra textbook",,,UNAVAILABLE,UNAVAILABLE,UNAVAILABLE,UNAVAILABLE,UNAVAILABLE,KEEP,Unique rendered H1/primary query retained; monitor in Search Console.,/subjects/math/algebra/exponents-roots/,0,CURRENT,self-canonical=true; sitemap=true; inboundInternalLinks=15,medium / pending search evidence,"GSC top queries, clicks, impressions, CTR, average position; backlinks before any consolidation"
/subjects/math/algebra/exponents-roots/exponents-as-repeated-multiplication/,https://bettergrades.net/subjects/math/algebra/exponents-roots/exponents-as-repeated-multiplication/,algebra,unit.math.algebra.a6,textbook-lesson.math.algebra.a6-1,textbook-lesson,Exponents as repeated multiplication | Unit A6 | Better Grades,Exponents as repeated multiplication,exponents as repeated multiplication,"Exponents as repeated multiplication | lesson | Exponents, Roots, and Power Structure | How do repeated multiplication and roots create new structures? | Distinguish base, exponent, factors, and value. | algebra textbook",,,UNAVAILABLE,UNAVAILABLE,UNAVAILABLE,UNAVAILABLE,UNAVAILABLE,KEEP,Unique rendered H1/primary query retained; monitor in Search Console.,/subjects/math/algebra/exponents-roots/exponents-as-repeated-multiplication/,0,CURRENT,self-canonical=true; sitemap=true; inboundInternalLinks=4,medium / pending search evidence,"GSC top queries, clicks, impressions, CTR, average position; backlinks before any consolidation"
/subjects/math/algebra/exponents-roots/mastery-check/,https://bettergrades.net/subjects/math/algebra/exponents-roots/mastery-check/,algebra,unit.math.algebra.a6,,assessment,"Exponents, Roots, and Power Structure: mastery check | Unit A6 | Better Grades","Exponents, Roots, and Power Structure: mastery check","exponents, roots, and power structure: mastery check","Exponents, Roots, and Power Structure: mastery check | mastery check | Exponents, Roots, and Power Structure | How do repeated multiplication and roots create new structures? | algebra textbook",,,UNAVAILABLE,UNAVAILABLE,UNAVAILABLE,UNAVAILABLE,UNAVAILABLE,KEEP,Unique rendered H1/primary query retained; monitor in Search Console.,/subjects/math/algebra/exponents-roots/mastery-check/,0,CURRENT,self-canonical=true; sitemap=true; inboundInternalLinks=4,medium / pending search evidence,"GSC top queries, clicks, impressions, CTR, average position; backlinks before any consolidation"
/subjects/math/algebra/exponents-roots/mastery-check/answer-key/,https://bettergrades.net/subjects/math/algebra/exponents-roots/mastery-check/answer-key/,algebra,unit.math.algebra.a6,,assessment,"Exponents, Roots, and Power Structure: mastery answer key | Unit A6 | Better Grades","Exponents, Roots, and Power Structure: mastery answer key","exponents, roots, and power structure: mastery answer key","Exponents, Roots, and Power Structure: mastery answer key | answer key | Exponents, Roots, and Power Structure | How do repeated multiplication and roots create new structures? | algebra textbook",,,UNAVAILABLE,UNAVAILABLE,UNAVAILABLE,UNAVAILABLE,UNAVAILABLE,KEEP,Unique rendered H1/primary query retained; monitor in Search Console.,/subjects/math/algebra/exponents-roots/mastery-check/answer-key/,0,CURRENT,self-canonical=true; sitemap=true; inboundInternalLinks=4,medium / pending search evidence,"GSC top queries, clicks, impressions, CTR, average position; backlinks before any consolidation"
/subjects/math/algebra/exponents-roots/negative-bases-and-grouping/,https://bettergrades.net/subjects/math/algebra/exponents-roots/negative-bases-and-grouping/,algebra,unit.math.algebra.a6,textbook-lesson.math.algebra.a6-2,textbook-lesson,Negative bases and grouping | Unit A6 | Better Grades,Negative bases and grouping,negative bases and grouping,"Negative bases and grouping | lesson | Exponents, Roots, and Power Structure | How do repeated multiplication and roots create new structures? | Distinguish negation from raising a negative base to a power. | algebra textbook",,,UNAVAILABLE,UNAVAILABLE,UNAVAILABLE,UNAVAILABLE,UNAVAILABLE,KEEP,Unique rendered H1/primary query retained; monitor in Search Console.,/subjects/math/algebra/exponents-roots/negative-bases-and-grouping/,0,CURRENT,self-canonical=true; sitemap=true; inboundInternalLinks=5,medium / pending search evidence,"GSC top queries, clicks, impressions, CTR, average position; backlinks before any consolidation"
/subjects/math/algebra/exponents-roots/power-function-preview/,https://bettergrades.net/subjects/math/algebra/exponents-roots/power-function-preview/,algebra,unit.math.algebra.a6,textbook-lesson.math.algebra.a6-9,textbook-lesson,Power-function preview | Unit A6 | Better Grades,Power-function preview,power-function preview,"Power-function preview | lesson | Exponents, Roots, and Power Structure | How do repeated multiplication and roots create new structures? | Compare tables and graphs of x, x^2, x^3, and sqrt(x). | algebra textbook",,,UNAVAILABLE,UNAVAILABLE,UNAVAILABLE,UNAVAILABLE,UNAVAILABLE,KEEP,Unique rendered H1/primary query retained; monitor in Search Console.,/subjects/math/algebra/exponents-roots/power-function-preview/,0,CURRENT,self-canonical=true; sitemap=true; inboundInternalLinks=4,medium / pending search evidence,"GSC top queries, clicks, impressions, CTR, average position; backlinks before any consolidation"
/subjects/math/algebra/exponents-roots/power-of-a-power-product-and-quotient/,https://bettergrades.net/subjects/math/algebra/exponents-roots/power-of-a-power-product-and-quotient/,algebra,unit.math.algebra.a6,textbook-lesson.math.algebra.a6-4,textbook-lesson,"Power of a power, product, and quotient | Unit A6 | Better Grades","Power of a power, product, and quotient","power of a power, product, and quotient","Power of a power, product, and quotient | lesson | Exponents, Roots, and Power Structure | How do repeated multiplication and roots create new structures? | Track how an outer exponent applies to every factor. | algebra textbook",,,UNAVAILABLE,UNAVAILABLE,UNAVAILABLE,UNAVAILABLE,UNAVAILABLE,KEEP,Unique rendered H1/primary query retained; monitor in Search Console.,/subjects/math/algebra/exponents-roots/power-of-a-power-product-and-quotient/,0,CURRENT,self-canonical=true; sitemap=true; inboundInternalLinks=5,medium / pending search evidence,"GSC top queries, clicks, impressions, CTR, average position; backlinks before any consolidation"
/subjects/math/algebra/exponents-roots/practice/,https://bettergrades.net/subjects/math/algebra/exponents-roots/practice/,algebra,unit.math.algebra.a6,,assessment,"Exponents, Roots, and Power Structure: mixed practice | Unit A6 | Better Grades","Exponents, Roots, and Power Structure: mixed practice","exponents, roots, and power structure: mixed practice","Exponents, Roots, and Power Structure: mixed practice | practice | Exponents, Roots, and Power Structure | How do repeated multiplication and roots create new structures? | algebra textbook",,,UNAVAILABLE,UNAVAILABLE,UNAVAILABLE,UNAVAILABLE,UNAVAILABLE,KEEP,Unique rendered H1/primary query retained; monitor in Search Console.,/subjects/math/algebra/exponents-roots/practice/,0,CURRENT,self-canonical=true; sitemap=true; inboundInternalLinks=12,medium / pending search evidence,"GSC top queries, clicks, impressions, CTR, average position; backlinks before any consolidation"
/subjects/math/algebra/exponents-roots/product-and-quotient-laws/,https://bettergrades.net/subjects/math/algebra/exponents-roots/product-and-quotient-laws/,algebra,unit.math.algebra.a6,textbook-lesson.math.algebra.a6-3,textbook-lesson,Product and quotient laws | Unit A6 | Better Grades,Product and quotient laws,product and quotient laws,"Product and quotient laws | lesson | Exponents, Roots, and Power Structure | How do repeated multiplication and roots create new structures? | Combine powers with a common base by counting repeated factors. | algebra textbook",,,UNAVAILABLE,UNAVAILABLE,UNAVAILABLE,UNAVAILABLE,UNAVAILABLE,KEEP,Unique rendered H1/primary query retained; monitor in Search Console.,/subjects/math/algebra/exponents-roots/product-and-quotient-laws/,0,CURRENT,self-canonical=true; sitemap=true; inboundInternalLinks=5,medium / pending search evidence,"GSC top queries, clicks, impressions, CTR, average position; backlinks before any consolidation"
/subjects/math/algebra/exponents-roots/review/,https://bettergrades.net/subjects/math/algebra/exponents-roots/review/,algebra,unit.math.algebra.a6,,assessment,"Exponents, Roots, and Power Structure: cumulative review | Unit A6 | Better Grades","Exponents, Roots, and Power Structure: cumulative review","exponents, roots, and power structure: cumulative review","Exponents, Roots, and Power Structure: cumulative review | review | Exponents, Roots, and Power Structure | How do repeated multiplication and roots create new structures? | algebra textbook",,,UNAVAILABLE,UNAVAILABLE,UNAVAILABLE,UNAVAILABLE,UNAVAILABLE,KEEP,Unique rendered H1/primary query retained; monitor in Search Console.,/subjects/math/algebra/exponents-roots/review/,0,CURRENT,self-canonical=true; sitemap=true; inboundInternalLinks=3,medium / pending search evidence,"GSC top queries, clicks, impressions, CTR, average position; backlinks before any consolidation"
/subjects/math/algebra/exponents-roots/scientific-notation/,https://bettergrades.net/subjects/math/algebra/exponents-roots/scientific-notation/,algebra,unit.math.algebra.a6,textbook-lesson.math.algebra.a6-6,textbook-lesson,Scientific notation | Unit A6 | Better Grades,Scientific notation,scientific notation,"Scientific notation | lesson | Exponents, Roots, and Power Structure | How do repeated multiplication and roots create new structures? | Represent scale with a normalized coefficient and power of ten. | algebra textbook",,,UNAVAILABLE,UNAVAILABLE,UNAVAILABLE,UNAVAILABLE,UNAVAILABLE,KEEP,Unique rendered H1/primary query retained; monitor in Search Console.,/subjects/math/algebra/exponents-roots/scientific-notation/,0,CURRENT,self-canonical=true; sitemap=true; inboundInternalLinks=5,medium / pending search evidence,"GSC top queries, clicks, impressions, CTR, average position; backlinks before any consolidation"
/subjects/math/algebra/exponents-roots/simple-power-and-root-equations/,https://bettergrades.net/subjects/math/algebra/exponents-roots/simple-power-and-root-equations/,algebra,unit.math.algebra.a6,textbook-lesson.math.algebra.a6-8,textbook-lesson,Simple power and root equations | Unit A6 | Better Grades,Simple power and root equations,simple power and root equations,"Simple power and root equations | lesson | Exponents, Roots, and Power Structure | How do repeated multiplication and roots create new structures? | Find all real values whose power equals a target and check by substitution. | algebra textbook",,,UNAVAILABLE,UNAVAILABLE,UNAVAILABLE,UNAVAILABLE,UNAVAILABLE,KEEP,Unique rendered H1/primary query retained; monitor in Search Console.,/subjects/math/algebra/exponents-roots/simple-power-and-root-equations/,0,CURRENT,self-canonical=true; sitemap=true; inboundInternalLinks=5,medium / pending search evidence,"GSC top queries, clicks, impressions, CTR, average position; backlinks before any consolidation"
/subjects/math/algebra/exponents-roots/square-roots-and-nth-roots/,https://bettergrades.net/subjects/math/algebra/exponents-roots/square-roots-and-nth-roots/,algebra,unit.math.algebra.a6,textbook-lesson.math.algebra.a6-7,textbook-lesson,Square roots and nth roots | Unit A6 | Better Grades,Square roots and nth roots,square roots and nth roots,"Square roots and nth roots | lesson | Exponents, Roots, and Power Structure | How do repeated multiplication and roots create new structures? | Treat roots as inverse questions with principal-root conventions. | algebra textbook",,,UNAVAILABLE,UNAVAILABLE,UNAVAILABLE,UNAVAILABLE,UNAVAILABLE,KEEP,Unique rendered H1/primary query retained; monitor in Search Console.,/subjects/math/algebra/exponents-roots/square-roots-and-nth-roots/,0,CURRENT,self-canonical=true; sitemap=true; inboundInternalLinks=5,medium / pending search evidence,"GSC top queries, clicks, impressions, CTR, average position; backlinks before any consolidation"
/subjects/math/algebra/exponents-roots/zero-and-negative-exponents/,https://bettergrades.net/subjects/math/algebra/exponents-roots/zero-and-negative-exponents/,algebra,unit.math.algebra.a6,textbook-lesson.math.algebra.a6-5,textbook-lesson,Zero and negative exponents | Unit A6 | Better Grades,Zero and negative exponents,zero and negative exponents,"Zero and negative exponents | lesson | Exponents, Roots, and Power Structure | How do repeated multiplication and roots create new structures? | Define exponents beyond positive integers by preserving established laws. | algebra textbook",,,UNAVAILABLE,UNAVAILABLE,UNAVAILABLE,UNAVAILABLE,UNAVAILABLE,KEEP,Unique rendered H1/primary query retained; monitor in Search Console.,/subjects/math/algebra/exponents-roots/zero-and-negative-exponents/,0,CURRENT,self-canonical=true; sitemap=true; inboundInternalLinks=5,medium / pending search evidence,"GSC top queries, clicks, impressions, CTR, average position; backlinks before any consolidation"
/subjects/math/algebra/expressions-equations/,https://bettergrades.net/subjects/math/algebra/expressions-equations/,algebra,,,quick-answer,Expressions & Equations Algebra resources | Better Grades,Expressions & Equations,expressions & equations,Algebra | expressions equations | learn | topic,,,UNAVAILABLE,UNAVAILABLE,UNAVAILABLE,UNAVAILABLE,UNAVAILABLE,KEEP,Unique rendered H1/primary query retained; monitor in Search Console.,/subjects/math/algebra/expressions-equations/,0,CURRENT,self-canonical=true; sitemap=true; inboundInternalLinks=6,medium / pending search evidence,"GSC top queries, clicks, impressions, CTR, average position; backlinks before any consolidation"
/subjects/math/algebra/expressions-equations/combining-like-terms/,https://bettergrades.net/subjects/math/algebra/expressions-equations/combining-like-terms/,algebra,,,method-guide,Combining like terms without combining things that only look alike | Better Grades,Combining like terms without combining things that only look alike,combining like terms without combining things that only look alike,"Expressions & Equations | Translate algebraic structure, simplify without changing value, and solve equations with a reliable sequence of reversible moves. | combining like terms",,,UNAVAILABLE,UNAVAILABLE,UNAVAILABLE,UNAVAILABLE,UNAVAILABLE,KEEP,Unique rendered H1/primary query retained; monitor in Search Console.,/subjects/math/algebra/expressions-equations/combining-like-terms/,0,CURRENT,self-canonical=true; sitemap=true; inboundInternalLinks=4,medium / pending search evidence,"GSC top queries, clicks, impressions, CTR, average position; backlinks before any consolidation"
/subjects/math/algebra/expressions-equations/distributive-property/,https://bettergrades.net/subjects/math/algebra/expressions-equations/distributive-property/,algebra,,,concept-explainer,The distributive property: why the outside factor reaches every term | Better Grades,The distributive property: why the outside factor reaches every term,the distributive property: why the outside factor reaches every term,"Expressions & Equations | Translate algebraic structure, simplify without changing value, and solve equations with a reliable sequence of reversible moves. | distributive property",,,UNAVAILABLE,UNAVAILABLE,UNAVAILABLE,UNAVAILABLE,UNAVAILABLE,KEEP,Unique rendered H1/primary query retained; monitor in Search Console.,/subjects/math/algebra/expressions-equations/distributive-property/,0,CURRENT,self-canonical=true; sitemap=true; inboundInternalLinks=4,medium / pending search evidence,"GSC top queries, clicks, impressions, CTR, average position; backlinks before any consolidation"
/subjects/math/algebra/expressions-equations/evaluating-expressions-by-substitution/,https://bettergrades.net/subjects/math/algebra/expressions-equations/evaluating-expressions-by-substitution/,algebra,,,method-guide,Evaluating algebraic expressions by substitution | Better Grades,Evaluating algebraic expressions by substitution,evaluating algebraic expressions by substitution,"Expressions & Equations | Translate algebraic structure, simplify without changing value, and solve equations with a reliable sequence of reversible moves. | evaluating expressions by substitution | plug in values | substitute variables | evaluate an expression",,,UNAVAILABLE,UNAVAILABLE,UNAVAILABLE,UNAVAILABLE,UNAVAILABLE,KEEP,Unique rendered H1/primary query retained; monitor in Search Console.,/subjects/math/algebra/expressions-equations/evaluating-expressions-by-substitution/,0,CURRENT,self-canonical=true; sitemap=true; inboundInternalLinks=3,medium / pending search evidence,"GSC top queries, clicks, impressions, CTR, average position; backlinks before any consolidation"
/subjects/math/algebra/expressions-equations/order-of-operations-with-variables/,https://bettergrades.net/subjects/math/algebra/expressions-equations/order-of-operations-with-variables/,algebra,,,concept-explainer,Order of operations with variables: what actually comes first? | Better Grades,Order of operations with variables: what actually comes first?,order of operations with variables: what actually comes first,"Expressions & Equations | Translate algebraic structure, simplify without changing value, and solve equations with a reliable sequence of reversible moves. | order of operations with variables",,,UNAVAILABLE,UNAVAILABLE,UNAVAILABLE,UNAVAILABLE,UNAVAILABLE,KEEP,Unique rendered H1/primary query retained; monitor in Search Console.,/subjects/math/algebra/expressions-equations/order-of-operations-with-variables/,0,CURRENT,self-canonical=true; sitemap=true; inboundInternalLinks=3,medium / pending search evidence,"GSC top queries, clicks, impressions, CTR, average position; backlinks before any consolidation"
/subjects/math/algebra/expressions-equations/solving-linear-equations/,https://bettergrades.net/subjects/math/algebra/expressions-equations/solving-linear-equations/,algebra,,,method-guide,"Solving linear equations: keep the balance, not a bag of tricks | Better Grades","Solving linear equations: keep the balance, not a bag of tricks","solving linear equations: keep the balance, not a bag of tricks","Expressions & Equations | Translate algebraic structure, simplify without changing value, and solve equations with a reliable sequence of reversible moves. | solving linear equations",,,UNAVAILABLE,UNAVAILABLE,UNAVAILABLE,UNAVAILABLE,UNAVAILABLE,KEEP,Unique rendered H1/primary query retained; monitor in Search Console.,/subjects/math/algebra/expressions-equations/solving-linear-equations/,0,CURRENT,self-canonical=true; sitemap=true; inboundInternalLinks=4,medium / pending search evidence,"GSC top queries, clicks, impressions, CTR, average position; backlinks before any consolidation"
/subjects/math/algebra/expressions-equations/variables-on-both-sides/,https://bettergrades.net/subjects/math/algebra/expressions-equations/variables-on-both-sides/,algebra,,,decision-guide,Variables on both sides: which side should you move them to? | Better Grades,Variables on both sides: which side should you move them to?,which side to move terms to,"Expressions & Equations | Translate algebraic structure, simplify without changing value, and solve equations with a reliable sequence of reversible moves. | variables on both sides",/subjects/math/algebra/linear-equations/variables-on-both-sides/,complete Variables on both sides lesson,UNAVAILABLE,UNAVAILABLE,UNAVAILABLE,UNAVAILABLE,UNAVAILABLE,REPOSITION,Distinct intent versus /subjects/math/algebra/linear-equations/variables-on-both-sides/; URL preservation is safer without GSC/backlink evidence.,/subjects/math/algebra/linear-equations/variables-on-both-sides/,8,IMPLEMENTED_OR_CONFIRMED,self-canonical=true; sitemap=true; inboundInternalLinks=5,high editorial / pending search evidence,"GSC top queries, clicks, impressions, CTR, average position; backlinks before any consolidation"
/subjects/math/algebra/factoring-quadratics/,https://bettergrades.net/subjects/math/algebra/factoring-quadratics/,algebra,unit.math.algebra.a8,,unit-hub,Unit A8: Factoring and Quadratic Equations | Better Grades,Unit A8: Factoring and Quadratic Equations,unit a8: factoring and quadratic equations,Unit A8: Factoring and Quadratic Equations | unit hub | Factoring and Quadratic Equations | How can hidden product structure reveal solutions? | algebra textbook,,,UNAVAILABLE,UNAVAILABLE,UNAVAILABLE,UNAVAILABLE,UNAVAILABLE,KEEP,Unique rendered H1/primary query retained; monitor in Search Console.,/subjects/math/algebra/factoring-quadratics/,0,CURRENT,self-canonical=true; sitemap=true; inboundInternalLinks=19,medium / pending search evidence,"GSC top queries, clicks, impressions, CTR, average position; backlinks before any consolidation"
/subjects/math/algebra/factoring-quadratics/completing-the-square-algebraically/,https://bettergrades.net/subjects/math/algebra/factoring-quadratics/completing-the-square-algebraically/,algebra,unit.math.algebra.a8,textbook-lesson.math.algebra.a8-11,textbook-lesson,Completing the square algebraically | Unit A8 | Better Grades,Completing the square algebraically,complete Completing the square algebraically lesson,Completing the square algebraically | lesson | Factoring and Quadratic Equations | How can hidden product structure reveal solutions? | Translate the geometric construction into a general equation-solving method. | algebra textbook,/subjects/math/algebra/polynomials-factoring/completing-the-square/,finding the missing completing-square term,UNAVAILABLE,UNAVAILABLE,UNAVAILABLE,UNAVAILABLE,UNAVAILABLE,KEEP,Distinct intent versus /subjects/math/algebra/polynomials-factoring/completing-the-square/; URL preservation is safer without GSC/backlink evidence.,/subjects/math/algebra/factoring-quadratics/completing-the-square-algebraically/,10,IMPLEMENTED_OR_CONFIRMED,self-canonical=true; sitemap=true; inboundInternalLinks=6,high editorial / pending search evidence,"GSC top queries, clicks, impressions, CTR, average position; backlinks before any consolidation"
/subjects/math/algebra/factoring-quadratics/completing-the-square-geometrically/,https://bettergrades.net/subjects/math/algebra/factoring-quadratics/completing-the-square-geometrically/,algebra,unit.math.algebra.a8,textbook-lesson.math.algebra.a8-10,textbook-lesson,Completing the square geometrically | Unit A8 | Better Grades,Completing the square geometrically,completing the square geometrically,Completing the square geometrically | lesson | Factoring and Quadratic Equations | How can hidden product structure reveal solutions? | Add the missing corner that turns x^2+bx into a perfect square. | algebra textbook,,,UNAVAILABLE,UNAVAILABLE,UNAVAILABLE,UNAVAILABLE,UNAVAILABLE,KEEP,Unique rendered H1/primary query retained; monitor in Search Console.,/subjects/math/algebra/factoring-quadratics/completing-the-square-geometrically/,0,CURRENT,self-canonical=true; sitemap=true; inboundInternalLinks=5,medium / pending search evidence,"GSC top queries, clicks, impressions, CTR, average position; backlinks before any consolidation"
/subjects/math/algebra/factoring-quadratics/factoring-as-reverse-distribution-and-gcf/,https://bettergrades.net/subjects/math/algebra/factoring-quadratics/factoring-as-reverse-distribution-and-gcf/,algebra,unit.math.algebra.a8,textbook-lesson.math.algebra.a8-1,textbook-lesson,Factoring as reverse distribution and GCF | Unit A8 | Better Grades,Factoring as reverse distribution and GCF,complete Factoring as reverse distribution and GCF lesson,Factoring as reverse distribution and GCF | lesson | Factoring and Quadratic Equations | How can hidden product structure reveal solutions? | Rewrite sums as products by extracting the greatest shared factor and verify by expansion. | algebra textbook,/subjects/math/algebra/polynomials-factoring/greatest-common-factor/,when to factor the GCF first,UNAVAILABLE,UNAVAILABLE,UNAVAILABLE,UNAVAILABLE,UNAVAILABLE,KEEP,Distinct intent versus /subjects/math/algebra/polynomials-factoring/greatest-common-factor/; URL preservation is safer without GSC/backlink evidence.,/subjects/math/algebra/factoring-quadratics/factoring-as-reverse-distribution-and-gcf/,9,IMPLEMENTED_OR_CONFIRMED,self-canonical=true; sitemap=true; inboundInternalLinks=5,high editorial / pending search evidence,"GSC top queries, clicks, impressions, CTR, average position; backlinks before any consolidation"
/subjects/math/algebra/factoring-quadratics/factoring-ax-2-bx-c/,https://bettergrades.net/subjects/math/algebra/factoring-quadratics/factoring-ax-2-bx-c/,algebra,unit.math.algebra.a8,textbook-lesson.math.algebra.a8-4,textbook-lesson,Factoring ax^2+bx+c | Unit A8 | Better Grades,Factoring ax^2+bx+c,factoring ax^2+bx+c,Factoring ax^2+bx+c | lesson | Factoring and Quadratic Equations | How can hidden product structure reveal solutions? | Decompose the middle term using ac and group. | algebra textbook,,,UNAVAILABLE,UNAVAILABLE,UNAVAILABLE,UNAVAILABLE,UNAVAILABLE,KEEP,Unique rendered H1/primary query retained; monitor in Search Console.,/subjects/math/algebra/factoring-quadratics/factoring-ax-2-bx-c/,0,CURRENT,self-canonical=true; sitemap=true; inboundInternalLinks=5,medium / pending search evidence,"GSC top queries, clicks, impressions, CTR, average position; backlinks before any consolidation"
/subjects/math/algebra/factoring-quadratics/factoring-by-grouping/,https://bettergrades.net/subjects/math/algebra/factoring-quadratics/factoring-by-grouping/,algebra,unit.math.algebra.a8,textbook-lesson.math.algebra.a8-2,textbook-lesson,Factoring by grouping | Unit A8 | Better Grades,Factoring by grouping,factoring by grouping,Factoring by grouping | lesson | Factoring and Quadratic Equations | How can hidden product structure reveal solutions? | Create a repeated binomial factor by grouping four terms strategically. | algebra textbook,,,UNAVAILABLE,UNAVAILABLE,UNAVAILABLE,UNAVAILABLE,UNAVAILABLE,KEEP,Unique rendered H1/primary query retained; monitor in Search Console.,/subjects/math/algebra/factoring-quadratics/factoring-by-grouping/,0,CURRENT,self-canonical=true; sitemap=true; inboundInternalLinks=5,medium / pending search evidence,"GSC top queries, clicks, impressions, CTR, average position; backlinks before any consolidation"
/subjects/math/algebra/factoring-quadratics/factoring-x-2-bx-c/,https://bettergrades.net/subjects/math/algebra/factoring-quadratics/factoring-x-2-bx-c/,algebra,unit.math.algebra.a8,textbook-lesson.math.algebra.a8-3,textbook-lesson,Factoring x^2+bx+c | Unit A8 | Better Grades,Factoring x^2+bx+c,complete Factoring x^2+bx+c lesson,Factoring x^2+bx+c | lesson | Factoring and Quadratic Equations | How can hidden product structure reveal solutions? | Use factor pairs whose product and sum match the trinomial. | algebra textbook,/subjects/math/algebra/polynomials-factoring/factoring-trinomials/,choosing a trinomial factoring method,UNAVAILABLE,UNAVAILABLE,UNAVAILABLE,UNAVAILABLE,UNAVAILABLE,KEEP,Distinct intent versus /subjects/math/algebra/polynomials-factoring/factoring-trinomials/; URL preservation is safer without GSC/backlink evidence.,/subjects/math/algebra/factoring-quadratics/factoring-x-2-bx-c/,9,IMPLEMENTED_OR_CONFIRMED,self-canonical=true; sitemap=true; inboundInternalLinks=6,high editorial / pending search evidence,"GSC top queries, clicks, impressions, CTR, average position; backlinks before any consolidation"
/subjects/math/algebra/factoring-quadratics/general-factoring-strategy-and-irreducibility/,https://bettergrades.net/subjects/math/algebra/factoring-quadratics/general-factoring-strategy-and-irreducibility/,algebra,unit.math.algebra.a8,textbook-lesson.math.algebra.a8-6,textbook-lesson,General factoring strategy and irreducibility | Unit A8 | Better Grades,General factoring strategy and irreducibility,general factoring strategy and irreducibility,General factoring strategy and irreducibility | lesson | Factoring and Quadratic Equations | How can hidden product structure reveal solutions? | Choose factoring methods in order and state what coefficient system is allowed. | algebra textbook,,,UNAVAILABLE,UNAVAILABLE,UNAVAILABLE,UNAVAILABLE,UNAVAILABLE,KEEP,Unique rendered H1/primary query retained; monitor in Search Console.,/subjects/math/algebra/factoring-quadratics/general-factoring-strategy-and-irreducibility/,0,CURRENT,self-canonical=true; sitemap=true; inboundInternalLinks=5,medium / pending search evidence,"GSC top queries, clicks, impressions, CTR, average position; backlinks before any consolidation"
/subjects/math/algebra/factoring-quadratics/investigation/,https://bettergrades.net/subjects/math/algebra/factoring-quadratics/investigation/,algebra,unit.math.algebra.a8,,assessment,Factoring and Quadratic Equations: investigation | Unit A8 | Better Grades,Factoring and Quadratic Equations: investigation,factoring and quadratic equations: investigation,Factoring and Quadratic Equations: investigation | investigation | Factoring and Quadratic Equations | How can hidden product structure reveal solutions? | algebra textbook,,,UNAVAILABLE,UNAVAILABLE,UNAVAILABLE,UNAVAILABLE,UNAVAILABLE,KEEP,Unique rendered H1/primary query retained; monitor in Search Console.,/subjects/math/algebra/factoring-quadratics/investigation/,0,CURRENT,self-canonical=true; sitemap=true; inboundInternalLinks=3,medium / pending search evidence,"GSC top queries, clicks, impressions, CTR, average position; backlinks before any consolidation"
/subjects/math/algebra/factoring-quadratics/mastery-check/,https://bettergrades.net/subjects/math/algebra/factoring-quadratics/mastery-check/,algebra,unit.math.algebra.a8,,assessment,Factoring and Quadratic Equations: mastery check | Unit A8 | Better Grades,Factoring and Quadratic Equations: mastery check,factoring and quadratic equations: mastery check,Factoring and Quadratic Equations: mastery check | mastery check | Factoring and Quadratic Equations | How can hidden product structure reveal solutions? | algebra textbook,,,UNAVAILABLE,UNAVAILABLE,UNAVAILABLE,UNAVAILABLE,UNAVAILABLE,KEEP,Unique rendered H1/primary query retained; monitor in Search Console.,/subjects/math/algebra/factoring-quadratics/mastery-check/,0,CURRENT,self-canonical=true; sitemap=true; inboundInternalLinks=4,medium / pending search evidence,"GSC top queries, clicks, impressions, CTR, average position; backlinks before any consolidation"
/subjects/math/algebra/factoring-quadratics/mastery-check/answer-key/,https://bettergrades.net/subjects/math/algebra/factoring-quadratics/mastery-check/answer-key/,algebra,unit.math.algebra.a8,,assessment,Factoring and Quadratic Equations: mastery answer key | Unit A8 | Better Grades,Factoring and Quadratic Equations: mastery answer key,factoring and quadratic equations: mastery answer key,Factoring and Quadratic Equations: mastery answer key | answer key | Factoring and Quadratic Equations | How can hidden product structure reveal solutions? | algebra textbook,,,UNAVAILABLE,UNAVAILABLE,UNAVAILABLE,UNAVAILABLE,UNAVAILABLE,KEEP,Unique rendered H1/primary query retained; monitor in Search Console.,/subjects/math/algebra/factoring-quadratics/mastery-check/answer-key/,0,CURRENT,self-canonical=true; sitemap=true; inboundInternalLinks=4,medium / pending search evidence,"GSC top queries, clicks, impressions, CTR, average position; backlinks before any consolidation"
/subjects/math/algebra/factoring-quadratics/practice/,https://bettergrades.net/subjects/math/algebra/factoring-quadratics/practice/,algebra,unit.math.algebra.a8,,assessment,Factoring and Quadratic Equations: mixed practice | Unit A8 | Better Grades,Factoring and Quadratic Equations: mixed practice,factoring and quadratic equations: mixed practice,Factoring and Quadratic Equations: mixed practice | practice | Factoring and Quadratic Equations | How can hidden product structure reveal solutions? | algebra textbook,,,UNAVAILABLE,UNAVAILABLE,UNAVAILABLE,UNAVAILABLE,UNAVAILABLE,KEEP,Unique rendered H1/primary query retained; monitor in Search Console.,/subjects/math/algebra/factoring-quadratics/practice/,0,CURRENT,self-canonical=true; sitemap=true; inboundInternalLinks=15,medium / pending search evidence,"GSC top queries, clicks, impressions, CTR, average position; backlinks before any consolidation"
/subjects/math/algebra/factoring-quadratics/quadratic-formula-and-discriminant/,https://bettergrades.net/subjects/math/algebra/factoring-quadratics/quadratic-formula-and-discriminant/,algebra,unit.math.algebra.a8,textbook-lesson.math.algebra.a8-12,textbook-lesson,Quadratic formula and discriminant | Unit A8 | Better Grades,Quadratic formula and discriminant,quadratic formula and discriminant,Quadratic formula and discriminant | lesson | Factoring and Quadratic Equations | How can hidden product structure reveal solutions? | Derive the general formula and use the discriminant to predict real root behavior. | algebra textbook,,,UNAVAILABLE,UNAVAILABLE,UNAVAILABLE,UNAVAILABLE,UNAVAILABLE,KEEP,Unique rendered H1/primary query retained; monitor in Search Console.,/subjects/math/algebra/factoring-quadratics/quadratic-formula-and-discriminant/,0,CURRENT,self-canonical=true; sitemap=true; inboundInternalLinks=4,medium / pending search evidence,"GSC top queries, clicks, impressions, CTR, average position; backlinks before any consolidation"
/subjects/math/algebra/factoring-quadratics/review/,https://bettergrades.net/subjects/math/algebra/factoring-quadratics/review/,algebra,unit.math.algebra.a8,,assessment,Factoring and Quadratic Equations: cumulative review | Unit A8 | Better Grades,Factoring and Quadratic Equations: cumulative review,factoring and quadratic equations: cumulative review,Factoring and Quadratic Equations: cumulative review | review | Factoring and Quadratic Equations | How can hidden product structure reveal solutions? | algebra textbook,,,UNAVAILABLE,UNAVAILABLE,UNAVAILABLE,UNAVAILABLE,UNAVAILABLE,KEEP,Unique rendered H1/primary query retained; monitor in Search Console.,/subjects/math/algebra/factoring-quadratics/review/,0,CURRENT,self-canonical=true; sitemap=true; inboundInternalLinks=3,medium / pending search evidence,"GSC top queries, clicks, impressions, CTR, average position; backlinks before any consolidation"
/subjects/math/algebra/factoring-quadratics/solving-quadratics-by-factoring/,https://bettergrades.net/subjects/math/algebra/factoring-quadratics/solving-quadratics-by-factoring/,algebra,unit.math.algebra.a8,textbook-lesson.math.algebra.a8-8,textbook-lesson,Solving quadratics by factoring | Unit A8 | Better Grades,Solving quadratics by factoring,solving quadratics by factoring,"Solving quadratics by factoring | lesson | Factoring and Quadratic Equations | How can hidden product structure reveal solutions? | Move all terms to one side, factor, and solve each factor equation. | algebra textbook",,,UNAVAILABLE,UNAVAILABLE,UNAVAILABLE,UNAVAILABLE,UNAVAILABLE,KEEP,Unique rendered H1/primary query retained; monitor in Search Console.,/subjects/math/algebra/factoring-quadratics/solving-quadratics-by-factoring/,0,CURRENT,self-canonical=true; sitemap=true; inboundInternalLinks=5,medium / pending search evidence,"GSC top queries, clicks, impressions, CTR, average position; backlinks before any consolidation"
/subjects/math/algebra/factoring-quadratics/special-factoring-patterns/,https://bettergrades.net/subjects/math/algebra/factoring-quadratics/special-factoring-patterns/,algebra,unit.math.algebra.a8,textbook-lesson.math.algebra.a8-5,textbook-lesson,Special factoring patterns | Unit A8 | Better Grades,Special factoring patterns,complete Special factoring patterns lesson,Special factoring patterns | lesson | Factoring and Quadratic Equations | How can hidden product structure reveal solutions? | Reverse difference of squares and perfect-square trinomials under their exact conditions. | algebra textbook,/subjects/math/algebra/polynomials-factoring/special-factor-patterns/,difference of squares versus perfect-square trinomial,UNAVAILABLE,UNAVAILABLE,UNAVAILABLE,UNAVAILABLE,UNAVAILABLE,KEEP,Distinct intent versus /subjects/math/algebra/polynomials-factoring/special-factor-patterns/; URL preservation is safer without GSC/backlink evidence.,/subjects/math/algebra/factoring-quadratics/special-factoring-patterns/,8,IMPLEMENTED_OR_CONFIRMED,self-canonical=true; sitemap=true; inboundInternalLinks=6,high editorial / pending search evidence,"GSC top queries, clicks, impressions, CTR, average position; backlinks before any consolidation"
/subjects/math/algebra/factoring-quadratics/square-root-method/,https://bettergrades.net/subjects/math/algebra/factoring-quadratics/square-root-method/,algebra,unit.math.algebra.a8,textbook-lesson.math.algebra.a8-9,textbook-lesson,Square-root method | Unit A8 | Better Grades,Square-root method,square-root method,Square-root method | lesson | Factoring and Quadratic Equations | How can hidden product structure reveal solutions? | Solve isolated-square equations using both roots and domain reasoning. | algebra textbook,,,UNAVAILABLE,UNAVAILABLE,UNAVAILABLE,UNAVAILABLE,UNAVAILABLE,KEEP,Unique rendered H1/primary query retained; monitor in Search Console.,/subjects/math/algebra/factoring-quadratics/square-root-method/,0,CURRENT,self-canonical=true; sitemap=true; inboundInternalLinks=5,medium / pending search evidence,"GSC top queries, clicks, impressions, CTR, average position; backlinks before any consolidation"
/subjects/math/algebra/factoring-quadratics/zero-product-property/,https://bettergrades.net/subjects/math/algebra/factoring-quadratics/zero-product-property/,algebra,unit.math.algebra.a8,textbook-lesson.math.algebra.a8-7,textbook-lesson,Zero-product property | Unit A8 | Better Grades,Zero-product property,zero-product property,Zero-product property | lesson | Factoring and Quadratic Equations | How can hidden product structure reveal solutions? | Explain why a zero product forces at least one factor to be zero. | algebra textbook,,,UNAVAILABLE,UNAVAILABLE,UNAVAILABLE,UNAVAILABLE,UNAVAILABLE,KEEP,Unique rendered H1/primary query retained; monitor in Search Console.,/subjects/math/algebra/factoring-quadratics/zero-product-property/,0,CURRENT,self-canonical=true; sitemap=true; inboundInternalLinks=5,medium / pending search evidence,"GSC top queries, clicks, impressions, CTR, average position; backlinks before any consolidation"
/subjects/math/algebra/final-exam/,https://bettergrades.net/subjects/math/algebra/final-exam/,algebra,,,assessment,Algebra final exam | Better Grades,Algebra final exam,algebra final exam,Algebra final exam | exam | Algebra | Algebra is the art of preserving meaning while changing representation. | algebra textbook,,,UNAVAILABLE,UNAVAILABLE,UNAVAILABLE,UNAVAILABLE,UNAVAILABLE,KEEP,Unique rendered H1/primary query retained; monitor in Search Console.,/subjects/math/algebra/final-exam/,0,CURRENT,self-canonical=true; sitemap=true; inboundInternalLinks=3,medium / pending search evidence,"GSC top queries, clicks, impressions, CTR, average position; backlinks before any consolidation"
/subjects/math/algebra/final-exam/answer-key/,https://bettergrades.net/subjects/math/algebra/final-exam/answer-key/,algebra,,,assessment,Algebra final exam answer key | Better Grades,Algebra final exam answer key,algebra final exam answer key,Algebra final exam answer key | answer key | Algebra | Algebra is the art of preserving meaning while changing representation. | algebra textbook,,,UNAVAILABLE,UNAVAILABLE,UNAVAILABLE,UNAVAILABLE,UNAVAILABLE,KEEP,Unique rendered H1/primary query retained; monitor in Search Console.,/subjects/math/algebra/final-exam/answer-key/,0,CURRENT,self-canonical=true; sitemap=true; inboundInternalLinks=2,medium / pending search evidence,"GSC top queries, clicks, impressions, CTR, average position; backlinks before any consolidation"
/subjects/math/algebra/functions/,https://bettergrades.net/subjects/math/algebra/functions/,algebra,unit.math.algebra.a12,,unit-hub,Unit A12: Functions as a Unifying Language | Better Grades,Unit A12: Functions as a Unifying Language,unit a12: functions as a unifying language,Unit A12: Functions as a Unifying Language | unit hub | Functions as a Unifying Language | How can one input-output framework organize the algebraic families already studied? | algebra textbook,,,UNAVAILABLE,UNAVAILABLE,UNAVAILABLE,UNAVAILABLE,UNAVAILABLE,KEEP,Unique rendered H1/primary query retained; monitor in Search Console.,/subjects/math/algebra/functions/,0,CURRENT,self-canonical=true; sitemap=true; inboundInternalLinks=14,medium / pending search evidence,"GSC top queries, clicks, impressions, CTR, average position; backlinks before any consolidation"
/subjects/math/algebra/functions/arithmetic-with-functions/,https://bettergrades.net/subjects/math/algebra/functions/arithmetic-with-functions/,algebra,unit.math.algebra.a12,textbook-lesson.math.algebra.a12-7,textbook-lesson,Arithmetic with functions | Unit A12 | Better Grades,Arithmetic with functions,arithmetic with functions,"Arithmetic with functions | lesson | Functions as a Unifying Language | How can one input-output framework organize the algebraic families already studied? | Add, subtract, multiply, and divide function outputs while tracking the combined domain. | algebra textbook",,,UNAVAILABLE,UNAVAILABLE,UNAVAILABLE,UNAVAILABLE,UNAVAILABLE,KEEP,Unique rendered H1/primary query retained; monitor in Search Console.,/subjects/math/algebra/functions/arithmetic-with-functions/,0,CURRENT,self-canonical=true; sitemap=true; inboundInternalLinks=5,medium / pending search evidence,"GSC top queries, clicks, impressions, CTR, average position; backlinks before any consolidation"
/subjects/math/algebra/functions/comparing-algebraic-families/,https://bettergrades.net/subjects/math/algebra/functions/comparing-algebraic-families/,algebra,unit.math.algebra.a12,textbook-lesson.math.algebra.a12-8,textbook-lesson,Comparing algebraic families | Unit A12 | Better Grades,Comparing algebraic families,comparing algebraic families,"Comparing algebraic families | lesson | Functions as a Unifying Language | How can one input-output framework organize the algebraic families already studied? | Identify change patterns, restrictions, and characteristic graph shapes across major families. | algebra textbook",,,UNAVAILABLE,UNAVAILABLE,UNAVAILABLE,UNAVAILABLE,UNAVAILABLE,KEEP,Unique rendered H1/primary query retained; monitor in Search Console.,/subjects/math/algebra/functions/comparing-algebraic-families/,0,CURRENT,self-canonical=true; sitemap=true; inboundInternalLinks=4,medium / pending search evidence,"GSC top queries, clicks, impressions, CTR, average position; backlinks before any consolidation"
/subjects/math/algebra/functions/domain/,https://bettergrades.net/subjects/math/algebra/functions/domain/,algebra,unit.math.algebra.a12,textbook-lesson.math.algebra.a12-4,textbook-lesson,Domain | Unit A12 | Better Grades,Domain,domain,"Domain | lesson | Functions as a Unifying Language | How can one input-output framework organize the algebraic families already studied? | Determine allowed inputs from context, denominators, and even roots. | algebra textbook",,,UNAVAILABLE,UNAVAILABLE,UNAVAILABLE,UNAVAILABLE,UNAVAILABLE,KEEP,Unique rendered H1/primary query retained; monitor in Search Console.,/subjects/math/algebra/functions/domain/,0,CURRENT,self-canonical=true; sitemap=true; inboundInternalLinks=5,medium / pending search evidence,"GSC top queries, clicks, impressions, CTR, average position; backlinks before any consolidation"
/subjects/math/algebra/functions/function-notation-and-evaluation/,https://bettergrades.net/subjects/math/algebra/functions/function-notation-and-evaluation/,algebra,unit.math.algebra.a12,textbook-lesson.math.algebra.a12-2,textbook-lesson,Function notation and evaluation | Unit A12 | Better Grades,Function notation and evaluation,function notation and evaluation,Function notation and evaluation | lesson | Functions as a Unifying Language | How can one input-output framework organize the algebraic families already studied? | Interpret f(a) as the output corresponding to input a rather than multiplication. | algebra textbook,,,UNAVAILABLE,UNAVAILABLE,UNAVAILABLE,UNAVAILABLE,UNAVAILABLE,KEEP,Unique rendered H1/primary query retained; monitor in Search Console.,/subjects/math/algebra/functions/function-notation-and-evaluation/,0,CURRENT,self-canonical=true; sitemap=true; inboundInternalLinks=5,medium / pending search evidence,"GSC top queries, clicks, impressions, CTR, average position; backlinks before any consolidation"
/subjects/math/algebra/functions/mastery-check/,https://bettergrades.net/subjects/math/algebra/functions/mastery-check/,algebra,unit.math.algebra.a12,,assessment,Functions as a Unifying Language: mastery check | Unit A12 | Better Grades,Functions as a Unifying Language: mastery check,functions as a unifying language: mastery check,Functions as a Unifying Language: mastery check | mastery check | Functions as a Unifying Language | How can one input-output framework organize the algebraic families already studied? | algebra textbook,,,UNAVAILABLE,UNAVAILABLE,UNAVAILABLE,UNAVAILABLE,UNAVAILABLE,KEEP,Unique rendered H1/primary query retained; monitor in Search Console.,/subjects/math/algebra/functions/mastery-check/,0,CURRENT,self-canonical=true; sitemap=true; inboundInternalLinks=4,medium / pending search evidence,"GSC top queries, clicks, impressions, CTR, average position; backlinks before any consolidation"
/subjects/math/algebra/functions/mastery-check/answer-key/,https://bettergrades.net/subjects/math/algebra/functions/mastery-check/answer-key/,algebra,unit.math.algebra.a12,,assessment,Functions as a Unifying Language: mastery answer key | Unit A12 | Better Grades,Functions as a Unifying Language: mastery answer key,functions as a unifying language: mastery answer key,Functions as a Unifying Language: mastery answer key | answer key | Functions as a Unifying Language | How can one input-output framework organize the algebraic families already studied? | algebra textbook,,,UNAVAILABLE,UNAVAILABLE,UNAVAILABLE,UNAVAILABLE,UNAVAILABLE,KEEP,Unique rendered H1/primary query retained; monitor in Search Console.,/subjects/math/algebra/functions/mastery-check/answer-key/,0,CURRENT,self-canonical=true; sitemap=true; inboundInternalLinks=4,medium / pending search evidence,"GSC top queries, clicks, impressions, CTR, average position; backlinks before any consolidation"
/subjects/math/algebra/functions/piecewise-defined-functions/,https://bettergrades.net/subjects/math/algebra/functions/piecewise-defined-functions/,algebra,unit.math.algebra.a12,textbook-lesson.math.algebra.a12-6,textbook-lesson,Piecewise-defined functions | Unit A12 | Better Grades,Piecewise-defined functions,piecewise-defined functions,Piecewise-defined functions | lesson | Functions as a Unifying Language | How can one input-output framework organize the algebraic families already studied? | Apply different rules on different input intervals and manage endpoints. | algebra textbook,,,UNAVAILABLE,UNAVAILABLE,UNAVAILABLE,UNAVAILABLE,UNAVAILABLE,KEEP,Unique rendered H1/primary query retained; monitor in Search Console.,/subjects/math/algebra/functions/piecewise-defined-functions/,0,CURRENT,self-canonical=true; sitemap=true; inboundInternalLinks=5,medium / pending search evidence,"GSC top queries, clicks, impressions, CTR, average position; backlinks before any consolidation"
/subjects/math/algebra/functions/practice/,https://bettergrades.net/subjects/math/algebra/functions/practice/,algebra,unit.math.algebra.a12,,assessment,Functions as a Unifying Language: mixed practice | Unit A12 | Better Grades,Functions as a Unifying Language: mixed practice,functions as a unifying language: mixed practice,Functions as a Unifying Language: mixed practice | practice | Functions as a Unifying Language | How can one input-output framework organize the algebraic families already studied? | algebra textbook,,,UNAVAILABLE,UNAVAILABLE,UNAVAILABLE,UNAVAILABLE,UNAVAILABLE,KEEP,Unique rendered H1/primary query retained; monitor in Search Console.,/subjects/math/algebra/functions/practice/,0,CURRENT,self-canonical=true; sitemap=true; inboundInternalLinks=11,medium / pending search evidence,"GSC top queries, clicks, impressions, CTR, average position; backlinks before any consolidation"
/subjects/math/algebra/functions/range-and-graph-behavior/,https://bettergrades.net/subjects/math/algebra/functions/range-and-graph-behavior/,algebra,unit.math.algebra.a12,textbook-lesson.math.algebra.a12-5,textbook-lesson,Range and graph behavior | Unit A12 | Better Grades,Range and graph behavior,range and graph behavior,"Range and graph behavior | lesson | Functions as a Unifying Language | How can one input-output framework organize the algebraic families already studied? | Read output sets, intervals of change, extrema, and intercepts from graphs and contexts. | algebra textbook",,,UNAVAILABLE,UNAVAILABLE,UNAVAILABLE,UNAVAILABLE,UNAVAILABLE,KEEP,Unique rendered H1/primary query retained; monitor in Search Console.,/subjects/math/algebra/functions/range-and-graph-behavior/,0,CURRENT,self-canonical=true; sitemap=true; inboundInternalLinks=5,medium / pending search evidence,"GSC top queries, clicks, impressions, CTR, average position; backlinks before any consolidation"
/subjects/math/algebra/functions/relations-and-functions/,https://bettergrades.net/subjects/math/algebra/functions/relations-and-functions/,algebra,unit.math.algebra.a12,textbook-lesson.math.algebra.a12-1,textbook-lesson,Relations and functions | Unit A12 | Better Grades,Relations and functions,relations and functions,Relations and functions | lesson | Functions as a Unifying Language | How can one input-output framework organize the algebraic families already studied? | Define a function as exactly one output for each allowed input. | algebra textbook,,,UNAVAILABLE,UNAVAILABLE,UNAVAILABLE,UNAVAILABLE,UNAVAILABLE,KEEP,Unique rendered H1/primary query retained; monitor in Search Console.,/subjects/math/algebra/functions/relations-and-functions/,0,CURRENT,self-canonical=true; sitemap=true; inboundInternalLinks=4,medium / pending search evidence,"GSC top queries, clicks, impressions, CTR, average position; backlinks before any consolidation"
/subjects/math/algebra/functions/review/,https://bettergrades.net/subjects/math/algebra/functions/review/,algebra,unit.math.algebra.a12,,assessment,Functions as a Unifying Language: cumulative review | Unit A12 | Better Grades,Functions as a Unifying Language: cumulative review,functions as a unifying language: cumulative review,Functions as a Unifying Language: cumulative review | review | Functions as a Unifying Language | How can one input-output framework organize the algebraic families already studied? | algebra textbook,,,UNAVAILABLE,UNAVAILABLE,UNAVAILABLE,UNAVAILABLE,UNAVAILABLE,KEEP,Unique rendered H1/primary query retained; monitor in Search Console.,/subjects/math/algebra/functions/review/,0,CURRENT,self-canonical=true; sitemap=true; inboundInternalLinks=3,medium / pending search evidence,"GSC top queries, clicks, impressions, CTR, average position; backlinks before any consolidation"
/subjects/math/algebra/functions/solving-f-x-k/,https://bettergrades.net/subjects/math/algebra/functions/solving-f-x-k/,algebra,unit.math.algebra.a12,textbook-lesson.math.algebra.a12-3,textbook-lesson,Solving f(x)=k | Unit A12 | Better Grades,Solving f(x)=k,solving f(x)=k,Solving f(x)=k | lesson | Functions as a Unifying Language | How can one input-output framework organize the algebraic families already studied? | Find every input that produces a requested output. | algebra textbook,,,UNAVAILABLE,UNAVAILABLE,UNAVAILABLE,UNAVAILABLE,UNAVAILABLE,KEEP,Unique rendered H1/primary query retained; monitor in Search Console.,/subjects/math/algebra/functions/solving-f-x-k/,0,CURRENT,self-canonical=true; sitemap=true; inboundInternalLinks=5,medium / pending search evidence,"GSC top queries, clicks, impressions, CTR, average position; backlinks before any consolidation"
/subjects/math/algebra/inequalities-absolute-value/,https://bettergrades.net/subjects/math/algebra/inequalities-absolute-value/,algebra,unit.math.algebra.a3,,unit-hub,"Unit A3: Inequalities, Absolute Value, and Formulas | Better Grades","Unit A3: Inequalities, Absolute Value, and Formulas","unit a3: inequalities, absolute value, and formulas","Unit A3: Inequalities, Absolute Value, and Formulas | unit hub | Inequalities, Absolute Value, and Formulas | How do we describe all values satisfying a condition? | algebra textbook",,,UNAVAILABLE,UNAVAILABLE,UNAVAILABLE,UNAVAILABLE,UNAVAILABLE,KEEP,Unique rendered H1/primary query retained; monitor in Search Console.,/subjects/math/algebra/inequalities-absolute-value/,0,CURRENT,self-canonical=true; sitemap=true; inboundInternalLinks=14,medium / pending search evidence,"GSC top queries, clicks, impressions, CTR, average position; backlinks before any consolidation"
/subjects/math/algebra/inequalities-absolute-value/absolute-value-as-distance/,https://bettergrades.net/subjects/math/algebra/inequalities-absolute-value/absolute-value-as-distance/,algebra,unit.math.algebra.a3,textbook-lesson.math.algebra.a3-6,textbook-lesson,Absolute value as distance | Unit A3 | Better Grades,Absolute value as distance,absolute value as distance,"Absolute value as distance | lesson | Inequalities, Absolute Value, and Formulas | How do we describe all values satisfying a condition? | Interpret |x-a| as the distance from a center a. | algebra textbook",,,UNAVAILABLE,UNAVAILABLE,UNAVAILABLE,UNAVAILABLE,UNAVAILABLE,KEEP,Unique rendered H1/primary query retained; monitor in Search Console.,/subjects/math/algebra/inequalities-absolute-value/absolute-value-as-distance/,0,CURRENT,self-canonical=true; sitemap=true; inboundInternalLinks=5,medium / pending search evidence,"GSC top queries, clicks, impressions, CTR, average position; backlinks before any consolidation"
/subjects/math/algebra/inequalities-absolute-value/absolute-value-equations-and-inequalities/,https://bettergrades.net/subjects/math/algebra/inequalities-absolute-value/absolute-value-equations-and-inequalities/,algebra,unit.math.algebra.a3,textbook-lesson.math.algebra.a3-7,textbook-lesson,Absolute-value equations and inequalities | Unit A3 | Better Grades,Absolute-value equations and inequalities,absolute-value equations and inequalities,"Absolute-value equations and inequalities | lesson | Inequalities, Absolute Value, and Formulas | How do we describe all values satisfying a condition? | Derive point, interval, or exterior solutions from distance meaning. | algebra textbook",,,UNAVAILABLE,UNAVAILABLE,UNAVAILABLE,UNAVAILABLE,UNAVAILABLE,KEEP,Unique rendered H1/primary query retained; monitor in Search Console.,/subjects/math/algebra/inequalities-absolute-value/absolute-value-equations-and-inequalities/,0,CURRENT,self-canonical=true; sitemap=true; inboundInternalLinks=5,medium / pending search evidence,"GSC top queries, clicks, impressions, CTR, average position; backlinks before any consolidation"
/subjects/math/algebra/inequalities-absolute-value/compound-inequalities/,https://bettergrades.net/subjects/math/algebra/inequalities-absolute-value/compound-inequalities/,algebra,unit.math.algebra.a3,textbook-lesson.math.algebra.a3-5,textbook-lesson,Compound inequalities | Unit A3 | Better Grades,Compound inequalities,complete Compound inequalities lesson,"Compound inequalities | lesson | Inequalities, Absolute Value, and Formulas | How do we describe all values satisfying a condition? | Interpret and solve intersections and unions of conditions. | algebra textbook",/subjects/math/algebra/systems-inequalities/compound-inequalities/,and versus or logic in compound inequalities,UNAVAILABLE,UNAVAILABLE,UNAVAILABLE,UNAVAILABLE,UNAVAILABLE,KEEP,Distinct intent versus /subjects/math/algebra/systems-inequalities/compound-inequalities/; URL preservation is safer without GSC/backlink evidence.,/subjects/math/algebra/inequalities-absolute-value/compound-inequalities/,10,IMPLEMENTED_OR_CONFIRMED,self-canonical=true; sitemap=true; inboundInternalLinks=6,high editorial / pending search evidence,"GSC top queries, clicks, impressions, CTR, average position; backlinks before any consolidation"
/subjects/math/algebra/inequalities-absolute-value/inequalities-and-truth-sets/,https://bettergrades.net/subjects/math/algebra/inequalities-absolute-value/inequalities-and-truth-sets/,algebra,unit.math.algebra.a3,textbook-lesson.math.algebra.a3-1,textbook-lesson,Inequalities and truth sets | Unit A3 | Better Grades,Inequalities and truth sets,inequalities and truth sets,"Inequalities and truth sets | lesson | Inequalities, Absolute Value, and Formulas | How do we describe all values satisfying a condition? | Interpret an inequality as a condition satisfied by a region of values. | algebra textbook",,,UNAVAILABLE,UNAVAILABLE,UNAVAILABLE,UNAVAILABLE,UNAVAILABLE,KEEP,Unique rendered H1/primary query retained; monitor in Search Console.,/subjects/math/algebra/inequalities-absolute-value/inequalities-and-truth-sets/,0,CURRENT,self-canonical=true; sitemap=true; inboundInternalLinks=4,medium / pending search evidence,"GSC top queries, clicks, impressions, CTR, average position; backlinks before any consolidation"
/subjects/math/algebra/inequalities-absolute-value/interval-notation-and-endpoint-meaning/,https://bettergrades.net/subjects/math/algebra/inequalities-absolute-value/interval-notation-and-endpoint-meaning/,algebra,unit.math.algebra.a3,textbook-lesson.math.algebra.a3-4,textbook-lesson,Interval notation and endpoint meaning | Unit A3 | Better Grades,Interval notation and endpoint meaning,interval notation and endpoint meaning,"Interval notation and endpoint meaning | lesson | Inequalities, Absolute Value, and Formulas | How do we describe all values satisfying a condition? | Translate among inequalities, number-line graphs, and interval notation. | algebra textbook",,,UNAVAILABLE,UNAVAILABLE,UNAVAILABLE,UNAVAILABLE,UNAVAILABLE,KEEP,Unique rendered H1/primary query retained; monitor in Search Console.,/subjects/math/algebra/inequalities-absolute-value/interval-notation-and-endpoint-meaning/,0,CURRENT,self-canonical=true; sitemap=true; inboundInternalLinks=5,medium / pending search evidence,"GSC top queries, clicks, impressions, CTR, average position; backlinks before any consolidation"
/subjects/math/algebra/inequalities-absolute-value/literal-equations-and-formulas/,https://bettergrades.net/subjects/math/algebra/inequalities-absolute-value/literal-equations-and-formulas/,algebra,unit.math.algebra.a3,textbook-lesson.math.algebra.a3-8,textbook-lesson,Literal equations and formulas | Unit A3 | Better Grades,Literal equations and formulas,literal equations and formulas,"Literal equations and formulas | lesson | Inequalities, Absolute Value, and Formulas | How do we describe all values satisfying a condition? | Isolate a specified variable while preserving the relationship and units. | algebra textbook",,,UNAVAILABLE,UNAVAILABLE,UNAVAILABLE,UNAVAILABLE,UNAVAILABLE,KEEP,Unique rendered H1/primary query retained; monitor in Search Console.,/subjects/math/algebra/inequalities-absolute-value/literal-equations-and-formulas/,0,CURRENT,self-canonical=true; sitemap=true; inboundInternalLinks=4,medium / pending search evidence,"GSC top queries, clicks, impressions, CTR, average position; backlinks before any consolidation"
/subjects/math/algebra/inequalities-absolute-value/mastery-check/,https://bettergrades.net/subjects/math/algebra/inequalities-absolute-value/mastery-check/,algebra,unit.math.algebra.a3,,assessment,"Inequalities, Absolute Value, and Formulas: mastery check | Unit A3 | Better Grades","Inequalities, Absolute Value, and Formulas: mastery check","inequalities, absolute value, and formulas: mastery check","Inequalities, Absolute Value, and Formulas: mastery check | mastery check | Inequalities, Absolute Value, and Formulas | How do we describe all values satisfying a condition? | algebra textbook",,,UNAVAILABLE,UNAVAILABLE,UNAVAILABLE,UNAVAILABLE,UNAVAILABLE,KEEP,Unique rendered H1/primary query retained; monitor in Search Console.,/subjects/math/algebra/inequalities-absolute-value/mastery-check/,0,CURRENT,self-canonical=true; sitemap=true; inboundInternalLinks=4,medium / pending search evidence,"GSC top queries, clicks, impressions, CTR, average position; backlinks before any consolidation"
/subjects/math/algebra/inequalities-absolute-value/mastery-check/answer-key/,https://bettergrades.net/subjects/math/algebra/inequalities-absolute-value/mastery-check/answer-key/,algebra,unit.math.algebra.a3,,assessment,"Inequalities, Absolute Value, and Formulas: mastery answer key | Unit A3 | Better Grades","Inequalities, Absolute Value, and Formulas: mastery answer key","inequalities, absolute value, and formulas: mastery answer key","Inequalities, Absolute Value, and Formulas: mastery answer key | answer key | Inequalities, Absolute Value, and Formulas | How do we describe all values satisfying a condition? | algebra textbook",,,UNAVAILABLE,UNAVAILABLE,UNAVAILABLE,UNAVAILABLE,UNAVAILABLE,KEEP,Unique rendered H1/primary query retained; monitor in Search Console.,/subjects/math/algebra/inequalities-absolute-value/mastery-check/answer-key/,0,CURRENT,self-canonical=true; sitemap=true; inboundInternalLinks=4,medium / pending search evidence,"GSC top queries, clicks, impressions, CTR, average position; backlinks before any consolidation"
/subjects/math/algebra/inequalities-absolute-value/practice/,https://bettergrades.net/subjects/math/algebra/inequalities-absolute-value/practice/,algebra,unit.math.algebra.a3,,assessment,"Inequalities, Absolute Value, and Formulas: mixed practice | Unit A3 | Better Grades","Inequalities, Absolute Value, and Formulas: mixed practice","inequalities, absolute value, and formulas: mixed practice","Inequalities, Absolute Value, and Formulas: mixed practice | practice | Inequalities, Absolute Value, and Formulas | How do we describe all values satisfying a condition? | algebra textbook",,,UNAVAILABLE,UNAVAILABLE,UNAVAILABLE,UNAVAILABLE,UNAVAILABLE,KEEP,Unique rendered H1/primary query retained; monitor in Search Console.,/subjects/math/algebra/inequalities-absolute-value/practice/,0,CURRENT,self-canonical=true; sitemap=true; inboundInternalLinks=11,medium / pending search evidence,"GSC top queries, clicks, impressions, CTR, average position; backlinks before any consolidation"
/subjects/math/algebra/inequalities-absolute-value/review/,https://bettergrades.net/subjects/math/algebra/inequalities-absolute-value/review/,algebra,unit.math.algebra.a3,,assessment,"Inequalities, Absolute Value, and Formulas: cumulative review | Unit A3 | Better Grades","Inequalities, Absolute Value, and Formulas: cumulative review","inequalities, absolute value, and formulas: cumulative review","Inequalities, Absolute Value, and Formulas: cumulative review | review | Inequalities, Absolute Value, and Formulas | How do we describe all values satisfying a condition? | algebra textbook",,,UNAVAILABLE,UNAVAILABLE,UNAVAILABLE,UNAVAILABLE,UNAVAILABLE,KEEP,Unique rendered H1/primary query retained; monitor in Search Console.,/subjects/math/algebra/inequalities-absolute-value/review/,0,CURRENT,self-canonical=true; sitemap=true; inboundInternalLinks=3,medium / pending search evidence,"GSC top queries, clicks, impressions, CTR, average position; backlinks before any consolidation"
/subjects/math/algebra/inequalities-absolute-value/solving-linear-inequalities/,https://bettergrades.net/subjects/math/algebra/inequalities-absolute-value/solving-linear-inequalities/,algebra,unit.math.algebra.a3,textbook-lesson.math.algebra.a3-2,textbook-lesson,Solving linear inequalities | Unit A3 | Better Grades,Solving linear inequalities,solving linear inequalities,"Solving linear inequalities | lesson | Inequalities, Absolute Value, and Formulas | How do we describe all values satisfying a condition? | Apply equation-style operations while tracking order and representing the result as a set. | algebra textbook",,,UNAVAILABLE,UNAVAILABLE,UNAVAILABLE,UNAVAILABLE,UNAVAILABLE,KEEP,Unique rendered H1/primary query retained; monitor in Search Console.,/subjects/math/algebra/inequalities-absolute-value/solving-linear-inequalities/,0,CURRENT,self-canonical=true; sitemap=true; inboundInternalLinks=5,medium / pending search evidence,"GSC top queries, clicks, impressions, CTR, average position; backlinks before any consolidation"
/subjects/math/algebra/inequalities-absolute-value/why-negative-scaling-reverses-order/,https://bettergrades.net/subjects/math/algebra/inequalities-absolute-value/why-negative-scaling-reverses-order/,algebra,unit.math.algebra.a3,textbook-lesson.math.algebra.a3-3,textbook-lesson,Why negative scaling reverses order | Unit A3 | Better Grades,Why negative scaling reverses order,why negative scaling reverses order,"Why negative scaling reverses order | lesson | Inequalities, Absolute Value, and Formulas | How do we describe all values satisfying a condition? | Explain order reversal through reflection and numerical comparison. | algebra textbook",,,UNAVAILABLE,UNAVAILABLE,UNAVAILABLE,UNAVAILABLE,UNAVAILABLE,KEEP,Unique rendered H1/primary query retained; monitor in Search Console.,/subjects/math/algebra/inequalities-absolute-value/why-negative-scaling-reverses-order/,0,CURRENT,self-canonical=true; sitemap=true; inboundInternalLinks=5,medium / pending search evidence,"GSC top queries, clicks, impressions, CTR, average position; backlinks before any consolidation"
/subjects/math/algebra/linear-equations/,https://bettergrades.net/subjects/math/algebra/linear-equations/,algebra,unit.math.algebra.a2,,unit-hub,"Unit A2: Expressions, Equality, and Linear Equations | Better Grades","Unit A2: Expressions, Equality, and Linear Equations","unit a2: expressions, equality, and linear equations","Unit A2: Expressions, Equality, and Linear Equations | unit hub | Expressions, Equality, and Linear Equations | How can an equation change form without changing its solutions? | algebra textbook",,,UNAVAILABLE,UNAVAILABLE,UNAVAILABLE,UNAVAILABLE,UNAVAILABLE,KEEP,Unique rendered H1/primary query retained; monitor in Search Console.,/subjects/math/algebra/linear-equations/,0,CURRENT,self-canonical=true; sitemap=true; inboundInternalLinks=17,medium / pending search evidence,"GSC top queries, clicks, impressions, CTR, average position; backlinks before any consolidation"
/subjects/math/algebra/linear-equations/addition-and-subtraction-equations/,https://bettergrades.net/subjects/math/algebra/linear-equations/addition-and-subtraction-equations/,algebra,unit.math.algebra.a2,textbook-lesson.math.algebra.a2-2,textbook-lesson,Addition and subtraction equations | Unit A2 | Better Grades,Addition and subtraction equations,addition and subtraction equations,"Addition and subtraction equations | lesson | Expressions, Equality, and Linear Equations | How can an equation change form without changing its solutions? | Use additive inverses to isolate a variable while preserving equality. | algebra textbook",,,UNAVAILABLE,UNAVAILABLE,UNAVAILABLE,UNAVAILABLE,UNAVAILABLE,KEEP,Unique rendered H1/primary query retained; monitor in Search Console.,/subjects/math/algebra/linear-equations/addition-and-subtraction-equations/,0,CURRENT,self-canonical=true; sitemap=true; inboundInternalLinks=5,medium / pending search evidence,"GSC top queries, clicks, impressions, CTR, average position; backlinks before any consolidation"
/subjects/math/algebra/linear-equations/equations-with-fractions-and-decimals/,https://bettergrades.net/subjects/math/algebra/linear-equations/equations-with-fractions-and-decimals/,algebra,unit.math.algebra.a2,textbook-lesson.math.algebra.a2-6,textbook-lesson,Equations with fractions and decimals | Unit A2 | Better Grades,Equations with fractions and decimals,equations with fractions and decimals,"Equations with fractions and decimals | lesson | Expressions, Equality, and Linear Equations | How can an equation change form without changing its solutions? | Solve equations with rational coefficients directly or by clearing denominators strategically. | algebra textbook",,,UNAVAILABLE,UNAVAILABLE,UNAVAILABLE,UNAVAILABLE,UNAVAILABLE,KEEP,Unique rendered H1/primary query retained; monitor in Search Console.,/subjects/math/algebra/linear-equations/equations-with-fractions-and-decimals/,0,CURRENT,self-canonical=true; sitemap=true; inboundInternalLinks=5,medium / pending search evidence,"GSC top queries, clicks, impressions, CTR, average position; backlinks before any consolidation"
/subjects/math/algebra/linear-equations/investigation/,https://bettergrades.net/subjects/math/algebra/linear-equations/investigation/,algebra,unit.math.algebra.a2,,assessment,"Expressions, Equality, and Linear Equations: investigation | Unit A2 | Better Grades","Expressions, Equality, and Linear Equations: investigation","expressions, equality, and linear equations: investigation","Expressions, Equality, and Linear Equations: investigation | investigation | Expressions, Equality, and Linear Equations | How can an equation change form without changing its solutions? | algebra textbook",,,UNAVAILABLE,UNAVAILABLE,UNAVAILABLE,UNAVAILABLE,UNAVAILABLE,KEEP,Unique rendered H1/primary query retained; monitor in Search Console.,/subjects/math/algebra/linear-equations/investigation/,0,CURRENT,self-canonical=true; sitemap=true; inboundInternalLinks=3,medium / pending search evidence,"GSC top queries, clicks, impressions, CTR, average position; backlinks before any consolidation"
/subjects/math/algebra/linear-equations/linear-equation-strategy-studio/,https://bettergrades.net/subjects/math/algebra/linear-equations/linear-equation-strategy-studio/,algebra,unit.math.algebra.a2,textbook-lesson.math.algebra.a2-10,textbook-lesson,Linear equation strategy studio | Unit A2 | Better Grades,Linear equation strategy studio,linear equation strategy studio,"Linear equation strategy studio | lesson | Expressions, Equality, and Linear Equations | How can an equation change form without changing its solutions? | Classify structure, choose a first move, and defend the solution route. | algebra textbook",,,UNAVAILABLE,UNAVAILABLE,UNAVAILABLE,UNAVAILABLE,UNAVAILABLE,KEEP,Unique rendered H1/primary query retained; monitor in Search Console.,/subjects/math/algebra/linear-equations/linear-equation-strategy-studio/,0,CURRENT,self-canonical=true; sitemap=true; inboundInternalLinks=4,medium / pending search evidence,"GSC top queries, clicks, impressions, CTR, average position; backlinks before any consolidation"
/subjects/math/algebra/linear-equations/mastery-check/,https://bettergrades.net/subjects/math/algebra/linear-equations/mastery-check/,algebra,unit.math.algebra.a2,,assessment,"Expressions, Equality, and Linear Equations: mastery check | Unit A2 | Better Grades","Expressions, Equality, and Linear Equations: mastery check","expressions, equality, and linear equations: mastery check","Expressions, Equality, and Linear Equations: mastery check | mastery check | Expressions, Equality, and Linear Equations | How can an equation change form without changing its solutions? | algebra textbook",,,UNAVAILABLE,UNAVAILABLE,UNAVAILABLE,UNAVAILABLE,UNAVAILABLE,KEEP,Unique rendered H1/primary query retained; monitor in Search Console.,/subjects/math/algebra/linear-equations/mastery-check/,0,CURRENT,self-canonical=true; sitemap=true; inboundInternalLinks=4,medium / pending search evidence,"GSC top queries, clicks, impressions, CTR, average position; backlinks before any consolidation"
/subjects/math/algebra/linear-equations/mastery-check/answer-key/,https://bettergrades.net/subjects/math/algebra/linear-equations/mastery-check/answer-key/,algebra,unit.math.algebra.a2,,assessment,"Expressions, Equality, and Linear Equations: mastery answer key | Unit A2 | Better Grades","Expressions, Equality, and Linear Equations: mastery answer key","expressions, equality, and linear equations: mastery answer key","Expressions, Equality, and Linear Equations: mastery answer key | answer key | Expressions, Equality, and Linear Equations | How can an equation change form without changing its solutions? | algebra textbook",,,UNAVAILABLE,UNAVAILABLE,UNAVAILABLE,UNAVAILABLE,UNAVAILABLE,KEEP,Unique rendered H1/primary query retained; monitor in Search Console.,/subjects/math/algebra/linear-equations/mastery-check/answer-key/,0,CURRENT,self-canonical=true; sitemap=true; inboundInternalLinks=4,medium / pending search evidence,"GSC top queries, clicks, impressions, CTR, average position; backlinks before any consolidation"
/subjects/math/algebra/linear-equations/multiplication-and-division-equations/,https://bettergrades.net/subjects/math/algebra/linear-equations/multiplication-and-division-equations/,algebra,unit.math.algebra.a2,textbook-lesson.math.algebra.a2-3,textbook-lesson,Multiplication and division equations | Unit A2 | Better Grades,Multiplication and division equations,multiplication and division equations,"Multiplication and division equations | lesson | Expressions, Equality, and Linear Equations | How can an equation change form without changing its solutions? | Use reciprocals and equal scaling to isolate a variable, with explicit zero restrictions. | algebra textbook",,,UNAVAILABLE,UNAVAILABLE,UNAVAILABLE,UNAVAILABLE,UNAVAILABLE,KEEP,Unique rendered H1/primary query retained; monitor in Search Console.,/subjects/math/algebra/linear-equations/multiplication-and-division-equations/,0,CURRENT,self-canonical=true; sitemap=true; inboundInternalLinks=5,medium / pending search evidence,"GSC top queries, clicks, impressions, CTR, average position; backlinks before any consolidation"
/subjects/math/algebra/linear-equations/multistep-linear-equations/,https://bettergrades.net/subjects/math/algebra/linear-equations/multistep-linear-equations/,algebra,unit.math.algebra.a2,textbook-lesson.math.algebra.a2-5,textbook-lesson,Multistep linear equations | Unit A2 | Better Grades,Multistep linear equations,multistep linear equations,"Multistep linear equations | lesson | Expressions, Equality, and Linear Equations | How can an equation change form without changing its solutions? | Undo layered operations in an order determined by structure. | algebra textbook",,,UNAVAILABLE,UNAVAILABLE,UNAVAILABLE,UNAVAILABLE,UNAVAILABLE,KEEP,Unique rendered H1/primary query retained; monitor in Search Console.,/subjects/math/algebra/linear-equations/multistep-linear-equations/,0,CURRENT,self-canonical=true; sitemap=true; inboundInternalLinks=5,medium / pending search evidence,"GSC top queries, clicks, impressions, CTR, average position; backlinks before any consolidation"
/subjects/math/algebra/linear-equations/one-solution-no-solution-or-infinitely-many/,https://bettergrades.net/subjects/math/algebra/linear-equations/one-solution-no-solution-or-infinitely-many/,algebra,unit.math.algebra.a2,textbook-lesson.math.algebra.a2-8,textbook-lesson,"One solution, no solution, or infinitely many | Unit A2 | Better Grades","One solution, no solution, or infinitely many","one solution, no solution, or infinitely many","One solution, no solution, or infinitely many | lesson | Expressions, Equality, and Linear Equations | How can an equation change form without changing its solutions? | Recognize identities and contradictions produced by simplification. | algebra textbook",,,UNAVAILABLE,UNAVAILABLE,UNAVAILABLE,UNAVAILABLE,UNAVAILABLE,KEEP,Unique rendered H1/primary query retained; monitor in Search Console.,/subjects/math/algebra/linear-equations/one-solution-no-solution-or-infinitely-many/,0,CURRENT,self-canonical=true; sitemap=true; inboundInternalLinks=5,medium / pending search evidence,"GSC top queries, clicks, impressions, CTR, average position; backlinks before any consolidation"
/subjects/math/algebra/linear-equations/practice/,https://bettergrades.net/subjects/math/algebra/linear-equations/practice/,algebra,unit.math.algebra.a2,,assessment,"Expressions, Equality, and Linear Equations: mixed practice | Unit A2 | Better Grades","Expressions, Equality, and Linear Equations: mixed practice","expressions, equality, and linear equations: mixed practice","Expressions, Equality, and Linear Equations: mixed practice | practice | Expressions, Equality, and Linear Equations | How can an equation change form without changing its solutions? | algebra textbook",,,UNAVAILABLE,UNAVAILABLE,UNAVAILABLE,UNAVAILABLE,UNAVAILABLE,KEEP,Unique rendered H1/primary query retained; monitor in Search Console.,/subjects/math/algebra/linear-equations/practice/,0,CURRENT,self-canonical=true; sitemap=true; inboundInternalLinks=13,medium / pending search evidence,"GSC top queries, clicks, impressions, CTR, average position; backlinks before any consolidation"
/subjects/math/algebra/linear-equations/review/,https://bettergrades.net/subjects/math/algebra/linear-equations/review/,algebra,unit.math.algebra.a2,,assessment,"Expressions, Equality, and Linear Equations: cumulative review | Unit A2 | Better Grades","Expressions, Equality, and Linear Equations: cumulative review","expressions, equality, and linear equations: cumulative review","Expressions, Equality, and Linear Equations: cumulative review | review | Expressions, Equality, and Linear Equations | How can an equation change form without changing its solutions? | algebra textbook",,,UNAVAILABLE,UNAVAILABLE,UNAVAILABLE,UNAVAILABLE,UNAVAILABLE,KEEP,Unique rendered H1/primary query retained; monitor in Search Console.,/subjects/math/algebra/linear-equations/review/,0,CURRENT,self-canonical=true; sitemap=true; inboundInternalLinks=3,medium / pending search evidence,"GSC top queries, clicks, impressions, CTR, average position; backlinks before any consolidation"
/subjects/math/algebra/linear-equations/simplifying-before-solving/,https://bettergrades.net/subjects/math/algebra/linear-equations/simplifying-before-solving/,algebra,unit.math.algebra.a2,textbook-lesson.math.algebra.a2-4,textbook-lesson,Simplifying before solving | Unit A2 | Better Grades,Simplifying before solving,simplifying before solving,"Simplifying before solving | lesson | Expressions, Equality, and Linear Equations | How can an equation change form without changing its solutions? | Combine like terms and distribute before isolating the variable. | algebra textbook",,,UNAVAILABLE,UNAVAILABLE,UNAVAILABLE,UNAVAILABLE,UNAVAILABLE,KEEP,Unique rendered H1/primary query retained; monitor in Search Console.,/subjects/math/algebra/linear-equations/simplifying-before-solving/,0,CURRENT,self-canonical=true; sitemap=true; inboundInternalLinks=5,medium / pending search evidence,"GSC top queries, clicks, impressions, CTR, average position; backlinks before any consolidation"
/subjects/math/algebra/linear-equations/solutions-solution-sets-and-checking/,https://bettergrades.net/subjects/math/algebra/linear-equations/solutions-solution-sets-and-checking/,algebra,unit.math.algebra.a2,textbook-lesson.math.algebra.a2-1,textbook-lesson,"Solutions, solution sets, and checking | Unit A2 | Better Grades","Solutions, solution sets, and checking","solutions, solution sets, and checking","Solutions, solution sets, and checking | lesson | Expressions, Equality, and Linear Equations | How can an equation change form without changing its solutions? | Determine whether candidate values make an equation true and distinguish a proposed answer from a verified solution. | algebra textbook",,,UNAVAILABLE,UNAVAILABLE,UNAVAILABLE,UNAVAILABLE,UNAVAILABLE,KEEP,Unique rendered H1/primary query retained; monitor in Search Console.,/subjects/math/algebra/linear-equations/solutions-solution-sets-and-checking/,0,CURRENT,self-canonical=true; sitemap=true; inboundInternalLinks=4,medium / pending search evidence,"GSC top queries, clicks, impressions, CTR, average position; backlinks before any consolidation"
/subjects/math/algebra/linear-equations/translating-one-variable-models/,https://bettergrades.net/subjects/math/algebra/linear-equations/translating-one-variable-models/,algebra,unit.math.algebra.a2,textbook-lesson.math.algebra.a2-9,textbook-lesson,Translating one-variable models | Unit A2 | Better Grades,Translating one-variable models,translating one-variable models,"Translating one-variable models | lesson | Expressions, Equality, and Linear Equations | How can an equation change form without changing its solutions? | Define a variable and build a linear equation from a verbal or diagrammatic relationship. | algebra textbook",,,UNAVAILABLE,UNAVAILABLE,UNAVAILABLE,UNAVAILABLE,UNAVAILABLE,KEEP,Unique rendered H1/primary query retained; monitor in Search Console.,/subjects/math/algebra/linear-equations/translating-one-variable-models/,0,CURRENT,self-canonical=true; sitemap=true; inboundInternalLinks=5,medium / pending search evidence,"GSC top queries, clicks, impressions, CTR, average position; backlinks before any consolidation"
/subjects/math/algebra/linear-equations/variables-on-both-sides/,https://bettergrades.net/subjects/math/algebra/linear-equations/variables-on-both-sides/,algebra,unit.math.algebra.a2,textbook-lesson.math.algebra.a2-7,textbook-lesson,Variables on both sides | Unit A2 | Better Grades,Variables on both sides,complete Variables on both sides lesson,"Variables on both sides | lesson | Expressions, Equality, and Linear Equations | How can an equation change form without changing its solutions? | Collect variable terms and constants strategically and interpret the resulting coefficient. | algebra textbook",/subjects/math/algebra/expressions-equations/variables-on-both-sides/,which side to move terms to,UNAVAILABLE,UNAVAILABLE,UNAVAILABLE,UNAVAILABLE,UNAVAILABLE,KEEP,Distinct intent versus /subjects/math/algebra/expressions-equations/variables-on-both-sides/; URL preservation is safer without GSC/backlink evidence.,/subjects/math/algebra/linear-equations/variables-on-both-sides/,8,IMPLEMENTED_OR_CONFIRMED,self-canonical=true; sitemap=true; inboundInternalLinks=6,high editorial / pending search evidence,"GSC top queries, clicks, impressions, CTR, average position; backlinks before any consolidation"
/subjects/math/algebra/linear-relationships/,https://bettergrades.net/subjects/math/algebra/linear-relationships/,algebra,unit.math.algebra.a4,,unit-hub,"Unit A4: Ratios, Rates, and Linear Relationships | Better Grades","Unit A4: Ratios, Rates, and Linear Relationships","unit a4: ratios, rates, and linear relationships","Unit A4: Ratios, Rates, and Linear Relationships | unit hub | Ratios, Rates, and Linear Relationships | How do two quantities change together at a constant rate? | algebra textbook",,,UNAVAILABLE,UNAVAILABLE,UNAVAILABLE,UNAVAILABLE,UNAVAILABLE,KEEP,Unique rendered H1/primary query retained; monitor in Search Console.,/subjects/math/algebra/linear-relationships/,0,CURRENT,self-canonical=true; sitemap=true; inboundInternalLinks=27,medium / pending search evidence,"GSC top queries, clicks, impressions, CTR, average position; backlinks before any consolidation"
/subjects/math/algebra/linear-relationships/coordinate-plane-and-equation-solutions/,https://bettergrades.net/subjects/math/algebra/linear-relationships/coordinate-plane-and-equation-solutions/,algebra,unit.math.algebra.a4,textbook-lesson.math.algebra.a4-5,textbook-lesson,Coordinate plane and equation solutions | Unit A4 | Better Grades,Coordinate plane and equation solutions,coordinate plane and equation solutions,"Coordinate plane and equation solutions | lesson | Ratios, Rates, and Linear Relationships | How do two quantities change together at a constant rate? | Interpret graph points as ordered pairs satisfying an equation. | algebra textbook",,,UNAVAILABLE,UNAVAILABLE,UNAVAILABLE,UNAVAILABLE,UNAVAILABLE,KEEP,Unique rendered H1/primary query retained; monitor in Search Console.,/subjects/math/algebra/linear-relationships/coordinate-plane-and-equation-solutions/,0,CURRENT,self-canonical=true; sitemap=true; inboundInternalLinks=5,medium / pending search evidence,"GSC top queries, clicks, impressions, CTR, average position; backlinks before any consolidation"
/subjects/math/algebra/linear-relationships/equation-from-two-points/,https://bettergrades.net/subjects/math/algebra/linear-relationships/equation-from-two-points/,algebra,,,method-guide,How to write a line equation from two points | Better Grades,How to write a line equation from two points,how to write a line equation from two points,"Linear Relationships | Read slope as a rate, build equations from data, and connect tables, graphs, and formulas without treating them as separate topics. | equation from two points",,,UNAVAILABLE,UNAVAILABLE,UNAVAILABLE,UNAVAILABLE,UNAVAILABLE,KEEP,Unique rendered H1/primary query retained; monitor in Search Console.,/subjects/math/algebra/linear-relationships/equation-from-two-points/,0,CURRENT,self-canonical=true; sitemap=true; inboundInternalLinks=3,medium / pending search evidence,"GSC top queries, clicks, impressions, CTR, average position; backlinks before any consolidation"
/subjects/math/algebra/linear-relationships/equations-of-lines/,https://bettergrades.net/subjects/math/algebra/linear-relationships/equations-of-lines/,algebra,unit.math.algebra.a4,textbook-lesson.math.algebra.a4-9,textbook-lesson,Equations of lines | Unit A4 | Better Grades,Equations of lines,equations of lines,"Equations of lines | lesson | Ratios, Rates, and Linear Relationships | How do two quantities change together at a constant rate? | Use slope-intercept, point-slope, and standard forms strategically. | algebra textbook",,,UNAVAILABLE,UNAVAILABLE,UNAVAILABLE,UNAVAILABLE,UNAVAILABLE,KEEP,Unique rendered H1/primary query retained; monitor in Search Console.,/subjects/math/algebra/linear-relationships/equations-of-lines/,0,CURRENT,self-canonical=true; sitemap=true; inboundInternalLinks=5,medium / pending search evidence,"GSC top queries, clicks, impressions, CTR, average position; backlinks before any consolidation"
/subjects/math/algebra/linear-relationships/graphing-linear-equations-from-standard-form/,https://bettergrades.net/subjects/math/algebra/linear-relationships/graphing-linear-equations-from-standard-form/,algebra,,,method-guide,Graphing a linear equation from standard form | Better Grades,Graphing a linear equation from standard form,graphing a linear equation from standard form,"Linear Relationships | Read slope as a rate, build equations from data, and connect tables, graphs, and formulas without treating them as separate topics. | graphing linear equations from standard form | graph standard form | x intercept y intercept | linear graph",,,UNAVAILABLE,UNAVAILABLE,UNAVAILABLE,UNAVAILABLE,UNAVAILABLE,KEEP,Unique rendered H1/primary query retained; monitor in Search Console.,/subjects/math/algebra/linear-relationships/graphing-linear-equations-from-standard-form/,0,CURRENT,self-canonical=true; sitemap=true; inboundInternalLinks=2,medium / pending search evidence,"GSC top queries, clicks, impressions, CTR, average position; backlinks before any consolidation"
/subjects/math/algebra/linear-relationships/intercepts/,https://bettergrades.net/subjects/math/algebra/linear-relationships/intercepts/,algebra,unit.math.algebra.a4,textbook-lesson.math.algebra.a4-6,textbook-lesson,Intercepts | Unit A4 | Better Grades,Intercepts,intercepts,"Intercepts | lesson | Ratios, Rates, and Linear Relationships | How do two quantities change together at a constant rate? | Find and interpret where one quantity is zero. | algebra textbook",,,UNAVAILABLE,UNAVAILABLE,UNAVAILABLE,UNAVAILABLE,UNAVAILABLE,KEEP,Unique rendered H1/primary query retained; monitor in Search Console.,/subjects/math/algebra/linear-relationships/intercepts/,0,CURRENT,self-canonical=true; sitemap=true; inboundInternalLinks=5,medium / pending search evidence,"GSC top queries, clicks, impressions, CTR, average position; backlinks before any consolidation"
/subjects/math/algebra/linear-relationships/interpreting-linear-models/,https://bettergrades.net/subjects/math/algebra/linear-relationships/interpreting-linear-models/,algebra,,,quick-answer,What do slope and intercept mean in a linear model? | Better Grades,What do slope and intercept mean in a linear model?,what do slope and intercept mean in a linear model,"Linear Relationships | Read slope as a rate, build equations from data, and connect tables, graphs, and formulas without treating them as separate topics. | interpreting linear models",,,UNAVAILABLE,UNAVAILABLE,UNAVAILABLE,UNAVAILABLE,UNAVAILABLE,KEEP,Unique rendered H1/primary query retained; monitor in Search Console.,/subjects/math/algebra/linear-relationships/interpreting-linear-models/,0,CURRENT,self-canonical=true; sitemap=true; inboundInternalLinks=3,medium / pending search evidence,"GSC top queries, clicks, impressions, CTR, average position; backlinks before any consolidation"
/subjects/math/algebra/linear-relationships/investigation/,https://bettergrades.net/subjects/math/algebra/linear-relationships/investigation/,algebra,unit.math.algebra.a4,,assessment,"Ratios, Rates, and Linear Relationships: investigation | Unit A4 | Better Grades","Ratios, Rates, and Linear Relationships: investigation","ratios, rates, and linear relationships: investigation","Ratios, Rates, and Linear Relationships: investigation | investigation | Ratios, Rates, and Linear Relationships | How do two quantities change together at a constant rate? | algebra textbook",,,UNAVAILABLE,UNAVAILABLE,UNAVAILABLE,UNAVAILABLE,UNAVAILABLE,KEEP,Unique rendered H1/primary query retained; monitor in Search Console.,/subjects/math/algebra/linear-relationships/investigation/,0,CURRENT,self-canonical=true; sitemap=true; inboundInternalLinks=3,medium / pending search evidence,"GSC top queries, clicks, impressions, CTR, average position; backlinks before any consolidation"
/subjects/math/algebra/linear-relationships/linear-models-fit-and-residuals/,https://bettergrades.net/subjects/math/algebra/linear-relationships/linear-models-fit-and-residuals/,algebra,unit.math.algebra.a4,textbook-lesson.math.algebra.a4-11,textbook-lesson,"Linear models, fit, and residuals | Unit A4 | Better Grades","Linear models, fit, and residuals","linear models, fit, and residuals","Linear models, fit, and residuals | lesson | Ratios, Rates, and Linear Relationships | How do two quantities change together at a constant rate? | Distinguish exact linear relationships from approximate trends and critique extrapolation. | algebra textbook",,,UNAVAILABLE,UNAVAILABLE,UNAVAILABLE,UNAVAILABLE,UNAVAILABLE,KEEP,Unique rendered H1/primary query retained; monitor in Search Console.,/subjects/math/algebra/linear-relationships/linear-models-fit-and-residuals/,0,CURRENT,self-canonical=true; sitemap=true; inboundInternalLinks=4,medium / pending search evidence,"GSC top queries, clicks, impressions, CTR, average position; backlinks before any consolidation"
/subjects/math/algebra/linear-relationships/mastery-check/,https://bettergrades.net/subjects/math/algebra/linear-relationships/mastery-check/,algebra,unit.math.algebra.a4,,assessment,"Ratios, Rates, and Linear Relationships: mastery check | Unit A4 | Better Grades","Ratios, Rates, and Linear Relationships: mastery check","ratios, rates, and linear relationships: mastery check","Ratios, Rates, and Linear Relationships: mastery check | mastery check | Ratios, Rates, and Linear Relationships | How do two quantities change together at a constant rate? | algebra textbook",,,UNAVAILABLE,UNAVAILABLE,UNAVAILABLE,UNAVAILABLE,UNAVAILABLE,KEEP,Unique rendered H1/primary query retained; monitor in Search Console.,/subjects/math/algebra/linear-relationships/mastery-check/,0,CURRENT,self-canonical=true; sitemap=true; inboundInternalLinks=4,medium / pending search evidence,"GSC top queries, clicks, impressions, CTR, average position; backlinks before any consolidation"
/subjects/math/algebra/linear-relationships/mastery-check/answer-key/,https://bettergrades.net/subjects/math/algebra/linear-relationships/mastery-check/answer-key/,algebra,unit.math.algebra.a4,,assessment,"Ratios, Rates, and Linear Relationships: mastery answer key | Unit A4 | Better Grades","Ratios, Rates, and Linear Relationships: mastery answer key","ratios, rates, and linear relationships: mastery answer key","Ratios, Rates, and Linear Relationships: mastery answer key | answer key | Ratios, Rates, and Linear Relationships | How do two quantities change together at a constant rate? | algebra textbook",,,UNAVAILABLE,UNAVAILABLE,UNAVAILABLE,UNAVAILABLE,UNAVAILABLE,KEEP,Unique rendered H1/primary query retained; monitor in Search Console.,/subjects/math/algebra/linear-relationships/mastery-check/answer-key/,0,CURRENT,self-canonical=true; sitemap=true; inboundInternalLinks=4,medium / pending search evidence,"GSC top queries, clicks, impressions, CTR, average position; backlinks before any consolidation"
/subjects/math/algebra/linear-relationships/parallel-and-perpendicular-lines/,https://bettergrades.net/subjects/math/algebra/linear-relationships/parallel-and-perpendicular-lines/,algebra,unit.math.algebra.a4,textbook-lesson.math.algebra.a4-10,textbook-lesson,Parallel and perpendicular lines | Unit A4 | Better Grades,Parallel and perpendicular lines,complete Parallel and perpendicular lines lesson,"Parallel and perpendicular lines | lesson | Ratios, Rates, and Linear Relationships | How do two quantities change together at a constant rate? | Connect equal and negative-reciprocal slopes with geometric relationships. | algebra textbook",/subjects/math/algebra/linear-relationships/parallel-perpendicular-lines/,vertical-line exception for parallel and perpendicular slopes,UNAVAILABLE,UNAVAILABLE,UNAVAILABLE,UNAVAILABLE,UNAVAILABLE,KEEP,Distinct intent versus /subjects/math/algebra/linear-relationships/parallel-perpendicular-lines/; URL preservation is safer without GSC/backlink evidence.,/subjects/math/algebra/linear-relationships/parallel-and-perpendicular-lines/,8,IMPLEMENTED_OR_CONFIRMED,self-canonical=true; sitemap=true; inboundInternalLinks=6,high editorial / pending search evidence,"GSC top queries, clicks, impressions, CTR, average position; backlinks before any consolidation"
/subjects/math/algebra/linear-relationships/parallel-perpendicular-lines/,https://bettergrades.net/subjects/math/algebra/linear-relationships/parallel-perpendicular-lines/,algebra,,,concept-explainer,"Parallel and perpendicular slopes, with the vertical-line exception | Better Grades","Parallel and perpendicular slopes, with the vertical-line exception",vertical-line exception for parallel and perpendicular slopes,"Linear Relationships | Read slope as a rate, build equations from data, and connect tables, graphs, and formulas without treating them as separate topics. | parallel perpendicular lines",/subjects/math/algebra/linear-relationships/parallel-and-perpendicular-lines/,complete Parallel and perpendicular lines lesson,UNAVAILABLE,UNAVAILABLE,UNAVAILABLE,UNAVAILABLE,UNAVAILABLE,REPOSITION,Distinct intent versus /subjects/math/algebra/linear-relationships/parallel-and-perpendicular-lines/; URL preservation is safer without GSC/backlink evidence.,/subjects/math/algebra/linear-relationships/parallel-and-perpendicular-lines/,8,IMPLEMENTED_OR_CONFIRMED,self-canonical=true; sitemap=true; inboundInternalLinks=4,high editorial / pending search evidence,"GSC top queries, clicks, impressions, CTR, average position; backlinks before any consolidation"
/subjects/math/algebra/linear-relationships/percent-as-a-multiplier/,https://bettergrades.net/subjects/math/algebra/linear-relationships/percent-as-a-multiplier/,algebra,unit.math.algebra.a4,textbook-lesson.math.algebra.a4-4,textbook-lesson,Percent as a multiplier | Unit A4 | Better Grades,Percent as a multiplier,percent as a multiplier,"Percent as a multiplier | lesson | Ratios, Rates, and Linear Relationships | How do two quantities change together at a constant rate? | Treat percent change as multiplication and distinguish one-time from repeated change. | algebra textbook",,,UNAVAILABLE,UNAVAILABLE,UNAVAILABLE,UNAVAILABLE,UNAVAILABLE,KEEP,Unique rendered H1/primary query retained; monitor in Search Console.,/subjects/math/algebra/linear-relationships/percent-as-a-multiplier/,0,CURRENT,self-canonical=true; sitemap=true; inboundInternalLinks=5,medium / pending search evidence,"GSC top queries, clicks, impressions, CTR, average position; backlinks before any consolidation"
/subjects/math/algebra/linear-relationships/point-slope-vs-slope-intercept/,https://bettergrades.net/subjects/math/algebra/linear-relationships/point-slope-vs-slope-intercept/,algebra,,,decision-guide,Point-slope or slope-intercept form: which should you use? | Better Grades,Point-slope or slope-intercept form: which should you use?,point-slope or slope-intercept form: which should you use,"Linear Relationships | Read slope as a rate, build equations from data, and connect tables, graphs, and formulas without treating them as separate topics. | point slope vs slope intercept",,,UNAVAILABLE,UNAVAILABLE,UNAVAILABLE,UNAVAILABLE,UNAVAILABLE,KEEP,Unique rendered H1/primary query retained; monitor in Search Console.,/subjects/math/algebra/linear-relationships/point-slope-vs-slope-intercept/,0,CURRENT,self-canonical=true; sitemap=true; inboundInternalLinks=3,medium / pending search evidence,"GSC top queries, clicks, impressions, CTR, average position; backlinks before any consolidation"
/subjects/math/algebra/linear-relationships/practice/,https://bettergrades.net/subjects/math/algebra/linear-relationships/practice/,algebra,unit.math.algebra.a4,,assessment,"Ratios, Rates, and Linear Relationships: mixed practice | Unit A4 | Better Grades","Ratios, Rates, and Linear Relationships: mixed practice","ratios, rates, and linear relationships: mixed practice","Ratios, Rates, and Linear Relationships: mixed practice | practice | Ratios, Rates, and Linear Relationships | How do two quantities change together at a constant rate? | algebra textbook",,,UNAVAILABLE,UNAVAILABLE,UNAVAILABLE,UNAVAILABLE,UNAVAILABLE,KEEP,Unique rendered H1/primary query retained; monitor in Search Console.,/subjects/math/algebra/linear-relationships/practice/,0,CURRENT,self-canonical=true; sitemap=true; inboundInternalLinks=14,medium / pending search evidence,"GSC top queries, clicks, impressions, CTR, average position; backlinks before any consolidation"
/subjects/math/algebra/linear-relationships/proportional-relationships/,https://bettergrades.net/subjects/math/algebra/linear-relationships/proportional-relationships/,algebra,unit.math.algebra.a4,textbook-lesson.math.algebra.a4-3,textbook-lesson,Proportional relationships | Unit A4 | Better Grades,Proportional relationships,proportional relationships,"Proportional relationships | lesson | Ratios, Rates, and Linear Relationships | How do two quantities change together at a constant rate? | Recognize y=kx in tables, graphs, formulas, and contexts. | algebra textbook",,,UNAVAILABLE,UNAVAILABLE,UNAVAILABLE,UNAVAILABLE,UNAVAILABLE,KEEP,Unique rendered H1/primary query retained; monitor in Search Console.,/subjects/math/algebra/linear-relationships/proportional-relationships/,0,CURRENT,self-canonical=true; sitemap=true; inboundInternalLinks=5,medium / pending search evidence,"GSC top queries, clicks, impressions, CTR, average position; backlinks before any consolidation"
/subjects/math/algebra/linear-relationships/ratios-and-equivalent-ratios/,https://bettergrades.net/subjects/math/algebra/linear-relationships/ratios-and-equivalent-ratios/,algebra,unit.math.algebra.a4,textbook-lesson.math.algebra.a4-1,textbook-lesson,Ratios and equivalent ratios | Unit A4 | Better Grades,Ratios and equivalent ratios,ratios and equivalent ratios,"Ratios and equivalent ratios | lesson | Ratios, Rates, and Linear Relationships | How do two quantities change together at a constant rate? | Compare quantities multiplicatively and preserve the order and meaning of the comparison. | algebra textbook",,,UNAVAILABLE,UNAVAILABLE,UNAVAILABLE,UNAVAILABLE,UNAVAILABLE,KEEP,Unique rendered H1/primary query retained; monitor in Search Console.,/subjects/math/algebra/linear-relationships/ratios-and-equivalent-ratios/,0,CURRENT,self-canonical=true; sitemap=true; inboundInternalLinks=4,medium / pending search evidence,"GSC top queries, clicks, impressions, CTR, average position; backlinks before any consolidation"
/subjects/math/algebra/linear-relationships/review/,https://bettergrades.net/subjects/math/algebra/linear-relationships/review/,algebra,unit.math.algebra.a4,,assessment,"Ratios, Rates, and Linear Relationships: cumulative review | Unit A4 | Better Grades","Ratios, Rates, and Linear Relationships: cumulative review","ratios, rates, and linear relationships: cumulative review","Ratios, Rates, and Linear Relationships: cumulative review | review | Ratios, Rates, and Linear Relationships | How do two quantities change together at a constant rate? | algebra textbook",,,UNAVAILABLE,UNAVAILABLE,UNAVAILABLE,UNAVAILABLE,UNAVAILABLE,KEEP,Unique rendered H1/primary query retained; monitor in Search Console.,/subjects/math/algebra/linear-relationships/review/,0,CURRENT,self-canonical=true; sitemap=true; inboundInternalLinks=3,medium / pending search evidence,"GSC top queries, clicks, impressions, CTR, average position; backlinks before any consolidation"
/subjects/math/algebra/linear-relationships/slope-as-rate-of-change/,https://bettergrades.net/subjects/math/algebra/linear-relationships/slope-as-rate-of-change/,algebra,,,concept-explainer,"Slope is a rate of change, not just rise over run | Better Grades","Slope is a rate of change, not just rise over run","slope is a rate of change, not just rise over run","Linear Relationships | Read slope as a rate, build equations from data, and connect tables, graphs, and formulas without treating them as separate topics. | slope as rate of change",,,UNAVAILABLE,UNAVAILABLE,UNAVAILABLE,UNAVAILABLE,UNAVAILABLE,KEEP,Unique rendered H1/primary query retained; monitor in Search Console.,/subjects/math/algebra/linear-relationships/slope-as-rate-of-change/,0,CURRENT,self-canonical=true; sitemap=true; inboundInternalLinks=2,medium / pending search evidence,"GSC top queries, clicks, impressions, CTR, average position; backlinks before any consolidation"
/subjects/math/algebra/linear-relationships/slope-from-graphs-and-tables/,https://bettergrades.net/subjects/math/algebra/linear-relationships/slope-from-graphs-and-tables/,algebra,unit.math.algebra.a4,textbook-lesson.math.algebra.a4-7,textbook-lesson,Slope from graphs and tables | Unit A4 | Better Grades,Slope from graphs and tables,slope from graphs and tables,"Slope from graphs and tables | lesson | Ratios, Rates, and Linear Relationships | How do two quantities change together at a constant rate? | Measure constant vertical change per horizontal change and attach units. | algebra textbook",,,UNAVAILABLE,UNAVAILABLE,UNAVAILABLE,UNAVAILABLE,UNAVAILABLE,KEEP,Unique rendered H1/primary query retained; monitor in Search Console.,/subjects/math/algebra/linear-relationships/slope-from-graphs-and-tables/,0,CURRENT,self-canonical=true; sitemap=true; inboundInternalLinks=5,medium / pending search evidence,"GSC top queries, clicks, impressions, CTR, average position; backlinks before any consolidation"
/subjects/math/algebra/linear-relationships/slope-from-two-points/,https://bettergrades.net/subjects/math/algebra/linear-relationships/slope-from-two-points/,algebra,unit.math.algebra.a4,textbook-lesson.math.algebra.a4-8,textbook-lesson,Slope from two points | Unit A4 | Better Grades,Slope from two points,slope from two points,"Slope from two points | lesson | Ratios, Rates, and Linear Relationships | How do two quantities change together at a constant rate? | Use consistent coordinate differences to calculate slope. | algebra textbook",,,UNAVAILABLE,UNAVAILABLE,UNAVAILABLE,UNAVAILABLE,UNAVAILABLE,KEEP,Unique rendered H1/primary query retained; monitor in Search Console.,/subjects/math/algebra/linear-relationships/slope-from-two-points/,0,CURRENT,self-canonical=true; sitemap=true; inboundInternalLinks=5,medium / pending search evidence,"GSC top queries, clicks, impressions, CTR, average position; backlinks before any consolidation"
/subjects/math/algebra/linear-relationships/unit-rates/,https://bettergrades.net/subjects/math/algebra/linear-relationships/unit-rates/,algebra,unit.math.algebra.a4,textbook-lesson.math.algebra.a4-2,textbook-lesson,Unit rates | Unit A4 | Better Grades,Unit rates,unit rates,"Unit rates | lesson | Ratios, Rates, and Linear Relationships | How do two quantities change together at a constant rate? | Reduce a comparison to change per one unit and compare rates with consistent units. | algebra textbook",,,UNAVAILABLE,UNAVAILABLE,UNAVAILABLE,UNAVAILABLE,UNAVAILABLE,KEEP,Unique rendered H1/primary query retained; monitor in Search Console.,/subjects/math/algebra/linear-relationships/unit-rates/,0,CURRENT,self-canonical=true; sitemap=true; inboundInternalLinks=5,medium / pending search evidence,"GSC top queries, clicks, impressions, CTR, average position; backlinks before any consolidation"
/subjects/math/algebra/polynomial-operations/,https://bettergrades.net/subjects/math/algebra/polynomial-operations/,algebra,unit.math.algebra.a7,,unit-hub,Unit A7: Polynomial Operations and Special Products | Better Grades,Unit A7: Polynomial Operations and Special Products,unit a7: polynomial operations and special products,Unit A7: Polynomial Operations and Special Products | unit hub | Polynomial Operations and Special Products | How can expressions built from powers be combined systematically? | algebra textbook,,,UNAVAILABLE,UNAVAILABLE,UNAVAILABLE,UNAVAILABLE,UNAVAILABLE,KEEP,Unique rendered H1/primary query retained; monitor in Search Console.,/subjects/math/algebra/polynomial-operations/,0,CURRENT,self-canonical=true; sitemap=true; inboundInternalLinks=15,medium / pending search evidence,"GSC top queries, clicks, impressions, CTR, average position; backlinks before any consolidation"
/subjects/math/algebra/polynomial-operations/adding-and-subtracting-polynomials/,https://bettergrades.net/subjects/math/algebra/polynomial-operations/adding-and-subtracting-polynomials/,algebra,unit.math.algebra.a7,textbook-lesson.math.algebra.a7-2,textbook-lesson,Adding and subtracting polynomials | Unit A7 | Better Grades,Adding and subtracting polynomials,adding and subtracting polynomials,Adding and subtracting polynomials | lesson | Polynomial Operations and Special Products | How can expressions built from powers be combined systematically? | Combine like powers while preserving signs and missing terms. | algebra textbook,,,UNAVAILABLE,UNAVAILABLE,UNAVAILABLE,UNAVAILABLE,UNAVAILABLE,KEEP,Unique rendered H1/primary query retained; monitor in Search Console.,/subjects/math/algebra/polynomial-operations/adding-and-subtracting-polynomials/,0,CURRENT,self-canonical=true; sitemap=true; inboundInternalLinks=5,medium / pending search evidence,"GSC top queries, clicks, impressions, CTR, average position; backlinks before any consolidation"
/subjects/math/algebra/polynomial-operations/division-by-a-monomial/,https://bettergrades.net/subjects/math/algebra/polynomial-operations/division-by-a-monomial/,algebra,unit.math.algebra.a7,textbook-lesson.math.algebra.a7-7,textbook-lesson,Division by a monomial | Unit A7 | Better Grades,Division by a monomial,division by a monomial,Division by a monomial | lesson | Polynomial Operations and Special Products | How can expressions built from powers be combined systematically? | Divide every polynomial term and state restrictions where needed. | algebra textbook,,,UNAVAILABLE,UNAVAILABLE,UNAVAILABLE,UNAVAILABLE,UNAVAILABLE,KEEP,Unique rendered H1/primary query retained; monitor in Search Console.,/subjects/math/algebra/polynomial-operations/division-by-a-monomial/,0,CURRENT,self-canonical=true; sitemap=true; inboundInternalLinks=5,medium / pending search evidence,"GSC top queries, clicks, impressions, CTR, average position; backlinks before any consolidation"
/subjects/math/algebra/polynomial-operations/mastery-check/,https://bettergrades.net/subjects/math/algebra/polynomial-operations/mastery-check/,algebra,unit.math.algebra.a7,,assessment,Polynomial Operations and Special Products: mastery check | Unit A7 | Better Grades,Polynomial Operations and Special Products: mastery check,polynomial operations and special products: mastery check,Polynomial Operations and Special Products: mastery check | mastery check | Polynomial Operations and Special Products | How can expressions built from powers be combined systematically? | algebra textbook,,,UNAVAILABLE,UNAVAILABLE,UNAVAILABLE,UNAVAILABLE,UNAVAILABLE,KEEP,Unique rendered H1/primary query retained; monitor in Search Console.,/subjects/math/algebra/polynomial-operations/mastery-check/,0,CURRENT,self-canonical=true; sitemap=true; inboundInternalLinks=4,medium / pending search evidence,"GSC top queries, clicks, impressions, CTR, average position; backlinks before any consolidation"
/subjects/math/algebra/polynomial-operations/mastery-check/answer-key/,https://bettergrades.net/subjects/math/algebra/polynomial-operations/mastery-check/answer-key/,algebra,unit.math.algebra.a7,,assessment,Polynomial Operations and Special Products: mastery answer key | Unit A7 | Better Grades,Polynomial Operations and Special Products: mastery answer key,polynomial operations and special products: mastery answer key,Polynomial Operations and Special Products: mastery answer key | answer key | Polynomial Operations and Special Products | How can expressions built from powers be combined systematically? | algebra textbook,,,UNAVAILABLE,UNAVAILABLE,UNAVAILABLE,UNAVAILABLE,UNAVAILABLE,KEEP,Unique rendered H1/primary query retained; monitor in Search Console.,/subjects/math/algebra/polynomial-operations/mastery-check/answer-key/,0,CURRENT,self-canonical=true; sitemap=true; inboundInternalLinks=4,medium / pending search evidence,"GSC top queries, clicks, impressions, CTR, average position; backlinks before any consolidation"
/subjects/math/algebra/polynomial-operations/monomial-times-polynomial/,https://bettergrades.net/subjects/math/algebra/polynomial-operations/monomial-times-polynomial/,algebra,unit.math.algebra.a7,textbook-lesson.math.algebra.a7-4,textbook-lesson,Monomial times polynomial | Unit A7 | Better Grades,Monomial times polynomial,monomial times polynomial,Monomial times polynomial | lesson | Polynomial Operations and Special Products | How can expressions built from powers be combined systematically? | Distribute one factor to every term and factor back to verify. | algebra textbook,,,UNAVAILABLE,UNAVAILABLE,UNAVAILABLE,UNAVAILABLE,UNAVAILABLE,KEEP,Unique rendered H1/primary query retained; monitor in Search Console.,/subjects/math/algebra/polynomial-operations/monomial-times-polynomial/,0,CURRENT,self-canonical=true; sitemap=true; inboundInternalLinks=5,medium / pending search evidence,"GSC top queries, clicks, impressions, CTR, average position; backlinks before any consolidation"
/subjects/math/algebra/polynomial-operations/multiplying-monomials/,https://bettergrades.net/subjects/math/algebra/polynomial-operations/multiplying-monomials/,algebra,unit.math.algebra.a7,textbook-lesson.math.algebra.a7-3,textbook-lesson,Multiplying monomials | Unit A7 | Better Grades,Multiplying monomials,multiplying monomials,Multiplying monomials | lesson | Polynomial Operations and Special Products | How can expressions built from powers be combined systematically? | Combine coefficients and like bases using exponent laws. | algebra textbook,,,UNAVAILABLE,UNAVAILABLE,UNAVAILABLE,UNAVAILABLE,UNAVAILABLE,KEEP,Unique rendered H1/primary query retained; monitor in Search Console.,/subjects/math/algebra/polynomial-operations/multiplying-monomials/,0,CURRENT,self-canonical=true; sitemap=true; inboundInternalLinks=5,medium / pending search evidence,"GSC top queries, clicks, impressions, CTR, average position; backlinks before any consolidation"
/subjects/math/algebra/polynomial-operations/polynomial-long-division/,https://bettergrades.net/subjects/math/algebra/polynomial-operations/polynomial-long-division/,algebra,unit.math.algebra.a7,textbook-lesson.math.algebra.a7-8,textbook-lesson,Polynomial long division | Unit A7 | Better Grades,Polynomial long division,polynomial long division,Polynomial long division | lesson | Polynomial Operations and Special Products | How can expressions built from powers be combined systematically? | Use place-value alignment to write a polynomial as divisor times quotient plus remainder. | algebra textbook,,,UNAVAILABLE,UNAVAILABLE,UNAVAILABLE,UNAVAILABLE,UNAVAILABLE,KEEP,Unique rendered H1/primary query retained; monitor in Search Console.,/subjects/math/algebra/polynomial-operations/polynomial-long-division/,0,CURRENT,self-canonical=true; sitemap=true; inboundInternalLinks=5,medium / pending search evidence,"GSC top queries, clicks, impressions, CTR, average position; backlinks before any consolidation"
/subjects/math/algebra/polynomial-operations/polynomial-structure-clinic/,https://bettergrades.net/subjects/math/algebra/polynomial-operations/polynomial-structure-clinic/,algebra,unit.math.algebra.a7,textbook-lesson.math.algebra.a7-9,textbook-lesson,Polynomial structure clinic | Unit A7 | Better Grades,Polynomial structure clinic,polynomial structure clinic,Polynomial structure clinic | lesson | Polynomial Operations and Special Products | How can expressions built from powers be combined systematically? | Choose the correct operation and reject false distribution or exponent laws. | algebra textbook,,,UNAVAILABLE,UNAVAILABLE,UNAVAILABLE,UNAVAILABLE,UNAVAILABLE,KEEP,Unique rendered H1/primary query retained; monitor in Search Console.,/subjects/math/algebra/polynomial-operations/polynomial-structure-clinic/,0,CURRENT,self-canonical=true; sitemap=true; inboundInternalLinks=4,medium / pending search evidence,"GSC top queries, clicks, impressions, CTR, average position; backlinks before any consolidation"
/subjects/math/algebra/polynomial-operations/polynomial-times-polynomial/,https://bettergrades.net/subjects/math/algebra/polynomial-operations/polynomial-times-polynomial/,algebra,unit.math.algebra.a7,textbook-lesson.math.algebra.a7-5,textbook-lesson,Polynomial times polynomial | Unit A7 | Better Grades,Polynomial times polynomial,complete Polynomial times polynomial lesson,Polynomial times polynomial | lesson | Polynomial Operations and Special Products | How can expressions built from powers be combined systematically? | Organize all pairwise products through general distribution. | algebra textbook,/subjects/math/algebra/polynomials-factoring/multiply-polynomials/,polynomial multiplication error-prevention checklist,UNAVAILABLE,UNAVAILABLE,UNAVAILABLE,UNAVAILABLE,UNAVAILABLE,KEEP,Distinct intent versus /subjects/math/algebra/polynomials-factoring/multiply-polynomials/; URL preservation is safer without GSC/backlink evidence.,/subjects/math/algebra/polynomial-operations/polynomial-times-polynomial/,10,IMPLEMENTED_OR_CONFIRMED,self-canonical=true; sitemap=true; inboundInternalLinks=6,high editorial / pending search evidence,"GSC top queries, clicks, impressions, CTR, average position; backlinks before any consolidation"
/subjects/math/algebra/polynomial-operations/polynomial-vocabulary-and-evaluation/,https://bettergrades.net/subjects/math/algebra/polynomial-operations/polynomial-vocabulary-and-evaluation/,algebra,unit.math.algebra.a7,textbook-lesson.math.algebra.a7-1,textbook-lesson,Polynomial vocabulary and evaluation | Unit A7 | Better Grades,Polynomial vocabulary and evaluation,polynomial vocabulary and evaluation,"Polynomial vocabulary and evaluation | lesson | Polynomial Operations and Special Products | How can expressions built from powers be combined systematically? | Identify degree, leading term, coefficients, and standard form and distinguish polynomials from other expressions. | algebra textbook",,,UNAVAILABLE,UNAVAILABLE,UNAVAILABLE,UNAVAILABLE,UNAVAILABLE,KEEP,Unique rendered H1/primary query retained; monitor in Search Console.,/subjects/math/algebra/polynomial-operations/polynomial-vocabulary-and-evaluation/,0,CURRENT,self-canonical=true; sitemap=true; inboundInternalLinks=4,medium / pending search evidence,"GSC top queries, clicks, impressions, CTR, average position; backlinks before any consolidation"
/subjects/math/algebra/polynomial-operations/practice/,https://bettergrades.net/subjects/math/algebra/polynomial-operations/practice/,algebra,unit.math.algebra.a7,,assessment,Polynomial Operations and Special Products: mixed practice | Unit A7 | Better Grades,Polynomial Operations and Special Products: mixed practice,polynomial operations and special products: mixed practice,Polynomial Operations and Special Products: mixed practice | practice | Polynomial Operations and Special Products | How can expressions built from powers be combined systematically? | algebra textbook,,,UNAVAILABLE,UNAVAILABLE,UNAVAILABLE,UNAVAILABLE,UNAVAILABLE,KEEP,Unique rendered H1/primary query retained; monitor in Search Console.,/subjects/math/algebra/polynomial-operations/practice/,0,CURRENT,self-canonical=true; sitemap=true; inboundInternalLinks=12,medium / pending search evidence,"GSC top queries, clicks, impressions, CTR, average position; backlinks before any consolidation"
/subjects/math/algebra/polynomial-operations/review/,https://bettergrades.net/subjects/math/algebra/polynomial-operations/review/,algebra,unit.math.algebra.a7,,assessment,Polynomial Operations and Special Products: cumulative review | Unit A7 | Better Grades,Polynomial Operations and Special Products: cumulative review,polynomial operations and special products: cumulative review,Polynomial Operations and Special Products: cumulative review | review | Polynomial Operations and Special Products | How can expressions built from powers be combined systematically? | algebra textbook,,,UNAVAILABLE,UNAVAILABLE,UNAVAILABLE,UNAVAILABLE,UNAVAILABLE,KEEP,Unique rendered H1/primary query retained; monitor in Search Console.,/subjects/math/algebra/polynomial-operations/review/,0,CURRENT,self-canonical=true; sitemap=true; inboundInternalLinks=3,medium / pending search evidence,"GSC top queries, clicks, impressions, CTR, average position; backlinks before any consolidation"
/subjects/math/algebra/polynomial-operations/special-products/,https://bettergrades.net/subjects/math/algebra/polynomial-operations/special-products/,algebra,unit.math.algebra.a7,textbook-lesson.math.algebra.a7-6,textbook-lesson,Special products | Unit A7 | Better Grades,Special products,special products,Special products | lesson | Polynomial Operations and Special Products | How can expressions built from powers be combined systematically? | Recognize binomial squares and conjugate products as geometric and algebraic patterns. | algebra textbook,,,UNAVAILABLE,UNAVAILABLE,UNAVAILABLE,UNAVAILABLE,UNAVAILABLE,KEEP,Unique rendered H1/primary query retained; monitor in Search Console.,/subjects/math/algebra/polynomial-operations/special-products/,0,CURRENT,self-canonical=true; sitemap=true; inboundInternalLinks=5,medium / pending search evidence,"GSC top queries, clicks, impressions, CTR, average position; backlinks before any consolidation"
/subjects/math/algebra/polynomials-factoring/,https://bettergrades.net/subjects/math/algebra/polynomials-factoring/,algebra,,,quick-answer,Polynomials & Factoring Algebra resources | Better Grades,Polynomials & Factoring,polynomials & factoring,Algebra | polynomials factoring | learn | topic,,,UNAVAILABLE,UNAVAILABLE,UNAVAILABLE,UNAVAILABLE,UNAVAILABLE,KEEP,Unique rendered H1/primary query retained; monitor in Search Console.,/subjects/math/algebra/polynomials-factoring/,0,CURRENT,self-canonical=true; sitemap=true; inboundInternalLinks=8,medium / pending search evidence,"GSC top queries, clicks, impressions, CTR, average position; backlinks before any consolidation"
/subjects/math/algebra/polynomials-factoring/completing-the-square/,https://bettergrades.net/subjects/math/algebra/polynomials-factoring/completing-the-square/,algebra,,,method-guide,How to find the missing term when completing the square | Better Grades,How to find the missing term when completing the square,finding the missing completing-square term,"Polynomials & Factoring | Control exponents, multiply cleanly, and recognize the factor patterns that make higher-degree algebra manageable. | completing the square | complete square | vertex form | derive quadratic formula",/subjects/math/algebra/factoring-quadratics/completing-the-square-algebraically/,complete Completing the square algebraically lesson,UNAVAILABLE,UNAVAILABLE,UNAVAILABLE,UNAVAILABLE,UNAVAILABLE,REPOSITION,Distinct intent versus /subjects/math/algebra/factoring-quadratics/completing-the-square-algebraically/; URL preservation is safer without GSC/backlink evidence.,/subjects/math/algebra/factoring-quadratics/completing-the-square-algebraically/,10,IMPLEMENTED_OR_CONFIRMED,self-canonical=true; sitemap=true; inboundInternalLinks=4,high editorial / pending search evidence,"GSC top queries, clicks, impressions, CTR, average position; backlinks before any consolidation"
/subjects/math/algebra/polynomials-factoring/exponent-rules/,https://bettergrades.net/subjects/math/algebra/polynomials-factoring/exponent-rules/,algebra,,,concept-explainer,Exponent rules that come from counting factors | Better Grades,Exponent rules that come from counting factors,exponent rules that come from counting factors,"Polynomials & Factoring | Control exponents, multiply cleanly, and recognize the factor patterns that make higher-degree algebra manageable. | exponent rules",,,UNAVAILABLE,UNAVAILABLE,UNAVAILABLE,UNAVAILABLE,UNAVAILABLE,KEEP,Unique rendered H1/primary query retained; monitor in Search Console.,/subjects/math/algebra/polynomials-factoring/exponent-rules/,0,CURRENT,self-canonical=true; sitemap=true; inboundInternalLinks=3,medium / pending search evidence,"GSC top queries, clicks, impressions, CTR, average position; backlinks before any consolidation"
/subjects/math/algebra/polynomials-factoring/factoring-trinomials/,https://bettergrades.net/subjects/math/algebra/polynomials-factoring/factoring-trinomials/,algebra,,,method-guide,Factoring trinomials: which method should you use? | Better Grades,Factoring trinomials: which method should you use?,choosing a trinomial factoring method,"Polynomials & Factoring | Control exponents, multiply cleanly, and recognize the factor patterns that make higher-degree algebra manageable. | factoring trinomials",/subjects/math/algebra/factoring-quadratics/factoring-x-2-bx-c/,complete Factoring x^2+bx+c lesson,UNAVAILABLE,UNAVAILABLE,UNAVAILABLE,UNAVAILABLE,UNAVAILABLE,REPOSITION,Distinct intent versus /subjects/math/algebra/factoring-quadratics/factoring-x-2-bx-c/; URL preservation is safer without GSC/backlink evidence.,/subjects/math/algebra/factoring-quadratics/factoring-x-2-bx-c/,9,IMPLEMENTED_OR_CONFIRMED,self-canonical=true; sitemap=true; inboundInternalLinks=5,high editorial / pending search evidence,"GSC top queries, clicks, impressions, CTR, average position; backlinks before any consolidation"
/subjects/math/algebra/polynomials-factoring/greatest-common-factor/,https://bettergrades.net/subjects/math/algebra/polynomials-factoring/greatest-common-factor/,algebra,,,method-guide,Why the GCF should be your first factoring move | Better Grades,Why the GCF should be your first factoring move,when to factor the GCF first,"Polynomials & Factoring | Control exponents, multiply cleanly, and recognize the factor patterns that make higher-degree algebra manageable. | greatest common factor",/subjects/math/algebra/factoring-quadratics/factoring-as-reverse-distribution-and-gcf/,complete Factoring as reverse distribution and GCF lesson,UNAVAILABLE,UNAVAILABLE,UNAVAILABLE,UNAVAILABLE,UNAVAILABLE,REPOSITION,Distinct intent versus /subjects/math/algebra/factoring-quadratics/factoring-as-reverse-distribution-and-gcf/; URL preservation is safer without GSC/backlink evidence.,/subjects/math/algebra/factoring-quadratics/factoring-as-reverse-distribution-and-gcf/,9,IMPLEMENTED_OR_CONFIRMED,self-canonical=true; sitemap=true; inboundInternalLinks=5,high editorial / pending search evidence,"GSC top queries, clicks, impressions, CTR, average position; backlinks before any consolidation"
/subjects/math/algebra/polynomials-factoring/multiply-polynomials/,https://bettergrades.net/subjects/math/algebra/polynomials-factoring/multiply-polynomials/,algebra,,,method-guide,Polynomial multiplication checklist: include every term | Better Grades,Polynomial multiplication checklist: include every term,polynomial multiplication error-prevention checklist,"Polynomials & Factoring | Control exponents, multiply cleanly, and recognize the factor patterns that make higher-degree algebra manageable. | multiply polynomials",/subjects/math/algebra/polynomial-operations/polynomial-times-polynomial/,complete Polynomial times polynomial lesson,UNAVAILABLE,UNAVAILABLE,UNAVAILABLE,UNAVAILABLE,UNAVAILABLE,REPOSITION,Distinct intent versus /subjects/math/algebra/polynomial-operations/polynomial-times-polynomial/; URL preservation is safer without GSC/backlink evidence.,/subjects/math/algebra/polynomial-operations/polynomial-times-polynomial/,10,IMPLEMENTED_OR_CONFIRMED,self-canonical=true; sitemap=true; inboundInternalLinks=5,high editorial / pending search evidence,"GSC top queries, clicks, impressions, CTR, average position; backlinks before any consolidation"
/subjects/math/algebra/polynomials-factoring/special-factor-patterns/,https://bettergrades.net/subjects/math/algebra/polynomials-factoring/special-factor-patterns/,algebra,,,decision-guide,Difference of squares or perfect-square trinomial? | Better Grades,Difference of squares or perfect-square trinomial?,difference of squares versus perfect-square trinomial,"Polynomials & Factoring | Control exponents, multiply cleanly, and recognize the factor patterns that make higher-degree algebra manageable. | special factor patterns",/subjects/math/algebra/factoring-quadratics/special-factoring-patterns/,complete Special factoring patterns lesson,UNAVAILABLE,UNAVAILABLE,UNAVAILABLE,UNAVAILABLE,UNAVAILABLE,REPOSITION,Distinct intent versus /subjects/math/algebra/factoring-quadratics/special-factoring-patterns/; URL preservation is safer without GSC/backlink evidence.,/subjects/math/algebra/factoring-quadratics/special-factoring-patterns/,8,IMPLEMENTED_OR_CONFIRMED,self-canonical=true; sitemap=true; inboundInternalLinks=5,high editorial / pending search evidence,"GSC top queries, clicks, impressions, CTR, average position; backlinks before any consolidation"
/subjects/math/algebra/precalculus-readiness/,https://bettergrades.net/subjects/math/algebra/precalculus-readiness/,algebra,unit.math.algebra.a14,,unit-hub,Unit A14: Algebra Synthesis and Precalculus Readiness | Better Grades,Unit A14: Algebra Synthesis and Precalculus Readiness,unit a14: algebra synthesis and precalculus readiness,"Unit A14: Algebra Synthesis and Precalculus Readiness | unit hub | Algebra Synthesis and Precalculus Readiness | When the problem is unlabeled, how do we decide what structure it has and what method applies? | algebra textbook",,,UNAVAILABLE,UNAVAILABLE,UNAVAILABLE,UNAVAILABLE,UNAVAILABLE,KEEP,Unique rendered H1/primary query retained; monitor in Search Console.,/subjects/math/algebra/precalculus-readiness/,0,CURRENT,self-canonical=true; sitemap=true; inboundInternalLinks=14,medium / pending search evidence,"GSC top queries, clicks, impressions, CTR, average position; backlinks before any consolidation"
/subjects/math/algebra/precalculus-readiness/choosing-a-solving-method/,https://bettergrades.net/subjects/math/algebra/precalculus-readiness/choosing-a-solving-method/,algebra,unit.math.algebra.a14,textbook-lesson.math.algebra.a14-3,textbook-lesson,Choosing a solving method | Unit A14 | Better Grades,Choosing a solving method,choosing a solving method,"Choosing a solving method | lesson | Algebra Synthesis and Precalculus Readiness | When the problem is unlabeled, how do we decide what structure it has and what method applies? | Select inverse operations, factoring, square roots, formulas, denominator clearing, powers, or logarithms based on structure. | algebra textbook",,,UNAVAILABLE,UNAVAILABLE,UNAVAILABLE,UNAVAILABLE,UNAVAILABLE,KEEP,Unique rendered H1/primary query retained; monitor in Search Console.,/subjects/math/algebra/precalculus-readiness/choosing-a-solving-method/,0,CURRENT,self-canonical=true; sitemap=true; inboundInternalLinks=5,medium / pending search evidence,"GSC top queries, clicks, impressions, CTR, average position; backlinks before any consolidation"
/subjects/math/algebra/precalculus-readiness/classifying-equation-families/,https://bettergrades.net/subjects/math/algebra/precalculus-readiness/classifying-equation-families/,algebra,unit.math.algebra.a14,textbook-lesson.math.algebra.a14-2,textbook-lesson,Classifying equation families | Unit A14 | Better Grades,Classifying equation families,classifying equation families,"Classifying equation families | lesson | Algebra Synthesis and Precalculus Readiness | When the problem is unlabeled, how do we decide what structure it has and what method applies? | Recognize linear, quadratic, polynomial, rational, radical, exponential, and logarithmic structure, including disguised forms. | algebra textbook",,,UNAVAILABLE,UNAVAILABLE,UNAVAILABLE,UNAVAILABLE,UNAVAILABLE,KEEP,Unique rendered H1/primary query retained; monitor in Search Console.,/subjects/math/algebra/precalculus-readiness/classifying-equation-families/,0,CURRENT,self-canonical=true; sitemap=true; inboundInternalLinks=5,medium / pending search evidence,"GSC top queries, clicks, impressions, CTR, average position; backlinks before any consolidation"
/subjects/math/algebra/precalculus-readiness/classifying-mathematical-objects/,https://bettergrades.net/subjects/math/algebra/precalculus-readiness/classifying-mathematical-objects/,algebra,unit.math.algebra.a14,textbook-lesson.math.algebra.a14-1,textbook-lesson,Classifying mathematical objects | Unit A14 | Better Grades,Classifying mathematical objects,classifying mathematical objects,"Classifying mathematical objects | lesson | Algebra Synthesis and Precalculus Readiness | When the problem is unlabeled, how do we decide what structure it has and what method applies? | Identify whether a prompt contains an expression, equation, inequality, system, or function and determine the requested action. | algebra textbook",,,UNAVAILABLE,UNAVAILABLE,UNAVAILABLE,UNAVAILABLE,UNAVAILABLE,KEEP,Unique rendered H1/primary query retained; monitor in Search Console.,/subjects/math/algebra/precalculus-readiness/classifying-mathematical-objects/,0,CURRENT,self-canonical=true; sitemap=true; inboundInternalLinks=4,medium / pending search evidence,"GSC top queries, clicks, impressions, CTR, average position; backlinks before any consolidation"
/subjects/math/algebra/precalculus-readiness/exact-versus-approximate-answers-and-technology/,https://bettergrades.net/subjects/math/algebra/precalculus-readiness/exact-versus-approximate-answers-and-technology/,algebra,unit.math.algebra.a14,textbook-lesson.math.algebra.a14-5,textbook-lesson,Exact versus approximate answers and technology | Unit A14 | Better Grades,Exact versus approximate answers and technology,exact versus approximate answers and technology,"Exact versus approximate answers and technology | lesson | Algebra Synthesis and Precalculus Readiness | When the problem is unlabeled, how do we decide what structure it has and what method applies? | Use technology to support reasoning while preserving exact structure and meaningful precision. | algebra textbook",,,UNAVAILABLE,UNAVAILABLE,UNAVAILABLE,UNAVAILABLE,UNAVAILABLE,KEEP,Unique rendered H1/primary query retained; monitor in Search Console.,/subjects/math/algebra/precalculus-readiness/exact-versus-approximate-answers-and-technology/,0,CURRENT,self-canonical=true; sitemap=true; inboundInternalLinks=5,medium / pending search evidence,"GSC top queries, clicks, impressions, CTR, average position; backlinks before any consolidation"
/subjects/math/algebra/precalculus-readiness/graphical-and-algebraic-cross-checking/,https://bettergrades.net/subjects/math/algebra/precalculus-readiness/graphical-and-algebraic-cross-checking/,algebra,unit.math.algebra.a14,textbook-lesson.math.algebra.a14-6,textbook-lesson,Graphical and algebraic cross-checking | Unit A14 | Better Grades,Graphical and algebraic cross-checking,graphical and algebraic cross-checking,"Graphical and algebraic cross-checking | lesson | Algebra Synthesis and Precalculus Readiness | When the problem is unlabeled, how do we decide what structure it has and what method applies? | Use graphs for plausibility and solution count and algebra for exact justification. | algebra textbook",,,UNAVAILABLE,UNAVAILABLE,UNAVAILABLE,UNAVAILABLE,UNAVAILABLE,KEEP,Unique rendered H1/primary query retained; monitor in Search Console.,/subjects/math/algebra/precalculus-readiness/graphical-and-algebraic-cross-checking/,0,CURRENT,self-canonical=true; sitemap=true; inboundInternalLinks=5,medium / pending search evidence,"GSC top queries, clicks, impressions, CTR, average position; backlinks before any consolidation"
/subjects/math/algebra/precalculus-readiness/investigation/,https://bettergrades.net/subjects/math/algebra/precalculus-readiness/investigation/,algebra,unit.math.algebra.a14,,assessment,Algebra Synthesis and Precalculus Readiness: investigation | Unit A14 | Better Grades,Algebra Synthesis and Precalculus Readiness: investigation,algebra synthesis and precalculus readiness: investigation,"Algebra Synthesis and Precalculus Readiness: investigation | investigation | Algebra Synthesis and Precalculus Readiness | When the problem is unlabeled, how do we decide what structure it has and what method applies? | algebra textbook",,,UNAVAILABLE,UNAVAILABLE,UNAVAILABLE,UNAVAILABLE,UNAVAILABLE,KEEP,Unique rendered H1/primary query retained; monitor in Search Console.,/subjects/math/algebra/precalculus-readiness/investigation/,0,CURRENT,self-canonical=true; sitemap=true; inboundInternalLinks=3,medium / pending search evidence,"GSC top queries, clicks, impressions, CTR, average position; backlinks before any consolidation"
/subjects/math/algebra/precalculus-readiness/mastery-check/,https://bettergrades.net/subjects/math/algebra/precalculus-readiness/mastery-check/,algebra,unit.math.algebra.a14,,assessment,Algebra Synthesis and Precalculus Readiness: mastery check | Unit A14 | Better Grades,Algebra Synthesis and Precalculus Readiness: mastery check,algebra synthesis and precalculus readiness: mastery check,"Algebra Synthesis and Precalculus Readiness: mastery check | mastery check | Algebra Synthesis and Precalculus Readiness | When the problem is unlabeled, how do we decide what structure it has and what method applies? | algebra textbook",,,UNAVAILABLE,UNAVAILABLE,UNAVAILABLE,UNAVAILABLE,UNAVAILABLE,KEEP,Unique rendered H1/primary query retained; monitor in Search Console.,/subjects/math/algebra/precalculus-readiness/mastery-check/,0,CURRENT,self-canonical=true; sitemap=true; inboundInternalLinks=4,medium / pending search evidence,"GSC top queries, clicks, impressions, CTR, average position; backlinks before any consolidation"
/subjects/math/algebra/precalculus-readiness/mastery-check/answer-key/,https://bettergrades.net/subjects/math/algebra/precalculus-readiness/mastery-check/answer-key/,algebra,unit.math.algebra.a14,,assessment,Algebra Synthesis and Precalculus Readiness: mastery answer key | Unit A14 | Better Grades,Algebra Synthesis and Precalculus Readiness: mastery answer key,algebra synthesis and precalculus readiness: mastery answer key,"Algebra Synthesis and Precalculus Readiness: mastery answer key | answer key | Algebra Synthesis and Precalculus Readiness | When the problem is unlabeled, how do we decide what structure it has and what method applies? | algebra textbook",,,UNAVAILABLE,UNAVAILABLE,UNAVAILABLE,UNAVAILABLE,UNAVAILABLE,KEEP,Unique rendered H1/primary query retained; monitor in Search Console.,/subjects/math/algebra/precalculus-readiness/mastery-check/answer-key/,0,CURRENT,self-canonical=true; sitemap=true; inboundInternalLinks=4,medium / pending search evidence,"GSC top queries, clicks, impressions, CTR, average position; backlinks before any consolidation"
/subjects/math/algebra/precalculus-readiness/practice/,https://bettergrades.net/subjects/math/algebra/precalculus-readiness/practice/,algebra,unit.math.algebra.a14,,assessment,Algebra Synthesis and Precalculus Readiness: mixed practice | Unit A14 | Better Grades,Algebra Synthesis and Precalculus Readiness: mixed practice,algebra synthesis and precalculus readiness: mixed practice,"Algebra Synthesis and Precalculus Readiness: mixed practice | practice | Algebra Synthesis and Precalculus Readiness | When the problem is unlabeled, how do we decide what structure it has and what method applies? | algebra textbook",,,UNAVAILABLE,UNAVAILABLE,UNAVAILABLE,UNAVAILABLE,UNAVAILABLE,KEEP,Unique rendered H1/primary query retained; monitor in Search Console.,/subjects/math/algebra/precalculus-readiness/practice/,0,CURRENT,self-canonical=true; sitemap=true; inboundInternalLinks=10,medium / pending search evidence,"GSC top queries, clicks, impressions, CTR, average position; backlinks before any consolidation"
/subjects/math/algebra/precalculus-readiness/precalculus-readiness-capstone/,https://bettergrades.net/subjects/math/algebra/precalculus-readiness/precalculus-readiness-capstone/,algebra,unit.math.algebra.a14,textbook-lesson.math.algebra.a14-7,textbook-lesson,Precalculus-readiness capstone | Unit A14 | Better Grades,Precalculus-readiness capstone,precalculus-readiness capstone,"Precalculus-readiness capstone | lesson | Algebra Synthesis and Precalculus Readiness | When the problem is unlabeled, how do we decide what structure it has and what method applies? | Sustain a complete modeling argument from quantities and diagrams through equations, graphs, checking, and interpretation. | algebra textbook",,,UNAVAILABLE,UNAVAILABLE,UNAVAILABLE,UNAVAILABLE,UNAVAILABLE,KEEP,Unique rendered H1/primary query retained; monitor in Search Console.,/subjects/math/algebra/precalculus-readiness/precalculus-readiness-capstone/,0,CURRENT,self-canonical=true; sitemap=true; inboundInternalLinks=4,medium / pending search evidence,"GSC top queries, clicks, impressions, CTR, average position; backlinks before any consolidation"
/subjects/math/algebra/precalculus-readiness/restrictions-implications-and-candidates/,https://bettergrades.net/subjects/math/algebra/precalculus-readiness/restrictions-implications-and-candidates/,algebra,unit.math.algebra.a14,textbook-lesson.math.algebra.a14-4,textbook-lesson,"Restrictions, implications, and candidates | Unit A14 | Better Grades","Restrictions, implications, and candidates","restrictions, implications, and candidates","Restrictions, implications, and candidates | lesson | Algebra Synthesis and Precalculus Readiness | When the problem is unlabeled, how do we decide what structure it has and what method applies? | Distinguish reversible equivalence steps from one-way implications and know when checking is mandatory. | algebra textbook",,,UNAVAILABLE,UNAVAILABLE,UNAVAILABLE,UNAVAILABLE,UNAVAILABLE,KEEP,Unique rendered H1/primary query retained; monitor in Search Console.,/subjects/math/algebra/precalculus-readiness/restrictions-implications-and-candidates/,0,CURRENT,self-canonical=true; sitemap=true; inboundInternalLinks=5,medium / pending search evidence,"GSC top queries, clicks, impressions, CTR, average position; backlinks before any consolidation"
/subjects/math/algebra/precalculus-readiness/review/,https://bettergrades.net/subjects/math/algebra/precalculus-readiness/review/,algebra,unit.math.algebra.a14,,assessment,Algebra Synthesis and Precalculus Readiness: cumulative review | Unit A14 | Better Grades,Algebra Synthesis and Precalculus Readiness: cumulative review,algebra synthesis and precalculus readiness: cumulative review,"Algebra Synthesis and Precalculus Readiness: cumulative review | review | Algebra Synthesis and Precalculus Readiness | When the problem is unlabeled, how do we decide what structure it has and what method applies? | algebra textbook",,,UNAVAILABLE,UNAVAILABLE,UNAVAILABLE,UNAVAILABLE,UNAVAILABLE,KEEP,Unique rendered H1/primary query retained; monitor in Search Console.,/subjects/math/algebra/precalculus-readiness/review/,0,CURRENT,self-canonical=true; sitemap=true; inboundInternalLinks=3,medium / pending search evidence,"GSC top queries, clicks, impressions, CTR, average position; backlinks before any consolidation"
/subjects/math/algebra/quadratic-functions/,https://bettergrades.net/subjects/math/algebra/quadratic-functions/,algebra,unit.math.algebra.a9,,unit-hub,Unit A9: Quadratic Functions and Models | Better Grades,Unit A9: Quadratic Functions and Models,unit a9: quadratic functions and models,Unit A9: Quadratic Functions and Models | unit hub | Quadratic Functions and Models | What does each algebraic form reveal about a parabola? | algebra textbook,,,UNAVAILABLE,UNAVAILABLE,UNAVAILABLE,UNAVAILABLE,UNAVAILABLE,KEEP,Unique rendered H1/primary query retained; monitor in Search Console.,/subjects/math/algebra/quadratic-functions/,0,CURRENT,self-canonical=true; sitemap=true; inboundInternalLinks=15,medium / pending search evidence,"GSC top queries, clicks, impressions, CTR, average position; backlinks before any consolidation"
/subjects/math/algebra/quadratic-functions/factored-form-and-zeros/,https://bettergrades.net/subjects/math/algebra/quadratic-functions/factored-form-and-zeros/,algebra,unit.math.algebra.a9,textbook-lesson.math.algebra.a9-3,textbook-lesson,Factored form and zeros | Unit A9 | Better Grades,Factored form and zeros,factored form and zeros,"Factored form and zeros | lesson | Quadratic Functions and Models | What does each algebraic form reveal about a parabola? | Connect factors, roots, sign changes, and horizontal intercepts. | algebra textbook",,,UNAVAILABLE,UNAVAILABLE,UNAVAILABLE,UNAVAILABLE,UNAVAILABLE,KEEP,Unique rendered H1/primary query retained; monitor in Search Console.,/subjects/math/algebra/quadratic-functions/factored-form-and-zeros/,0,CURRENT,self-canonical=true; sitemap=true; inboundInternalLinks=5,medium / pending search evidence,"GSC top queries, clicks, impressions, CTR, average position; backlinks before any consolidation"
/subjects/math/algebra/quadratic-functions/graphing-parabolas/,https://bettergrades.net/subjects/math/algebra/quadratic-functions/graphing-parabolas/,algebra,unit.math.algebra.a9,textbook-lesson.math.algebra.a9-2,textbook-lesson,Graphing parabolas | Unit A9 | Better Grades,Graphing parabolas,graphing parabolas,"Graphing parabolas | lesson | Quadratic Functions and Models | What does each algebraic form reveal about a parabola? | Use opening, scale, symmetry, vertex, and intercepts to construct a graph. | algebra textbook",,,UNAVAILABLE,UNAVAILABLE,UNAVAILABLE,UNAVAILABLE,UNAVAILABLE,KEEP,Unique rendered H1/primary query retained; monitor in Search Console.,/subjects/math/algebra/quadratic-functions/graphing-parabolas/,0,CURRENT,self-canonical=true; sitemap=true; inboundInternalLinks=5,medium / pending search evidence,"GSC top queries, clicks, impressions, CTR, average position; backlinks before any consolidation"
/subjects/math/algebra/quadratic-functions/investigation/,https://bettergrades.net/subjects/math/algebra/quadratic-functions/investigation/,algebra,unit.math.algebra.a9,,assessment,Quadratic Functions and Models: investigation | Unit A9 | Better Grades,Quadratic Functions and Models: investigation,quadratic functions and models: investigation,Quadratic Functions and Models: investigation | investigation | Quadratic Functions and Models | What does each algebraic form reveal about a parabola? | algebra textbook,,,UNAVAILABLE,UNAVAILABLE,UNAVAILABLE,UNAVAILABLE,UNAVAILABLE,KEEP,Unique rendered H1/primary query retained; monitor in Search Console.,/subjects/math/algebra/quadratic-functions/investigation/,0,CURRENT,self-canonical=true; sitemap=true; inboundInternalLinks=3,medium / pending search evidence,"GSC top queries, clicks, impressions, CTR, average position; backlinks before any consolidation"
/subjects/math/algebra/quadratic-functions/mastery-check/,https://bettergrades.net/subjects/math/algebra/quadratic-functions/mastery-check/,algebra,unit.math.algebra.a9,,assessment,Quadratic Functions and Models: mastery check | Unit A9 | Better Grades,Quadratic Functions and Models: mastery check,quadratic functions and models: mastery check,Quadratic Functions and Models: mastery check | mastery check | Quadratic Functions and Models | What does each algebraic form reveal about a parabola? | algebra textbook,,,UNAVAILABLE,UNAVAILABLE,UNAVAILABLE,UNAVAILABLE,UNAVAILABLE,KEEP,Unique rendered H1/primary query retained; monitor in Search Console.,/subjects/math/algebra/quadratic-functions/mastery-check/,0,CURRENT,self-canonical=true; sitemap=true; inboundInternalLinks=4,medium / pending search evidence,"GSC top queries, clicks, impressions, CTR, average position; backlinks before any consolidation"
/subjects/math/algebra/quadratic-functions/mastery-check/answer-key/,https://bettergrades.net/subjects/math/algebra/quadratic-functions/mastery-check/answer-key/,algebra,unit.math.algebra.a9,,assessment,Quadratic Functions and Models: mastery answer key | Unit A9 | Better Grades,Quadratic Functions and Models: mastery answer key,quadratic functions and models: mastery answer key,Quadratic Functions and Models: mastery answer key | answer key | Quadratic Functions and Models | What does each algebraic form reveal about a parabola? | algebra textbook,,,UNAVAILABLE,UNAVAILABLE,UNAVAILABLE,UNAVAILABLE,UNAVAILABLE,KEEP,Unique rendered H1/primary query retained; monitor in Search Console.,/subjects/math/algebra/quadratic-functions/mastery-check/answer-key/,0,CURRENT,self-canonical=true; sitemap=true; inboundInternalLinks=4,medium / pending search evidence,"GSC top queries, clicks, impressions, CTR, average position; backlinks before any consolidation"
/subjects/math/algebra/quadratic-functions/moving-among-forms/,https://bettergrades.net/subjects/math/algebra/quadratic-functions/moving-among-forms/,algebra,unit.math.algebra.a9,textbook-lesson.math.algebra.a9-5,textbook-lesson,Moving among forms | Unit A9 | Better Grades,Moving among forms,moving among forms,"Moving among forms | lesson | Quadratic Functions and Models | What does each algebraic form reveal about a parabola? | Factor, expand, or complete the square according to the question being asked. | algebra textbook",,,UNAVAILABLE,UNAVAILABLE,UNAVAILABLE,UNAVAILABLE,UNAVAILABLE,KEEP,Unique rendered H1/primary query retained; monitor in Search Console.,/subjects/math/algebra/quadratic-functions/moving-among-forms/,0,CURRENT,self-canonical=true; sitemap=true; inboundInternalLinks=5,medium / pending search evidence,"GSC top queries, clicks, impressions, CTR, average position; backlinks before any consolidation"
/subjects/math/algebra/quadratic-functions/practice/,https://bettergrades.net/subjects/math/algebra/quadratic-functions/practice/,algebra,unit.math.algebra.a9,,assessment,Quadratic Functions and Models: mixed practice | Unit A9 | Better Grades,Quadratic Functions and Models: mixed practice,quadratic functions and models: mixed practice,Quadratic Functions and Models: mixed practice | practice | Quadratic Functions and Models | What does each algebraic form reveal about a parabola? | algebra textbook,,,UNAVAILABLE,UNAVAILABLE,UNAVAILABLE,UNAVAILABLE,UNAVAILABLE,KEEP,Unique rendered H1/primary query retained; monitor in Search Console.,/subjects/math/algebra/quadratic-functions/practice/,0,CURRENT,self-canonical=true; sitemap=true; inboundInternalLinks=11,medium / pending search evidence,"GSC top queries, clicks, impressions, CTR, average position; backlinks before any consolidation"
/subjects/math/algebra/quadratic-functions/quadratic-inequalities/,https://bettergrades.net/subjects/math/algebra/quadratic-functions/quadratic-inequalities/,algebra,unit.math.algebra.a9,textbook-lesson.math.algebra.a9-7,textbook-lesson,Quadratic inequalities | Unit A9 | Better Grades,Quadratic inequalities,quadratic inequalities,"Quadratic inequalities | lesson | Quadratic Functions and Models | What does each algebraic form reveal about a parabola? | Combine zeros, sign intervals, and graph position to find solution regions. | algebra textbook",,,UNAVAILABLE,UNAVAILABLE,UNAVAILABLE,UNAVAILABLE,UNAVAILABLE,KEEP,Unique rendered H1/primary query retained; monitor in Search Console.,/subjects/math/algebra/quadratic-functions/quadratic-inequalities/,0,CURRENT,self-canonical=true; sitemap=true; inboundInternalLinks=5,medium / pending search evidence,"GSC top queries, clicks, impressions, CTR, average position; backlinks before any consolidation"
/subjects/math/algebra/quadratic-functions/quadratic-models-and-extrema/,https://bettergrades.net/subjects/math/algebra/quadratic-functions/quadratic-models-and-extrema/,algebra,unit.math.algebra.a9,textbook-lesson.math.algebra.a9-6,textbook-lesson,Quadratic models and extrema | Unit A9 | Better Grades,Quadratic models and extrema,quadratic models and extrema,Quadratic models and extrema | lesson | Quadratic Functions and Models | What does each algebraic form reveal about a parabola? | Interpret the vertex as a maximum or minimum in context. | algebra textbook,,,UNAVAILABLE,UNAVAILABLE,UNAVAILABLE,UNAVAILABLE,UNAVAILABLE,KEEP,Unique rendered H1/primary query retained; monitor in Search Console.,/subjects/math/algebra/quadratic-functions/quadratic-models-and-extrema/,0,CURRENT,self-canonical=true; sitemap=true; inboundInternalLinks=5,medium / pending search evidence,"GSC top queries, clicks, impressions, CTR, average position; backlinks before any consolidation"
/subjects/math/algebra/quadratic-functions/quadratic-regression-and-model-limitations/,https://bettergrades.net/subjects/math/algebra/quadratic-functions/quadratic-regression-and-model-limitations/,algebra,unit.math.algebra.a9,textbook-lesson.math.algebra.a9-8,textbook-lesson,Quadratic regression and model limitations | Unit A9 | Better Grades,Quadratic regression and model limitations,quadratic regression and model limitations,Quadratic regression and model limitations | lesson | Quadratic Functions and Models | What does each algebraic form reveal about a parabola? | Fit curved data and compare model quality without mistaking fit for causation. | algebra textbook,,,UNAVAILABLE,UNAVAILABLE,UNAVAILABLE,UNAVAILABLE,UNAVAILABLE,KEEP,Unique rendered H1/primary query retained; monitor in Search Console.,/subjects/math/algebra/quadratic-functions/quadratic-regression-and-model-limitations/,0,CURRENT,self-canonical=true; sitemap=true; inboundInternalLinks=4,medium / pending search evidence,"GSC top queries, clicks, impressions, CTR, average position; backlinks before any consolidation"
/subjects/math/algebra/quadratic-functions/quadratic-relations-and-three-useful-forms/,https://bettergrades.net/subjects/math/algebra/quadratic-functions/quadratic-relations-and-three-useful-forms/,algebra,unit.math.algebra.a9,textbook-lesson.math.algebra.a9-1,textbook-lesson,Quadratic relations and three useful forms | Unit A9 | Better Grades,Quadratic relations and three useful forms,quadratic relations and three useful forms,"Quadratic relations and three useful forms | lesson | Quadratic Functions and Models | What does each algebraic form reveal about a parabola? | Understand that standard, factored, and vertex forms expose different features of one function. | algebra textbook",,,UNAVAILABLE,UNAVAILABLE,UNAVAILABLE,UNAVAILABLE,UNAVAILABLE,KEEP,Unique rendered H1/primary query retained; monitor in Search Console.,/subjects/math/algebra/quadratic-functions/quadratic-relations-and-three-useful-forms/,0,CURRENT,self-canonical=true; sitemap=true; inboundInternalLinks=4,medium / pending search evidence,"GSC top queries, clicks, impressions, CTR, average position; backlinks before any consolidation"
/subjects/math/algebra/quadratic-functions/review/,https://bettergrades.net/subjects/math/algebra/quadratic-functions/review/,algebra,unit.math.algebra.a9,,assessment,Quadratic Functions and Models: cumulative review | Unit A9 | Better Grades,Quadratic Functions and Models: cumulative review,quadratic functions and models: cumulative review,Quadratic Functions and Models: cumulative review | review | Quadratic Functions and Models | What does each algebraic form reveal about a parabola? | algebra textbook,,,UNAVAILABLE,UNAVAILABLE,UNAVAILABLE,UNAVAILABLE,UNAVAILABLE,KEEP,Unique rendered H1/primary query retained; monitor in Search Console.,/subjects/math/algebra/quadratic-functions/review/,0,CURRENT,self-canonical=true; sitemap=true; inboundInternalLinks=3,medium / pending search evidence,"GSC top queries, clicks, impressions, CTR, average position; backlinks before any consolidation"
/subjects/math/algebra/quadratic-functions/vertex-form-and-transformations/,https://bettergrades.net/subjects/math/algebra/quadratic-functions/vertex-form-and-transformations/,algebra,unit.math.algebra.a9,textbook-lesson.math.algebra.a9-4,textbook-lesson,Vertex form and transformations | Unit A9 | Better Grades,Vertex form and transformations,vertex form and transformations,"Vertex form and transformations | lesson | Quadratic Functions and Models | What does each algebraic form reveal about a parabola? | Read shifts, scale, and extrema from a(x-h)^2+k. | algebra textbook",,,UNAVAILABLE,UNAVAILABLE,UNAVAILABLE,UNAVAILABLE,UNAVAILABLE,KEEP,Unique rendered H1/primary query retained; monitor in Search Console.,/subjects/math/algebra/quadratic-functions/vertex-form-and-transformations/,0,CURRENT,self-canonical=true; sitemap=true; inboundInternalLinks=5,medium / pending search evidence,"GSC top queries, clicks, impressions, CTR, average position; backlinks before any consolidation"
/subjects/math/algebra/quantities-variables/,https://bettergrades.net/subjects/math/algebra/quantities-variables/,algebra,unit.math.algebra.a1,,unit-hub,"Unit A1: Quantities, Variables, and Mathematical Objects | Better Grades","Unit A1: Quantities, Variables, and Mathematical Objects","unit a1: quantities, variables, and mathematical objects","Unit A1: Quantities, Variables, and Mathematical Objects | unit hub | Quantities, Variables, and Mathematical Objects | How can symbols name quantities and relationships without erasing their meaning? | algebra textbook",,,UNAVAILABLE,UNAVAILABLE,UNAVAILABLE,UNAVAILABLE,UNAVAILABLE,KEEP,Unique rendered H1/primary query retained; monitor in Search Console.,/subjects/math/algebra/quantities-variables/,0,CURRENT,self-canonical=true; sitemap=true; inboundInternalLinks=14,medium / pending search evidence,"GSC top queries, clicks, impressions, CTR, average position; backlinks before any consolidation"
/subjects/math/algebra/quantities-variables/equivalent-expressions-and-like-terms/,https://bettergrades.net/subjects/math/algebra/quantities-variables/equivalent-expressions-and-like-terms/,algebra,unit.math.algebra.a1,textbook-lesson.math.algebra.a1-7,textbook-lesson,Equivalent expressions and like terms | Unit A1 | Better Grades,Equivalent expressions and like terms,equivalent expressions and like terms,"Equivalent expressions and like terms | lesson | Quantities, Variables, and Mathematical Objects | How can symbols name quantities and relationships without erasing their meaning? | Recognize rewrites that preserve value for every allowed input and combine only structurally alike terms. | algebra textbook",,,UNAVAILABLE,UNAVAILABLE,UNAVAILABLE,UNAVAILABLE,UNAVAILABLE,KEEP,Unique rendered H1/primary query retained; monitor in Search Console.,/subjects/math/algebra/quantities-variables/equivalent-expressions-and-like-terms/,0,CURRENT,self-canonical=true; sitemap=true; inboundInternalLinks=5,medium / pending search evidence,"GSC top queries, clicks, impressions, CTR, average position; backlinks before any consolidation"
/subjects/math/algebra/quantities-variables/expressions-equations-and-inequalities/,https://bettergrades.net/subjects/math/algebra/quantities-variables/expressions-equations-and-inequalities/,algebra,unit.math.algebra.a1,textbook-lesson.math.algebra.a1-2,textbook-lesson,"Expressions, equations, and inequalities | Unit A1 | Better Grades","Expressions, equations, and inequalities","expressions, equations, and inequalities","Expressions, equations, and inequalities | lesson | Quantities, Variables, and Mathematical Objects | How can symbols name quantities and relationships without erasing their meaning? | Classify symbolic objects by whether they name a value or make a true-or-false claim. | algebra textbook",,,UNAVAILABLE,UNAVAILABLE,UNAVAILABLE,UNAVAILABLE,UNAVAILABLE,KEEP,Unique rendered H1/primary query retained; monitor in Search Console.,/subjects/math/algebra/quantities-variables/expressions-equations-and-inequalities/,0,CURRENT,self-canonical=true; sitemap=true; inboundInternalLinks=5,medium / pending search evidence,"GSC top queries, clicks, impressions, CTR, average position; backlinks before any consolidation"
/subjects/math/algebra/quantities-variables/formulas-units-and-mathematical-communication/,https://bettergrades.net/subjects/math/algebra/quantities-variables/formulas-units-and-mathematical-communication/,algebra,unit.math.algebra.a1,textbook-lesson.math.algebra.a1-8,textbook-lesson,"Formulas, units, and mathematical communication | Unit A1 | Better Grades","Formulas, units, and mathematical communication","formulas, units, and mathematical communication","Formulas, units, and mathematical communication | lesson | Quantities, Variables, and Mathematical Objects | How can symbols name quantities and relationships without erasing their meaning? | Read formulas as reusable relationships and communicate transformations unambiguously. | algebra textbook",,,UNAVAILABLE,UNAVAILABLE,UNAVAILABLE,UNAVAILABLE,UNAVAILABLE,KEEP,Unique rendered H1/primary query retained; monitor in Search Console.,/subjects/math/algebra/quantities-variables/formulas-units-and-mathematical-communication/,0,CURRENT,self-canonical=true; sitemap=true; inboundInternalLinks=4,medium / pending search evidence,"GSC top queries, clicks, impressions, CTR, average position; backlinks before any consolidation"
/subjects/math/algebra/quantities-variables/grouping-and-order-of-operations/,https://bettergrades.net/subjects/math/algebra/quantities-variables/grouping-and-order-of-operations/,algebra,unit.math.algebra.a1,textbook-lesson.math.algebra.a1-5,textbook-lesson,Grouping and order of operations | Unit A1 | Better Grades,Grouping and order of operations,grouping and order of operations,"Grouping and order of operations | lesson | Quantities, Variables, and Mathematical Objects | How can symbols name quantities and relationships without erasing their meaning? | Interpret grouping symbols as explicit structure and precedence as a shared reading convention. | algebra textbook",,,UNAVAILABLE,UNAVAILABLE,UNAVAILABLE,UNAVAILABLE,UNAVAILABLE,KEEP,Unique rendered H1/primary query retained; monitor in Search Console.,/subjects/math/algebra/quantities-variables/grouping-and-order-of-operations/,0,CURRENT,self-canonical=true; sitemap=true; inboundInternalLinks=5,medium / pending search evidence,"GSC top queries, clicks, impressions, CTR, average position; backlinks before any consolidation"
/subjects/math/algebra/quantities-variables/mastery-check/,https://bettergrades.net/subjects/math/algebra/quantities-variables/mastery-check/,algebra,unit.math.algebra.a1,,assessment,"Quantities, Variables, and Mathematical Objects: mastery check | Unit A1 | Better Grades","Quantities, Variables, and Mathematical Objects: mastery check","quantities, variables, and mathematical objects: mastery check","Quantities, Variables, and Mathematical Objects: mastery check | mastery check | Quantities, Variables, and Mathematical Objects | How can symbols name quantities and relationships without erasing their meaning? | algebra textbook",,,UNAVAILABLE,UNAVAILABLE,UNAVAILABLE,UNAVAILABLE,UNAVAILABLE,KEEP,Unique rendered H1/primary query retained; monitor in Search Console.,/subjects/math/algebra/quantities-variables/mastery-check/,0,CURRENT,self-canonical=true; sitemap=true; inboundInternalLinks=4,medium / pending search evidence,"GSC top queries, clicks, impressions, CTR, average position; backlinks before any consolidation"
/subjects/math/algebra/quantities-variables/mastery-check/answer-key/,https://bettergrades.net/subjects/math/algebra/quantities-variables/mastery-check/answer-key/,algebra,unit.math.algebra.a1,,assessment,"Quantities, Variables, and Mathematical Objects: mastery answer key | Unit A1 | Better Grades","Quantities, Variables, and Mathematical Objects: mastery answer key","quantities, variables, and mathematical objects: mastery answer key","Quantities, Variables, and Mathematical Objects: mastery answer key | answer key | Quantities, Variables, and Mathematical Objects | How can symbols name quantities and relationships without erasing their meaning? | algebra textbook",,,UNAVAILABLE,UNAVAILABLE,UNAVAILABLE,UNAVAILABLE,UNAVAILABLE,KEEP,Unique rendered H1/primary query retained; monitor in Search Console.,/subjects/math/algebra/quantities-variables/mastery-check/answer-key/,0,CURRENT,self-canonical=true; sitemap=true; inboundInternalLinks=4,medium / pending search evidence,"GSC top queries, clicks, impressions, CTR, average position; backlinks before any consolidation"
/subjects/math/algebra/quantities-variables/practice/,https://bettergrades.net/subjects/math/algebra/quantities-variables/practice/,algebra,unit.math.algebra.a1,,assessment,"Quantities, Variables, and Mathematical Objects: mixed practice | Unit A1 | Better Grades","Quantities, Variables, and Mathematical Objects: mixed practice","quantities, variables, and mathematical objects: mixed practice","Quantities, Variables, and Mathematical Objects: mixed practice | practice | Quantities, Variables, and Mathematical Objects | How can symbols name quantities and relationships without erasing their meaning? | algebra textbook",,,UNAVAILABLE,UNAVAILABLE,UNAVAILABLE,UNAVAILABLE,UNAVAILABLE,KEEP,Unique rendered H1/primary query retained; monitor in Search Console.,/subjects/math/algebra/quantities-variables/practice/,0,CURRENT,self-canonical=true; sitemap=true; inboundInternalLinks=11,medium / pending search evidence,"GSC top queries, clicks, impressions, CTR, average position; backlinks before any consolidation"
/subjects/math/algebra/quantities-variables/properties-of-real-number-operations/,https://bettergrades.net/subjects/math/algebra/quantities-variables/properties-of-real-number-operations/,algebra,unit.math.algebra.a1,textbook-lesson.math.algebra.a1-6,textbook-lesson,Properties of real-number operations | Unit A1 | Better Grades,Properties of real-number operations,properties of real-number operations,"Properties of real-number operations | lesson | Quantities, Variables, and Mathematical Objects | How can symbols name quantities and relationships without erasing their meaning? | Use commutative, associative, identity, inverse, and distributive properties to justify rewrites. | algebra textbook",,,UNAVAILABLE,UNAVAILABLE,UNAVAILABLE,UNAVAILABLE,UNAVAILABLE,KEEP,Unique rendered H1/primary query retained; monitor in Search Console.,/subjects/math/algebra/quantities-variables/properties-of-real-number-operations/,0,CURRENT,self-canonical=true; sitemap=true; inboundInternalLinks=5,medium / pending search evidence,"GSC top queries, clicks, impressions, CTR, average position; backlinks before any consolidation"
/subjects/math/algebra/quantities-variables/review/,https://bettergrades.net/subjects/math/algebra/quantities-variables/review/,algebra,unit.math.algebra.a1,,assessment,"Quantities, Variables, and Mathematical Objects: cumulative review | Unit A1 | Better Grades","Quantities, Variables, and Mathematical Objects: cumulative review","quantities, variables, and mathematical objects: cumulative review","Quantities, Variables, and Mathematical Objects: cumulative review | review | Quantities, Variables, and Mathematical Objects | How can symbols name quantities and relationships without erasing their meaning? | algebra textbook",,,UNAVAILABLE,UNAVAILABLE,UNAVAILABLE,UNAVAILABLE,UNAVAILABLE,KEEP,Unique rendered H1/primary query retained; monitor in Search Console.,/subjects/math/algebra/quantities-variables/review/,0,CURRENT,self-canonical=true; sitemap=true; inboundInternalLinks=3,medium / pending search evidence,"GSC top queries, clicks, impressions, CTR, average position; backlinks before any consolidation"
/subjects/math/algebra/quantities-variables/substitution-and-evaluation/,https://bettergrades.net/subjects/math/algebra/quantities-variables/substitution-and-evaluation/,algebra,unit.math.algebra.a1,textbook-lesson.math.algebra.a1-4,textbook-lesson,Substitution and evaluation | Unit A1 | Better Grades,Substitution and evaluation,substitution and evaluation,"Substitution and evaluation | lesson | Quantities, Variables, and Mathematical Objects | How can symbols name quantities and relationships without erasing their meaning? | Replace variables or subexpressions with equal-valued expressions while preserving grouping. | algebra textbook",,,UNAVAILABLE,UNAVAILABLE,UNAVAILABLE,UNAVAILABLE,UNAVAILABLE,KEEP,Unique rendered H1/primary query retained; monitor in Search Console.,/subjects/math/algebra/quantities-variables/substitution-and-evaluation/,0,CURRENT,self-canonical=true; sitemap=true; inboundInternalLinks=5,medium / pending search evidence,"GSC top queries, clicks, impressions, CTR, average position; backlinks before any consolidation"
/subjects/math/algebra/quantities-variables/terms-factors-coefficients-and-structure/,https://bettergrades.net/subjects/math/algebra/quantities-variables/terms-factors-coefficients-and-structure/,algebra,unit.math.algebra.a1,textbook-lesson.math.algebra.a1-3,textbook-lesson,"Terms, factors, coefficients, and structure | Unit A1 | Better Grades","Terms, factors, coefficients, and structure","terms, factors, coefficients, and structure","Terms, factors, coefficients, and structure | lesson | Quantities, Variables, and Mathematical Objects | How can symbols name quantities and relationships without erasing their meaning? | Read nested sums and products without flattening them incorrectly. | algebra textbook",,,UNAVAILABLE,UNAVAILABLE,UNAVAILABLE,UNAVAILABLE,UNAVAILABLE,KEEP,Unique rendered H1/primary query retained; monitor in Search Console.,/subjects/math/algebra/quantities-variables/terms-factors-coefficients-and-structure/,0,CURRENT,self-canonical=true; sitemap=true; inboundInternalLinks=5,medium / pending search evidence,"GSC top queries, clicks, impressions, CTR, average position; backlinks before any consolidation"
/subjects/math/algebra/quantities-variables/variables-and-changing-quantities/,https://bettergrades.net/subjects/math/algebra/quantities-variables/variables-and-changing-quantities/,algebra,unit.math.algebra.a1,textbook-lesson.math.algebra.a1-1,textbook-lesson,Variables and changing quantities | Unit A1 | Better Grades,Variables and changing quantities,variables and changing quantities,"Variables and changing quantities | lesson | Quantities, Variables, and Mathematical Objects | How can symbols name quantities and relationships without erasing their meaning? | Distinguish unknowns, changing quantities, parameters, constants, and labels. | algebra textbook",,,UNAVAILABLE,UNAVAILABLE,UNAVAILABLE,UNAVAILABLE,UNAVAILABLE,KEEP,Unique rendered H1/primary query retained; monitor in Search Console.,/subjects/math/algebra/quantities-variables/variables-and-changing-quantities/,0,CURRENT,self-canonical=true; sitemap=true; inboundInternalLinks=4,medium / pending search evidence,"GSC top queries, clicks, impressions, CTR, average position; backlinks before any consolidation"
/subjects/math/algebra/radicals-complex-numbers/,https://bettergrades.net/subjects/math/algebra/radicals-complex-numbers/,algebra,unit.math.algebra.a11,,unit-hub,"Unit A11: Radicals, Rational Exponents, and Complex Numbers | Better Grades","Unit A11: Radicals, Rational Exponents, and Complex Numbers","unit a11: radicals, rational exponents, and complex numbers","Unit A11: Radicals, Rational Exponents, and Complex Numbers | unit hub | Radicals, Rational Exponents, and Complex Numbers | How do we reverse powers, and what happens when the real numbers are insufficient? | algebra textbook",,,UNAVAILABLE,UNAVAILABLE,UNAVAILABLE,UNAVAILABLE,UNAVAILABLE,KEEP,Unique rendered H1/primary query retained; monitor in Search Console.,/subjects/math/algebra/radicals-complex-numbers/,0,CURRENT,self-canonical=true; sitemap=true; inboundInternalLinks=16,medium / pending search evidence,"GSC top queries, clicks, impressions, CTR, average position; backlinks before any consolidation"
/subjects/math/algebra/radicals-complex-numbers/adding-and-subtracting-radicals/,https://bettergrades.net/subjects/math/algebra/radicals-complex-numbers/adding-and-subtracting-radicals/,algebra,unit.math.algebra.a11,textbook-lesson.math.algebra.a11-4,textbook-lesson,Adding and subtracting radicals | Unit A11 | Better Grades,Adding and subtracting radicals,adding and subtracting radicals,"Adding and subtracting radicals | lesson | Radicals, Rational Exponents, and Complex Numbers | How do we reverse powers, and what happens when the real numbers are insufficient? | Simplify first and combine only like radical terms. | algebra textbook",,,UNAVAILABLE,UNAVAILABLE,UNAVAILABLE,UNAVAILABLE,UNAVAILABLE,KEEP,Unique rendered H1/primary query retained; monitor in Search Console.,/subjects/math/algebra/radicals-complex-numbers/adding-and-subtracting-radicals/,0,CURRENT,self-canonical=true; sitemap=true; inboundInternalLinks=5,medium / pending search evidence,"GSC top queries, clicks, impressions, CTR, average position; backlinks before any consolidation"
/subjects/math/algebra/radicals-complex-numbers/complex-numbers-and-conjugates/,https://bettergrades.net/subjects/math/algebra/radicals-complex-numbers/complex-numbers-and-conjugates/,algebra,unit.math.algebra.a11,textbook-lesson.math.algebra.a11-10,textbook-lesson,Complex numbers and conjugates | Unit A11 | Better Grades,Complex numbers and conjugates,complex numbers and conjugates,"Complex numbers and conjugates | lesson | Radicals, Rational Exponents, and Complex Numbers | How do we reverse powers, and what happens when the real numbers are insufficient? | Extend arithmetic consistently using i^2=-1 and represent nonreal roots. | algebra textbook",,,UNAVAILABLE,UNAVAILABLE,UNAVAILABLE,UNAVAILABLE,UNAVAILABLE,KEEP,Unique rendered H1/primary query retained; monitor in Search Console.,/subjects/math/algebra/radicals-complex-numbers/complex-numbers-and-conjugates/,0,CURRENT,self-canonical=true; sitemap=true; inboundInternalLinks=4,medium / pending search evidence,"GSC top queries, clicks, impressions, CTR, average position; backlinks before any consolidation"
/subjects/math/algebra/radicals-complex-numbers/conjugates-and-binomial-denominators/,https://bettergrades.net/subjects/math/algebra/radicals-complex-numbers/conjugates-and-binomial-denominators/,algebra,unit.math.algebra.a11,textbook-lesson.math.algebra.a11-6,textbook-lesson,Conjugates and binomial denominators | Unit A11 | Better Grades,Conjugates and binomial denominators,conjugates and binomial denominators,"Conjugates and binomial denominators | lesson | Radicals, Rational Exponents, and Complex Numbers | How do we reverse powers, and what happens when the real numbers are insufficient? | Use conjugates and difference of squares to remove radical binomial denominators. | algebra textbook",,,UNAVAILABLE,UNAVAILABLE,UNAVAILABLE,UNAVAILABLE,UNAVAILABLE,KEEP,Unique rendered H1/primary query retained; monitor in Search Console.,/subjects/math/algebra/radicals-complex-numbers/conjugates-and-binomial-denominators/,0,CURRENT,self-canonical=true; sitemap=true; inboundInternalLinks=5,medium / pending search evidence,"GSC top queries, clicks, impressions, CTR, average position; backlinks before any consolidation"
/subjects/math/algebra/radicals-complex-numbers/extraneous-solutions-and-domain/,https://bettergrades.net/subjects/math/algebra/radicals-complex-numbers/extraneous-solutions-and-domain/,algebra,unit.math.algebra.a11,textbook-lesson.math.algebra.a11-9,textbook-lesson,Extraneous solutions and domain | Unit A11 | Better Grades,Extraneous solutions and domain,extraneous solutions and domain,"Extraneous solutions and domain | lesson | Radicals, Rational Exponents, and Complex Numbers | How do we reverse powers, and what happens when the real numbers are insufficient? | Explain why nonreversible operations can enlarge a solution set. | algebra textbook",,,UNAVAILABLE,UNAVAILABLE,UNAVAILABLE,UNAVAILABLE,UNAVAILABLE,KEEP,Unique rendered H1/primary query retained; monitor in Search Console.,/subjects/math/algebra/radicals-complex-numbers/extraneous-solutions-and-domain/,0,CURRENT,self-canonical=true; sitemap=true; inboundInternalLinks=5,medium / pending search evidence,"GSC top queries, clicks, impressions, CTR, average position; backlinks before any consolidation"
/subjects/math/algebra/radicals-complex-numbers/general-nth-roots-and-principal-roots/,https://bettergrades.net/subjects/math/algebra/radicals-complex-numbers/general-nth-roots-and-principal-roots/,algebra,unit.math.algebra.a11,textbook-lesson.math.algebra.a11-1,textbook-lesson,General nth roots and principal roots | Unit A11 | Better Grades,General nth roots and principal roots,general nth roots and principal roots,"General nth roots and principal roots | lesson | Radicals, Rational Exponents, and Complex Numbers | How do we reverse powers, and what happens when the real numbers are insufficient? | Distinguish the principal root operation from finding every solution of a power equation. | algebra textbook",,,UNAVAILABLE,UNAVAILABLE,UNAVAILABLE,UNAVAILABLE,UNAVAILABLE,KEEP,Unique rendered H1/primary query retained; monitor in Search Console.,/subjects/math/algebra/radicals-complex-numbers/general-nth-roots-and-principal-roots/,0,CURRENT,self-canonical=true; sitemap=true; inboundInternalLinks=4,medium / pending search evidence,"GSC top queries, clicks, impressions, CTR, average position; backlinks before any consolidation"
/subjects/math/algebra/radicals-complex-numbers/mastery-check/,https://bettergrades.net/subjects/math/algebra/radicals-complex-numbers/mastery-check/,algebra,unit.math.algebra.a11,,assessment,"Radicals, Rational Exponents, and Complex Numbers: mastery check | Unit A11 | Better Grades","Radicals, Rational Exponents, and Complex Numbers: mastery check","radicals, rational exponents, and complex numbers: mastery check","Radicals, Rational Exponents, and Complex Numbers: mastery check | mastery check | Radicals, Rational Exponents, and Complex Numbers | How do we reverse powers, and what happens when the real numbers are insufficient? | algebra textbook",,,UNAVAILABLE,UNAVAILABLE,UNAVAILABLE,UNAVAILABLE,UNAVAILABLE,KEEP,Unique rendered H1/primary query retained; monitor in Search Console.,/subjects/math/algebra/radicals-complex-numbers/mastery-check/,0,CURRENT,self-canonical=true; sitemap=true; inboundInternalLinks=4,medium / pending search evidence,"GSC top queries, clicks, impressions, CTR, average position; backlinks before any consolidation"
/subjects/math/algebra/radicals-complex-numbers/mastery-check/answer-key/,https://bettergrades.net/subjects/math/algebra/radicals-complex-numbers/mastery-check/answer-key/,algebra,unit.math.algebra.a11,,assessment,"Radicals, Rational Exponents, and Complex Numbers: mastery answer key | Unit A11 | Better Grades","Radicals, Rational Exponents, and Complex Numbers: mastery answer key","radicals, rational exponents, and complex numbers: mastery answer key","Radicals, Rational Exponents, and Complex Numbers: mastery answer key | answer key | Radicals, Rational Exponents, and Complex Numbers | How do we reverse powers, and what happens when the real numbers are insufficient? | algebra textbook",,,UNAVAILABLE,UNAVAILABLE,UNAVAILABLE,UNAVAILABLE,UNAVAILABLE,KEEP,Unique rendered H1/primary query retained; monitor in Search Console.,/subjects/math/algebra/radicals-complex-numbers/mastery-check/answer-key/,0,CURRENT,self-canonical=true; sitemap=true; inboundInternalLinks=4,medium / pending search evidence,"GSC top queries, clicks, impressions, CTR, average position; backlinks before any consolidation"
/subjects/math/algebra/radicals-complex-numbers/practice/,https://bettergrades.net/subjects/math/algebra/radicals-complex-numbers/practice/,algebra,unit.math.algebra.a11,,assessment,"Radicals, Rational Exponents, and Complex Numbers: mixed practice | Unit A11 | Better Grades","Radicals, Rational Exponents, and Complex Numbers: mixed practice","radicals, rational exponents, and complex numbers: mixed practice","Radicals, Rational Exponents, and Complex Numbers: mixed practice | practice | Radicals, Rational Exponents, and Complex Numbers | How do we reverse powers, and what happens when the real numbers are insufficient? | algebra textbook",,,UNAVAILABLE,UNAVAILABLE,UNAVAILABLE,UNAVAILABLE,UNAVAILABLE,KEEP,Unique rendered H1/primary query retained; monitor in Search Console.,/subjects/math/algebra/radicals-complex-numbers/practice/,0,CURRENT,self-canonical=true; sitemap=true; inboundInternalLinks=13,medium / pending search evidence,"GSC top queries, clicks, impressions, CTR, average position; backlinks before any consolidation"
/subjects/math/algebra/radicals-complex-numbers/products-and-quotients-of-radicals/,https://bettergrades.net/subjects/math/algebra/radicals-complex-numbers/products-and-quotients-of-radicals/,algebra,unit.math.algebra.a11,textbook-lesson.math.algebra.a11-3,textbook-lesson,Products and quotients of radicals | Unit A11 | Better Grades,Products and quotients of radicals,products and quotients of radicals,"Products and quotients of radicals | lesson | Radicals, Rational Exponents, and Complex Numbers | How do we reverse powers, and what happens when the real numbers are insufficient? | Apply root product and quotient properties under valid real-number conditions. | algebra textbook",,,UNAVAILABLE,UNAVAILABLE,UNAVAILABLE,UNAVAILABLE,UNAVAILABLE,KEEP,Unique rendered H1/primary query retained; monitor in Search Console.,/subjects/math/algebra/radicals-complex-numbers/products-and-quotients-of-radicals/,0,CURRENT,self-canonical=true; sitemap=true; inboundInternalLinks=5,medium / pending search evidence,"GSC top queries, clicks, impressions, CTR, average position; backlinks before any consolidation"
/subjects/math/algebra/radicals-complex-numbers/rational-exponents/,https://bettergrades.net/subjects/math/algebra/radicals-complex-numbers/rational-exponents/,algebra,unit.math.algebra.a11,textbook-lesson.math.algebra.a11-7,textbook-lesson,Rational exponents | Unit A11 | Better Grades,Rational exponents,complete Rational exponents lesson,"Rational exponents | lesson | Radicals, Rational Exponents, and Complex Numbers | How do we reverse powers, and what happens when the real numbers are insufficient? | Interpret the denominator of an exponent as a root and the numerator as a power. | algebra textbook",/subjects/math/algebra/radicals-exponents-functions/rational-exponents/,why fractional exponents mean roots,UNAVAILABLE,UNAVAILABLE,UNAVAILABLE,UNAVAILABLE,UNAVAILABLE,KEEP,Distinct intent versus /subjects/math/algebra/radicals-exponents-functions/rational-exponents/; URL preservation is safer without GSC/backlink evidence.,/subjects/math/algebra/radicals-complex-numbers/rational-exponents/,10,IMPLEMENTED_OR_CONFIRMED,self-canonical=true; sitemap=true; inboundInternalLinks=6,high editorial / pending search evidence,"GSC top queries, clicks, impressions, CTR, average position; backlinks before any consolidation"
/subjects/math/algebra/radicals-complex-numbers/rationalizing-monomial-denominators/,https://bettergrades.net/subjects/math/algebra/radicals-complex-numbers/rationalizing-monomial-denominators/,algebra,unit.math.algebra.a11,textbook-lesson.math.algebra.a11-5,textbook-lesson,Rationalizing monomial denominators | Unit A11 | Better Grades,Rationalizing monomial denominators,rationalizing monomial denominators,"Rationalizing monomial denominators | lesson | Radicals, Rational Exponents, and Complex Numbers | How do we reverse powers, and what happens when the real numbers are insufficient? | Multiply by a form of one to remove a radical denominator. | algebra textbook",,,UNAVAILABLE,UNAVAILABLE,UNAVAILABLE,UNAVAILABLE,UNAVAILABLE,KEEP,Unique rendered H1/primary query retained; monitor in Search Console.,/subjects/math/algebra/radicals-complex-numbers/rationalizing-monomial-denominators/,0,CURRENT,self-canonical=true; sitemap=true; inboundInternalLinks=5,medium / pending search evidence,"GSC top queries, clicks, impressions, CTR, average position; backlinks before any consolidation"
/subjects/math/algebra/radicals-complex-numbers/review/,https://bettergrades.net/subjects/math/algebra/radicals-complex-numbers/review/,algebra,unit.math.algebra.a11,,assessment,"Radicals, Rational Exponents, and Complex Numbers: cumulative review | Unit A11 | Better Grades","Radicals, Rational Exponents, and Complex Numbers: cumulative review","radicals, rational exponents, and complex numbers: cumulative review","Radicals, Rational Exponents, and Complex Numbers: cumulative review | review | Radicals, Rational Exponents, and Complex Numbers | How do we reverse powers, and what happens when the real numbers are insufficient? | algebra textbook",,,UNAVAILABLE,UNAVAILABLE,UNAVAILABLE,UNAVAILABLE,UNAVAILABLE,KEEP,Unique rendered H1/primary query retained; monitor in Search Console.,/subjects/math/algebra/radicals-complex-numbers/review/,0,CURRENT,self-canonical=true; sitemap=true; inboundInternalLinks=3,medium / pending search evidence,"GSC top queries, clicks, impressions, CTR, average position; backlinks before any consolidation"
/subjects/math/algebra/radicals-complex-numbers/simplifying-radicals/,https://bettergrades.net/subjects/math/algebra/radicals-complex-numbers/simplifying-radicals/,algebra,unit.math.algebra.a11,textbook-lesson.math.algebra.a11-2,textbook-lesson,Simplifying radicals | Unit A11 | Better Grades,Simplifying radicals,complete Simplifying radicals lesson,"Simplifying radicals | lesson | Radicals, Rational Exponents, and Complex Numbers | How do we reverse powers, and what happens when the real numbers are insufficient? | Extract perfect-power factors and retain exact form. | algebra textbook",/subjects/math/algebra/radicals-exponents-functions/simplifying-radicals/,finding perfect-power factors in radicals,UNAVAILABLE,UNAVAILABLE,UNAVAILABLE,UNAVAILABLE,UNAVAILABLE,KEEP,Distinct intent versus /subjects/math/algebra/radicals-exponents-functions/simplifying-radicals/; URL preservation is safer without GSC/backlink evidence.,/subjects/math/algebra/radicals-complex-numbers/simplifying-radicals/,11,IMPLEMENTED_OR_CONFIRMED,self-canonical=true; sitemap=true; inboundInternalLinks=6,high editorial / pending search evidence,"GSC top queries, clicks, impressions, CTR, average position; backlinks before any consolidation"
/subjects/math/algebra/radicals-complex-numbers/solving-radical-equations/,https://bettergrades.net/subjects/math/algebra/radicals-complex-numbers/solving-radical-equations/,algebra,unit.math.algebra.a11,textbook-lesson.math.algebra.a11-8,textbook-lesson,Solving radical equations | Unit A11 | Better Grades,Solving radical equations,complete Solving radical equations lesson,"Solving radical equations | lesson | Radicals, Rational Exponents, and Complex Numbers | How do we reverse powers, and what happens when the real numbers are insufficient? | Isolate radicals and raise powers while treating results as candidates. | algebra textbook",/subjects/math/algebra/radicals-exponents-functions/solving-radical-equations/,checking extraneous solutions in radical equations,UNAVAILABLE,UNAVAILABLE,UNAVAILABLE,UNAVAILABLE,UNAVAILABLE,KEEP,Distinct intent versus /subjects/math/algebra/radicals-exponents-functions/solving-radical-equations/; URL preservation is safer without GSC/backlink evidence.,/subjects/math/algebra/radicals-complex-numbers/solving-radical-equations/,11,IMPLEMENTED_OR_CONFIRMED,self-canonical=true; sitemap=true; inboundInternalLinks=6,high editorial / pending search evidence,"GSC top queries, clicks, impressions, CTR, average position; backlinks before any consolidation"
/subjects/math/algebra/radicals-exponents-functions/,https://bettergrades.net/subjects/math/algebra/radicals-exponents-functions/,algebra,,,quick-answer,"Radicals, Exponents & Functions Algebra resources | Better Grades","Radicals, Exponents & Functions","radicals, exponents & functions",Algebra | radicals exponents functions | learn | topic,,,UNAVAILABLE,UNAVAILABLE,UNAVAILABLE,UNAVAILABLE,UNAVAILABLE,KEEP,Unique rendered H1/primary query retained; monitor in Search Console.,/subjects/math/algebra/radicals-exponents-functions/,0,CURRENT,self-canonical=true; sitemap=true; inboundInternalLinks=7,medium / pending search evidence,"GSC top queries, clicks, impressions, CTR, average position; backlinks before any consolidation"
/subjects/math/algebra/radicals-exponents-functions/exponential-growth-and-decay/,https://bettergrades.net/subjects/math/algebra/radicals-exponents-functions/exponential-growth-and-decay/,algebra,,,concept-explainer,Exponential growth and decay: reading the model | Better Grades,Exponential growth and decay: reading the model,exponential growth and decay: reading the model,"Radicals, Exponents & Functions | Move between radical and exponent notation, solve carefully, and use function language to describe inputs, outputs, and inverses. | exponential growth and decay | exponential model | growth factor | decay factor | percent growth",,,UNAVAILABLE,UNAVAILABLE,UNAVAILABLE,UNAVAILABLE,UNAVAILABLE,KEEP,Unique rendered H1/primary query retained; monitor in Search Console.,/subjects/math/algebra/radicals-exponents-functions/exponential-growth-and-decay/,0,CURRENT,self-canonical=true; sitemap=true; inboundInternalLinks=3,medium / pending search evidence,"GSC top queries, clicks, impressions, CTR, average position; backlinks before any consolidation"
/subjects/math/algebra/radicals-exponents-functions/function-notation/,https://bettergrades.net/subjects/math/algebra/radicals-exponents-functions/function-notation/,algebra,,,concept-explainer,"Function notation: inputs, outputs, and what f(x) does not mean | Better Grades","Function notation: inputs, outputs, and what f(x) does not mean","function notation: inputs, outputs, and what f(x) does not mean","Radicals, Exponents & Functions | Move between radical and exponent notation, solve carefully, and use function language to describe inputs, outputs, and inverses. | function notation",,,UNAVAILABLE,UNAVAILABLE,UNAVAILABLE,UNAVAILABLE,UNAVAILABLE,KEEP,Unique rendered H1/primary query retained; monitor in Search Console.,/subjects/math/algebra/radicals-exponents-functions/function-notation/,0,CURRENT,self-canonical=true; sitemap=true; inboundInternalLinks=4,medium / pending search evidence,"GSC top queries, clicks, impressions, CTR, average position; backlinks before any consolidation"
/subjects/math/algebra/radicals-exponents-functions/inverse-functions-vs-reciprocals/,https://bettergrades.net/subjects/math/algebra/radicals-exponents-functions/inverse-functions-vs-reciprocals/,algebra,,,decision-guide,Inverse function or reciprocal? The −1 notation has two different jobs | Better Grades,Inverse function or reciprocal? The −1 notation has two different jobs,inverse function or reciprocal the −1 notation has two different jobs,"Radicals, Exponents & Functions | Move between radical and exponent notation, solve carefully, and use function language to describe inputs, outputs, and inverses. | inverse functions vs reciprocals",,,UNAVAILABLE,UNAVAILABLE,UNAVAILABLE,UNAVAILABLE,UNAVAILABLE,KEEP,Unique rendered H1/primary query retained; monitor in Search Console.,/subjects/math/algebra/radicals-exponents-functions/inverse-functions-vs-reciprocals/,0,CURRENT,self-canonical=true; sitemap=true; inboundInternalLinks=4,medium / pending search evidence,"GSC top queries, clicks, impressions, CTR, average position; backlinks before any consolidation"
/subjects/math/algebra/radicals-exponents-functions/rational-exponents/,https://bettergrades.net/subjects/math/algebra/radicals-exponents-functions/rational-exponents/,algebra,,,concept-explainer,Why fractional exponents mean roots | Better Grades,Why fractional exponents mean roots,why fractional exponents mean roots,"Radicals, Exponents & Functions | Move between radical and exponent notation, solve carefully, and use function language to describe inputs, outputs, and inverses. | rational exponents",/subjects/math/algebra/radicals-complex-numbers/rational-exponents/,complete Rational exponents lesson,UNAVAILABLE,UNAVAILABLE,UNAVAILABLE,UNAVAILABLE,UNAVAILABLE,REPOSITION,Distinct intent versus /subjects/math/algebra/radicals-complex-numbers/rational-exponents/; URL preservation is safer without GSC/backlink evidence.,/subjects/math/algebra/radicals-complex-numbers/rational-exponents/,10,IMPLEMENTED_OR_CONFIRMED,self-canonical=true; sitemap=true; inboundInternalLinks=5,high editorial / pending search evidence,"GSC top queries, clicks, impressions, CTR, average position; backlinks before any consolidation"
/subjects/math/algebra/radicals-exponents-functions/simplifying-radicals/,https://bettergrades.net/subjects/math/algebra/radicals-exponents-functions/simplifying-radicals/,algebra,,,method-guide,How to find perfect-power factors when simplifying radicals | Better Grades,How to find perfect-power factors when simplifying radicals,finding perfect-power factors in radicals,"Radicals, Exponents & Functions | Move between radical and exponent notation, solve carefully, and use function language to describe inputs, outputs, and inverses. | simplifying radicals",/subjects/math/algebra/radicals-complex-numbers/simplifying-radicals/,complete Simplifying radicals lesson,UNAVAILABLE,UNAVAILABLE,UNAVAILABLE,UNAVAILABLE,UNAVAILABLE,REPOSITION,Distinct intent versus /subjects/math/algebra/radicals-complex-numbers/simplifying-radicals/; URL preservation is safer without GSC/backlink evidence.,/subjects/math/algebra/radicals-complex-numbers/simplifying-radicals/,11,IMPLEMENTED_OR_CONFIRMED,self-canonical=true; sitemap=true; inboundInternalLinks=4,high editorial / pending search evidence,"GSC top queries, clicks, impressions, CTR, average position; backlinks before any consolidation"
/subjects/math/algebra/radicals-exponents-functions/solving-radical-equations/,https://bettergrades.net/subjects/math/algebra/radicals-exponents-functions/solving-radical-equations/,algebra,,,method-guide,Why radical equations create extraneous solutions—and how to check them | Better Grades,Why radical equations create extraneous solutions—and how to check them,checking extraneous solutions in radical equations,"Radicals, Exponents & Functions | Move between radical and exponent notation, solve carefully, and use function language to describe inputs, outputs, and inverses. | solving radical equations",/subjects/math/algebra/radicals-complex-numbers/solving-radical-equations/,complete Solving radical equations lesson,UNAVAILABLE,UNAVAILABLE,UNAVAILABLE,UNAVAILABLE,UNAVAILABLE,REPOSITION,Distinct intent versus /subjects/math/algebra/radicals-complex-numbers/solving-radical-equations/; URL preservation is safer without GSC/backlink evidence.,/subjects/math/algebra/radicals-complex-numbers/solving-radical-equations/,11,IMPLEMENTED_OR_CONFIRMED,self-canonical=true; sitemap=true; inboundInternalLinks=5,high editorial / pending search evidence,"GSC top queries, clicks, impressions, CTR, average position; backlinks before any consolidation"
/subjects/math/algebra/rational-expressions/,https://bettergrades.net/subjects/math/algebra/rational-expressions/,algebra,unit.math.algebra.a10,,unit-hub,"Unit A10: Rational Expressions, Equations, and Variation | Better Grades","Unit A10: Rational Expressions, Equations, and Variation","unit a10: rational expressions, equations, and variation","Unit A10: Rational Expressions, Equations, and Variation | unit hub | Rational Expressions, Equations, and Variation | What changes when a variable expression appears in a denominator? | algebra textbook",,,UNAVAILABLE,UNAVAILABLE,UNAVAILABLE,UNAVAILABLE,UNAVAILABLE,KEEP,Unique rendered H1/primary query retained; monitor in Search Console.,/subjects/math/algebra/rational-expressions/,0,CURRENT,self-canonical=true; sitemap=true; inboundInternalLinks=25,medium / pending search evidence,"GSC top queries, clicks, impressions, CTR, average position; backlinks before any consolidation"
/subjects/math/algebra/rational-expressions/add-subtract-rational-expressions/,https://bettergrades.net/subjects/math/algebra/rational-expressions/add-subtract-rational-expressions/,algebra,,,method-guide,How to find the LCD for rational expressions | Better Grades,How to find the LCD for rational expressions,finding the LCD for rational expressions,"Rational Expressions | Track restrictions, simplify factors legally, combine fractions, and solve equations without losing excluded values. | add subtract rational expressions",/subjects/math/algebra/rational-expressions/addition-and-subtraction/,complete Addition and subtraction lesson,UNAVAILABLE,UNAVAILABLE,UNAVAILABLE,UNAVAILABLE,UNAVAILABLE,REPOSITION,Distinct intent versus /subjects/math/algebra/rational-expressions/addition-and-subtraction/; URL preservation is safer without GSC/backlink evidence.,/subjects/math/algebra/rational-expressions/addition-and-subtraction/,11,IMPLEMENTED_OR_CONFIRMED,self-canonical=true; sitemap=true; inboundInternalLinks=4,high editorial / pending search evidence,"GSC top queries, clicks, impressions, CTR, average position; backlinks before any consolidation"
/subjects/math/algebra/rational-expressions/addition-and-subtraction/,https://bettergrades.net/subjects/math/algebra/rational-expressions/addition-and-subtraction/,algebra,unit.math.algebra.a10,textbook-lesson.math.algebra.a10-6,textbook-lesson,Addition and subtraction | Unit A10 | Better Grades,Addition and subtraction,complete Addition and subtraction lesson,"Addition and subtraction | lesson | Rational Expressions, Equations, and Variation | What changes when a variable expression appears in a denominator? | Create equivalent rational expressions with a common denominator before combining numerators. | algebra textbook",/subjects/math/algebra/rational-expressions/add-subtract-rational-expressions/,finding the LCD for rational expressions,UNAVAILABLE,UNAVAILABLE,UNAVAILABLE,UNAVAILABLE,UNAVAILABLE,KEEP,Distinct intent versus /subjects/math/algebra/rational-expressions/add-subtract-rational-expressions/; URL preservation is safer without GSC/backlink evidence.,/subjects/math/algebra/rational-expressions/addition-and-subtraction/,11,IMPLEMENTED_OR_CONFIRMED,self-canonical=true; sitemap=true; inboundInternalLinks=6,high editorial / pending search evidence,"GSC top queries, clicks, impressions, CTR, average position; backlinks before any consolidation"
/subjects/math/algebra/rational-expressions/complex-rational-expressions/,https://bettergrades.net/subjects/math/algebra/rational-expressions/complex-rational-expressions/,algebra,unit.math.algebra.a10,textbook-lesson.math.algebra.a10-7,textbook-lesson,Complex rational expressions | Unit A10 | Better Grades,Complex rational expressions,complex rational expressions,"Complex rational expressions | lesson | Rational Expressions, Equations, and Variation | What changes when a variable expression appears in a denominator? | Simplify a fraction containing fractions by multiplying numerator and denominator by a common LCD. | algebra textbook",,,UNAVAILABLE,UNAVAILABLE,UNAVAILABLE,UNAVAILABLE,UNAVAILABLE,KEEP,Unique rendered H1/primary query retained; monitor in Search Console.,/subjects/math/algebra/rational-expressions/complex-rational-expressions/,0,CURRENT,self-canonical=true; sitemap=true; inboundInternalLinks=5,medium / pending search evidence,"GSC top queries, clicks, impressions, CTR, average position; backlinks before any consolidation"
/subjects/math/algebra/rational-expressions/direct-inverse-and-joint-variation/,https://bettergrades.net/subjects/math/algebra/rational-expressions/direct-inverse-and-joint-variation/,algebra,unit.math.algebra.a10,textbook-lesson.math.algebra.a10-9,textbook-lesson,"Direct, inverse, and joint variation | Unit A10 | Better Grades","Direct, inverse, and joint variation","complete Direct, inverse, and joint variation lesson","Direct, inverse, and joint variation | lesson | Rational Expressions, Equations, and Variation | What changes when a variable expression appears in a denominator? | Translate proportional structures into formulas with a constant parameter. | algebra textbook",/subjects/math/algebra/rational-expressions/direct-inverse-variation/,choosing direct versus inverse variation,UNAVAILABLE,UNAVAILABLE,UNAVAILABLE,UNAVAILABLE,UNAVAILABLE,KEEP,Distinct intent versus /subjects/math/algebra/rational-expressions/direct-inverse-variation/; URL preservation is safer without GSC/backlink evidence.,/subjects/math/algebra/rational-expressions/direct-inverse-and-joint-variation/,8,IMPLEMENTED_OR_CONFIRMED,self-canonical=true; sitemap=true; inboundInternalLinks=6,high editorial / pending search evidence,"GSC top queries, clicks, impressions, CTR, average position; backlinks before any consolidation"
/subjects/math/algebra/rational-expressions/direct-inverse-variation/,https://bettergrades.net/subjects/math/algebra/rational-expressions/direct-inverse-variation/,algebra,,,decision-guide,Direct or inverse variation: which model matches the relationship? | Better Grades,Direct or inverse variation: which model matches the relationship?,choosing direct versus inverse variation,"Rational Expressions | Track restrictions, simplify factors legally, combine fractions, and solve equations without losing excluded values. | direct inverse variation",/subjects/math/algebra/rational-expressions/direct-inverse-and-joint-variation/,"complete Direct, inverse, and joint variation lesson",UNAVAILABLE,UNAVAILABLE,UNAVAILABLE,UNAVAILABLE,UNAVAILABLE,REPOSITION,Distinct intent versus /subjects/math/algebra/rational-expressions/direct-inverse-and-joint-variation/; URL preservation is safer without GSC/backlink evidence.,/subjects/math/algebra/rational-expressions/direct-inverse-and-joint-variation/,8,IMPLEMENTED_OR_CONFIRMED,self-canonical=true; sitemap=true; inboundInternalLinks=4,high editorial / pending search evidence,"GSC top queries, clicks, impressions, CTR, average position; backlinks before any consolidation"
/subjects/math/algebra/rational-expressions/division-of-rational-expressions/,https://bettergrades.net/subjects/math/algebra/rational-expressions/division-of-rational-expressions/,algebra,unit.math.algebra.a10,textbook-lesson.math.algebra.a10-4,textbook-lesson,Division of rational expressions | Unit A10 | Better Grades,Division of rational expressions,division of rational expressions,"Division of rational expressions | lesson | Rational Expressions, Equations, and Variation | What changes when a variable expression appears in a denominator? | Multiply by the reciprocal while adding restrictions from the divisor. | algebra textbook",,,UNAVAILABLE,UNAVAILABLE,UNAVAILABLE,UNAVAILABLE,UNAVAILABLE,KEEP,Unique rendered H1/primary query retained; monitor in Search Console.,/subjects/math/algebra/rational-expressions/division-of-rational-expressions/,0,CURRENT,self-canonical=true; sitemap=true; inboundInternalLinks=5,medium / pending search evidence,"GSC top queries, clicks, impressions, CTR, average position; backlinks before any consolidation"
/subjects/math/algebra/rational-expressions/least-common-denominators/,https://bettergrades.net/subjects/math/algebra/rational-expressions/least-common-denominators/,algebra,unit.math.algebra.a10,textbook-lesson.math.algebra.a10-5,textbook-lesson,Least common denominators | Unit A10 | Better Grades,Least common denominators,least common denominators,"Least common denominators | lesson | Rational Expressions, Equations, and Variation | What changes when a variable expression appears in a denominator? | Assemble an LCD using every factor at its greatest required power. | algebra textbook",,,UNAVAILABLE,UNAVAILABLE,UNAVAILABLE,UNAVAILABLE,UNAVAILABLE,KEEP,Unique rendered H1/primary query retained; monitor in Search Console.,/subjects/math/algebra/rational-expressions/least-common-denominators/,0,CURRENT,self-canonical=true; sitemap=true; inboundInternalLinks=5,medium / pending search evidence,"GSC top queries, clicks, impressions, CTR, average position; backlinks before any consolidation"
/subjects/math/algebra/rational-expressions/mastery-check/,https://bettergrades.net/subjects/math/algebra/rational-expressions/mastery-check/,algebra,unit.math.algebra.a10,,assessment,"Rational Expressions, Equations, and Variation: mastery check | Unit A10 | Better Grades","Rational Expressions, Equations, and Variation: mastery check","rational expressions, equations, and variation: mastery check","Rational Expressions, Equations, and Variation: mastery check | mastery check | Rational Expressions, Equations, and Variation | What changes when a variable expression appears in a denominator? | algebra textbook",,,UNAVAILABLE,UNAVAILABLE,UNAVAILABLE,UNAVAILABLE,UNAVAILABLE,KEEP,Unique rendered H1/primary query retained; monitor in Search Console.,/subjects/math/algebra/rational-expressions/mastery-check/,0,CURRENT,self-canonical=true; sitemap=true; inboundInternalLinks=4,medium / pending search evidence,"GSC top queries, clicks, impressions, CTR, average position; backlinks before any consolidation"
/subjects/math/algebra/rational-expressions/mastery-check/answer-key/,https://bettergrades.net/subjects/math/algebra/rational-expressions/mastery-check/answer-key/,algebra,unit.math.algebra.a10,,assessment,"Rational Expressions, Equations, and Variation: mastery answer key | Unit A10 | Better Grades","Rational Expressions, Equations, and Variation: mastery answer key","rational expressions, equations, and variation: mastery answer key","Rational Expressions, Equations, and Variation: mastery answer key | answer key | Rational Expressions, Equations, and Variation | What changes when a variable expression appears in a denominator? | algebra textbook",,,UNAVAILABLE,UNAVAILABLE,UNAVAILABLE,UNAVAILABLE,UNAVAILABLE,KEEP,Unique rendered H1/primary query retained; monitor in Search Console.,/subjects/math/algebra/rational-expressions/mastery-check/answer-key/,0,CURRENT,self-canonical=true; sitemap=true; inboundInternalLinks=4,medium / pending search evidence,"GSC top queries, clicks, impressions, CTR, average position; backlinks before any consolidation"
/subjects/math/algebra/rational-expressions/multiplication-of-rational-expressions/,https://bettergrades.net/subjects/math/algebra/rational-expressions/multiplication-of-rational-expressions/,algebra,unit.math.algebra.a10,textbook-lesson.math.algebra.a10-3,textbook-lesson,Multiplication of rational expressions | Unit A10 | Better Grades,Multiplication of rational expressions,multiplication of rational expressions,"Multiplication of rational expressions | lesson | Rational Expressions, Equations, and Variation | What changes when a variable expression appears in a denominator? | Factor before multiplying and cancel across products. | algebra textbook",,,UNAVAILABLE,UNAVAILABLE,UNAVAILABLE,UNAVAILABLE,UNAVAILABLE,KEEP,Unique rendered H1/primary query retained; monitor in Search Console.,/subjects/math/algebra/rational-expressions/multiplication-of-rational-expressions/,0,CURRENT,self-canonical=true; sitemap=true; inboundInternalLinks=5,medium / pending search evidence,"GSC top queries, clicks, impressions, CTR, average position; backlinks before any consolidation"
/subjects/math/algebra/rational-expressions/practice/,https://bettergrades.net/subjects/math/algebra/rational-expressions/practice/,algebra,unit.math.algebra.a10,,assessment,"Rational Expressions, Equations, and Variation: mixed practice | Unit A10 | Better Grades","Rational Expressions, Equations, and Variation: mixed practice","rational expressions, equations, and variation: mixed practice","Rational Expressions, Equations, and Variation: mixed practice | practice | Rational Expressions, Equations, and Variation | What changes when a variable expression appears in a denominator? | algebra textbook",,,UNAVAILABLE,UNAVAILABLE,UNAVAILABLE,UNAVAILABLE,UNAVAILABLE,KEEP,Unique rendered H1/primary query retained; monitor in Search Console.,/subjects/math/algebra/rational-expressions/practice/,0,CURRENT,self-canonical=true; sitemap=true; inboundInternalLinks=13,medium / pending search evidence,"GSC top queries, clicks, impressions, CTR, average position; backlinks before any consolidation"
/subjects/math/algebra/rational-expressions/rational-domain-restrictions/,https://bettergrades.net/subjects/math/algebra/rational-expressions/rational-domain-restrictions/,algebra,,,concept-explainer,Why canceled factors still restrict a rational expression's domain | Better Grades,Why canceled factors still restrict a rational expression's domain,why canceled factors still restrict the domain,"Rational Expressions | Track restrictions, simplify factors legally, combine fractions, and solve equations without losing excluded values. | rational domain restrictions",/subjects/math/algebra/rational-expressions/rational-expressions-and-restrictions/,complete Rational expressions and restrictions lesson,UNAVAILABLE,UNAVAILABLE,UNAVAILABLE,UNAVAILABLE,UNAVAILABLE,REPOSITION,Distinct intent versus /subjects/math/algebra/rational-expressions/rational-expressions-and-restrictions/; URL preservation is safer without GSC/backlink evidence.,/subjects/math/algebra/rational-expressions/rational-expressions-and-restrictions/,11,IMPLEMENTED_OR_CONFIRMED,self-canonical=true; sitemap=true; inboundInternalLinks=3,high editorial / pending search evidence,"GSC top queries, clicks, impressions, CTR, average position; backlinks before any consolidation"
/subjects/math/algebra/rational-expressions/rational-equations/,https://bettergrades.net/subjects/math/algebra/rational-expressions/rational-equations/,algebra,unit.math.algebra.a10,textbook-lesson.math.algebra.a10-8,textbook-lesson,Rational equations | Unit A10 | Better Grades,Rational equations,complete Rational equations lesson,"Rational equations | lesson | Rational Expressions, Equations, and Variation | What changes when a variable expression appears in a denominator? | Clear denominators to produce candidates and verify every candidate in the original equation. | algebra textbook",/subjects/math/algebra/rational-expressions/solving-rational-equations/,forbidden and extraneous rational-equation solutions,UNAVAILABLE,UNAVAILABLE,UNAVAILABLE,UNAVAILABLE,UNAVAILABLE,KEEP,Distinct intent versus /subjects/math/algebra/rational-expressions/solving-rational-equations/; URL preservation is safer without GSC/backlink evidence.,/subjects/math/algebra/rational-expressions/rational-equations/,11,IMPLEMENTED_OR_CONFIRMED,self-canonical=true; sitemap=true; inboundInternalLinks=6,high editorial / pending search evidence,"GSC top queries, clicks, impressions, CTR, average position; backlinks before any consolidation"
/subjects/math/algebra/rational-expressions/rational-expressions-and-restrictions/,https://bettergrades.net/subjects/math/algebra/rational-expressions/rational-expressions-and-restrictions/,algebra,unit.math.algebra.a10,textbook-lesson.math.algebra.a10-1,textbook-lesson,Rational expressions and restrictions | Unit A10 | Better Grades,Rational expressions and restrictions,complete Rational expressions and restrictions lesson,"Rational expressions and restrictions | lesson | Rational Expressions, Equations, and Variation | What changes when a variable expression appears in a denominator? | Determine where a denominator is zero and state the valid input set. | algebra textbook",/subjects/math/algebra/rational-expressions/rational-domain-restrictions/,why canceled factors still restrict the domain,UNAVAILABLE,UNAVAILABLE,UNAVAILABLE,UNAVAILABLE,UNAVAILABLE,KEEP,Distinct intent versus /subjects/math/algebra/rational-expressions/rational-domain-restrictions/; URL preservation is safer without GSC/backlink evidence.,/subjects/math/algebra/rational-expressions/rational-expressions-and-restrictions/,11,IMPLEMENTED_OR_CONFIRMED,self-canonical=true; sitemap=true; inboundInternalLinks=5,high editorial / pending search evidence,"GSC top queries, clicks, impressions, CTR, average position; backlinks before any consolidation"
/subjects/math/algebra/rational-expressions/rational-inequalities-and-introductory-graphs/,https://bettergrades.net/subjects/math/algebra/rational-expressions/rational-inequalities-and-introductory-graphs/,algebra,unit.math.algebra.a10,textbook-lesson.math.algebra.a10-10,textbook-lesson,Rational inequalities and introductory graphs | Unit A10 | Better Grades,Rational inequalities and introductory graphs,rational inequalities and introductory graphs,"Rational inequalities and introductory graphs | lesson | Rational Expressions, Equations, and Variation | What changes when a variable expression appears in a denominator? | Use zeros and restrictions as critical values and distinguish holes from vertical asymptotes. | algebra textbook",,,UNAVAILABLE,UNAVAILABLE,UNAVAILABLE,UNAVAILABLE,UNAVAILABLE,KEEP,Unique rendered H1/primary query retained; monitor in Search Console.,/subjects/math/algebra/rational-expressions/rational-inequalities-and-introductory-graphs/,0,CURRENT,self-canonical=true; sitemap=true; inboundInternalLinks=4,medium / pending search evidence,"GSC top queries, clicks, impressions, CTR, average position; backlinks before any consolidation"
/subjects/math/algebra/rational-expressions/review/,https://bettergrades.net/subjects/math/algebra/rational-expressions/review/,algebra,unit.math.algebra.a10,,assessment,"Rational Expressions, Equations, and Variation: cumulative review | Unit A10 | Better Grades","Rational Expressions, Equations, and Variation: cumulative review","rational expressions, equations, and variation: cumulative review","Rational Expressions, Equations, and Variation: cumulative review | review | Rational Expressions, Equations, and Variation | What changes when a variable expression appears in a denominator? | algebra textbook",,,UNAVAILABLE,UNAVAILABLE,UNAVAILABLE,UNAVAILABLE,UNAVAILABLE,KEEP,Unique rendered H1/primary query retained; monitor in Search Console.,/subjects/math/algebra/rational-expressions/review/,0,CURRENT,self-canonical=true; sitemap=true; inboundInternalLinks=3,medium / pending search evidence,"GSC top queries, clicks, impressions, CTR, average position; backlinks before any consolidation"
/subjects/math/algebra/rational-expressions/simplifying-complex-rational-expressions/,https://bettergrades.net/subjects/math/algebra/rational-expressions/simplifying-complex-rational-expressions/,algebra,,,method-guide,Simplifying complex rational expressions | Better Grades,Simplifying complex rational expressions,simplifying complex rational expressions,"Rational Expressions | Track restrictions, simplify factors legally, combine fractions, and solve equations without losing excluded values. | simplifying complex rational expressions | fraction over fraction | complex fraction | clear nested denominators",,,UNAVAILABLE,UNAVAILABLE,UNAVAILABLE,UNAVAILABLE,UNAVAILABLE,KEEP,Unique rendered H1/primary query retained; monitor in Search Console.,/subjects/math/algebra/rational-expressions/simplifying-complex-rational-expressions/,0,CURRENT,self-canonical=true; sitemap=true; inboundInternalLinks=2,medium / pending search evidence,"GSC top queries, clicks, impressions, CTR, average position; backlinks before any consolidation"
/subjects/math/algebra/rational-expressions/simplifying-rational-expressions-course/,https://bettergrades.net/subjects/math/algebra/rational-expressions/simplifying-rational-expressions-course/,algebra,unit.math.algebra.a10,textbook-lesson.math.algebra.a10-2,textbook-lesson,Simplifying rational expressions | Unit A10 | Better Grades,Simplifying rational expressions,complete Simplifying rational expressions lesson,"Simplifying rational expressions | lesson | Rational Expressions, Equations, and Variation | What changes when a variable expression appears in a denominator? | Factor and cancel common factors without cancelling terms or erasing restrictions. | algebra textbook",/subjects/math/algebra/rational-expressions/simplifying-rational-expressions/,factor cancellation versus full simplifying-rational-expressions lesson,UNAVAILABLE,UNAVAILABLE,UNAVAILABLE,UNAVAILABLE,UNAVAILABLE,KEEP,Distinct intent versus /subjects/math/algebra/rational-expressions/simplifying-rational-expressions/; URL preservation is safer without GSC/backlink evidence.,/subjects/math/algebra/rational-expressions/simplifying-rational-expressions-course/,10,IMPLEMENTED_OR_CONFIRMED,self-canonical=true; sitemap=true; inboundInternalLinks=6,high editorial / pending search evidence,"GSC top queries, clicks, impressions, CTR, average position; backlinks before any consolidation"
/subjects/math/algebra/rational-expressions/simplifying-rational-expressions/,https://bettergrades.net/subjects/math/algebra/rational-expressions/simplifying-rational-expressions/,algebra,,,method-guide,"Simplifying rational expressions by factors, not by terms | Better Grades","Simplifying rational expressions by factors, not by terms",factor cancellation versus full simplifying-rational-expressions lesson,"Rational Expressions | Track restrictions, simplify factors legally, combine fractions, and solve equations without losing excluded values. | simplifying rational expressions",/subjects/math/algebra/rational-expressions/simplifying-rational-expressions-course/,complete Simplifying rational expressions lesson,UNAVAILABLE,UNAVAILABLE,UNAVAILABLE,UNAVAILABLE,UNAVAILABLE,REPOSITION,Distinct intent versus /subjects/math/algebra/rational-expressions/simplifying-rational-expressions-course/; URL preservation is safer without GSC/backlink evidence.,/subjects/math/algebra/rational-expressions/simplifying-rational-expressions-course/,10,IMPLEMENTED_OR_CONFIRMED,self-canonical=true; sitemap=true; inboundInternalLinks=4,high editorial / pending search evidence,"GSC top queries, clicks, impressions, CTR, average position; backlinks before any consolidation"
/subjects/math/algebra/rational-expressions/solving-rational-equations/,https://bettergrades.net/subjects/math/algebra/rational-expressions/solving-rational-equations/,algebra,,,method-guide,Forbidden and extraneous solutions in rational equations | Better Grades,Forbidden and extraneous solutions in rational equations,forbidden and extraneous rational-equation solutions,"Rational Expressions | Track restrictions, simplify factors legally, combine fractions, and solve equations without losing excluded values. | solving rational equations",/subjects/math/algebra/rational-expressions/rational-equations/,complete Rational equations lesson,UNAVAILABLE,UNAVAILABLE,UNAVAILABLE,UNAVAILABLE,UNAVAILABLE,REPOSITION,Distinct intent versus /subjects/math/algebra/rational-expressions/rational-equations/; URL preservation is safer without GSC/backlink evidence.,/subjects/math/algebra/rational-expressions/rational-equations/,11,IMPLEMENTED_OR_CONFIRMED,self-canonical=true; sitemap=true; inboundInternalLinks=4,high editorial / pending search evidence,"GSC top queries, clicks, impressions, CTR, average position; backlinks before any consolidation"
/subjects/math/algebra/systems-inequalities/,https://bettergrades.net/subjects/math/algebra/systems-inequalities/,algebra,,,quick-answer,Systems & Inequalities Algebra resources | Better Grades,Systems & Inequalities,systems & inequalities,Algebra | systems inequalities | learn | topic,,,UNAVAILABLE,UNAVAILABLE,UNAVAILABLE,UNAVAILABLE,UNAVAILABLE,KEEP,Unique rendered H1/primary query retained; monitor in Search Console.,/subjects/math/algebra/systems-inequalities/,0,CURRENT,self-canonical=true; sitemap=true; inboundInternalLinks=8,medium / pending search evidence,"GSC top queries, clicks, impressions, CTR, average position; backlinks before any consolidation"
/subjects/math/algebra/systems-inequalities/choosing-system-method/,https://bettergrades.net/subjects/math/algebra/systems-inequalities/choosing-system-method/,algebra,,,decision-guide,"Graphing, substitution, or elimination: which system method fits? | Better Grades","Graphing, substitution, or elimination: which system method fits?","graphing, substitution, or elimination: which system method fits","Systems & Inequalities | Solve simultaneous conditions, choose an efficient method, and describe whole solution regions instead of isolated numbers. | choosing system method",,,UNAVAILABLE,UNAVAILABLE,UNAVAILABLE,UNAVAILABLE,UNAVAILABLE,KEEP,Unique rendered H1/primary query retained; monitor in Search Console.,/subjects/math/algebra/systems-inequalities/choosing-system-method/,0,CURRENT,self-canonical=true; sitemap=true; inboundInternalLinks=3,medium / pending search evidence,"GSC top queries, clicks, impressions, CTR, average position; backlinks before any consolidation"
/subjects/math/algebra/systems-inequalities/compound-inequalities/,https://bettergrades.net/subjects/math/algebra/systems-inequalities/compound-inequalities/,algebra,,,method-guide,"And vs. or in compound inequalities: unions, intersections, and sign flips | Better Grades","And vs. or in compound inequalities: unions, intersections, and sign flips",and versus or logic in compound inequalities,"Systems & Inequalities | Solve simultaneous conditions, choose an efficient method, and describe whole solution regions instead of isolated numbers. | compound inequalities",/subjects/math/algebra/inequalities-absolute-value/compound-inequalities/,complete Compound inequalities lesson,UNAVAILABLE,UNAVAILABLE,UNAVAILABLE,UNAVAILABLE,UNAVAILABLE,REPOSITION,Distinct intent versus /subjects/math/algebra/inequalities-absolute-value/compound-inequalities/; URL preservation is safer without GSC/backlink evidence.,/subjects/math/algebra/inequalities-absolute-value/compound-inequalities/,10,IMPLEMENTED_OR_CONFIRMED,self-canonical=true; sitemap=true; inboundInternalLinks=5,high editorial / pending search evidence,"GSC top queries, clicks, impressions, CTR, average position; backlinks before any consolidation"
/subjects/math/algebra/systems-inequalities/elimination-systems/,https://bettergrades.net/subjects/math/algebra/systems-inequalities/elimination-systems/,algebra,,,method-guide,When should you use elimination for a system? | Better Grades,When should you use elimination for a system?,when to choose elimination,"Systems & Inequalities | Solve simultaneous conditions, choose an efficient method, and describe whole solution regions instead of isolated numbers. | elimination systems",/subjects/math/algebra/systems/elimination/,complete Elimination lesson,UNAVAILABLE,UNAVAILABLE,UNAVAILABLE,UNAVAILABLE,UNAVAILABLE,REPOSITION,Distinct intent versus /subjects/math/algebra/systems/elimination/; URL preservation is safer without GSC/backlink evidence.,/subjects/math/algebra/systems/elimination/,12,IMPLEMENTED_OR_CONFIRMED,self-canonical=true; sitemap=true; inboundInternalLinks=5,high editorial / pending search evidence,"GSC top queries, clicks, impressions, CTR, average position; backlinks before any consolidation"
/subjects/math/algebra/systems-inequalities/graphing-linear-inequalities/,https://bettergrades.net/subjects/math/algebra/systems-inequalities/graphing-linear-inequalities/,algebra,,,method-guide,Graphing linear inequalities in two variables | Better Grades,Graphing linear inequalities in two variables,graphing linear inequalities in two variables,"Systems & Inequalities | Solve simultaneous conditions, choose an efficient method, and describe whole solution regions instead of isolated numbers. | graphing linear inequalities | shade linear inequality | dashed boundary | solid boundary | half plane",,,UNAVAILABLE,UNAVAILABLE,UNAVAILABLE,UNAVAILABLE,UNAVAILABLE,KEEP,Unique rendered H1/primary query retained; monitor in Search Console.,/subjects/math/algebra/systems-inequalities/graphing-linear-inequalities/,0,CURRENT,self-canonical=true; sitemap=true; inboundInternalLinks=3,medium / pending search evidence,"GSC top queries, clicks, impressions, CTR, average position; backlinks before any consolidation"
/subjects/math/algebra/systems-inequalities/no-one-infinite-solutions/,https://bettergrades.net/subjects/math/algebra/systems-inequalities/no-one-infinite-solutions/,algebra,,,concept-explainer,"One solution, no solution, or infinitely many? | Better Grades","One solution, no solution, or infinitely many?","one solution, no solution, or infinitely many","Systems & Inequalities | Solve simultaneous conditions, choose an efficient method, and describe whole solution regions instead of isolated numbers. | no one infinite solutions",,,UNAVAILABLE,UNAVAILABLE,UNAVAILABLE,UNAVAILABLE,UNAVAILABLE,KEEP,Unique rendered H1/primary query retained; monitor in Search Console.,/subjects/math/algebra/systems-inequalities/no-one-infinite-solutions/,0,CURRENT,self-canonical=true; sitemap=true; inboundInternalLinks=4,medium / pending search evidence,"GSC top queries, clicks, impressions, CTR, average position; backlinks before any consolidation"
/subjects/math/algebra/systems-inequalities/substitution-systems/,https://bettergrades.net/subjects/math/algebra/systems-inequalities/substitution-systems/,algebra,,,method-guide,When should you use substitution for a system? | Better Grades,When should you use substitution for a system?,when to choose substitution,"Systems & Inequalities | Solve simultaneous conditions, choose an efficient method, and describe whole solution regions instead of isolated numbers. | substitution systems",/subjects/math/algebra/systems/substitution/,complete Substitution lesson,UNAVAILABLE,UNAVAILABLE,UNAVAILABLE,UNAVAILABLE,UNAVAILABLE,REPOSITION,Distinct intent versus /subjects/math/algebra/systems/substitution/; URL preservation is safer without GSC/backlink evidence.,/subjects/math/algebra/systems/substitution/,12,IMPLEMENTED_OR_CONFIRMED,self-canonical=true; sitemap=true; inboundInternalLinks=5,high editorial / pending search evidence,"GSC top queries, clicks, impressions, CTR, average position; backlinks before any consolidation"
/subjects/math/algebra/systems/,https://bettergrades.net/subjects/math/algebra/systems/,algebra,unit.math.algebra.a5,,unit-hub,Unit A5: Systems and Simultaneous Constraints | Better Grades,Unit A5: Systems and Simultaneous Constraints,unit a5: systems and simultaneous constraints,Unit A5: Systems and Simultaneous Constraints | unit hub | Systems and Simultaneous Constraints | Which values satisfy several requirements simultaneously? | algebra textbook,,,UNAVAILABLE,UNAVAILABLE,UNAVAILABLE,UNAVAILABLE,UNAVAILABLE,KEEP,Unique rendered H1/primary query retained; monitor in Search Console.,/subjects/math/algebra/systems/,0,CURRENT,self-canonical=true; sitemap=true; inboundInternalLinks=15,medium / pending search evidence,"GSC top queries, clicks, impressions, CTR, average position; backlinks before any consolidation"
/subjects/math/algebra/systems/applications-of-systems/,https://bettergrades.net/subjects/math/algebra/systems/applications-of-systems/,algebra,unit.math.algebra.a5,textbook-lesson.math.algebra.a5-6,textbook-lesson,Applications of systems | Unit A5 | Better Grades,Applications of systems,applications of systems,Applications of systems | lesson | Systems and Simultaneous Constraints | Which values satisfy several requirements simultaneously? | Model problems whose structure genuinely requires two unknown quantities. | algebra textbook,,,UNAVAILABLE,UNAVAILABLE,UNAVAILABLE,UNAVAILABLE,UNAVAILABLE,KEEP,Unique rendered H1/primary query retained; monitor in Search Console.,/subjects/math/algebra/systems/applications-of-systems/,0,CURRENT,self-canonical=true; sitemap=true; inboundInternalLinks=5,medium / pending search evidence,"GSC top queries, clicks, impressions, CTR, average position; backlinks before any consolidation"
/subjects/math/algebra/systems/dependent-and-inconsistent-systems/,https://bettergrades.net/subjects/math/algebra/systems/dependent-and-inconsistent-systems/,algebra,unit.math.algebra.a5,textbook-lesson.math.algebra.a5-5,textbook-lesson,Dependent and inconsistent systems | Unit A5 | Better Grades,Dependent and inconsistent systems,dependent and inconsistent systems,Dependent and inconsistent systems | lesson | Systems and Simultaneous Constraints | Which values satisfy several requirements simultaneously? | Connect algebraic outcomes 0=0 and 0=c to coincident and parallel lines. | algebra textbook,,,UNAVAILABLE,UNAVAILABLE,UNAVAILABLE,UNAVAILABLE,UNAVAILABLE,KEEP,Unique rendered H1/primary query retained; monitor in Search Console.,/subjects/math/algebra/systems/dependent-and-inconsistent-systems/,0,CURRENT,self-canonical=true; sitemap=true; inboundInternalLinks=5,medium / pending search evidence,"GSC top queries, clicks, impressions, CTR, average position; backlinks before any consolidation"
/subjects/math/algebra/systems/elimination/,https://bettergrades.net/subjects/math/algebra/systems/elimination/,algebra,unit.math.algebra.a5,textbook-lesson.math.algebra.a5-4,textbook-lesson,Elimination | Unit A5 | Better Grades,Elimination,complete Elimination lesson,Elimination | lesson | Systems and Simultaneous Constraints | Which values satisfy several requirements simultaneously? | Combine scaled equations to remove a variable while preserving the common solution. | algebra textbook,/subjects/math/algebra/systems-inequalities/elimination-systems/,when to choose elimination,UNAVAILABLE,UNAVAILABLE,UNAVAILABLE,UNAVAILABLE,UNAVAILABLE,KEEP,Distinct intent versus /subjects/math/algebra/systems-inequalities/elimination-systems/; URL preservation is safer without GSC/backlink evidence.,/subjects/math/algebra/systems/elimination/,12,IMPLEMENTED_OR_CONFIRMED,self-canonical=true; sitemap=true; inboundInternalLinks=6,high editorial / pending search evidence,"GSC top queries, clicks, impressions, CTR, average position; backlinks before any consolidation"
/subjects/math/algebra/systems/graphical-solutions/,https://bettergrades.net/subjects/math/algebra/systems/graphical-solutions/,algebra,unit.math.algebra.a5,textbook-lesson.math.algebra.a5-2,textbook-lesson,Graphical solutions | Unit A5 | Better Grades,Graphical solutions,graphical solutions,Graphical solutions | lesson | Systems and Simultaneous Constraints | Which values satisfy several requirements simultaneously? | Read intersections and estimate exact or approximate system solutions. | algebra textbook,,,UNAVAILABLE,UNAVAILABLE,UNAVAILABLE,UNAVAILABLE,UNAVAILABLE,KEEP,Unique rendered H1/primary query retained; monitor in Search Console.,/subjects/math/algebra/systems/graphical-solutions/,0,CURRENT,self-canonical=true; sitemap=true; inboundInternalLinks=5,medium / pending search evidence,"GSC top queries, clicks, impressions, CTR, average position; backlinks before any consolidation"
/subjects/math/algebra/systems/investigation/,https://bettergrades.net/subjects/math/algebra/systems/investigation/,algebra,unit.math.algebra.a5,,assessment,Systems and Simultaneous Constraints: investigation | Unit A5 | Better Grades,Systems and Simultaneous Constraints: investigation,systems and simultaneous constraints: investigation,Systems and Simultaneous Constraints: investigation | investigation | Systems and Simultaneous Constraints | Which values satisfy several requirements simultaneously? | algebra textbook,,,UNAVAILABLE,UNAVAILABLE,UNAVAILABLE,UNAVAILABLE,UNAVAILABLE,KEEP,Unique rendered H1/primary query retained; monitor in Search Console.,/subjects/math/algebra/systems/investigation/,0,CURRENT,self-canonical=true; sitemap=true; inboundInternalLinks=3,medium / pending search evidence,"GSC top queries, clicks, impressions, CTR, average position; backlinks before any consolidation"
/subjects/math/algebra/systems/mastery-check/,https://bettergrades.net/subjects/math/algebra/systems/mastery-check/,algebra,unit.math.algebra.a5,,assessment,Systems and Simultaneous Constraints: mastery check | Unit A5 | Better Grades,Systems and Simultaneous Constraints: mastery check,systems and simultaneous constraints: mastery check,Systems and Simultaneous Constraints: mastery check | mastery check | Systems and Simultaneous Constraints | Which values satisfy several requirements simultaneously? | algebra textbook,,,UNAVAILABLE,UNAVAILABLE,UNAVAILABLE,UNAVAILABLE,UNAVAILABLE,KEEP,Unique rendered H1/primary query retained; monitor in Search Console.,/subjects/math/algebra/systems/mastery-check/,0,CURRENT,self-canonical=true; sitemap=true; inboundInternalLinks=4,medium / pending search evidence,"GSC top queries, clicks, impressions, CTR, average position; backlinks before any consolidation"
/subjects/math/algebra/systems/mastery-check/answer-key/,https://bettergrades.net/subjects/math/algebra/systems/mastery-check/answer-key/,algebra,unit.math.algebra.a5,,assessment,Systems and Simultaneous Constraints: mastery answer key | Unit A5 | Better Grades,Systems and Simultaneous Constraints: mastery answer key,systems and simultaneous constraints: mastery answer key,Systems and Simultaneous Constraints: mastery answer key | answer key | Systems and Simultaneous Constraints | Which values satisfy several requirements simultaneously? | algebra textbook,,,UNAVAILABLE,UNAVAILABLE,UNAVAILABLE,UNAVAILABLE,UNAVAILABLE,KEEP,Unique rendered H1/primary query retained; monitor in Search Console.,/subjects/math/algebra/systems/mastery-check/answer-key/,0,CURRENT,self-canonical=true; sitemap=true; inboundInternalLinks=4,medium / pending search evidence,"GSC top queries, clicks, impressions, CTR, average position; backlinks before any consolidation"
/subjects/math/algebra/systems/practice/,https://bettergrades.net/subjects/math/algebra/systems/practice/,algebra,unit.math.algebra.a5,,assessment,Systems and Simultaneous Constraints: mixed practice | Unit A5 | Better Grades,Systems and Simultaneous Constraints: mixed practice,systems and simultaneous constraints: mixed practice,Systems and Simultaneous Constraints: mixed practice | practice | Systems and Simultaneous Constraints | Which values satisfy several requirements simultaneously? | algebra textbook,,,UNAVAILABLE,UNAVAILABLE,UNAVAILABLE,UNAVAILABLE,UNAVAILABLE,KEEP,Unique rendered H1/primary query retained; monitor in Search Console.,/subjects/math/algebra/systems/practice/,0,CURRENT,self-canonical=true; sitemap=true; inboundInternalLinks=11,medium / pending search evidence,"GSC top queries, clicks, impressions, CTR, average position; backlinks before any consolidation"
/subjects/math/algebra/systems/review/,https://bettergrades.net/subjects/math/algebra/systems/review/,algebra,unit.math.algebra.a5,,assessment,Systems and Simultaneous Constraints: cumulative review | Unit A5 | Better Grades,Systems and Simultaneous Constraints: cumulative review,systems and simultaneous constraints: cumulative review,Systems and Simultaneous Constraints: cumulative review | review | Systems and Simultaneous Constraints | Which values satisfy several requirements simultaneously? | algebra textbook,,,UNAVAILABLE,UNAVAILABLE,UNAVAILABLE,UNAVAILABLE,UNAVAILABLE,KEEP,Unique rendered H1/primary query retained; monitor in Search Console.,/subjects/math/algebra/systems/review/,0,CURRENT,self-canonical=true; sitemap=true; inboundInternalLinks=3,medium / pending search evidence,"GSC top queries, clicks, impressions, CTR, average position; backlinks before any consolidation"
/subjects/math/algebra/systems/substitution/,https://bettergrades.net/subjects/math/algebra/systems/substitution/,algebra,unit.math.algebra.a5,textbook-lesson.math.algebra.a5-3,textbook-lesson,Substitution | Unit A5 | Better Grades,Substitution,complete Substitution lesson,Substitution | lesson | Systems and Simultaneous Constraints | Which values satisfy several requirements simultaneously? | Replace one variable expression with an equal expression to reduce a system. | algebra textbook,/subjects/math/algebra/systems-inequalities/substitution-systems/,when to choose substitution,UNAVAILABLE,UNAVAILABLE,UNAVAILABLE,UNAVAILABLE,UNAVAILABLE,KEEP,Distinct intent versus /subjects/math/algebra/systems-inequalities/substitution-systems/; URL preservation is safer without GSC/backlink evidence.,/subjects/math/algebra/systems/substitution/,12,IMPLEMENTED_OR_CONFIRMED,self-canonical=true; sitemap=true; inboundInternalLinks=6,high editorial / pending search evidence,"GSC top queries, clicks, impressions, CTR, average position; backlinks before any consolidation"
/subjects/math/algebra/systems/systems-as-simultaneous-conditions/,https://bettergrades.net/subjects/math/algebra/systems/systems-as-simultaneous-conditions/,algebra,unit.math.algebra.a5,textbook-lesson.math.algebra.a5-1,textbook-lesson,Systems as simultaneous conditions | Unit A5 | Better Grades,Systems as simultaneous conditions,systems as simultaneous conditions,Systems as simultaneous conditions | lesson | Systems and Simultaneous Constraints | Which values satisfy several requirements simultaneously? | Understand a solution as an ordered pair satisfying every equation or constraint. | algebra textbook,,,UNAVAILABLE,UNAVAILABLE,UNAVAILABLE,UNAVAILABLE,UNAVAILABLE,KEEP,Unique rendered H1/primary query retained; monitor in Search Console.,/subjects/math/algebra/systems/systems-as-simultaneous-conditions/,0,CURRENT,self-canonical=true; sitemap=true; inboundInternalLinks=4,medium / pending search evidence,"GSC top queries, clicks, impressions, CTR, average position; backlinks before any consolidation"
/subjects/math/algebra/systems/systems-of-inequalities/,https://bettergrades.net/subjects/math/algebra/systems/systems-of-inequalities/,algebra,unit.math.algebra.a5,textbook-lesson.math.algebra.a5-7,textbook-lesson,Systems of inequalities | Unit A5 | Better Grades,Systems of inequalities,systems of inequalities,Systems of inequalities | lesson | Systems and Simultaneous Constraints | Which values satisfy several requirements simultaneously? | Find regions satisfying multiple linear bounds and distinguish included boundaries. | algebra textbook,,,UNAVAILABLE,UNAVAILABLE,UNAVAILABLE,UNAVAILABLE,UNAVAILABLE,KEEP,Unique rendered H1/primary query retained; monitor in Search Console.,/subjects/math/algebra/systems/systems-of-inequalities/,0,CURRENT,self-canonical=true; sitemap=true; inboundInternalLinks=5,medium / pending search evidence,"GSC top queries, clicks, impressions, CTR, average position; backlinks before any consolidation"
/subjects/math/algebra/systems/systems-strategy-studio/,https://bettergrades.net/subjects/math/algebra/systems/systems-strategy-studio/,algebra,unit.math.algebra.a5,textbook-lesson.math.algebra.a5-8,textbook-lesson,Systems strategy studio | Unit A5 | Better Grades,Systems strategy studio,systems strategy studio,"Systems strategy studio | lesson | Systems and Simultaneous Constraints | Which values satisfy several requirements simultaneously? | Choose graphing, substitution, or elimination based on structure and purpose. | algebra textbook",,,UNAVAILABLE,UNAVAILABLE,UNAVAILABLE,UNAVAILABLE,UNAVAILABLE,KEEP,Unique rendered H1/primary query retained; monitor in Search Console.,/subjects/math/algebra/systems/systems-strategy-studio/,0,CURRENT,self-canonical=true; sitemap=true; inboundInternalLinks=4,medium / pending search evidence,"GSC top queries, clicks, impressions, CTR, average position; backlinks before any consolidation"
/subjects/math/calculus/,https://bettergrades.net/subjects/math/calculus/,calculus,,,course-hub,Calculus resources | Better Grades,Calculus,calculus,Calculus | course | syllabus | topics | learn | calculus,,,UNAVAILABLE,UNAVAILABLE,UNAVAILABLE,UNAVAILABLE,UNAVAILABLE,KEEP,Unique rendered H1/primary query retained; monitor in Search Console.,/subjects/math/calculus/,0,CURRENT,self-canonical=true; sitemap=true; inboundInternalLinks=974,medium / pending search evidence,"GSC top queries, clicks, impressions, CTR, average position; backlinks before any consolidation"
/subjects/math/calculus/derivative-applications/,https://bettergrades.net/subjects/math/calculus/derivative-applications/,calculus,unit.calculus.2b,,unit-hub,Unit 2B: Applications of Derivatives | Better Grades,Unit 2B: Applications of Derivatives,unit 2b: applications of derivatives,unit 2b: applications of derivatives and optimization | Unit 2B: Applications of Derivatives | Orientation and the Unit 2A bridge | Applications of Derivatives | hub | Unit 2B | derivative | calculus,,,UNAVAILABLE,UNAVAILABLE,UNAVAILABLE,UNAVAILABLE,UNAVAILABLE,KEEP,Unique rendered H1/primary query retained; monitor in Search Console.,/subjects/math/calculus/derivative-applications/,0,CURRENT,self-canonical=true; sitemap=true; inboundInternalLinks=84,medium / pending search evidence,"GSC top queries, clicks, impressions, CTR, average position; backlinks before any consolidation"
/subjects/math/calculus/derivative-applications/advanced-cauchy-mvt/,https://bettergrades.net/subjects/math/calculus/derivative-applications/advanced-cauchy-mvt/,calculus,unit.calculus.2b,textbook-lesson.calc-1-unit-2b-derivative-applications-advanced-cauchy-mvt,textbook-lesson,Cauchy's Mean Value Theorem and L'Hopital's Rule | Unit 2B | Better Grades,Cauchy's Mean Value Theorem and L'Hopital's Rule,cauchy's mean value theorem and l'hopital's rule,cauchy's mean value theorem and l'hopital's rule | Cauchy's Mean Value Theorem and L'Hopital's Rule | Optional advanced explorations | Applications of Derivatives | exploration | Unit 2B | Unit 2B: Applications of Derivatives | derivative,,,UNAVAILABLE,UNAVAILABLE,UNAVAILABLE,UNAVAILABLE,UNAVAILABLE,KEEP,Unique rendered H1/primary query retained; monitor in Search Console.,/subjects/math/calculus/derivative-applications/advanced-cauchy-mvt/,0,CURRENT,self-canonical=true; sitemap=true; inboundInternalLinks=4,medium / pending search evidence,"GSC top queries, clicks, impressions, CTR, average position; backlinks before any consolidation"
/subjects/math/calculus/derivative-applications/advanced-convexity/,https://bettergrades.net/subjects/math/calculus/derivative-applications/advanced-convexity/,calculus,unit.calculus.2b,textbook-lesson.calc-1-unit-2b-derivative-applications-advanced-convexity,textbook-lesson,"Convexity, Tangent Inequalities, and Global Minima | Unit 2B | Better Grades","Convexity, Tangent Inequalities, and Global Minima","convexity, tangent inequalities, and global minima","convexity, tangent inequalities, and global minima | Convexity, Tangent Inequalities, and Global Minima | Optional advanced explorations | Applications of Derivatives | exploration | Unit 2B | Unit 2B: Applications of Derivatives | derivative",,,UNAVAILABLE,UNAVAILABLE,UNAVAILABLE,UNAVAILABLE,UNAVAILABLE,KEEP,Unique rendered H1/primary query retained; monitor in Search Console.,/subjects/math/calculus/derivative-applications/advanced-convexity/,0,CURRENT,self-canonical=true; sitemap=true; inboundInternalLinks=4,medium / pending search evidence,"GSC top queries, clicks, impressions, CTR, average position; backlinks before any consolidation"
/subjects/math/calculus/derivative-applications/advanced-newton-convergence/,https://bettergrades.net/subjects/math/calculus/derivative-applications/advanced-newton-convergence/,calculus,unit.calculus.2b,textbook-lesson.calc-1-unit-2b-derivative-applications-advanced-newton-convergence,textbook-lesson,Newton's Method: Convergence and Failure Modes | Unit 2B | Better Grades,Newton's Method: Convergence and Failure Modes,newton's method: convergence and failure modes,newton's method: convergence and failure modes | Newton's Method: Convergence and Failure Modes | Optional advanced explorations | Applications of Derivatives | exploration | Unit 2B | Unit 2B: Applications of Derivatives | derivative,,,UNAVAILABLE,UNAVAILABLE,UNAVAILABLE,UNAVAILABLE,UNAVAILABLE,KEEP,Unique rendered H1/primary query retained; monitor in Search Console.,/subjects/math/calculus/derivative-applications/advanced-newton-convergence/,0,CURRENT,self-canonical=true; sitemap=true; inboundInternalLinks=4,medium / pending search evidence,"GSC top queries, clicks, impressions, CTR, average position; backlinks before any consolidation"
/subjects/math/calculus/derivative-applications/advanced-notes/,https://bettergrades.net/subjects/math/calculus/derivative-applications/advanced-notes/,calculus,unit.calculus.2b,textbook-lesson.calc-1-unit-2b-derivative-applications-advanced-notes,textbook-lesson,Advanced Notes: Analysis Behind the Applications | Unit 2B | Better Grades,Advanced Notes: Analysis Behind the Applications,advanced notes: analysis behind the applications,advanced notes: analysis behind the applications | Advanced Notes: Analysis Behind the Applications | Optional advanced explorations | Applications of Derivatives | exploration | Unit 2B | Unit 2B: Applications of Derivatives | derivative,,,UNAVAILABLE,UNAVAILABLE,UNAVAILABLE,UNAVAILABLE,UNAVAILABLE,KEEP,Unique rendered H1/primary query retained; monitor in Search Console.,/subjects/math/calculus/derivative-applications/advanced-notes/,0,CURRENT,self-canonical=true; sitemap=true; inboundInternalLinks=7,medium / pending search evidence,"GSC top queries, clicks, impressions, CTR, average position; backlinks before any consolidation"
/subjects/math/calculus/derivative-applications/advanced-sensitivity-elasticity/,https://bettergrades.net/subjects/math/calculus/derivative-applications/advanced-sensitivity-elasticity/,calculus,unit.calculus.2b,textbook-lesson.calc-1-unit-2b-derivative-applications-advanced-sensitivity-elasticity,textbook-lesson,"Sensitivity, Elasticity, and Condition Numbers | Unit 2B | Better Grades","Sensitivity, Elasticity, and Condition Numbers","sensitivity, elasticity, and condition numbers","sensitivity, elasticity, and condition numbers | Sensitivity, Elasticity, and Condition Numbers | Optional advanced explorations | Applications of Derivatives | exploration | Unit 2B | Unit 2B: Applications of Derivatives | derivative",,,UNAVAILABLE,UNAVAILABLE,UNAVAILABLE,UNAVAILABLE,UNAVAILABLE,KEEP,Unique rendered H1/primary query retained; monitor in Search Console.,/subjects/math/calculus/derivative-applications/advanced-sensitivity-elasticity/,0,CURRENT,self-canonical=true; sitemap=true; inboundInternalLinks=4,medium / pending search evidence,"GSC top queries, clicks, impressions, CTR, average position; backlinks before any consolidation"
/subjects/math/calculus/derivative-applications/anatomy-of-optimization/,https://bettergrades.net/subjects/math/calculus/derivative-applications/anatomy-of-optimization/,calculus,unit.calculus.2b,textbook-lesson.calc-1-unit-2b-derivative-applications-anatomy-of-optimization,textbook-lesson,The Anatomy of an Optimization Problem | Unit 2B | Better Grades,The Anatomy of an Optimization Problem,the anatomy of an optimization problem,the anatomy of an optimization problem | The Anatomy of an Optimization Problem | Optimization | Applications of Derivatives | lesson | Unit 2B | Unit 2B: Applications of Derivatives | derivative,,,UNAVAILABLE,UNAVAILABLE,UNAVAILABLE,UNAVAILABLE,UNAVAILABLE,KEEP,Unique rendered H1/primary query retained; monitor in Search Console.,/subjects/math/calculus/derivative-applications/anatomy-of-optimization/,0,CURRENT,self-canonical=true; sitemap=true; inboundInternalLinks=4,medium / pending search evidence,"GSC top queries, clicks, impressions, CTR, average position; backlinks before any consolidation"
/subjects/math/calculus/derivative-applications/approximation-concept-quiz/,https://bettergrades.net/subjects/math/calculus/derivative-applications/approximation-concept-quiz/,calculus,unit.calculus.2b,textbook-lesson.calc-1-unit-2b-derivative-applications-approximation-concept-quiz,textbook-lesson,Approximation Concept Quiz | Unit 2B | Better Grades,Approximation Concept Quiz,approximation concept quiz,"approximation concept quiz | Approximation Concept Quiz | Local linearity, differentials, and Newton's method | Applications of Derivatives | quiz | Unit 2B | Unit 2B: Applications of Derivatives | derivative",,,UNAVAILABLE,UNAVAILABLE,UNAVAILABLE,UNAVAILABLE,UNAVAILABLE,KEEP,Unique rendered H1/primary query retained; monitor in Search Console.,/subjects/math/calculus/derivative-applications/approximation-concept-quiz/,0,CURRENT,self-canonical=true; sitemap=true; inboundInternalLinks=4,medium / pending search evidence,"GSC top queries, clicks, impressions, CTR, average position; backlinks before any consolidation"
/subjects/math/calculus/derivative-applications/approximation-review/,https://bettergrades.net/subjects/math/calculus/derivative-applications/approximation-review/,calculus,unit.calculus.2b,textbook-lesson.calc-1-unit-2b-derivative-applications-approximation-review,textbook-lesson,Approximation and Newton's Method Review | Unit 2B | Better Grades,Approximation and Newton's Method Review,approximation and newton's method review,"approximation and newton's method review | Approximation and Newton's Method Review | Local linearity, differentials, and Newton's method | Applications of Derivatives | review | Unit 2B | Unit 2B: Applications of Derivatives | derivative",,,UNAVAILABLE,UNAVAILABLE,UNAVAILABLE,UNAVAILABLE,UNAVAILABLE,KEEP,Unique rendered H1/primary query retained; monitor in Search Console.,/subjects/math/calculus/derivative-applications/approximation-review/,0,CURRENT,self-canonical=true; sitemap=true; inboundInternalLinks=4,medium / pending search evidence,"GSC top queries, clicks, impressions, CTR, average position; backlinks before any consolidation"
/subjects/math/calculus/derivative-applications/bridge-diagnostic/,https://bettergrades.net/subjects/math/calculus/derivative-applications/bridge-diagnostic/,calculus,unit.calculus.2b,textbook-lesson.calc-1-unit-2b-derivative-applications-bridge-diagnostic,textbook-lesson,Derivative Applications Bridge Diagnostic | Unit 2B | Better Grades,Derivative Applications Bridge Diagnostic,derivative applications bridge diagnostic,derivative applications bridge diagnostic | Derivative Applications Bridge Diagnostic | Orientation and the Unit 2A bridge | Applications of Derivatives | diagnostic | Unit 2B | Unit 2B: Applications of Derivatives | derivative,,,UNAVAILABLE,UNAVAILABLE,UNAVAILABLE,UNAVAILABLE,UNAVAILABLE,KEEP,Unique rendered H1/primary query retained; monitor in Search Console.,/subjects/math/calculus/derivative-applications/bridge-diagnostic/,0,CURRENT,self-canonical=true; sitemap=true; inboundInternalLinks=3,medium / pending search evidence,"GSC top queries, clicks, impressions, CTR, average position; backlinks before any consolidation"
/subjects/math/calculus/derivative-applications/closed-interval-method/,https://bettergrades.net/subjects/math/calculus/derivative-applications/closed-interval-method/,calculus,unit.calculus.2b,textbook-lesson.calc-1-unit-2b-derivative-applications-closed-interval-method,textbook-lesson,The Closed Interval Method | Unit 2B | Better Grades,The Closed Interval Method,the closed interval method,"the closed interval method | The Closed Interval Method | Theorems, extrema, and curve shape | Applications of Derivatives | lesson | Unit 2B | Unit 2B: Applications of Derivatives | derivative",,,UNAVAILABLE,UNAVAILABLE,UNAVAILABLE,UNAVAILABLE,UNAVAILABLE,KEEP,Unique rendered H1/primary query retained; monitor in Search Console.,/subjects/math/calculus/derivative-applications/closed-interval-method/,0,CURRENT,self-canonical=true; sitemap=true; inboundInternalLinks=4,medium / pending search evidence,"GSC top queries, clicks, impressions, CTR, average position; backlinks before any consolidation"
/subjects/math/calculus/derivative-applications/common-errors/,https://bettergrades.net/subjects/math/calculus/derivative-applications/common-errors/,calculus,unit.calculus.2b,textbook-lesson.calc-1-unit-2b-derivative-applications-common-errors,textbook-lesson,Common Derivative Application and Optimization Errors | Unit 2B | Better Grades,Common Derivative Application and Optimization Errors,common derivative application and optimization errors,"common derivative application and optimization errors | Common Derivative Application and Optimization Errors | Review, practice, exams, and reference | Applications of Derivatives | review | Unit 2B | Unit 2B: Applications of Derivatives | derivative",,,UNAVAILABLE,UNAVAILABLE,UNAVAILABLE,UNAVAILABLE,UNAVAILABLE,KEEP,Unique rendered H1/primary query retained; monitor in Search Console.,/subjects/math/calculus/derivative-applications/common-errors/,0,CURRENT,self-canonical=true; sitemap=true; inboundInternalLinks=4,medium / pending search evidence,"GSC top queries, clicks, impressions, CTR, average position; backlinks before any consolidation"
/subjects/math/calculus/derivative-applications/concavity/,https://bettergrades.net/subjects/math/calculus/derivative-applications/concavity/,calculus,unit.calculus.2b,textbook-lesson.calc-1-unit-2b-derivative-applications-concavity,textbook-lesson,Concavity and Inflection Points | Unit 2B | Better Grades,Concavity and Inflection Points,concavity and inflection points,"concavity and inflection points | Concavity and Inflection Points | Theorems, extrema, and curve shape | Applications of Derivatives | lesson | Unit 2B | Unit 2B: Applications of Derivatives | derivative",,,UNAVAILABLE,UNAVAILABLE,UNAVAILABLE,UNAVAILABLE,UNAVAILABLE,KEEP,Unique rendered H1/primary query retained; monitor in Search Console.,/subjects/math/calculus/derivative-applications/concavity/,0,CURRENT,self-canonical=true; sitemap=true; inboundInternalLinks=4,medium / pending search evidence,"GSC top queries, clicks, impressions, CTR, average position; backlinks before any consolidation"
/subjects/math/calculus/derivative-applications/cumulative-practice/,https://bettergrades.net/subjects/math/calculus/derivative-applications/cumulative-practice/,calculus,unit.calculus.2b,textbook-lesson.calc-1-unit-2b-derivative-applications-cumulative-practice,textbook-lesson,Unit 2B Cumulative Applications Practice | Better Grades,Unit 2B Cumulative Applications Practice,unit 2b cumulative applications practice,"unit 2b cumulative applications practice | Unit 2B Cumulative Applications Practice | Review, practice, exams, and reference | Applications of Derivatives | practice | Unit 2B | Unit 2B: Applications of Derivatives | derivative",,,UNAVAILABLE,UNAVAILABLE,UNAVAILABLE,UNAVAILABLE,UNAVAILABLE,KEEP,Unique rendered H1/primary query retained; monitor in Search Console.,/subjects/math/calculus/derivative-applications/cumulative-practice/,0,CURRENT,self-canonical=true; sitemap=true; inboundInternalLinks=4,medium / pending search evidence,"GSC top queries, clicks, impressions, CTR, average position; backlinks before any consolidation"
/subjects/math/calculus/derivative-applications/curve-sketching-from-derivatives/,https://bettergrades.net/subjects/math/calculus/derivative-applications/curve-sketching-from-derivatives/,calculus,,,method-guide,Curve sketching from first and second derivatives | Unit 2B | Better Grades,Curve sketching from first and second derivatives,curve sketching from first and second derivatives,"Applications of Derivatives | Use derivatives to model motion, optimize quantities, approximate values, and read the shape of a graph. | curve sketching from derivatives",,,UNAVAILABLE,UNAVAILABLE,UNAVAILABLE,UNAVAILABLE,UNAVAILABLE,KEEP,Unique rendered H1/primary query retained; monitor in Search Console.,/subjects/math/calculus/derivative-applications/curve-sketching-from-derivatives/,0,CURRENT,self-canonical=true; sitemap=true; inboundInternalLinks=2,medium / pending search evidence,"GSC top queries, clicks, impressions, CTR, average position; backlinks before any consolidation"
/subjects/math/calculus/derivative-applications/curve-sketching/,https://bettergrades.net/subjects/math/calculus/derivative-applications/curve-sketching/,calculus,unit.calculus.2b,textbook-lesson.calc-1-unit-2b-derivative-applications-curve-sketching,textbook-lesson,Complete Curve Sketching | Unit 2B | Better Grades,Complete Curve Sketching,complete curve sketching,"complete curve sketching | Complete Curve Sketching | Theorems, extrema, and curve shape | Applications of Derivatives | lesson | Unit 2B | Unit 2B: Applications of Derivatives | derivative",,,UNAVAILABLE,UNAVAILABLE,UNAVAILABLE,UNAVAILABLE,UNAVAILABLE,KEEP,Unique rendered H1/primary query retained; monitor in Search Console.,/subjects/math/calculus/derivative-applications/curve-sketching/,0,CURRENT,self-canonical=true; sitemap=true; inboundInternalLinks=4,medium / pending search evidence,"GSC top queries, clicks, impressions, CTR, average position; backlinks before any consolidation"
/subjects/math/calculus/derivative-applications/derivative-graphs/,https://bettergrades.net/subjects/math/calculus/derivative-applications/derivative-graphs/,calculus,unit.calculus.2b,textbook-lesson.calc-1-unit-2b-derivative-applications-derivative-graphs,textbook-lesson,Reading Function and Derivative Graphs | Unit 2B | Better Grades,Reading Function and Derivative Graphs,reading function and derivative graphs,"reading function and derivative graphs | Reading Function and Derivative Graphs | Interpretation, motion, and rates | Applications of Derivatives | lesson | Unit 2B | Unit 2B: Applications of Derivatives | derivative",,,UNAVAILABLE,UNAVAILABLE,UNAVAILABLE,UNAVAILABLE,UNAVAILABLE,KEEP,Unique rendered H1/primary query retained; monitor in Search Console.,/subjects/math/calculus/derivative-applications/derivative-graphs/,0,CURRENT,self-canonical=true; sitemap=true; inboundInternalLinks=4,medium / pending search evidence,"GSC top queries, clicks, impressions, CTR, average position; backlinks before any consolidation"
/subjects/math/calculus/derivative-applications/differentials/,https://bettergrades.net/subjects/math/calculus/derivative-applications/differentials/,calculus,unit.calculus.2b,textbook-lesson.calc-1-unit-2b-derivative-applications-differentials,textbook-lesson,Differentials | Unit 2B | Better Grades,Differentials,differentials,"differentials | Differentials | Local linearity, differentials, and Newton's method | Applications of Derivatives | lesson | Unit 2B | Unit 2B: Applications of Derivatives | derivative",,,UNAVAILABLE,UNAVAILABLE,UNAVAILABLE,UNAVAILABLE,UNAVAILABLE,KEEP,Unique rendered H1/primary query retained; monitor in Search Console.,/subjects/math/calculus/derivative-applications/differentials/,0,CURRENT,self-canonical=true; sitemap=true; inboundInternalLinks=4,medium / pending search evidence,"GSC top queries, clicks, impressions, CTR, average position; backlinks before any consolidation"
/subjects/math/calculus/derivative-applications/error-estimation/,https://bettergrades.net/subjects/math/calculus/derivative-applications/error-estimation/,calculus,unit.calculus.2b,textbook-lesson.calc-1-unit-2b-derivative-applications-error-estimation,textbook-lesson,Error Estimation with Differentials | Unit 2B | Better Grades,Error Estimation with Differentials,error estimation with differentials,"error estimation with differentials | Error Estimation with Differentials | Local linearity, differentials, and Newton's method | Applications of Derivatives | lesson | Unit 2B | Unit 2B: Applications of Derivatives | derivative",,,UNAVAILABLE,UNAVAILABLE,UNAVAILABLE,UNAVAILABLE,UNAVAILABLE,KEEP,Unique rendered H1/primary query retained; monitor in Search Console.,/subjects/math/calculus/derivative-applications/error-estimation/,0,CURRENT,self-canonical=true; sitemap=true; inboundInternalLinks=4,medium / pending search evidence,"GSC top queries, clicks, impressions, CTR, average position; backlinks before any consolidation"
/subjects/math/calculus/derivative-applications/extrema-and-critical-numbers/,https://bettergrades.net/subjects/math/calculus/derivative-applications/extrema-and-critical-numbers/,calculus,unit.calculus.2b,textbook-lesson.calc-1-unit-2b-derivative-applications-extrema-and-critical-numbers,textbook-lesson,Extrema and Critical Numbers | Unit 2B | Better Grades,Extrema and Critical Numbers,extrema and critical numbers,"extrema and critical numbers | Extrema and Critical Numbers | Theorems, extrema, and curve shape | Applications of Derivatives | lesson | Unit 2B | Unit 2B: Applications of Derivatives | derivative",,,UNAVAILABLE,UNAVAILABLE,UNAVAILABLE,UNAVAILABLE,UNAVAILABLE,KEEP,Unique rendered H1/primary query retained; monitor in Search Console.,/subjects/math/calculus/derivative-applications/extrema-and-critical-numbers/,0,CURRENT,self-canonical=true; sitemap=true; inboundInternalLinks=5,medium / pending search evidence,"GSC top queries, clicks, impressions, CTR, average position; backlinks before any consolidation"
/subjects/math/calculus/derivative-applications/first-derivative-test/,https://bettergrades.net/subjects/math/calculus/derivative-applications/first-derivative-test/,calculus,unit.calculus.2b,textbook-lesson.calc-1-unit-2b-derivative-applications-first-derivative-test,textbook-lesson,The First Derivative Test | Unit 2B | Better Grades,The First Derivative Test,the first derivative test,"the first derivative test | The First Derivative Test | Theorems, extrema, and curve shape | Applications of Derivatives | lesson | Unit 2B | Unit 2B: Applications of Derivatives | derivative",,,UNAVAILABLE,UNAVAILABLE,UNAVAILABLE,UNAVAILABLE,UNAVAILABLE,KEEP,Unique rendered H1/primary query retained; monitor in Search Console.,/subjects/math/calculus/derivative-applications/first-derivative-test/,0,CURRENT,self-canonical=true; sitemap=true; inboundInternalLinks=4,medium / pending search evidence,"GSC top queries, clicks, impressions, CTR, average position; backlinks before any consolidation"
/subjects/math/calculus/derivative-applications/graph-analysis-story/,https://bettergrades.net/subjects/math/calculus/derivative-applications/graph-analysis-story/,calculus,unit.calculus.2b,textbook-lesson.calc-1-unit-2b-derivative-applications-graph-analysis-story,textbook-lesson,Graph Analysis as a Coherent Story | Unit 2B | Better Grades,Graph Analysis as a Coherent Story,graph analysis as a coherent story,"graph analysis as a coherent story | Graph Analysis as a Coherent Story | Theorems, extrema, and curve shape | Applications of Derivatives | lesson | Unit 2B | Unit 2B: Applications of Derivatives | derivative",,,UNAVAILABLE,UNAVAILABLE,UNAVAILABLE,UNAVAILABLE,UNAVAILABLE,KEEP,Unique rendered H1/primary query retained; monitor in Search Console.,/subjects/math/calculus/derivative-applications/graph-analysis-story/,0,CURRENT,self-canonical=true; sitemap=true; inboundInternalLinks=4,medium / pending search evidence,"GSC top queries, clicks, impressions, CTR, average position; backlinks before any consolidation"
/subjects/math/calculus/derivative-applications/how-to-translate-word-problems/,https://bettergrades.net/subjects/math/calculus/derivative-applications/how-to-translate-word-problems/,calculus,unit.calculus.2b,textbook-lesson.calc-1-unit-2b-derivative-applications-how-to-translate-word-problems,textbook-lesson,How to Translate Derivative Word Problems | Unit 2B | Better Grades,How to Translate Derivative Word Problems,how to translate derivative word problems,how to translate derivative word problems | How to Translate Derivative Word Problems | Orientation and the Unit 2A bridge | Applications of Derivatives | lesson | Unit 2B | Unit 2B: Applications of Derivatives | derivative,,,UNAVAILABLE,UNAVAILABLE,UNAVAILABLE,UNAVAILABLE,UNAVAILABLE,KEEP,Unique rendered H1/primary query retained; monitor in Search Console.,/subjects/math/calculus/derivative-applications/how-to-translate-word-problems/,0,CURRENT,self-canonical=true; sitemap=true; inboundInternalLinks=4,medium / pending search evidence,"GSC top queries, clicks, impressions, CTR, average position; backlinks before any consolidation"
/subjects/math/calculus/derivative-applications/increasing-decreasing/,https://bettergrades.net/subjects/math/calculus/derivative-applications/increasing-decreasing/,calculus,unit.calculus.2b,textbook-lesson.calc-1-unit-2b-derivative-applications-increasing-decreasing,textbook-lesson,Increasing and Decreasing Intervals | Unit 2B | Better Grades,Increasing and Decreasing Intervals,increasing and decreasing intervals,"increasing and decreasing intervals | Increasing and Decreasing Intervals | Theorems, extrema, and curve shape | Applications of Derivatives | lesson | Unit 2B | Unit 2B: Applications of Derivatives | derivative",,,UNAVAILABLE,UNAVAILABLE,UNAVAILABLE,UNAVAILABLE,UNAVAILABLE,KEEP,Unique rendered H1/primary query retained; monitor in Search Console.,/subjects/math/calculus/derivative-applications/increasing-decreasing/,0,CURRENT,self-canonical=true; sitemap=true; inboundInternalLinks=4,medium / pending search evidence,"GSC top queries, clicks, impressions, CTR, average position; backlinks before any consolidation"
/subjects/math/calculus/derivative-applications/interpretation-concept-quiz/,https://bettergrades.net/subjects/math/calculus/derivative-applications/interpretation-concept-quiz/,calculus,unit.calculus.2b,textbook-lesson.calc-1-unit-2b-derivative-applications-interpretation-concept-quiz,textbook-lesson,Interpretation and Motion Concept Quiz | Unit 2B | Better Grades,Interpretation and Motion Concept Quiz,interpretation and motion concept quiz,"interpretation and motion concept quiz | Interpretation and Motion Concept Quiz | Interpretation, motion, and rates | Applications of Derivatives | quiz | Unit 2B | Unit 2B: Applications of Derivatives | derivative",,,UNAVAILABLE,UNAVAILABLE,UNAVAILABLE,UNAVAILABLE,UNAVAILABLE,KEEP,Unique rendered H1/primary query retained; monitor in Search Console.,/subjects/math/calculus/derivative-applications/interpretation-concept-quiz/,0,CURRENT,self-canonical=true; sitemap=true; inboundInternalLinks=4,medium / pending search evidence,"GSC top queries, clicks, impressions, CTR, average position; backlinks before any consolidation"
/subjects/math/calculus/derivative-applications/interpretation-review/,https://bettergrades.net/subjects/math/calculus/derivative-applications/interpretation-review/,calculus,unit.calculus.2b,textbook-lesson.calc-1-unit-2b-derivative-applications-interpretation-review,textbook-lesson,Higher Derivatives and Motion Review | Unit 2B | Better Grades,Higher Derivatives and Motion Review,higher derivatives and motion review,"higher derivatives and motion review | Higher Derivatives and Motion Review | Interpretation, motion, and rates | Applications of Derivatives | review | Unit 2B | Unit 2B: Applications of Derivatives | derivative",,,UNAVAILABLE,UNAVAILABLE,UNAVAILABLE,UNAVAILABLE,UNAVAILABLE,KEEP,Unique rendered H1/primary query retained; monitor in Search Console.,/subjects/math/calculus/derivative-applications/interpretation-review/,0,CURRENT,self-canonical=true; sitemap=true; inboundInternalLinks=4,medium / pending search evidence,"GSC top queries, clicks, impressions, CTR, average position; backlinks before any consolidation"
/subjects/math/calculus/derivative-applications/interpreting-derivatives/,https://bettergrades.net/subjects/math/calculus/derivative-applications/interpreting-derivatives/,calculus,unit.calculus.2b,textbook-lesson.calc-1-unit-2b-derivative-applications-interpreting-derivatives,textbook-lesson,How to Interpret a Derivative in Context | Unit 2B | Better Grades,How to Interpret a Derivative in Context,how to interpret a derivative in context,"how to interpret a derivative in context | How to Interpret a Derivative in Context | Interpretation, motion, and rates | Applications of Derivatives | lesson | Unit 2B | Unit 2B: Applications of Derivatives | derivative",,,UNAVAILABLE,UNAVAILABLE,UNAVAILABLE,UNAVAILABLE,UNAVAILABLE,KEEP,Unique rendered H1/primary query retained; monitor in Search Console.,/subjects/math/calculus/derivative-applications/interpreting-derivatives/,0,CURRENT,self-canonical=true; sitemap=true; inboundInternalLinks=4,medium / pending search evidence,"GSC top queries, clicks, impressions, CTR, average position; backlinks before any consolidation"
/subjects/math/calculus/derivative-applications/interpreting-higher-derivatives/,https://bettergrades.net/subjects/math/calculus/derivative-applications/interpreting-higher-derivatives/,calculus,unit.calculus.2b,textbook-lesson.calc-1-unit-2b-derivative-applications-interpreting-higher-derivatives,textbook-lesson,Interpreting Higher Derivatives | Unit 2B | Better Grades,Interpreting Higher Derivatives,interpreting higher derivatives,"interpreting higher derivatives | Interpreting Higher Derivatives | Interpretation, motion, and rates | Applications of Derivatives | lesson | Unit 2B | Unit 2B: Applications of Derivatives | derivative",,,UNAVAILABLE,UNAVAILABLE,UNAVAILABLE,UNAVAILABLE,UNAVAILABLE,KEEP,Unique rendered H1/primary query retained; monitor in Search Console.,/subjects/math/calculus/derivative-applications/interpreting-higher-derivatives/,0,CURRENT,self-canonical=true; sitemap=true; inboundInternalLinks=5,medium / pending search evidence,"GSC top queries, clicks, impressions, CTR, average position; backlinks before any consolidation"
/subjects/math/calculus/derivative-applications/lhopital-concept-quiz/,https://bettergrades.net/subjects/math/calculus/derivative-applications/lhopital-concept-quiz/,calculus,unit.calculus.2b,textbook-lesson.calc-1-unit-2b-derivative-applications-lhopital-concept-quiz,textbook-lesson,L'Hopital Concept Quiz | Unit 2B | Better Grades,L'Hopital Concept Quiz,l'hopital concept quiz,l'hopital concept quiz | L'Hopital Concept Quiz | L'Hopital's Rule and indeterminate forms | Applications of Derivatives | quiz | Unit 2B | Unit 2B: Applications of Derivatives | derivative,,,UNAVAILABLE,UNAVAILABLE,UNAVAILABLE,UNAVAILABLE,UNAVAILABLE,KEEP,Unique rendered H1/primary query retained; monitor in Search Console.,/subjects/math/calculus/derivative-applications/lhopital-concept-quiz/,0,CURRENT,self-canonical=true; sitemap=true; inboundInternalLinks=4,medium / pending search evidence,"GSC top queries, clicks, impressions, CTR, average position; backlinks before any consolidation"
/subjects/math/calculus/derivative-applications/lhopital-infinity-over-infinity/,https://bettergrades.net/subjects/math/calculus/derivative-applications/lhopital-infinity-over-infinity/,calculus,unit.calculus.2b,textbook-lesson.calc-1-unit-2b-derivative-applications-lhopital-infinity-over-infinity,textbook-lesson,L'Hopital's Rule for infinity/infinity | Unit 2B | Better Grades,L'Hopital's Rule for infinity/infinity,l'hopital's rule for infinity/infinity,l'hopital's rule for infinity/infinity | L'Hopital's Rule for infinity/infinity | L'Hopital's Rule and indeterminate forms | Applications of Derivatives | lesson | Unit 2B | Unit 2B: Applications of Derivatives | derivative,,,UNAVAILABLE,UNAVAILABLE,UNAVAILABLE,UNAVAILABLE,UNAVAILABLE,KEEP,Unique rendered H1/primary query retained; monitor in Search Console.,/subjects/math/calculus/derivative-applications/lhopital-infinity-over-infinity/,0,CURRENT,self-canonical=true; sitemap=true; inboundInternalLinks=4,medium / pending search evidence,"GSC top queries, clicks, impressions, CTR, average position; backlinks before any consolidation"
/subjects/math/calculus/derivative-applications/lhopital-is-not-cancellation/,https://bettergrades.net/subjects/math/calculus/derivative-applications/lhopital-is-not-cancellation/,calculus,unit.calculus.2b,textbook-lesson.calc-1-unit-2b-derivative-applications-lhopital-is-not-cancellation,textbook-lesson,L'Hopital's Rule Is Not Quotient Cancellation | Unit 2B | Better Grades,L'Hopital's Rule Is Not Quotient Cancellation,l'hopital's rule is not quotient cancellation,l'hopital's rule is not quotient cancellation | L'Hopital's Rule Is Not Quotient Cancellation | L'Hopital's Rule and indeterminate forms | Applications of Derivatives | lesson | Unit 2B | Unit 2B: Applications of Derivatives | derivative,,,UNAVAILABLE,UNAVAILABLE,UNAVAILABLE,UNAVAILABLE,UNAVAILABLE,KEEP,Unique rendered H1/primary query retained; monitor in Search Console.,/subjects/math/calculus/derivative-applications/lhopital-is-not-cancellation/,0,CURRENT,self-canonical=true; sitemap=true; inboundInternalLinks=4,medium / pending search evidence,"GSC top queries, clicks, impressions, CTR, average position; backlinks before any consolidation"
/subjects/math/calculus/derivative-applications/lhopital-review/,https://bettergrades.net/subjects/math/calculus/derivative-applications/lhopital-review/,calculus,unit.calculus.2b,textbook-lesson.calc-1-unit-2b-derivative-applications-lhopital-review,textbook-lesson,L'Hopital's Rule Review | Unit 2B | Better Grades,L'Hopital's Rule Review,l'hopital's rule review,l'hopital's rule review | L'Hopital's Rule Review | L'Hopital's Rule and indeterminate forms | Applications of Derivatives | review | Unit 2B | Unit 2B: Applications of Derivatives | derivative,,,UNAVAILABLE,UNAVAILABLE,UNAVAILABLE,UNAVAILABLE,UNAVAILABLE,KEEP,Unique rendered H1/primary query retained; monitor in Search Console.,/subjects/math/calculus/derivative-applications/lhopital-review/,0,CURRENT,self-canonical=true; sitemap=true; inboundInternalLinks=4,medium / pending search evidence,"GSC top queries, clicks, impressions, CTR, average position; backlinks before any consolidation"
/subjects/math/calculus/derivative-applications/lhopital-rule/,https://bettergrades.net/subjects/math/calculus/derivative-applications/lhopital-rule/,calculus,unit.calculus.2b,textbook-lesson.calc-1-unit-2b-derivative-applications-lhopital-rule,textbook-lesson,L'Hopital's Rule | Unit 2B | Better Grades,L'Hopital's Rule,l'hopital's rule,l'hopital's rule | L'Hopital's Rule | L'Hopital's Rule and indeterminate forms | Applications of Derivatives | lesson | Unit 2B | Unit 2B: Applications of Derivatives | derivative,,,UNAVAILABLE,UNAVAILABLE,UNAVAILABLE,UNAVAILABLE,UNAVAILABLE,KEEP,Unique rendered H1/primary query retained; monitor in Search Console.,/subjects/math/calculus/derivative-applications/lhopital-rule/,0,CURRENT,self-canonical=true; sitemap=true; inboundInternalLinks=5,medium / pending search evidence,"GSC top queries, clicks, impressions, CTR, average position; backlinks before any consolidation"
/subjects/math/calculus/derivative-applications/lhopital-zero-over-zero/,https://bettergrades.net/subjects/math/calculus/derivative-applications/lhopital-zero-over-zero/,calculus,unit.calculus.2b,textbook-lesson.calc-1-unit-2b-derivative-applications-lhopital-zero-over-zero,textbook-lesson,L'Hopital's Rule for 0/0 | Unit 2B | Better Grades,L'Hopital's Rule for 0/0,l'hopital's rule for 0/0,l'hopital's rule for 0/0 | L'Hopital's Rule for 0/0 | L'Hopital's Rule and indeterminate forms | Applications of Derivatives | lesson | Unit 2B | Unit 2B: Applications of Derivatives | derivative,,,UNAVAILABLE,UNAVAILABLE,UNAVAILABLE,UNAVAILABLE,UNAVAILABLE,KEEP,Unique rendered H1/primary query retained; monitor in Search Console.,/subjects/math/calculus/derivative-applications/lhopital-zero-over-zero/,0,CURRENT,self-canonical=true; sitemap=true; inboundInternalLinks=4,medium / pending search evidence,"GSC top queries, clicks, impressions, CTR, average position; backlinks before any consolidation"
/subjects/math/calculus/derivative-applications/linear-approximation/,https://bettergrades.net/subjects/math/calculus/derivative-applications/linear-approximation/,calculus,,,concept-explainer,Linear approximation: use the tangent line as a local calculator | Unit 2B | Better Grades,Linear approximation: use the tangent line as a local calculator,linear approximation: use the tangent line as a local calculator,"Applications of Derivatives | Use derivatives to model motion, optimize quantities, approximate values, and read the shape of a graph. | linear approximation",,,UNAVAILABLE,UNAVAILABLE,UNAVAILABLE,UNAVAILABLE,UNAVAILABLE,KEEP,Unique rendered H1/primary query retained; monitor in Search Console.,/subjects/math/calculus/derivative-applications/linear-approximation/,0,CURRENT,self-canonical=true; sitemap=true; inboundInternalLinks=1,medium / pending search evidence,"GSC top queries, clicks, impressions, CTR, average position; backlinks before any consolidation"
/subjects/math/calculus/derivative-applications/linearization-practice/,https://bettergrades.net/subjects/math/calculus/derivative-applications/linearization-practice/,calculus,unit.calculus.2b,textbook-lesson.calc-1-unit-2b-derivative-applications-linearization-practice,textbook-lesson,Using Linearization | Unit 2B | Better Grades,Using Linearization,using linearization,"using linearization | Using Linearization | Local linearity, differentials, and Newton's method | Applications of Derivatives | lesson | Unit 2B | Unit 2B: Applications of Derivatives | derivative",,,UNAVAILABLE,UNAVAILABLE,UNAVAILABLE,UNAVAILABLE,UNAVAILABLE,KEEP,Unique rendered H1/primary query retained; monitor in Search Console.,/subjects/math/calculus/derivative-applications/linearization-practice/,0,CURRENT,self-canonical=true; sitemap=true; inboundInternalLinks=4,medium / pending search evidence,"GSC top queries, clicks, impressions, CTR, average position; backlinks before any consolidation"
/subjects/math/calculus/derivative-applications/local-linearity/,https://bettergrades.net/subjects/math/calculus/derivative-applications/local-linearity/,calculus,unit.calculus.2b,textbook-lesson.calc-1-unit-2b-derivative-applications-local-linearity,textbook-lesson,Local Linearity | Unit 2B | Better Grades,Local Linearity,local linearity,"local linearity | Local Linearity | Local linearity, differentials, and Newton's method | Applications of Derivatives | lesson | Unit 2B | Unit 2B: Applications of Derivatives | derivative",,,UNAVAILABLE,UNAVAILABLE,UNAVAILABLE,UNAVAILABLE,UNAVAILABLE,KEEP,Unique rendered H1/primary query retained; monitor in Search Console.,/subjects/math/calculus/derivative-applications/local-linearity/,0,CURRENT,self-canonical=true; sitemap=true; inboundInternalLinks=5,medium / pending search evidence,"GSC top queries, clicks, impressions, CTR, average position; backlinks before any consolidation"
/subjects/math/calculus/derivative-applications/manufacturing-tolerance/,https://bettergrades.net/subjects/math/calculus/derivative-applications/manufacturing-tolerance/,calculus,unit.calculus.2b,textbook-lesson.calc-1-unit-2b-derivative-applications-manufacturing-tolerance,textbook-lesson,Manufacturing Tolerances and Error Propagation | Unit 2B | Better Grades,Manufacturing Tolerances and Error Propagation,manufacturing tolerances and error propagation,manufacturing tolerances and error propagation | Manufacturing Tolerances and Error Propagation | Modeling studio | Applications of Derivatives | lesson | Unit 2B | Unit 2B: Applications of Derivatives | derivative,,,UNAVAILABLE,UNAVAILABLE,UNAVAILABLE,UNAVAILABLE,UNAVAILABLE,KEEP,Unique rendered H1/primary query retained; monitor in Search Console.,/subjects/math/calculus/derivative-applications/manufacturing-tolerance/,0,CURRENT,self-canonical=true; sitemap=true; inboundInternalLinks=4,medium / pending search evidence,"GSC top queries, clicks, impressions, CTR, average position; backlinks before any consolidation"
/subjects/math/calculus/derivative-applications/marginal-analysis/,https://bettergrades.net/subjects/math/calculus/derivative-applications/marginal-analysis/,calculus,unit.calculus.2b,textbook-lesson.calc-1-unit-2b-derivative-applications-marginal-analysis,textbook-lesson,"Marginal Cost, Revenue, Profit, and Elasticity | Unit 2B | Better Grades","Marginal Cost, Revenue, Profit, and Elasticity","marginal cost, revenue, profit, and elasticity","marginal cost, revenue, profit, and elasticity | Marginal Cost, Revenue, Profit, and Elasticity | Modeling studio | Applications of Derivatives | lesson | Unit 2B | Unit 2B: Applications of Derivatives | derivative",,,UNAVAILABLE,UNAVAILABLE,UNAVAILABLE,UNAVAILABLE,UNAVAILABLE,KEEP,Unique rendered H1/primary query retained; monitor in Search Console.,/subjects/math/calculus/derivative-applications/marginal-analysis/,0,CURRENT,self-canonical=true; sitemap=true; inboundInternalLinks=4,medium / pending search evidence,"GSC top queries, clicks, impressions, CTR, average position; backlinks before any consolidation"
/subjects/math/calculus/derivative-applications/mean-value-theorem/,https://bettergrades.net/subjects/math/calculus/derivative-applications/mean-value-theorem/,calculus,unit.calculus.2b,textbook-lesson.calc-1-unit-2b-derivative-applications-mean-value-theorem,textbook-lesson,The Mean Value Theorem | Unit 2B | Better Grades,The Mean Value Theorem,the mean value theorem,"the mean value theorem | The Mean Value Theorem | Theorems, extrema, and curve shape | Applications of Derivatives | lesson | Unit 2B | Unit 2B: Applications of Derivatives | derivative",,,UNAVAILABLE,UNAVAILABLE,UNAVAILABLE,UNAVAILABLE,UNAVAILABLE,KEEP,Unique rendered H1/primary query retained; monitor in Search Console.,/subjects/math/calculus/derivative-applications/mean-value-theorem/,0,CURRENT,self-canonical=true; sitemap=true; inboundInternalLinks=7,medium / pending search evidence,"GSC top queries, clicks, impressions, CTR, average position; backlinks before any consolidation"
/subjects/math/calculus/derivative-applications/medication-concentration/,https://bettergrades.net/subjects/math/calculus/derivative-applications/medication-concentration/,calculus,unit.calculus.2b,textbook-lesson.calc-1-unit-2b-derivative-applications-medication-concentration,textbook-lesson,"Medication Concentration, Peak Timing, and Model Limits | Unit 2B | Better Grades","Medication Concentration, Peak Timing, and Model Limits","medication concentration, peak timing, and model limits","medication concentration, peak timing, and model limits | Medication Concentration, Peak Timing, and Model Limits | Modeling studio | Applications of Derivatives | lesson | Unit 2B | Unit 2B: Applications of Derivatives | derivative",,,UNAVAILABLE,UNAVAILABLE,UNAVAILABLE,UNAVAILABLE,UNAVAILABLE,KEEP,Unique rendered H1/primary query retained; monitor in Search Console.,/subjects/math/calculus/derivative-applications/medication-concentration/,0,CURRENT,self-canonical=true; sitemap=true; inboundInternalLinks=4,medium / pending search evidence,"GSC top queries, clicks, impressions, CTR, average position; backlinks before any consolidation"
/subjects/math/calculus/derivative-applications/modeling-studio-review/,https://bettergrades.net/subjects/math/calculus/derivative-applications/modeling-studio-review/,calculus,unit.calculus.2b,textbook-lesson.calc-1-unit-2b-derivative-applications-modeling-studio-review,textbook-lesson,Derivative Applications Modeling Studio Review | Unit 2B | Better Grades,Derivative Applications Modeling Studio Review,derivative applications modeling studio review,derivative applications modeling studio review | Derivative Applications Modeling Studio Review | Modeling studio | Applications of Derivatives | review | Unit 2B | Unit 2B: Applications of Derivatives | derivative,,,UNAVAILABLE,UNAVAILABLE,UNAVAILABLE,UNAVAILABLE,UNAVAILABLE,KEEP,Unique rendered H1/primary query retained; monitor in Search Console.,/subjects/math/calculus/derivative-applications/modeling-studio-review/,0,CURRENT,self-canonical=true; sitemap=true; inboundInternalLinks=4,medium / pending search evidence,"GSC top queries, clicks, impressions, CTR, average position; backlinks before any consolidation"
/subjects/math/calculus/derivative-applications/modeling-studio/,https://bettergrades.net/subjects/math/calculus/derivative-applications/modeling-studio/,calculus,unit.calculus.2b,textbook-lesson.calc-1-unit-2b-derivative-applications-modeling-studio,textbook-lesson,Derivative Applications Modeling Studio | Unit 2B | Better Grades,Derivative Applications Modeling Studio,derivative applications modeling studio,derivative applications modeling studio | Derivative Applications Modeling Studio | Modeling studio | Applications of Derivatives | practice | Unit 2B | Unit 2B: Applications of Derivatives | derivative,,,UNAVAILABLE,UNAVAILABLE,UNAVAILABLE,UNAVAILABLE,UNAVAILABLE,KEEP,Unique rendered H1/primary query retained; monitor in Search Console.,/subjects/math/calculus/derivative-applications/modeling-studio/,0,CURRENT,self-canonical=true; sitemap=true; inboundInternalLinks=5,medium / pending search evidence,"GSC top queries, clicks, impressions, CTR, average position; backlinks before any consolidation"
/subjects/math/calculus/derivative-applications/newtons-method/,https://bettergrades.net/subjects/math/calculus/derivative-applications/newtons-method/,calculus,unit.calculus.2b,textbook-lesson.calc-1-unit-2b-derivative-applications-newtons-method,textbook-lesson,Newton's Method | Unit 2B | Better Grades,Newton's Method,newton's method,"newton's method | Newton's Method | Local linearity, differentials, and Newton's method | Applications of Derivatives | lesson | Unit 2B | Unit 2B: Applications of Derivatives | derivative",,,UNAVAILABLE,UNAVAILABLE,UNAVAILABLE,UNAVAILABLE,UNAVAILABLE,KEEP,Unique rendered H1/primary query retained; monitor in Search Console.,/subjects/math/calculus/derivative-applications/newtons-method/,0,CURRENT,self-canonical=true; sitemap=true; inboundInternalLinks=5,medium / pending search evidence,"GSC top queries, clicks, impressions, CTR, average position; backlinks before any consolidation"
/subjects/math/calculus/derivative-applications/optimization-business-science/,https://bettergrades.net/subjects/math/calculus/derivative-applications/optimization-business-science/,calculus,unit.calculus.2b,textbook-lesson.calc-1-unit-2b-derivative-applications-optimization-business-science,textbook-lesson,Business and Scientific Optimization | Unit 2B | Better Grades,Business and Scientific Optimization,business and scientific optimization,business and scientific optimization | Business and Scientific Optimization | Optimization | Applications of Derivatives | lesson | Unit 2B | Unit 2B: Applications of Derivatives | derivative,,,UNAVAILABLE,UNAVAILABLE,UNAVAILABLE,UNAVAILABLE,UNAVAILABLE,KEEP,Unique rendered H1/primary query retained; monitor in Search Console.,/subjects/math/calculus/derivative-applications/optimization-business-science/,0,CURRENT,self-canonical=true; sitemap=true; inboundInternalLinks=4,medium / pending search evidence,"GSC top queries, clicks, impressions, CTR, average position; backlinks before any consolidation"
/subjects/math/calculus/derivative-applications/optimization-closed-interval/,https://bettergrades.net/subjects/math/calculus/derivative-applications/optimization-closed-interval/,calculus,unit.calculus.2b,textbook-lesson.calc-1-unit-2b-derivative-applications-optimization-closed-interval,textbook-lesson,Closed-Interval Optimization | Unit 2B | Better Grades,Closed-Interval Optimization,closed-interval optimization,closed-interval optimization | Closed-Interval Optimization | Optimization | Applications of Derivatives | lesson | Unit 2B | Unit 2B: Applications of Derivatives | derivative,,,UNAVAILABLE,UNAVAILABLE,UNAVAILABLE,UNAVAILABLE,UNAVAILABLE,KEEP,Unique rendered H1/primary query retained; monitor in Search Console.,/subjects/math/calculus/derivative-applications/optimization-closed-interval/,0,CURRENT,self-canonical=true; sitemap=true; inboundInternalLinks=4,medium / pending search evidence,"GSC top queries, clicks, impressions, CTR, average position; backlinks before any consolidation"
/subjects/math/calculus/derivative-applications/optimization-concept-quiz/,https://bettergrades.net/subjects/math/calculus/derivative-applications/optimization-concept-quiz/,calculus,unit.calculus.2b,textbook-lesson.calc-1-unit-2b-derivative-applications-optimization-concept-quiz,textbook-lesson,Optimization Concept Quiz | Unit 2B | Better Grades,Optimization Concept Quiz,optimization concept quiz,optimization concept quiz | Optimization Concept Quiz | Optimization | Applications of Derivatives | quiz | Unit 2B | Unit 2B: Applications of Derivatives | derivative,,,UNAVAILABLE,UNAVAILABLE,UNAVAILABLE,UNAVAILABLE,UNAVAILABLE,KEEP,Unique rendered H1/primary query retained; monitor in Search Console.,/subjects/math/calculus/derivative-applications/optimization-concept-quiz/,0,CURRENT,self-canonical=true; sitemap=true; inboundInternalLinks=4,medium / pending search evidence,"GSC top queries, clicks, impressions, CTR, average position; backlinks before any consolidation"
/subjects/math/calculus/derivative-applications/optimization-geometry/,https://bettergrades.net/subjects/math/calculus/derivative-applications/optimization-geometry/,calculus,unit.calculus.2b,textbook-lesson.calc-1-unit-2b-derivative-applications-optimization-geometry,textbook-lesson,Geometric Optimization | Unit 2B | Better Grades,Geometric Optimization,geometric optimization,geometric optimization | Geometric Optimization | Optimization | Applications of Derivatives | lesson | Unit 2B | Unit 2B: Applications of Derivatives | derivative,,,UNAVAILABLE,UNAVAILABLE,UNAVAILABLE,UNAVAILABLE,UNAVAILABLE,KEEP,Unique rendered H1/primary query retained; monitor in Search Console.,/subjects/math/calculus/derivative-applications/optimization-geometry/,0,CURRENT,self-canonical=true; sitemap=true; inboundInternalLinks=4,medium / pending search evidence,"GSC top queries, clicks, impressions, CTR, average position; backlinks before any consolidation"
/subjects/math/calculus/derivative-applications/optimization-modeling/,https://bettergrades.net/subjects/math/calculus/derivative-applications/optimization-modeling/,calculus,unit.calculus.2b,textbook-lesson.calc-1-unit-2b-derivative-applications-optimization-modeling,textbook-lesson,Optimization Modeling | Unit 2B | Better Grades,Optimization Modeling,optimization modeling,optimization modeling | Optimization Modeling | Optimization | Applications of Derivatives | lesson | Unit 2B | Unit 2B: Applications of Derivatives | derivative,,,UNAVAILABLE,UNAVAILABLE,UNAVAILABLE,UNAVAILABLE,UNAVAILABLE,KEEP,Unique rendered H1/primary query retained; monitor in Search Console.,/subjects/math/calculus/derivative-applications/optimization-modeling/,0,CURRENT,self-canonical=true; sitemap=true; inboundInternalLinks=9,medium / pending search evidence,"GSC top queries, clicks, impressions, CTR, average position; backlinks before any consolidation"
/subjects/math/calculus/derivative-applications/optimization-review/,https://bettergrades.net/subjects/math/calculus/derivative-applications/optimization-review/,calculus,unit.calculus.2b,textbook-lesson.calc-1-unit-2b-derivative-applications-optimization-review,textbook-lesson,Optimization Review | Unit 2B | Better Grades,Optimization Review,optimization review,optimization review | Optimization Review | Optimization | Applications of Derivatives | review | Unit 2B | Unit 2B: Applications of Derivatives | derivative,,,UNAVAILABLE,UNAVAILABLE,UNAVAILABLE,UNAVAILABLE,UNAVAILABLE,KEEP,Unique rendered H1/primary query retained; monitor in Search Console.,/subjects/math/calculus/derivative-applications/optimization-review/,0,CURRENT,self-canonical=true; sitemap=true; inboundInternalLinks=4,medium / pending search evidence,"GSC top queries, clicks, impressions, CTR, average position; backlinks before any consolidation"
/subjects/math/calculus/derivative-applications/optimization/,https://bettergrades.net/subjects/math/calculus/derivative-applications/optimization/,calculus,,,method-guide,A calculus optimization workflow that does not skip the model | Unit 2B | Better Grades,A calculus optimization workflow that does not skip the model,a calculus optimization workflow that does not skip the model,"Applications of Derivatives | Use derivatives to model motion, optimize quantities, approximate values, and read the shape of a graph. | optimization",,,UNAVAILABLE,UNAVAILABLE,UNAVAILABLE,UNAVAILABLE,UNAVAILABLE,KEEP,Unique rendered H1/primary query retained; monitor in Search Console.,/subjects/math/calculus/derivative-applications/optimization/,0,CURRENT,self-canonical=true; sitemap=true; inboundInternalLinks=3,medium / pending search evidence,"GSC top queries, clicks, impressions, CTR, average position; backlinks before any consolidation"
/subjects/math/calculus/derivative-applications/other-indeterminate-forms/,https://bettergrades.net/subjects/math/calculus/derivative-applications/other-indeterminate-forms/,calculus,unit.calculus.2b,textbook-lesson.calc-1-unit-2b-derivative-applications-other-indeterminate-forms,textbook-lesson,"Products, Differences, and Powers | Unit 2B | Better Grades","Products, Differences, and Powers","products, differences, and powers","products, differences, and powers | Products, Differences, and Powers | L'Hopital's Rule and indeterminate forms | Applications of Derivatives | lesson | Unit 2B | Unit 2B: Applications of Derivatives | derivative",,,UNAVAILABLE,UNAVAILABLE,UNAVAILABLE,UNAVAILABLE,UNAVAILABLE,KEEP,Unique rendered H1/primary query retained; monitor in Search Console.,/subjects/math/calculus/derivative-applications/other-indeterminate-forms/,0,CURRENT,self-canonical=true; sitemap=true; inboundInternalLinks=4,medium / pending search evidence,"GSC top queries, clicks, impressions, CTR, average position; backlinks before any consolidation"
/subjects/math/calculus/derivative-applications/position-velocity-acceleration/,https://bettergrades.net/subjects/math/calculus/derivative-applications/position-velocity-acceleration/,calculus,unit.calculus.2b,textbook-lesson.calc-1-unit-2b-derivative-applications-position-velocity-acceleration,textbook-lesson,"Position, Velocity, and Acceleration | Unit 2B | Better Grades","Position, Velocity, and Acceleration","position, velocity, and acceleration","position, velocity, and acceleration | Position, Velocity, and Acceleration | Interpretation, motion, and rates | Applications of Derivatives | lesson | Unit 2B | Unit 2B: Applications of Derivatives | derivative",,,UNAVAILABLE,UNAVAILABLE,UNAVAILABLE,UNAVAILABLE,UNAVAILABLE,KEEP,Unique rendered H1/primary query retained; monitor in Search Console.,/subjects/math/calculus/derivative-applications/position-velocity-acceleration/,0,CURRENT,self-canonical=true; sitemap=true; inboundInternalLinks=4,medium / pending search evidence,"GSC top queries, clicks, impressions, CTR, average position; backlinks before any consolidation"
/subjects/math/calculus/derivative-applications/practice-exam-a-answer-key/,https://bettergrades.net/subjects/math/calculus/derivative-applications/practice-exam-a-answer-key/,calculus,unit.calculus.2b,textbook-lesson.calc-1-unit-2b-derivative-applications-practice-exam-a-answer-key,textbook-lesson,Unit 2B Practice Exam A Answer Key | Better Grades,Unit 2B Practice Exam A Answer Key,unit 2b practice exam a answer key,unit 2b practice exam a answers | Unit 2B Practice Exam A Answer Key | Supporting material | Applications of Derivatives | answer-key | Unit 2B | Unit 2B: Applications of Derivatives | derivative,,,UNAVAILABLE,UNAVAILABLE,UNAVAILABLE,UNAVAILABLE,UNAVAILABLE,KEEP,Unique rendered H1/primary query retained; monitor in Search Console.,/subjects/math/calculus/derivative-applications/practice-exam-a-answer-key/,0,CURRENT,self-canonical=true; sitemap=true; inboundInternalLinks=4,medium / pending search evidence,"GSC top queries, clicks, impressions, CTR, average position; backlinks before any consolidation"
/subjects/math/calculus/derivative-applications/practice-exam-a/,https://bettergrades.net/subjects/math/calculus/derivative-applications/practice-exam-a/,calculus,unit.calculus.2b,textbook-lesson.calc-1-unit-2b-derivative-applications-practice-exam-a,textbook-lesson,Unit 2B Practice Exam A | Better Grades,Unit 2B Practice Exam A,unit 2b practice exam a,"unit 2b practice exam a | Unit 2B Practice Exam A | Review, practice, exams, and reference | Applications of Derivatives | exam | Unit 2B | Unit 2B: Applications of Derivatives | derivative",,,UNAVAILABLE,UNAVAILABLE,UNAVAILABLE,UNAVAILABLE,UNAVAILABLE,KEEP,Unique rendered H1/primary query retained; monitor in Search Console.,/subjects/math/calculus/derivative-applications/practice-exam-a/,0,CURRENT,self-canonical=true; sitemap=true; inboundInternalLinks=5,medium / pending search evidence,"GSC top queries, clicks, impressions, CTR, average position; backlinks before any consolidation"
/subjects/math/calculus/derivative-applications/practice-exam-b-answer-key/,https://bettergrades.net/subjects/math/calculus/derivative-applications/practice-exam-b-answer-key/,calculus,unit.calculus.2b,textbook-lesson.calc-1-unit-2b-derivative-applications-practice-exam-b-answer-key,textbook-lesson,Unit 2B Practice Exam B Answer Key | Better Grades,Unit 2B Practice Exam B Answer Key,unit 2b practice exam b answer key,unit 2b practice exam b answers | Unit 2B Practice Exam B Answer Key | Supporting material | Applications of Derivatives | answer-key | Unit 2B | Unit 2B: Applications of Derivatives | derivative,,,UNAVAILABLE,UNAVAILABLE,UNAVAILABLE,UNAVAILABLE,UNAVAILABLE,KEEP,Unique rendered H1/primary query retained; monitor in Search Console.,/subjects/math/calculus/derivative-applications/practice-exam-b-answer-key/,0,CURRENT,self-canonical=true; sitemap=true; inboundInternalLinks=3,medium / pending search evidence,"GSC top queries, clicks, impressions, CTR, average position; backlinks before any consolidation"
/subjects/math/calculus/derivative-applications/practice-exam-b/,https://bettergrades.net/subjects/math/calculus/derivative-applications/practice-exam-b/,calculus,unit.calculus.2b,textbook-lesson.calc-1-unit-2b-derivative-applications-practice-exam-b,textbook-lesson,Unit 2B Practice Exam B | Better Grades,Unit 2B Practice Exam B,unit 2b practice exam b,"unit 2b practice exam b | Unit 2B Practice Exam B | Review, practice, exams, and reference | Applications of Derivatives | exam | Unit 2B | Unit 2B: Applications of Derivatives | derivative",,,UNAVAILABLE,UNAVAILABLE,UNAVAILABLE,UNAVAILABLE,UNAVAILABLE,KEEP,Unique rendered H1/primary query retained; monitor in Search Console.,/subjects/math/calculus/derivative-applications/practice-exam-b/,0,CURRENT,self-canonical=true; sitemap=true; inboundInternalLinks=5,medium / pending search evidence,"GSC top queries, clicks, impressions, CTR, average position; backlinks before any consolidation"
/subjects/math/calculus/derivative-applications/radar-tracking/,https://bettergrades.net/subjects/math/calculus/derivative-applications/radar-tracking/,calculus,unit.calculus.2b,textbook-lesson.calc-1-unit-2b-derivative-applications-radar-tracking,textbook-lesson,Radar and Camera Tracking with Changing Angles | Unit 2B | Better Grades,Radar and Camera Tracking with Changing Angles,radar and camera tracking with changing angles,radar and camera tracking with changing angles | Radar and Camera Tracking with Changing Angles | Modeling studio | Applications of Derivatives | lesson | Unit 2B | Unit 2B: Applications of Derivatives | derivative,,,UNAVAILABLE,UNAVAILABLE,UNAVAILABLE,UNAVAILABLE,UNAVAILABLE,KEEP,Unique rendered H1/primary query retained; monitor in Search Console.,/subjects/math/calculus/derivative-applications/radar-tracking/,0,CURRENT,self-canonical=true; sitemap=true; inboundInternalLinks=4,medium / pending search evidence,"GSC top queries, clicks, impressions, CTR, average position; backlinks before any consolidation"
/subjects/math/calculus/derivative-applications/rates-from-data/,https://bettergrades.net/subjects/math/calculus/derivative-applications/rates-from-data/,calculus,unit.calculus.2b,textbook-lesson.calc-1-unit-2b-derivative-applications-rates-from-data,textbook-lesson,Rates from Data and Units | Unit 2B | Better Grades,Rates from Data and Units,rates from data and units,"rates from data and units | Rates from Data and Units | Interpretation, motion, and rates | Applications of Derivatives | lesson | Unit 2B | Unit 2B: Applications of Derivatives | derivative",,,UNAVAILABLE,UNAVAILABLE,UNAVAILABLE,UNAVAILABLE,UNAVAILABLE,KEEP,Unique rendered H1/primary query retained; monitor in Search Console.,/subjects/math/calculus/derivative-applications/rates-from-data/,0,CURRENT,self-canonical=true; sitemap=true; inboundInternalLinks=4,medium / pending search evidence,"GSC top queries, clicks, impressions, CTR, average position; backlinks before any consolidation"
/subjects/math/calculus/derivative-applications/reference/,https://bettergrades.net/subjects/math/calculus/derivative-applications/reference/,calculus,unit.calculus.2b,textbook-lesson.calc-1-unit-2b-derivative-applications-reference,textbook-lesson,Unit 2B Formula and Strategy Reference | Better Grades,Unit 2B Formula and Strategy Reference,unit 2b formula and strategy reference,"unit 2b formula and strategy reference | Unit 2B Formula and Strategy Reference | Review, practice, exams, and reference | Applications of Derivatives | reference | Unit 2B | Unit 2B: Applications of Derivatives | derivative",,,UNAVAILABLE,UNAVAILABLE,UNAVAILABLE,UNAVAILABLE,UNAVAILABLE,KEEP,Unique rendered H1/primary query retained; monitor in Search Console.,/subjects/math/calculus/derivative-applications/reference/,0,CURRENT,self-canonical=true; sitemap=true; inboundInternalLinks=3,medium / pending search evidence,"GSC top queries, clicks, impressions, CTR, average position; backlinks before any consolidation"
/subjects/math/calculus/derivative-applications/related-rates-angle/,https://bettergrades.net/subjects/math/calculus/derivative-applications/related-rates-angle/,calculus,unit.calculus.2b,textbook-lesson.calc-1-unit-2b-derivative-applications-related-rates-angle,textbook-lesson,Changing Angles | Unit 2B | Better Grades,Changing Angles,changing angles,changing angles | Changing Angles | Related rates | Applications of Derivatives | lesson | Unit 2B | Unit 2B: Applications of Derivatives | derivative,,,UNAVAILABLE,UNAVAILABLE,UNAVAILABLE,UNAVAILABLE,UNAVAILABLE,KEEP,Unique rendered H1/primary query retained; monitor in Search Console.,/subjects/math/calculus/derivative-applications/related-rates-angle/,0,CURRENT,self-canonical=true; sitemap=true; inboundInternalLinks=4,medium / pending search evidence,"GSC top queries, clicks, impressions, CTR, average position; backlinks before any consolidation"
/subjects/math/calculus/derivative-applications/related-rates-concept-quiz/,https://bettergrades.net/subjects/math/calculus/derivative-applications/related-rates-concept-quiz/,calculus,unit.calculus.2b,textbook-lesson.calc-1-unit-2b-derivative-applications-related-rates-concept-quiz,textbook-lesson,Related Rates Concept Quiz | Unit 2B | Better Grades,Related Rates Concept Quiz,related rates concept quiz,related rates concept quiz | Related Rates Concept Quiz | Related rates | Applications of Derivatives | quiz | Unit 2B | Unit 2B: Applications of Derivatives | derivative,,,UNAVAILABLE,UNAVAILABLE,UNAVAILABLE,UNAVAILABLE,UNAVAILABLE,KEEP,Unique rendered H1/primary query retained; monitor in Search Console.,/subjects/math/calculus/derivative-applications/related-rates-concept-quiz/,0,CURRENT,self-canonical=true; sitemap=true; inboundInternalLinks=4,medium / pending search evidence,"GSC top queries, clicks, impressions, CTR, average position; backlinks before any consolidation"
/subjects/math/calculus/derivative-applications/related-rates-mixed/,https://bettergrades.net/subjects/math/calculus/derivative-applications/related-rates-mixed/,calculus,unit.calculus.2b,textbook-lesson.calc-1-unit-2b-derivative-applications-related-rates-mixed,textbook-lesson,Mixed Related-Rates Problems | Unit 2B | Better Grades,Mixed Related-Rates Problems,mixed related-rates problems,mixed related-rates problems | Mixed Related-Rates Problems | Related rates | Applications of Derivatives | lesson | Unit 2B | Unit 2B: Applications of Derivatives | derivative,,,UNAVAILABLE,UNAVAILABLE,UNAVAILABLE,UNAVAILABLE,UNAVAILABLE,KEEP,Unique rendered H1/primary query retained; monitor in Search Console.,/subjects/math/calculus/derivative-applications/related-rates-mixed/,0,CURRENT,self-canonical=true; sitemap=true; inboundInternalLinks=4,medium / pending search evidence,"GSC top queries, clicks, impressions, CTR, average position; backlinks before any consolidation"
/subjects/math/calculus/derivative-applications/related-rates-pythagorean/,https://bettergrades.net/subjects/math/calculus/derivative-applications/related-rates-pythagorean/,calculus,unit.calculus.2b,textbook-lesson.calc-1-unit-2b-derivative-applications-related-rates-pythagorean,textbook-lesson,Pythagorean Related Rates | Unit 2B | Better Grades,Pythagorean Related Rates,pythagorean related rates,pythagorean related rates | Pythagorean Related Rates | Related rates | Applications of Derivatives | lesson | Unit 2B | Unit 2B: Applications of Derivatives | derivative,,,UNAVAILABLE,UNAVAILABLE,UNAVAILABLE,UNAVAILABLE,UNAVAILABLE,KEEP,Unique rendered H1/primary query retained; monitor in Search Console.,/subjects/math/calculus/derivative-applications/related-rates-pythagorean/,0,CURRENT,self-canonical=true; sitemap=true; inboundInternalLinks=4,medium / pending search evidence,"GSC top queries, clicks, impressions, CTR, average position; backlinks before any consolidation"
/subjects/math/calculus/derivative-applications/related-rates-review/,https://bettergrades.net/subjects/math/calculus/derivative-applications/related-rates-review/,calculus,unit.calculus.2b,textbook-lesson.calc-1-unit-2b-derivative-applications-related-rates-review,textbook-lesson,Related Rates Review | Unit 2B | Better Grades,Related Rates Review,related rates review,related rates review | Related Rates Review | Related rates | Applications of Derivatives | review | Unit 2B | Unit 2B: Applications of Derivatives | derivative,,,UNAVAILABLE,UNAVAILABLE,UNAVAILABLE,UNAVAILABLE,UNAVAILABLE,KEEP,Unique rendered H1/primary query retained; monitor in Search Console.,/subjects/math/calculus/derivative-applications/related-rates-review/,0,CURRENT,self-canonical=true; sitemap=true; inboundInternalLinks=4,medium / pending search evidence,"GSC top queries, clicks, impressions, CTR, average position; backlinks before any consolidation"
/subjects/math/calculus/derivative-applications/related-rates-shadows/,https://bettergrades.net/subjects/math/calculus/derivative-applications/related-rates-shadows/,calculus,unit.calculus.2b,textbook-lesson.calc-1-unit-2b-derivative-applications-related-rates-shadows,textbook-lesson,Shadows and Similar Triangles | Unit 2B | Better Grades,Shadows and Similar Triangles,shadows and similar triangles,shadows and similar triangles | Shadows and Similar Triangles | Related rates | Applications of Derivatives | lesson | Unit 2B | Unit 2B: Applications of Derivatives | derivative,,,UNAVAILABLE,UNAVAILABLE,UNAVAILABLE,UNAVAILABLE,UNAVAILABLE,KEEP,Unique rendered H1/primary query retained; monitor in Search Console.,/subjects/math/calculus/derivative-applications/related-rates-shadows/,0,CURRENT,self-canonical=true; sitemap=true; inboundInternalLinks=4,medium / pending search evidence,"GSC top queries, clicks, impressions, CTR, average position; backlinks before any consolidation"
/subjects/math/calculus/derivative-applications/related-rates-volume/,https://bettergrades.net/subjects/math/calculus/derivative-applications/related-rates-volume/,calculus,unit.calculus.2b,textbook-lesson.calc-1-unit-2b-derivative-applications-related-rates-volume,textbook-lesson,Volume and Filling Problems | Unit 2B | Better Grades,Volume and Filling Problems,volume and filling problems,volume and filling problems | Volume and Filling Problems | Related rates | Applications of Derivatives | lesson | Unit 2B | Unit 2B: Applications of Derivatives | derivative,,,UNAVAILABLE,UNAVAILABLE,UNAVAILABLE,UNAVAILABLE,UNAVAILABLE,KEEP,Unique rendered H1/primary query retained; monitor in Search Console.,/subjects/math/calculus/derivative-applications/related-rates-volume/,0,CURRENT,self-canonical=true; sitemap=true; inboundInternalLinks=4,medium / pending search evidence,"GSC top queries, clicks, impressions, CTR, average position; backlinks before any consolidation"
/subjects/math/calculus/derivative-applications/related-rates-workflow/,https://bettergrades.net/subjects/math/calculus/derivative-applications/related-rates-workflow/,calculus,unit.calculus.2b,textbook-lesson.calc-1-unit-2b-derivative-applications-related-rates-workflow,textbook-lesson,Related Rates Workflow | Unit 2B | Better Grades,Related Rates Workflow,related rates workflow,related rates workflow | Related Rates Workflow | Related rates | Applications of Derivatives | lesson | Unit 2B | Unit 2B: Applications of Derivatives | derivative,,,UNAVAILABLE,UNAVAILABLE,UNAVAILABLE,UNAVAILABLE,UNAVAILABLE,KEEP,Unique rendered H1/primary query retained; monitor in Search Console.,/subjects/math/calculus/derivative-applications/related-rates-workflow/,0,CURRENT,self-canonical=true; sitemap=true; inboundInternalLinks=6,medium / pending search evidence,"GSC top queries, clicks, impressions, CTR, average position; backlinks before any consolidation"
/subjects/math/calculus/derivative-applications/related-rates/,https://bettergrades.net/subjects/math/calculus/derivative-applications/related-rates/,calculus,,,method-guide,Related rates: translate the geometry before differentiating | Unit 2B | Better Grades,Related rates: translate the geometry before differentiating,related rates: translate the geometry before differentiating,"Applications of Derivatives | Use derivatives to model motion, optimize quantities, approximate values, and read the shape of a graph. | related rates",,,UNAVAILABLE,UNAVAILABLE,UNAVAILABLE,UNAVAILABLE,UNAVAILABLE,KEEP,Unique rendered H1/primary query retained; monitor in Search Console.,/subjects/math/calculus/derivative-applications/related-rates/,0,CURRENT,self-canonical=true; sitemap=true; inboundInternalLinks=1,medium / pending search evidence,"GSC top queries, clicks, impressions, CTR, average position; backlinks before any consolidation"
/subjects/math/calculus/derivative-applications/repeated-lhopital/,https://bettergrades.net/subjects/math/calculus/derivative-applications/repeated-lhopital/,calculus,unit.calculus.2b,textbook-lesson.calc-1-unit-2b-derivative-applications-repeated-lhopital,textbook-lesson,Repeated L'Hopital Applications | Unit 2B | Better Grades,Repeated L'Hopital Applications,repeated l'hopital applications,repeated l'hopital applications | Repeated L'Hopital Applications | L'Hopital's Rule and indeterminate forms | Applications of Derivatives | lesson | Unit 2B | Unit 2B: Applications of Derivatives | derivative,,,UNAVAILABLE,UNAVAILABLE,UNAVAILABLE,UNAVAILABLE,UNAVAILABLE,KEEP,Unique rendered H1/primary query retained; monitor in Search Console.,/subjects/math/calculus/derivative-applications/repeated-lhopital/,0,CURRENT,self-canonical=true; sitemap=true; inboundInternalLinks=4,medium / pending search evidence,"GSC top queries, clicks, impressions, CTR, average position; backlinks before any consolidation"
/subjects/math/calculus/derivative-applications/rolles-theorem/,https://bettergrades.net/subjects/math/calculus/derivative-applications/rolles-theorem/,calculus,unit.calculus.2b,textbook-lesson.calc-1-unit-2b-derivative-applications-rolles-theorem,textbook-lesson,Rolle's Theorem | Unit 2B | Better Grades,Rolle's Theorem,rolle's theorem,"rolle's theorem | Rolle's Theorem | Theorems, extrema, and curve shape | Applications of Derivatives | lesson | Unit 2B | Unit 2B: Applications of Derivatives | derivative",,,UNAVAILABLE,UNAVAILABLE,UNAVAILABLE,UNAVAILABLE,UNAVAILABLE,KEEP,Unique rendered H1/primary query retained; monitor in Search Console.,/subjects/math/calculus/derivative-applications/rolles-theorem/,0,CURRENT,self-canonical=true; sitemap=true; inboundInternalLinks=4,medium / pending search evidence,"GSC top queries, clicks, impressions, CTR, average position; backlinks before any consolidation"
/subjects/math/calculus/derivative-applications/second-derivative-test/,https://bettergrades.net/subjects/math/calculus/derivative-applications/second-derivative-test/,calculus,unit.calculus.2b,textbook-lesson.calc-1-unit-2b-derivative-applications-second-derivative-test,textbook-lesson,The Second Derivative Test | Unit 2B | Better Grades,The Second Derivative Test,the second derivative test,"the second derivative test | The Second Derivative Test | Theorems, extrema, and curve shape | Applications of Derivatives | lesson | Unit 2B | Unit 2B: Applications of Derivatives | derivative",,,UNAVAILABLE,UNAVAILABLE,UNAVAILABLE,UNAVAILABLE,UNAVAILABLE,KEEP,Unique rendered H1/primary query retained; monitor in Search Console.,/subjects/math/calculus/derivative-applications/second-derivative-test/,0,CURRENT,self-canonical=true; sitemap=true; inboundInternalLinks=4,medium / pending search evidence,"GSC top queries, clicks, impressions, CTR, average position; backlinks before any consolidation"
/subjects/math/calculus/derivative-applications/speeding-up-slowing-down/,https://bettergrades.net/subjects/math/calculus/derivative-applications/speeding-up-slowing-down/,calculus,unit.calculus.2b,textbook-lesson.calc-1-unit-2b-derivative-applications-speeding-up-slowing-down,textbook-lesson,Speeding Up and Slowing Down | Unit 2B | Better Grades,Speeding Up and Slowing Down,speeding up and slowing down,"speeding up and slowing down | Speeding Up and Slowing Down | Interpretation, motion, and rates | Applications of Derivatives | lesson | Unit 2B | Unit 2B: Applications of Derivatives | derivative",,,UNAVAILABLE,UNAVAILABLE,UNAVAILABLE,UNAVAILABLE,UNAVAILABLE,KEEP,Unique rendered H1/primary query retained; monitor in Search Console.,/subjects/math/calculus/derivative-applications/speeding-up-slowing-down/,0,CURRENT,self-canonical=true; sitemap=true; inboundInternalLinks=4,medium / pending search evidence,"GSC top queries, clicks, impressions, CTR, average position; backlinks before any consolidation"
/subjects/math/calculus/derivative-applications/stopping-distance/,https://bettergrades.net/subjects/math/calculus/derivative-applications/stopping-distance/,calculus,unit.calculus.2b,textbook-lesson.calc-1-unit-2b-derivative-applications-stopping-distance,textbook-lesson,"Reaction Time, Braking, and Vehicle Stopping Distance | Unit 2B | Better Grades","Reaction Time, Braking, and Vehicle Stopping Distance","reaction time, braking, and vehicle stopping distance","reaction time, braking, and vehicle stopping distance | Reaction Time, Braking, and Vehicle Stopping Distance | Modeling studio | Applications of Derivatives | lesson | Unit 2B | Unit 2B: Applications of Derivatives | derivative",,,UNAVAILABLE,UNAVAILABLE,UNAVAILABLE,UNAVAILABLE,UNAVAILABLE,KEEP,Unique rendered H1/primary query retained; monitor in Search Console.,/subjects/math/calculus/derivative-applications/stopping-distance/,0,CURRENT,self-canonical=true; sitemap=true; inboundInternalLinks=4,medium / pending search evidence,"GSC top queries, clicks, impressions, CTR, average position; backlinks before any consolidation"
/subjects/math/calculus/derivative-applications/theorems-shape-concept-quiz/,https://bettergrades.net/subjects/math/calculus/derivative-applications/theorems-shape-concept-quiz/,calculus,unit.calculus.2b,textbook-lesson.calc-1-unit-2b-derivative-applications-theorems-shape-concept-quiz,textbook-lesson,Derivative Theorems and Shape Concept Quiz | Unit 2B | Better Grades,Derivative Theorems and Shape Concept Quiz,derivative theorems and shape concept quiz,"derivative theorems and shape concept quiz | Derivative Theorems and Shape Concept Quiz | Theorems, extrema, and curve shape | Applications of Derivatives | quiz | Unit 2B | Unit 2B: Applications of Derivatives | derivative",,,UNAVAILABLE,UNAVAILABLE,UNAVAILABLE,UNAVAILABLE,UNAVAILABLE,KEEP,Unique rendered H1/primary query retained; monitor in Search Console.,/subjects/math/calculus/derivative-applications/theorems-shape-concept-quiz/,0,CURRENT,self-canonical=true; sitemap=true; inboundInternalLinks=4,medium / pending search evidence,"GSC top queries, clicks, impressions, CTR, average position; backlinks before any consolidation"
/subjects/math/calculus/derivative-applications/theorems-shape-review/,https://bettergrades.net/subjects/math/calculus/derivative-applications/theorems-shape-review/,calculus,unit.calculus.2b,textbook-lesson.calc-1-unit-2b-derivative-applications-theorems-shape-review,textbook-lesson,Derivative Theorems and Shape Review | Unit 2B | Better Grades,Derivative Theorems and Shape Review,derivative theorems and shape review,"derivative theorems and shape review | Derivative Theorems and Shape Review | Theorems, extrema, and curve shape | Applications of Derivatives | review | Unit 2B | Unit 2B: Applications of Derivatives | derivative",,,UNAVAILABLE,UNAVAILABLE,UNAVAILABLE,UNAVAILABLE,UNAVAILABLE,KEEP,Unique rendered H1/primary query retained; monitor in Search Console.,/subjects/math/calculus/derivative-applications/theorems-shape-review/,0,CURRENT,self-canonical=true; sitemap=true; inboundInternalLinks=4,medium / pending search evidence,"GSC top queries, clicks, impressions, CTR, average position; backlinks before any consolidation"
/subjects/math/calculus/derivative-applications/unit-2b-review/,https://bettergrades.net/subjects/math/calculus/derivative-applications/unit-2b-review/,calculus,unit.calculus.2b,,decision-guide,Unit 2B Review: Applications of Derivatives | Better Grades,Unit 2B Review: Applications of Derivatives,unit 2b review: applications of derivatives,"unit 2b review: applications of derivatives and optimization | Unit 2B Review: Applications of Derivatives | Review, practice, exams, and reference | Applications of Derivatives | review | Unit 2B | Unit 2B: Applications of Derivatives | derivative",,,UNAVAILABLE,UNAVAILABLE,UNAVAILABLE,UNAVAILABLE,UNAVAILABLE,KEEP,Unique rendered H1/primary query retained; monitor in Search Console.,/subjects/math/calculus/derivative-applications/unit-2b-review/,0,CURRENT,self-canonical=true; sitemap=true; inboundInternalLinks=5,medium / pending search evidence,"GSC top queries, clicks, impressions, CTR, average position; backlinks before any consolidation"
/subjects/math/calculus/derivative-applications/when-not-lhopital/,https://bettergrades.net/subjects/math/calculus/derivative-applications/when-not-lhopital/,calculus,unit.calculus.2b,textbook-lesson.calc-1-unit-2b-derivative-applications-when-not-lhopital,textbook-lesson,When Not to Use L'Hopital's Rule | Unit 2B | Better Grades,When Not to Use L'Hopital's Rule,when not to use l'hopital's rule,when not to use l'hopital's rule | When Not to Use L'Hopital's Rule | L'Hopital's Rule and indeterminate forms | Applications of Derivatives | lesson | Unit 2B | Unit 2B: Applications of Derivatives | derivative,,,UNAVAILABLE,UNAVAILABLE,UNAVAILABLE,UNAVAILABLE,UNAVAILABLE,KEEP,Unique rendered H1/primary query retained; monitor in Search Console.,/subjects/math/calculus/derivative-applications/when-not-lhopital/,0,CURRENT,self-canonical=true; sitemap=true; inboundInternalLinks=4,medium / pending search evidence,"GSC top queries, clicks, impressions, CTR, average position; backlinks before any consolidation"
/subjects/math/calculus/derivative-applications/why-linear-approximation-works/,https://bettergrades.net/subjects/math/calculus/derivative-applications/why-linear-approximation-works/,calculus,unit.calculus.2b,textbook-lesson.calc-1-unit-2b-derivative-applications-why-linear-approximation-works,textbook-lesson,Why a Tangent Line Can Approximate a Curve | Unit 2B | Better Grades,Why a Tangent Line Can Approximate a Curve,why a tangent line can approximate a curve,"why a tangent line can approximate a curve | Why a Tangent Line Can Approximate a Curve | Local linearity, differentials, and Newton's method | Applications of Derivatives | lesson | Unit 2B | Unit 2B: Applications of Derivatives | derivative",,,UNAVAILABLE,UNAVAILABLE,UNAVAILABLE,UNAVAILABLE,UNAVAILABLE,KEEP,Unique rendered H1/primary query retained; monitor in Search Console.,/subjects/math/calculus/derivative-applications/why-linear-approximation-works/,0,CURRENT,self-canonical=true; sitemap=true; inboundInternalLinks=4,medium / pending search evidence,"GSC top queries, clicks, impressions, CTR, average position; backlinks before any consolidation"
/subjects/math/calculus/derivative-applications/why-related-rates-feel-hard/,https://bettergrades.net/subjects/math/calculus/derivative-applications/why-related-rates-feel-hard/,calculus,unit.calculus.2b,textbook-lesson.calc-1-unit-2b-derivative-applications-why-related-rates-feel-hard,textbook-lesson,Why Related-Rates Problems Feel Hard | Unit 2B | Better Grades,Why Related-Rates Problems Feel Hard,why related-rates problems feel hard,why related-rates problems feel hard | Why Related-Rates Problems Feel Hard | Related rates | Applications of Derivatives | lesson | Unit 2B | Unit 2B: Applications of Derivatives | derivative,,,UNAVAILABLE,UNAVAILABLE,UNAVAILABLE,UNAVAILABLE,UNAVAILABLE,KEEP,Unique rendered H1/primary query retained; monitor in Search Console.,/subjects/math/calculus/derivative-applications/why-related-rates-feel-hard/,0,CURRENT,self-canonical=true; sitemap=true; inboundInternalLinks=4,medium / pending search evidence,"GSC top queries, clicks, impressions, CTR, average position; backlinks before any consolidation"
/subjects/math/calculus/derivatives/,https://bettergrades.net/subjects/math/calculus/derivatives/,calculus,unit.calculus.2a,,unit-hub,Unit 2A: Derivative Foundations and Differentiation Techniques | Better Grades,Unit 2A: Derivative Foundations and Differentiation Techniques,unit 2a: derivative foundations and differentiation techniques,unit 2a: derivatives - meaning and computation | Unit 2A: Derivative Foundations and Differentiation Techniques | Orientation and prerequisites | Derivative Foundations and Techniques | hub | Unit 2A | derivative | calculus,,,UNAVAILABLE,UNAVAILABLE,UNAVAILABLE,UNAVAILABLE,UNAVAILABLE,KEEP,Unique rendered H1/primary query retained; monitor in Search Console.,/subjects/math/calculus/derivatives/,0,CURRENT,self-canonical=true; sitemap=true; inboundInternalLinks=90,medium / pending search evidence,"GSC top queries, clicks, impressions, CTR, average position; backlinks before any consolidation"
/subjects/math/calculus/derivatives/advanced-chain-rule-linear-maps/,https://bettergrades.net/subjects/math/calculus/derivatives/advanced-chain-rule-linear-maps/,calculus,unit.calculus.2a,textbook-lesson.calc-1-unit-2a-derivative-foundations-techniques-advanced-chain-rule-linear-maps,textbook-lesson,The Chain Rule as Composition of Local Linear Maps | Unit 2A | Better Grades,The Chain Rule as Composition of Local Linear Maps,the chain rule as composition of local linear maps,the chain rule as composition of local linear maps | The Chain Rule as Composition of Local Linear Maps | Optional advanced explorations | Derivative Foundations and Techniques | exploration | Unit 2A | Unit 2A: Derivative Foundations and Differentiation Techniques | derivative,,,UNAVAILABLE,UNAVAILABLE,UNAVAILABLE,UNAVAILABLE,UNAVAILABLE,KEEP,Unique rendered H1/primary query retained; monitor in Search Console.,/subjects/math/calculus/derivatives/advanced-chain-rule-linear-maps/,0,CURRENT,self-canonical=true; sitemap=true; inboundInternalLinks=4,medium / pending search evidence,"GSC top queries, clicks, impressions, CTR, average position; backlinks before any consolidation"
/subjects/math/calculus/derivatives/advanced-darboux-derivatives/,https://bettergrades.net/subjects/math/calculus/derivatives/advanced-darboux-derivatives/,calculus,unit.calculus.2a,textbook-lesson.calc-1-unit-2a-derivative-foundations-techniques-advanced-darboux-derivatives,textbook-lesson,Darboux's Theorem: Derivatives Cannot Jump | Unit 2A | Better Grades,Darboux's Theorem: Derivatives Cannot Jump,darboux's theorem: derivatives cannot jump,darboux's theorem: derivatives cannot jump | Darboux's Theorem: Derivatives Cannot Jump | Optional advanced explorations | Derivative Foundations and Techniques | exploration | Unit 2A | Unit 2A: Derivative Foundations and Differentiation Techniques | derivative,,,UNAVAILABLE,UNAVAILABLE,UNAVAILABLE,UNAVAILABLE,UNAVAILABLE,KEEP,Unique rendered H1/primary query retained; monitor in Search Console.,/subjects/math/calculus/derivatives/advanced-darboux-derivatives/,0,CURRENT,self-canonical=true; sitemap=true; inboundInternalLinks=4,medium / pending search evidence,"GSC top queries, clicks, impressions, CTR, average position; backlinks before any consolidation"
/subjects/math/calculus/derivatives/advanced-implicit-function-theorem/,https://bettergrades.net/subjects/math/calculus/derivatives/advanced-implicit-function-theorem/,calculus,unit.calculus.2a,textbook-lesson.calc-1-unit-2a-derivative-foundations-techniques-advanced-implicit-function-theorem,textbook-lesson,A Preview of the Implicit Function Theorem | Unit 2A | Better Grades,A Preview of the Implicit Function Theorem,a preview of the implicit function theorem,a preview of the implicit function theorem | A Preview of the Implicit Function Theorem | Optional advanced explorations | Derivative Foundations and Techniques | exploration | Unit 2A | Unit 2A: Derivative Foundations and Differentiation Techniques | derivative,,,UNAVAILABLE,UNAVAILABLE,UNAVAILABLE,UNAVAILABLE,UNAVAILABLE,KEEP,Unique rendered H1/primary query retained; monitor in Search Console.,/subjects/math/calculus/derivatives/advanced-implicit-function-theorem/,0,CURRENT,self-canonical=true; sitemap=true; inboundInternalLinks=4,medium / pending search evidence,"GSC top queries, clicks, impressions, CTR, average position; backlinks before any consolidation"
/subjects/math/calculus/derivatives/advanced-local-linearity-little-o/,https://bettergrades.net/subjects/math/calculus/derivatives/advanced-local-linearity-little-o/,calculus,unit.calculus.2a,textbook-lesson.calc-1-unit-2a-derivative-foundations-techniques-advanced-local-linearity-little-o,textbook-lesson,"Differentiability, Little-o Notation, and the Best Local Linear Model | Unit 2A | Better Grades","Differentiability, Little-o Notation, and the Best Local Linear Model","differentiability, little-o notation, and the best local linear model","differentiability, little-o notation, and the best local linear model | Differentiability, Little-o Notation, and the Best Local Linear Model | Optional advanced explorations | Derivative Foundations and Techniques | exploration | Unit 2A | Unit 2A: Derivative Foundations and Differentiation Techniques | derivative",,,UNAVAILABLE,UNAVAILABLE,UNAVAILABLE,UNAVAILABLE,UNAVAILABLE,KEEP,Unique rendered H1/primary query retained; monitor in Search Console.,/subjects/math/calculus/derivatives/advanced-local-linearity-little-o/,0,CURRENT,self-canonical=true; sitemap=true; inboundInternalLinks=4,medium / pending search evidence,"GSC top queries, clicks, impressions, CTR, average position; backlinks before any consolidation"
/subjects/math/calculus/derivatives/advanced-notes-2a/,https://bettergrades.net/subjects/math/calculus/derivatives/advanced-notes-2a/,calculus,unit.calculus.2a,textbook-lesson.calc-1-unit-2a-derivative-foundations-techniques-advanced-notes-2a,textbook-lesson,Advanced Notes: What Differentiability Is Really Saying | Unit 2A | Better Grades,Advanced Notes: What Differentiability Is Really Saying,advanced notes: what differentiability is really saying,advanced notes: what differentiability is really saying | Advanced Notes: What Differentiability Is Really Saying | Optional advanced explorations | Derivative Foundations and Techniques | exploration | Unit 2A | Unit 2A: Derivative Foundations and Differentiation Techniques | derivative,,,UNAVAILABLE,UNAVAILABLE,UNAVAILABLE,UNAVAILABLE,UNAVAILABLE,KEEP,Unique rendered H1/primary query retained; monitor in Search Console.,/subjects/math/calculus/derivatives/advanced-notes-2a/,0,CURRENT,self-canonical=true; sitemap=true; inboundInternalLinks=8,medium / pending search evidence,"GSC top queries, clicks, impressions, CTR, average position; backlinks before any consolidation"
/subjects/math/calculus/derivatives/chain-exp-log/,https://bettergrades.net/subjects/math/calculus/derivatives/chain-exp-log/,calculus,unit.calculus.2a,textbook-lesson.calc-1-unit-2a-derivative-foundations-techniques-chain-exp-log,textbook-lesson,Chain Rule with Exponentials and Logarithms | Unit 2A | Better Grades,Chain Rule with Exponentials and Logarithms,chain rule with exponentials and logarithms,chain rule with exponentials and logarithms | Chain Rule with Exponentials and Logarithms | The chain rule and compositions | Derivative Foundations and Techniques | lesson | Unit 2A | Unit 2A: Derivative Foundations and Differentiation Techniques | derivative,,,UNAVAILABLE,UNAVAILABLE,UNAVAILABLE,UNAVAILABLE,UNAVAILABLE,KEEP,Unique rendered H1/primary query retained; monitor in Search Console.,/subjects/math/calculus/derivatives/chain-exp-log/,0,CURRENT,self-canonical=true; sitemap=true; inboundInternalLinks=4,medium / pending search evidence,"GSC top queries, clicks, impressions, CTR, average position; backlinks before any consolidation"
/subjects/math/calculus/derivatives/chain-rule-basic/,https://bettergrades.net/subjects/math/calculus/derivatives/chain-rule-basic/,calculus,unit.calculus.2a,textbook-lesson.calc-1-unit-2a-derivative-foundations-techniques-chain-rule-basic,textbook-lesson,The Basic Chain Rule | Unit 2A | Better Grades,The Basic Chain Rule,the basic chain rule,the basic chain rule | The Basic Chain Rule | The chain rule and compositions | Derivative Foundations and Techniques | lesson | Unit 2A | Unit 2A: Derivative Foundations and Differentiation Techniques | derivative,,,UNAVAILABLE,UNAVAILABLE,UNAVAILABLE,UNAVAILABLE,UNAVAILABLE,KEEP,Unique rendered H1/primary query retained; monitor in Search Console.,/subjects/math/calculus/derivatives/chain-rule-basic/,0,CURRENT,self-canonical=true; sitemap=true; inboundInternalLinks=4,medium / pending search evidence,"GSC top queries, clicks, impressions, CTR, average position; backlinks before any consolidation"
/subjects/math/calculus/derivatives/chain-rule-concept-quiz/,https://bettergrades.net/subjects/math/calculus/derivatives/chain-rule-concept-quiz/,calculus,unit.calculus.2a,textbook-lesson.calc-1-unit-2a-derivative-foundations-techniques-chain-rule-concept-quiz,textbook-lesson,Chain Rule Concept Quiz | Unit 2A | Better Grades,Chain Rule Concept Quiz,chain rule concept quiz,chain rule concept quiz | Chain Rule Concept Quiz | The chain rule and compositions | Derivative Foundations and Techniques | quiz | Unit 2A | Unit 2A: Derivative Foundations and Differentiation Techniques | derivative,,,UNAVAILABLE,UNAVAILABLE,UNAVAILABLE,UNAVAILABLE,UNAVAILABLE,KEEP,Unique rendered H1/primary query retained; monitor in Search Console.,/subjects/math/calculus/derivatives/chain-rule-concept-quiz/,0,CURRENT,self-canonical=true; sitemap=true; inboundInternalLinks=4,medium / pending search evidence,"GSC top queries, clicks, impressions, CTR, average position; backlinks before any consolidation"
/subjects/math/calculus/derivatives/chain-rule-map/,https://bettergrades.net/subjects/math/calculus/derivatives/chain-rule-map/,calculus,unit.calculus.2a,textbook-lesson.calc-1-unit-2a-derivative-foundations-techniques-chain-rule-map,textbook-lesson,A Visual and Verbal Map of the Chain Rule | Unit 2A | Better Grades,A Visual and Verbal Map of the Chain Rule,a visual and verbal map of the chain rule,a visual and verbal map of the chain rule | A Visual and Verbal Map of the Chain Rule | The chain rule and compositions | Derivative Foundations and Techniques | lesson | Unit 2A | Unit 2A: Derivative Foundations and Differentiation Techniques | derivative,,,UNAVAILABLE,UNAVAILABLE,UNAVAILABLE,UNAVAILABLE,UNAVAILABLE,KEEP,Unique rendered H1/primary query retained; monitor in Search Console.,/subjects/math/calculus/derivatives/chain-rule-map/,0,CURRENT,self-canonical=true; sitemap=true; inboundInternalLinks=4,medium / pending search evidence,"GSC top queries, clicks, impressions, CTR, average position; backlinks before any consolidation"
/subjects/math/calculus/derivatives/chain-rule-review/,https://bettergrades.net/subjects/math/calculus/derivatives/chain-rule-review/,calculus,unit.calculus.2a,textbook-lesson.calc-1-unit-2a-derivative-foundations-techniques-chain-rule-review,textbook-lesson,Chain Rule Review | Unit 2A | Better Grades,Chain Rule Review,chain rule review,chain rule review | Chain Rule Review | The chain rule and compositions | Derivative Foundations and Techniques | review | Unit 2A | Unit 2A: Derivative Foundations and Differentiation Techniques | derivative,,,UNAVAILABLE,UNAVAILABLE,UNAVAILABLE,UNAVAILABLE,UNAVAILABLE,KEEP,Unique rendered H1/primary query retained; monitor in Search Console.,/subjects/math/calculus/derivatives/chain-rule-review/,0,CURRENT,self-canonical=true; sitemap=true; inboundInternalLinks=4,medium / pending search evidence,"GSC top queries, clicks, impressions, CTR, average position; backlinks before any consolidation"
/subjects/math/calculus/derivatives/chain-rule/,https://bettergrades.net/subjects/math/calculus/derivatives/chain-rule/,calculus,,,method-guide,The Chain Rule as a structure-reading skill | Unit 2A | Better Grades,The Chain Rule as a structure-reading skill,the chain rule as a structure-reading skill,"Derivatives | Rules, structure, and the meaning of instantaneous change—from the chain rule to implicit curves. | chain rule",,,UNAVAILABLE,UNAVAILABLE,UNAVAILABLE,UNAVAILABLE,UNAVAILABLE,KEEP,Unique rendered H1/primary query retained; monitor in Search Console.,/subjects/math/calculus/derivatives/chain-rule/,0,CURRENT,self-canonical=true; sitemap=true; inboundInternalLinks=2,medium / pending search evidence,"GSC top queries, clicks, impressions, CTR, average position; backlinks before any consolidation"
/subjects/math/calculus/derivatives/chain-trig/,https://bettergrades.net/subjects/math/calculus/derivatives/chain-trig/,calculus,unit.calculus.2a,textbook-lesson.calc-1-unit-2a-derivative-foundations-techniques-chain-trig,textbook-lesson,Chain Rule with Trigonometric Functions | Unit 2A | Better Grades,Chain Rule with Trigonometric Functions,chain rule with trigonometric functions,chain rule with trigonometric functions | Chain Rule with Trigonometric Functions | The chain rule and compositions | Derivative Foundations and Techniques | lesson | Unit 2A | Unit 2A: Derivative Foundations and Differentiation Techniques | derivative,,,UNAVAILABLE,UNAVAILABLE,UNAVAILABLE,UNAVAILABLE,UNAVAILABLE,KEEP,Unique rendered H1/primary query retained; monitor in Search Console.,/subjects/math/calculus/derivatives/chain-trig/,0,CURRENT,self-canonical=true; sitemap=true; inboundInternalLinks=4,medium / pending search evidence,"GSC top queries, clicks, impressions, CTR, average position; backlinks before any consolidation"
/subjects/math/calculus/derivatives/combined-rules/,https://bettergrades.net/subjects/math/calculus/derivatives/combined-rules/,calculus,unit.calculus.2a,textbook-lesson.calc-1-unit-2a-derivative-foundations-techniques-combined-rules,textbook-lesson,"Combining Product, Quotient, and Chain Rules | Unit 2A | Better Grades","Combining Product, Quotient, and Chain Rules","combining product, quotient, and chain rules","combining product, quotient, and chain rules | Combining Product, Quotient, and Chain Rules | The chain rule and compositions | Derivative Foundations and Techniques | lesson | Unit 2A | Unit 2A: Derivative Foundations and Differentiation Techniques | derivative",,,UNAVAILABLE,UNAVAILABLE,UNAVAILABLE,UNAVAILABLE,UNAVAILABLE,KEEP,Unique rendered H1/primary query retained; monitor in Search Console.,/subjects/math/calculus/derivatives/combined-rules/,0,CURRENT,self-canonical=true; sitemap=true; inboundInternalLinks=4,medium / pending search evidence,"GSC top queries, clicks, impressions, CTR, average position; backlinks before any consolidation"
/subjects/math/calculus/derivatives/composition/,https://bettergrades.net/subjects/math/calculus/derivatives/composition/,calculus,unit.calculus.2a,textbook-lesson.calc-1-unit-2a-derivative-foundations-techniques-composition,textbook-lesson,Composition and the Need for the Chain Rule | Unit 2A | Better Grades,Composition and the Need for the Chain Rule,composition and the need for the chain rule,composition and the need for the chain rule | Composition and the Need for the Chain Rule | The chain rule and compositions | Derivative Foundations and Techniques | lesson | Unit 2A | Unit 2A: Derivative Foundations and Differentiation Techniques | derivative,,,UNAVAILABLE,UNAVAILABLE,UNAVAILABLE,UNAVAILABLE,UNAVAILABLE,KEEP,Unique rendered H1/primary query retained; monitor in Search Console.,/subjects/math/calculus/derivatives/composition/,0,CURRENT,self-canonical=true; sitemap=true; inboundInternalLinks=6,medium / pending search evidence,"GSC top queries, clicks, impressions, CTR, average position; backlinks before any consolidation"
/subjects/math/calculus/derivatives/core-rules-concept-quiz/,https://bettergrades.net/subjects/math/calculus/derivatives/core-rules-concept-quiz/,calculus,unit.calculus.2a,textbook-lesson.calc-1-unit-2a-derivative-foundations-techniques-core-rules-concept-quiz,textbook-lesson,Core Rules Concept Quiz | Unit 2A | Better Grades,Core Rules Concept Quiz,core rules concept quiz,core rules concept quiz | Core Rules Concept Quiz | Core differentiation rules | Derivative Foundations and Techniques | quiz | Unit 2A | Unit 2A: Derivative Foundations and Differentiation Techniques | derivative,,,UNAVAILABLE,UNAVAILABLE,UNAVAILABLE,UNAVAILABLE,UNAVAILABLE,KEEP,Unique rendered H1/primary query retained; monitor in Search Console.,/subjects/math/calculus/derivatives/core-rules-concept-quiz/,0,CURRENT,self-canonical=true; sitemap=true; inboundInternalLinks=4,medium / pending search evidence,"GSC top queries, clicks, impressions, CTR, average position; backlinks before any consolidation"
/subjects/math/calculus/derivatives/core-rules-review/,https://bettergrades.net/subjects/math/calculus/derivatives/core-rules-review/,calculus,unit.calculus.2a,textbook-lesson.calc-1-unit-2a-derivative-foundations-techniques-core-rules-review,textbook-lesson,Core Differentiation Rules Review | Unit 2A | Better Grades,Core Differentiation Rules Review,core differentiation rules review,core differentiation rules review | Core Differentiation Rules Review | Core differentiation rules | Derivative Foundations and Techniques | review | Unit 2A | Unit 2A: Derivative Foundations and Differentiation Techniques | derivative,,,UNAVAILABLE,UNAVAILABLE,UNAVAILABLE,UNAVAILABLE,UNAVAILABLE,KEEP,Unique rendered H1/primary query retained; monitor in Search Console.,/subjects/math/calculus/derivatives/core-rules-review/,0,CURRENT,self-canonical=true; sitemap=true; inboundInternalLinks=4,medium / pending search evidence,"GSC top queries, clicks, impressions, CTR, average position; backlinks before any consolidation"
/subjects/math/calculus/derivatives/derivative-at-a-point/,https://bettergrades.net/subjects/math/calculus/derivatives/derivative-at-a-point/,calculus,unit.calculus.2a,textbook-lesson.calc-1-unit-2a-derivative-foundations-techniques-derivative-at-a-point,textbook-lesson,The Derivative at a Point | Unit 2A | Better Grades,The Derivative at a Point,the derivative at a point,the derivative at a point | The Derivative at a Point | Derivative meaning and foundations | Derivative Foundations and Techniques | lesson | Unit 2A | Unit 2A: Derivative Foundations and Differentiation Techniques | derivative,,,UNAVAILABLE,UNAVAILABLE,UNAVAILABLE,UNAVAILABLE,UNAVAILABLE,KEEP,Unique rendered H1/primary query retained; monitor in Search Console.,/subjects/math/calculus/derivatives/derivative-at-a-point/,0,CURRENT,self-canonical=true; sitemap=true; inboundInternalLinks=4,medium / pending search evidence,"GSC top queries, clicks, impressions, CTR, average position; backlinks before any consolidation"
/subjects/math/calculus/derivatives/derivative-computation-strategy/,https://bettergrades.net/subjects/math/calculus/derivatives/derivative-computation-strategy/,calculus,unit.calculus.2a,textbook-lesson.calc-1-unit-2a-derivative-foundations-techniques-derivative-computation-strategy,textbook-lesson,A Complete Derivative Computation Strategy | Unit 2A | Better Grades,A Complete Derivative Computation Strategy,a complete derivative computation strategy,a complete derivative computation strategy | A Complete Derivative Computation Strategy | Higher derivatives and complete strategy | Derivative Foundations and Techniques | lesson | Unit 2A | Unit 2A: Derivative Foundations and Differentiation Techniques | derivative,,,UNAVAILABLE,UNAVAILABLE,UNAVAILABLE,UNAVAILABLE,UNAVAILABLE,KEEP,Unique rendered H1/primary query retained; monitor in Search Console.,/subjects/math/calculus/derivatives/derivative-computation-strategy/,0,CURRENT,self-canonical=true; sitemap=true; inboundInternalLinks=4,medium / pending search evidence,"GSC top queries, clicks, impressions, CTR, average position; backlinks before any consolidation"
/subjects/math/calculus/derivatives/derivative-function/,https://bettergrades.net/subjects/math/calculus/derivatives/derivative-function/,calculus,unit.calculus.2a,textbook-lesson.calc-1-unit-2a-derivative-foundations-techniques-derivative-function,textbook-lesson,The Derivative as a Function | Unit 2A | Better Grades,The Derivative as a Function,the derivative as a function,the derivative as a function | The Derivative as a Function | Derivative meaning and foundations | Derivative Foundations and Techniques | lesson | Unit 2A | Unit 2A: Derivative Foundations and Differentiation Techniques | derivative,,,UNAVAILABLE,UNAVAILABLE,UNAVAILABLE,UNAVAILABLE,UNAVAILABLE,KEEP,Unique rendered H1/primary query retained; monitor in Search Console.,/subjects/math/calculus/derivatives/derivative-function/,0,CURRENT,self-canonical=true; sitemap=true; inboundInternalLinks=4,medium / pending search evidence,"GSC top queries, clicks, impressions, CTR, average position; backlinks before any consolidation"
/subjects/math/calculus/derivatives/derivative-of-x-to-the-x/,https://bettergrades.net/subjects/math/calculus/derivatives/derivative-of-x-to-the-x/,calculus,,,quick-answer,What is the derivative of x to the x? | Unit 2A | Better Grades,What is the derivative of x to the x?,what is the derivative of x to the x,"Derivatives | Rules, structure, and the meaning of instantaneous change—from the chain rule to implicit curves. | derivative of x to the x",,,UNAVAILABLE,UNAVAILABLE,UNAVAILABLE,UNAVAILABLE,UNAVAILABLE,KEEP,Unique rendered H1/primary query retained; monitor in Search Console.,/subjects/math/calculus/derivatives/derivative-of-x-to-the-x/,0,CURRENT,self-canonical=true; sitemap=true; inboundInternalLinks=2,medium / pending search evidence,"GSC top queries, clicks, impressions, CTR, average position; backlinks before any consolidation"
/subjects/math/calculus/derivatives/derivatives-of-inverse-trig-functions/,https://bettergrades.net/subjects/math/calculus/derivatives/derivatives-of-inverse-trig-functions/,calculus,,,method-guide,Derivatives of inverse trigonometric functions | Unit 2A | Better Grades,Derivatives of inverse trigonometric functions,derivatives of inverse trigonometric functions,"Derivatives | Rules, structure, and the meaning of instantaneous change—from the chain rule to implicit curves. | derivatives of inverse trig functions | derivative arcsin | derivative arctan | inverse trig derivative",,,UNAVAILABLE,UNAVAILABLE,UNAVAILABLE,UNAVAILABLE,UNAVAILABLE,KEEP,Unique rendered H1/primary query retained; monitor in Search Console.,/subjects/math/calculus/derivatives/derivatives-of-inverse-trig-functions/,0,CURRENT,self-canonical=true; sitemap=true; inboundInternalLinks=2,medium / pending search evidence,"GSC top queries, clicks, impressions, CTR, average position; backlinks before any consolidation"
/subjects/math/calculus/derivatives/difference-quotient-algebra/,https://bettergrades.net/subjects/math/calculus/derivatives/difference-quotient-algebra/,calculus,unit.calculus.2a,textbook-lesson.calc-1-unit-2a-derivative-foundations-techniques-difference-quotient-algebra,textbook-lesson,Difference Quotient Algebra Without Skipped Steps | Unit 2A | Better Grades,Difference Quotient Algebra Without Skipped Steps,difference quotient algebra without skipped steps,difference quotient algebra without skipped steps | Difference Quotient Algebra Without Skipped Steps | Derivative meaning and foundations | Derivative Foundations and Techniques | lesson | Unit 2A | Unit 2A: Derivative Foundations and Differentiation Techniques | derivative,,,UNAVAILABLE,UNAVAILABLE,UNAVAILABLE,UNAVAILABLE,UNAVAILABLE,KEEP,Unique rendered H1/primary query retained; monitor in Search Console.,/subjects/math/calculus/derivatives/difference-quotient-algebra/,0,CURRENT,self-canonical=true; sitemap=true; inboundInternalLinks=4,medium / pending search evidence,"GSC top queries, clicks, impressions, CTR, average position; backlinks before any consolidation"
/subjects/math/calculus/derivatives/differentiability-and-continuity/,https://bettergrades.net/subjects/math/calculus/derivatives/differentiability-and-continuity/,calculus,unit.calculus.2a,textbook-lesson.calc-1-unit-2a-derivative-foundations-techniques-differentiability-and-continuity,textbook-lesson,Differentiability and Continuity | Unit 2A | Better Grades,Differentiability and Continuity,differentiability and continuity,differentiability and continuity | Differentiability and Continuity | Derivative meaning and foundations | Derivative Foundations and Techniques | lesson | Unit 2A | Unit 2A: Derivative Foundations and Differentiation Techniques | derivative,,,UNAVAILABLE,UNAVAILABLE,UNAVAILABLE,UNAVAILABLE,UNAVAILABLE,KEEP,Unique rendered H1/primary query retained; monitor in Search Console.,/subjects/math/calculus/derivatives/differentiability-and-continuity/,0,CURRENT,self-canonical=true; sitemap=true; inboundInternalLinks=4,medium / pending search evidence,"GSC top queries, clicks, impressions, CTR, average position; backlinks before any consolidation"
/subjects/math/calculus/derivatives/exponential-e/,https://bettergrades.net/subjects/math/calculus/derivatives/exponential-e/,calculus,unit.calculus.2a,textbook-lesson.calc-1-unit-2a-derivative-foundations-techniques-exponential-e,textbook-lesson,The Derivative of the Natural Exponential | Unit 2A | Better Grades,The Derivative of the Natural Exponential,the derivative of the natural exponential,"the derivative of the natural exponential | The Derivative of the Natural Exponential | Trigonometric, exponential, and logarithmic functions | Derivative Foundations and Techniques | lesson | Unit 2A | Unit 2A: Derivative Foundations and Differentiation Techniques | derivative",,,UNAVAILABLE,UNAVAILABLE,UNAVAILABLE,UNAVAILABLE,UNAVAILABLE,KEEP,Unique rendered H1/primary query retained; monitor in Search Console.,/subjects/math/calculus/derivatives/exponential-e/,0,CURRENT,self-canonical=true; sitemap=true; inboundInternalLinks=4,medium / pending search evidence,"GSC top queries, clicks, impressions, CTR, average position; backlinks before any consolidation"
/subjects/math/calculus/derivatives/foundations-concept-quiz/,https://bettergrades.net/subjects/math/calculus/derivatives/foundations-concept-quiz/,calculus,unit.calculus.2a,textbook-lesson.calc-1-unit-2a-derivative-foundations-techniques-foundations-concept-quiz,textbook-lesson,Derivative Foundations Concept Quiz | Unit 2A | Better Grades,Derivative Foundations Concept Quiz,derivative foundations concept quiz,derivative foundations concept quiz | Derivative Foundations Concept Quiz | Derivative meaning and foundations | Derivative Foundations and Techniques | quiz | Unit 2A | Unit 2A: Derivative Foundations and Differentiation Techniques | derivative,,,UNAVAILABLE,UNAVAILABLE,UNAVAILABLE,UNAVAILABLE,UNAVAILABLE,KEEP,Unique rendered H1/primary query retained; monitor in Search Console.,/subjects/math/calculus/derivatives/foundations-concept-quiz/,0,CURRENT,self-canonical=true; sitemap=true; inboundInternalLinks=4,medium / pending search evidence,"GSC top queries, clicks, impressions, CTR, average position; backlinks before any consolidation"
/subjects/math/calculus/derivatives/foundations-review/,https://bettergrades.net/subjects/math/calculus/derivatives/foundations-review/,calculus,unit.calculus.2a,textbook-lesson.calc-1-unit-2a-derivative-foundations-techniques-foundations-review,textbook-lesson,Derivative Foundations Review | Unit 2A | Better Grades,Derivative Foundations Review,derivative foundations review,derivative foundations review | Derivative Foundations Review | Derivative meaning and foundations | Derivative Foundations and Techniques | review | Unit 2A | Unit 2A: Derivative Foundations and Differentiation Techniques | derivative,,,UNAVAILABLE,UNAVAILABLE,UNAVAILABLE,UNAVAILABLE,UNAVAILABLE,KEEP,Unique rendered H1/primary query retained; monitor in Search Console.,/subjects/math/calculus/derivatives/foundations-review/,0,CURRENT,self-canonical=true; sitemap=true; inboundInternalLinks=4,medium / pending search evidence,"GSC top queries, clicks, impressions, CTR, average position; backlinks before any consolidation"
/subjects/math/calculus/derivatives/from-graphs-and-tables/,https://bettergrades.net/subjects/math/calculus/derivatives/from-graphs-and-tables/,calculus,unit.calculus.2a,textbook-lesson.calc-1-unit-2a-derivative-foundations-techniques-from-graphs-and-tables,textbook-lesson,Estimating Derivatives from Graphs and Tables | Unit 2A | Better Grades,Estimating Derivatives from Graphs and Tables,estimating derivatives from graphs and tables,estimating derivatives from graphs and tables | Estimating Derivatives from Graphs and Tables | Derivative meaning and foundations | Derivative Foundations and Techniques | lesson | Unit 2A | Unit 2A: Derivative Foundations and Differentiation Techniques | derivative,,,UNAVAILABLE,UNAVAILABLE,UNAVAILABLE,UNAVAILABLE,UNAVAILABLE,KEEP,Unique rendered H1/primary query retained; monitor in Search Console.,/subjects/math/calculus/derivatives/from-graphs-and-tables/,0,CURRENT,self-canonical=true; sitemap=true; inboundInternalLinks=4,medium / pending search evidence,"GSC top queries, clicks, impressions, CTR, average position; backlinks before any consolidation"
/subjects/math/calculus/derivatives/general-exponential/,https://bettergrades.net/subjects/math/calculus/derivatives/general-exponential/,calculus,unit.calculus.2a,textbook-lesson.calc-1-unit-2a-derivative-foundations-techniques-general-exponential,textbook-lesson,Derivatives of General Exponential Functions | Unit 2A | Better Grades,Derivatives of General Exponential Functions,derivatives of general exponential functions,"derivatives of general exponential functions | Derivatives of General Exponential Functions | Trigonometric, exponential, and logarithmic functions | Derivative Foundations and Techniques | lesson | Unit 2A | Unit 2A: Derivative Foundations and Differentiation Techniques | derivative",,,UNAVAILABLE,UNAVAILABLE,UNAVAILABLE,UNAVAILABLE,UNAVAILABLE,KEEP,Unique rendered H1/primary query retained; monitor in Search Console.,/subjects/math/calculus/derivatives/general-exponential/,0,CURRENT,self-canonical=true; sitemap=true; inboundInternalLinks=4,medium / pending search evidence,"GSC top queries, clicks, impressions, CTR, average position; backlinks before any consolidation"
/subjects/math/calculus/derivatives/general-logarithms/,https://bettergrades.net/subjects/math/calculus/derivatives/general-logarithms/,calculus,unit.calculus.2a,textbook-lesson.calc-1-unit-2a-derivative-foundations-techniques-general-logarithms,textbook-lesson,Derivatives of General Logarithms | Unit 2A | Better Grades,Derivatives of General Logarithms,derivatives of general logarithms,"derivatives of general logarithms | Derivatives of General Logarithms | Trigonometric, exponential, and logarithmic functions | Derivative Foundations and Techniques | lesson | Unit 2A | Unit 2A: Derivative Foundations and Differentiation Techniques | derivative",,,UNAVAILABLE,UNAVAILABLE,UNAVAILABLE,UNAVAILABLE,UNAVAILABLE,KEEP,Unique rendered H1/primary query retained; monitor in Search Console.,/subjects/math/calculus/derivatives/general-logarithms/,0,CURRENT,self-canonical=true; sitemap=true; inboundInternalLinks=4,medium / pending search evidence,"GSC top queries, clicks, impressions, CTR, average position; backlinks before any consolidation"
/subjects/math/calculus/derivatives/higher-derivative-techniques/,https://bettergrades.net/subjects/math/calculus/derivatives/higher-derivative-techniques/,calculus,unit.calculus.2a,textbook-lesson.calc-1-unit-2a-derivative-foundations-techniques-higher-derivative-techniques,textbook-lesson,How to Compute Higher Derivatives Reliably | Unit 2A | Better Grades,How to Compute Higher Derivatives Reliably,how to compute higher derivatives reliably,how to compute higher derivatives reliably | How to Compute Higher Derivatives Reliably | Higher derivatives and complete strategy | Derivative Foundations and Techniques | lesson | Unit 2A | Unit 2A: Derivative Foundations and Differentiation Techniques | derivative,,,UNAVAILABLE,UNAVAILABLE,UNAVAILABLE,UNAVAILABLE,UNAVAILABLE,KEEP,Unique rendered H1/primary query retained; monitor in Search Console.,/subjects/math/calculus/derivatives/higher-derivative-techniques/,0,CURRENT,self-canonical=true; sitemap=true; inboundInternalLinks=4,medium / pending search evidence,"GSC top queries, clicks, impressions, CTR, average position; backlinks before any consolidation"
/subjects/math/calculus/derivatives/higher-derivatives/,https://bettergrades.net/subjects/math/calculus/derivatives/higher-derivatives/,calculus,unit.calculus.2a,textbook-lesson.calc-1-unit-2a-derivative-foundations-techniques-higher-derivatives,textbook-lesson,Higher Derivatives | Unit 2A | Better Grades,Higher Derivatives,higher derivatives,higher derivatives | Higher Derivatives | Higher derivatives and complete strategy | Derivative Foundations and Techniques | lesson | Unit 2A | Unit 2A: Derivative Foundations and Differentiation Techniques | derivative,,,UNAVAILABLE,UNAVAILABLE,UNAVAILABLE,UNAVAILABLE,UNAVAILABLE,KEEP,Unique rendered H1/primary query retained; monitor in Search Console.,/subjects/math/calculus/derivatives/higher-derivatives/,0,CURRENT,self-canonical=true; sitemap=true; inboundInternalLinks=5,medium / pending search evidence,"GSC top queries, clicks, impressions, CTR, average position; backlinks before any consolidation"
/subjects/math/calculus/derivatives/implicit-differentiation/,https://bettergrades.net/subjects/math/calculus/derivatives/implicit-differentiation/,calculus,unit.calculus.2a,textbook-lesson.calc-1-unit-2a-derivative-foundations-techniques-implicit-differentiation,textbook-lesson,Implicit Differentiation | Unit 2A | Better Grades,Implicit Differentiation,implicit differentiation,"implicit differentiation | Implicit Differentiation | Implicit, inverse, and logarithmic differentiation | Derivative Foundations and Techniques | lesson | Unit 2A | Unit 2A: Derivative Foundations and Differentiation Techniques | derivative",,,UNAVAILABLE,UNAVAILABLE,UNAVAILABLE,UNAVAILABLE,UNAVAILABLE,KEEP,Unique rendered H1/primary query retained; monitor in Search Console.,/subjects/math/calculus/derivatives/implicit-differentiation/,0,CURRENT,self-canonical=true; sitemap=true; inboundInternalLinks=6,medium / pending search evidence,"GSC top queries, clicks, impressions, CTR, average position; backlinks before any consolidation"
/subjects/math/calculus/derivatives/implicit-inverse-concept-quiz/,https://bettergrades.net/subjects/math/calculus/derivatives/implicit-inverse-concept-quiz/,calculus,unit.calculus.2a,textbook-lesson.calc-1-unit-2a-derivative-foundations-techniques-implicit-inverse-concept-quiz,textbook-lesson,Implicit and Inverse Concept Quiz | Unit 2A | Better Grades,Implicit and Inverse Concept Quiz,implicit and inverse concept quiz,"implicit and inverse concept quiz | Implicit and Inverse Concept Quiz | Implicit, inverse, and logarithmic differentiation | Derivative Foundations and Techniques | quiz | Unit 2A | Unit 2A: Derivative Foundations and Differentiation Techniques | derivative",,,UNAVAILABLE,UNAVAILABLE,UNAVAILABLE,UNAVAILABLE,UNAVAILABLE,KEEP,Unique rendered H1/primary query retained; monitor in Search Console.,/subjects/math/calculus/derivatives/implicit-inverse-concept-quiz/,0,CURRENT,self-canonical=true; sitemap=true; inboundInternalLinks=4,medium / pending search evidence,"GSC top queries, clicks, impressions, CTR, average position; backlinks before any consolidation"
/subjects/math/calculus/derivatives/implicit-inverse-review/,https://bettergrades.net/subjects/math/calculus/derivatives/implicit-inverse-review/,calculus,unit.calculus.2a,textbook-lesson.calc-1-unit-2a-derivative-foundations-techniques-implicit-inverse-review,textbook-lesson,"Implicit, Inverse, and Logarithmic Differentiation Review | Unit 2A | Better Grades","Implicit, Inverse, and Logarithmic Differentiation Review","implicit, inverse, and logarithmic differentiation review","implicit, inverse, and logarithmic differentiation review | Implicit, Inverse, and Logarithmic Differentiation Review | Implicit, inverse, and logarithmic differentiation | Derivative Foundations and Techniques | review | Unit 2A | Unit 2A: Derivative Foundations and Differentiation Techniques | derivative",,,UNAVAILABLE,UNAVAILABLE,UNAVAILABLE,UNAVAILABLE,UNAVAILABLE,KEEP,Unique rendered H1/primary query retained; monitor in Search Console.,/subjects/math/calculus/derivatives/implicit-inverse-review/,0,CURRENT,self-canonical=true; sitemap=true; inboundInternalLinks=4,medium / pending search evidence,"GSC top queries, clicks, impressions, CTR, average position; backlinks before any consolidation"
/subjects/math/calculus/derivatives/implicit-second-derivative/,https://bettergrades.net/subjects/math/calculus/derivatives/implicit-second-derivative/,calculus,unit.calculus.2a,textbook-lesson.calc-1-unit-2a-derivative-foundations-techniques-implicit-second-derivative,textbook-lesson,Second Derivatives from Implicit Equations | Unit 2A | Better Grades,Second Derivatives from Implicit Equations,second derivatives from implicit equations,"second derivatives from implicit equations | Second Derivatives from Implicit Equations | Implicit, inverse, and logarithmic differentiation | Derivative Foundations and Techniques | lesson | Unit 2A | Unit 2A: Derivative Foundations and Differentiation Techniques | derivative",,,UNAVAILABLE,UNAVAILABLE,UNAVAILABLE,UNAVAILABLE,UNAVAILABLE,KEEP,Unique rendered H1/primary query retained; monitor in Search Console.,/subjects/math/calculus/derivatives/implicit-second-derivative/,0,CURRENT,self-canonical=true; sitemap=true; inboundInternalLinks=4,medium / pending search evidence,"GSC top queries, clicks, impressions, CTR, average position; backlinks before any consolidation"
/subjects/math/calculus/derivatives/implicit-tangent-lines/,https://bettergrades.net/subjects/math/calculus/derivatives/implicit-tangent-lines/,calculus,unit.calculus.2a,textbook-lesson.calc-1-unit-2a-derivative-foundations-techniques-implicit-tangent-lines,textbook-lesson,Tangent Lines to Implicit Curves | Unit 2A | Better Grades,Tangent Lines to Implicit Curves,tangent lines to implicit curves,"tangent lines to implicit curves | Tangent Lines to Implicit Curves | Implicit, inverse, and logarithmic differentiation | Derivative Foundations and Techniques | lesson | Unit 2A | Unit 2A: Derivative Foundations and Differentiation Techniques | derivative",,,UNAVAILABLE,UNAVAILABLE,UNAVAILABLE,UNAVAILABLE,UNAVAILABLE,KEEP,Unique rendered H1/primary query retained; monitor in Search Console.,/subjects/math/calculus/derivatives/implicit-tangent-lines/,0,CURRENT,self-canonical=true; sitemap=true; inboundInternalLinks=4,medium / pending search evidence,"GSC top queries, clicks, impressions, CTR, average position; backlinks before any consolidation"
/subjects/math/calculus/derivatives/inverse-function-rule/,https://bettergrades.net/subjects/math/calculus/derivatives/inverse-function-rule/,calculus,unit.calculus.2a,textbook-lesson.calc-1-unit-2a-derivative-foundations-techniques-inverse-function-rule,textbook-lesson,Derivative of an Inverse Function | Unit 2A | Better Grades,Derivative of an Inverse Function,derivative of an inverse function,"derivative of an inverse function | Derivative of an Inverse Function | Implicit, inverse, and logarithmic differentiation | Derivative Foundations and Techniques | lesson | Unit 2A | Unit 2A: Derivative Foundations and Differentiation Techniques | derivative",,,UNAVAILABLE,UNAVAILABLE,UNAVAILABLE,UNAVAILABLE,UNAVAILABLE,KEEP,Unique rendered H1/primary query retained; monitor in Search Console.,/subjects/math/calculus/derivatives/inverse-function-rule/,0,CURRENT,self-canonical=true; sitemap=true; inboundInternalLinks=4,medium / pending search evidence,"GSC top queries, clicks, impressions, CTR, average position; backlinks before any consolidation"
/subjects/math/calculus/derivatives/inverse-trig/,https://bettergrades.net/subjects/math/calculus/derivatives/inverse-trig/,calculus,unit.calculus.2a,textbook-lesson.calc-1-unit-2a-derivative-foundations-techniques-inverse-trig,textbook-lesson,Inverse Trigonometric Derivatives | Unit 2A | Better Grades,Inverse Trigonometric Derivatives,inverse trigonometric derivatives,"inverse trigonometric derivatives | Inverse Trigonometric Derivatives | Implicit, inverse, and logarithmic differentiation | Derivative Foundations and Techniques | lesson | Unit 2A | Unit 2A: Derivative Foundations and Differentiation Techniques | derivative",,,UNAVAILABLE,UNAVAILABLE,UNAVAILABLE,UNAVAILABLE,UNAVAILABLE,KEEP,Unique rendered H1/primary query retained; monitor in Search Console.,/subjects/math/calculus/derivatives/inverse-trig/,0,CURRENT,self-canonical=true; sitemap=true; inboundInternalLinks=4,medium / pending search evidence,"GSC top queries, clicks, impressions, CTR, average position; backlinks before any consolidation"
/subjects/math/calculus/derivatives/logarithmic-differentiation/,https://bettergrades.net/subjects/math/calculus/derivatives/logarithmic-differentiation/,calculus,unit.calculus.2a,textbook-lesson.calc-1-unit-2a-derivative-foundations-techniques-logarithmic-differentiation,textbook-lesson,Logarithmic Differentiation | Unit 2A | Better Grades,Logarithmic Differentiation,logarithmic differentiation,"logarithmic differentiation | Logarithmic Differentiation | Implicit, inverse, and logarithmic differentiation | Derivative Foundations and Techniques | lesson | Unit 2A | Unit 2A: Derivative Foundations and Differentiation Techniques | derivative",,,UNAVAILABLE,UNAVAILABLE,UNAVAILABLE,UNAVAILABLE,UNAVAILABLE,KEEP,Unique rendered H1/primary query retained; monitor in Search Console.,/subjects/math/calculus/derivatives/logarithmic-differentiation/,0,CURRENT,self-canonical=true; sitemap=true; inboundInternalLinks=5,medium / pending search evidence,"GSC top queries, clicks, impressions, CTR, average position; backlinks before any consolidation"
/subjects/math/calculus/derivatives/multiple-chain-layers/,https://bettergrades.net/subjects/math/calculus/derivatives/multiple-chain-layers/,calculus,unit.calculus.2a,textbook-lesson.calc-1-unit-2a-derivative-foundations-techniques-multiple-chain-layers,textbook-lesson,Multiple Chain-Rule Layers | Unit 2A | Better Grades,Multiple Chain-Rule Layers,multiple chain-rule layers,multiple chain-rule layers | Multiple Chain-Rule Layers | The chain rule and compositions | Derivative Foundations and Techniques | lesson | Unit 2A | Unit 2A: Derivative Foundations and Differentiation Techniques | derivative,,,UNAVAILABLE,UNAVAILABLE,UNAVAILABLE,UNAVAILABLE,UNAVAILABLE,KEEP,Unique rendered H1/primary query retained; monitor in Search Console.,/subjects/math/calculus/derivatives/multiple-chain-layers/,0,CURRENT,self-canonical=true; sitemap=true; inboundInternalLinks=4,medium / pending search evidence,"GSC top queries, clicks, impressions, CTR, average position; backlinks before any consolidation"
/subjects/math/calculus/derivatives/natural-log/,https://bettergrades.net/subjects/math/calculus/derivatives/natural-log/,calculus,unit.calculus.2a,textbook-lesson.calc-1-unit-2a-derivative-foundations-techniques-natural-log,textbook-lesson,The Derivative of the Natural Logarithm | Unit 2A | Better Grades,The Derivative of the Natural Logarithm,the derivative of the natural logarithm,"the derivative of the natural logarithm | The Derivative of the Natural Logarithm | Trigonometric, exponential, and logarithmic functions | Derivative Foundations and Techniques | lesson | Unit 2A | Unit 2A: Derivative Foundations and Differentiation Techniques | derivative",,,UNAVAILABLE,UNAVAILABLE,UNAVAILABLE,UNAVAILABLE,UNAVAILABLE,KEEP,Unique rendered H1/primary query retained; monitor in Search Console.,/subjects/math/calculus/derivatives/natural-log/,0,CURRENT,self-canonical=true; sitemap=true; inboundInternalLinks=4,medium / pending search evidence,"GSC top queries, clicks, impressions, CTR, average position; backlinks before any consolidation"
/subjects/math/calculus/derivatives/negative-fractional-powers/,https://bettergrades.net/subjects/math/calculus/derivatives/negative-fractional-powers/,calculus,unit.calculus.2a,textbook-lesson.calc-1-unit-2a-derivative-foundations-techniques-negative-fractional-powers,textbook-lesson,Negative and Fractional Powers | Unit 2A | Better Grades,Negative and Fractional Powers,negative and fractional powers,negative and fractional powers | Negative and Fractional Powers | Core differentiation rules | Derivative Foundations and Techniques | lesson | Unit 2A | Unit 2A: Derivative Foundations and Differentiation Techniques | derivative,,,UNAVAILABLE,UNAVAILABLE,UNAVAILABLE,UNAVAILABLE,UNAVAILABLE,KEEP,Unique rendered H1/primary query retained; monitor in Search Console.,/subjects/math/calculus/derivatives/negative-fractional-powers/,0,CURRENT,self-canonical=true; sitemap=true; inboundInternalLinks=4,medium / pending search evidence,"GSC top queries, clicks, impressions, CTR, average position; backlinks before any consolidation"
/subjects/math/calculus/derivatives/notation-and-units/,https://bettergrades.net/subjects/math/calculus/derivatives/notation-and-units/,calculus,unit.calculus.2a,textbook-lesson.calc-1-unit-2a-derivative-foundations-techniques-notation-and-units,textbook-lesson,Derivative Notation and Units | Unit 2A | Better Grades,Derivative Notation and Units,derivative notation and units,derivative notation and units | Derivative Notation and Units | Derivative meaning and foundations | Derivative Foundations and Techniques | lesson | Unit 2A | Unit 2A: Derivative Foundations and Differentiation Techniques | derivative,,,UNAVAILABLE,UNAVAILABLE,UNAVAILABLE,UNAVAILABLE,UNAVAILABLE,KEEP,Unique rendered H1/primary query retained; monitor in Search Console.,/subjects/math/calculus/derivatives/notation-and-units/,0,CURRENT,self-canonical=true; sitemap=true; inboundInternalLinks=4,medium / pending search evidence,"GSC top queries, clicks, impressions, CTR, average position; backlinks before any consolidation"
/subjects/math/calculus/derivatives/notation-guide/,https://bettergrades.net/subjects/math/calculus/derivatives/notation-guide/,calculus,unit.calculus.2a,textbook-lesson.calc-1-unit-2a-derivative-foundations-techniques-notation-guide,textbook-lesson,Derivative Notation Guide | Unit 2A | Better Grades,Derivative Notation Guide,derivative notation guide,derivative notation guide | Derivative Notation Guide | Orientation and prerequisites | Derivative Foundations and Techniques | reference | Unit 2A | Unit 2A: Derivative Foundations and Differentiation Techniques | derivative,,,UNAVAILABLE,UNAVAILABLE,UNAVAILABLE,UNAVAILABLE,UNAVAILABLE,KEEP,Unique rendered H1/primary query retained; monitor in Search Console.,/subjects/math/calculus/derivatives/notation-guide/,0,CURRENT,self-canonical=true; sitemap=true; inboundInternalLinks=4,medium / pending search evidence,"GSC top queries, clicks, impressions, CTR, average position; backlinks before any consolidation"
/subjects/math/calculus/derivatives/other-trig-functions/,https://bettergrades.net/subjects/math/calculus/derivatives/other-trig-functions/,calculus,unit.calculus.2a,textbook-lesson.calc-1-unit-2a-derivative-foundations-techniques-other-trig-functions,textbook-lesson,Derivatives of the Other Trigonometric Functions | Unit 2A | Better Grades,Derivatives of the Other Trigonometric Functions,derivatives of the other trigonometric functions,"derivatives of the other trigonometric functions | Derivatives of the Other Trigonometric Functions | Trigonometric, exponential, and logarithmic functions | Derivative Foundations and Techniques | lesson | Unit 2A | Unit 2A: Derivative Foundations and Differentiation Techniques | derivative",,,UNAVAILABLE,UNAVAILABLE,UNAVAILABLE,UNAVAILABLE,UNAVAILABLE,KEEP,Unique rendered H1/primary query retained; monitor in Search Console.,/subjects/math/calculus/derivatives/other-trig-functions/,0,CURRENT,self-canonical=true; sitemap=true; inboundInternalLinks=4,medium / pending search evidence,"GSC top queries, clicks, impressions, CTR, average position; backlinks before any consolidation"
/subjects/math/calculus/derivatives/power-rule/,https://bettergrades.net/subjects/math/calculus/derivatives/power-rule/,calculus,unit.calculus.2a,textbook-lesson.calc-1-unit-2a-derivative-foundations-techniques-power-rule,textbook-lesson,The Constant and Power Rules | Unit 2A | Better Grades,The Constant and Power Rules,the constant and power rules,the constant and power rules | The Constant and Power Rules | Core differentiation rules | Derivative Foundations and Techniques | lesson | Unit 2A | Unit 2A: Derivative Foundations and Differentiation Techniques | derivative,,,UNAVAILABLE,UNAVAILABLE,UNAVAILABLE,UNAVAILABLE,UNAVAILABLE,KEEP,Unique rendered H1/primary query retained; monitor in Search Console.,/subjects/math/calculus/derivatives/power-rule/,0,CURRENT,self-canonical=true; sitemap=true; inboundInternalLinks=5,medium / pending search evidence,"GSC top queries, clicks, impressions, CTR, average position; backlinks before any consolidation"
/subjects/math/calculus/derivatives/practice-exam-a-answer-key/,https://bettergrades.net/subjects/math/calculus/derivatives/practice-exam-a-answer-key/,calculus,unit.calculus.2a,textbook-lesson.calc-1-unit-2a-derivative-foundations-techniques-practice-exam-a-answer-key,textbook-lesson,Unit 2A Practice Exam A Answer Key | Better Grades,Unit 2A Practice Exam A Answer Key,unit 2a practice exam a answer key,unit 2a practice exam a answers | Unit 2A Practice Exam A Answer Key | Supporting material | Derivative Foundations and Techniques | answer-key | Unit 2A | Unit 2A: Derivative Foundations and Differentiation Techniques | derivative,,,UNAVAILABLE,UNAVAILABLE,UNAVAILABLE,UNAVAILABLE,UNAVAILABLE,KEEP,Unique rendered H1/primary query retained; monitor in Search Console.,/subjects/math/calculus/derivatives/practice-exam-a-answer-key/,0,CURRENT,self-canonical=true; sitemap=true; inboundInternalLinks=4,medium / pending search evidence,"GSC top queries, clicks, impressions, CTR, average position; backlinks before any consolidation"
/subjects/math/calculus/derivatives/practice-exam-b-answer-key/,https://bettergrades.net/subjects/math/calculus/derivatives/practice-exam-b-answer-key/,calculus,unit.calculus.2a,textbook-lesson.calc-1-unit-2a-derivative-foundations-techniques-practice-exam-b-answer-key,textbook-lesson,Unit 2A Practice Exam B Answer Key | Better Grades,Unit 2A Practice Exam B Answer Key,unit 2a practice exam b answer key,unit 2a practice exam b answers | Unit 2A Practice Exam B Answer Key | Supporting material | Derivative Foundations and Techniques | answer-key | Unit 2A | Unit 2A: Derivative Foundations and Differentiation Techniques | derivative,,,UNAVAILABLE,UNAVAILABLE,UNAVAILABLE,UNAVAILABLE,UNAVAILABLE,KEEP,Unique rendered H1/primary query retained; monitor in Search Console.,/subjects/math/calculus/derivatives/practice-exam-b-answer-key/,0,CURRENT,self-canonical=true; sitemap=true; inboundInternalLinks=3,medium / pending search evidence,"GSC top queries, clicks, impressions, CTR, average position; backlinks before any consolidation"
/subjects/math/calculus/derivatives/prerequisite-diagnostic/,https://bettergrades.net/subjects/math/calculus/derivatives/prerequisite-diagnostic/,calculus,unit.calculus.2a,textbook-lesson.calc-1-unit-2a-derivative-foundations-techniques-prerequisite-diagnostic,textbook-lesson,Derivative Prerequisite Diagnostic | Unit 2A | Better Grades,Derivative Prerequisite Diagnostic,derivative prerequisite diagnostic,derivative prerequisite diagnostic | Derivative Prerequisite Diagnostic | Orientation and prerequisites | Derivative Foundations and Techniques | diagnostic | Unit 2A | Unit 2A: Derivative Foundations and Differentiation Techniques | derivative,,,UNAVAILABLE,UNAVAILABLE,UNAVAILABLE,UNAVAILABLE,UNAVAILABLE,KEEP,Unique rendered H1/primary query retained; monitor in Search Console.,/subjects/math/calculus/derivatives/prerequisite-diagnostic/,0,CURRENT,self-canonical=true; sitemap=true; inboundInternalLinks=3,medium / pending search evidence,"GSC top queries, clicks, impressions, CTR, average position; backlinks before any consolidation"
/subjects/math/calculus/derivatives/product-rule-vs-quotient-rule/,https://bettergrades.net/subjects/math/calculus/derivatives/product-rule-vs-quotient-rule/,calculus,,,decision-guide,Product Rule or Quotient Rule? | Unit 2A | Better Grades,Product Rule or Quotient Rule?,product rule or quotient rule,"Derivatives | Rules, structure, and the meaning of instantaneous change—from the chain rule to implicit curves. | product rule vs quotient rule",,,UNAVAILABLE,UNAVAILABLE,UNAVAILABLE,UNAVAILABLE,UNAVAILABLE,KEEP,Unique rendered H1/primary query retained; monitor in Search Console.,/subjects/math/calculus/derivatives/product-rule-vs-quotient-rule/,0,CURRENT,self-canonical=true; sitemap=true; inboundInternalLinks=2,medium / pending search evidence,"GSC top queries, clicks, impressions, CTR, average position; backlinks before any consolidation"
/subjects/math/calculus/derivatives/product-rule/,https://bettergrades.net/subjects/math/calculus/derivatives/product-rule/,calculus,unit.calculus.2a,textbook-lesson.calc-1-unit-2a-derivative-foundations-techniques-product-rule,textbook-lesson,The Product Rule | Unit 2A | Better Grades,The Product Rule,the product rule,the product rule | The Product Rule | Core differentiation rules | Derivative Foundations and Techniques | lesson | Unit 2A | Unit 2A: Derivative Foundations and Differentiation Techniques | derivative,,,UNAVAILABLE,UNAVAILABLE,UNAVAILABLE,UNAVAILABLE,UNAVAILABLE,KEEP,Unique rendered H1/primary query retained; monitor in Search Console.,/subjects/math/calculus/derivatives/product-rule/,0,CURRENT,self-canonical=true; sitemap=true; inboundInternalLinks=4,medium / pending search evidence,"GSC top queries, clicks, impressions, CTR, average position; backlinks before any consolidation"
/subjects/math/calculus/derivatives/quotient-rule/,https://bettergrades.net/subjects/math/calculus/derivatives/quotient-rule/,calculus,unit.calculus.2a,textbook-lesson.calc-1-unit-2a-derivative-foundations-techniques-quotient-rule,textbook-lesson,The Quotient Rule | Unit 2A | Better Grades,The Quotient Rule,the quotient rule,the quotient rule | The Quotient Rule | Core differentiation rules | Derivative Foundations and Techniques | lesson | Unit 2A | Unit 2A: Derivative Foundations and Differentiation Techniques | derivative,,,UNAVAILABLE,UNAVAILABLE,UNAVAILABLE,UNAVAILABLE,UNAVAILABLE,KEEP,Unique rendered H1/primary query retained; monitor in Search Console.,/subjects/math/calculus/derivatives/quotient-rule/,0,CURRENT,self-canonical=true; sitemap=true; inboundInternalLinks=4,medium / pending search evidence,"GSC top queries, clicks, impressions, CTR, average position; backlinks before any consolidation"
/subjects/math/calculus/derivatives/rule-selection/,https://bettergrades.net/subjects/math/calculus/derivatives/rule-selection/,calculus,unit.calculus.2a,textbook-lesson.calc-1-unit-2a-derivative-foundations-techniques-rule-selection,textbook-lesson,How to Choose a Differentiation Rule | Unit 2A | Better Grades,How to Choose a Differentiation Rule,how to choose a differentiation rule,how to choose a differentiation rule | How to Choose a Differentiation Rule | Core differentiation rules | Derivative Foundations and Techniques | lesson | Unit 2A | Unit 2A: Derivative Foundations and Differentiation Techniques | derivative,,,UNAVAILABLE,UNAVAILABLE,UNAVAILABLE,UNAVAILABLE,UNAVAILABLE,KEEP,Unique rendered H1/primary query retained; monitor in Search Console.,/subjects/math/calculus/derivatives/rule-selection/,0,CURRENT,self-canonical=true; sitemap=true; inboundInternalLinks=4,medium / pending search evidence,"GSC top queries, clicks, impressions, CTR, average position; backlinks before any consolidation"
/subjects/math/calculus/derivatives/sine-and-cosine/,https://bettergrades.net/subjects/math/calculus/derivatives/sine-and-cosine/,calculus,unit.calculus.2a,textbook-lesson.calc-1-unit-2a-derivative-foundations-techniques-sine-and-cosine,textbook-lesson,Derivatives of Sine and Cosine | Unit 2A | Better Grades,Derivatives of Sine and Cosine,derivatives of sine and cosine,"derivatives of sine and cosine | Derivatives of Sine and Cosine | Trigonometric, exponential, and logarithmic functions | Derivative Foundations and Techniques | lesson | Unit 2A | Unit 2A: Derivative Foundations and Differentiation Techniques | derivative",,,UNAVAILABLE,UNAVAILABLE,UNAVAILABLE,UNAVAILABLE,UNAVAILABLE,KEEP,Unique rendered H1/primary query retained; monitor in Search Console.,/subjects/math/calculus/derivatives/sine-and-cosine/,0,CURRENT,self-canonical=true; sitemap=true; inboundInternalLinks=5,medium / pending search evidence,"GSC top queries, clicks, impressions, CTR, average position; backlinks before any consolidation"
/subjects/math/calculus/derivatives/special-functions-concept-quiz/,https://bettergrades.net/subjects/math/calculus/derivatives/special-functions-concept-quiz/,calculus,unit.calculus.2a,textbook-lesson.calc-1-unit-2a-derivative-foundations-techniques-special-functions-concept-quiz,textbook-lesson,Special Functions Concept Quiz | Unit 2A | Better Grades,Special Functions Concept Quiz,special functions concept quiz,"special functions concept quiz | Special Functions Concept Quiz | Trigonometric, exponential, and logarithmic functions | Derivative Foundations and Techniques | quiz | Unit 2A | Unit 2A: Derivative Foundations and Differentiation Techniques | derivative",,,UNAVAILABLE,UNAVAILABLE,UNAVAILABLE,UNAVAILABLE,UNAVAILABLE,KEEP,Unique rendered H1/primary query retained; monitor in Search Console.,/subjects/math/calculus/derivatives/special-functions-concept-quiz/,0,CURRENT,self-canonical=true; sitemap=true; inboundInternalLinks=4,medium / pending search evidence,"GSC top queries, clicks, impressions, CTR, average position; backlinks before any consolidation"
/subjects/math/calculus/derivatives/special-functions-review/,https://bettergrades.net/subjects/math/calculus/derivatives/special-functions-review/,calculus,unit.calculus.2a,textbook-lesson.calc-1-unit-2a-derivative-foundations-techniques-special-functions-review,textbook-lesson,"Trigonometric, Exponential, and Logarithmic Review | Unit 2A | Better Grades","Trigonometric, Exponential, and Logarithmic Review","trigonometric, exponential, and logarithmic review","trigonometric, exponential, and logarithmic review | Trigonometric, Exponential, and Logarithmic Review | Trigonometric, exponential, and logarithmic functions | Derivative Foundations and Techniques | review | Unit 2A | Unit 2A: Derivative Foundations and Differentiation Techniques | derivative",,,UNAVAILABLE,UNAVAILABLE,UNAVAILABLE,UNAVAILABLE,UNAVAILABLE,KEEP,Unique rendered H1/primary query retained; monitor in Search Console.,/subjects/math/calculus/derivatives/special-functions-review/,0,CURRENT,self-canonical=true; sitemap=true; inboundInternalLinks=4,medium / pending search evidence,"GSC top queries, clicks, impressions, CTR, average position; backlinks before any consolidation"
/subjects/math/calculus/derivatives/sum-and-constant-multiple-rules/,https://bettergrades.net/subjects/math/calculus/derivatives/sum-and-constant-multiple-rules/,calculus,unit.calculus.2a,textbook-lesson.calc-1-unit-2a-derivative-foundations-techniques-sum-and-constant-multiple-rules,textbook-lesson,Sums and Constant Multiples | Unit 2A | Better Grades,Sums and Constant Multiples,sums and constant multiples,sums and constant multiples | Sums and Constant Multiples | Core differentiation rules | Derivative Foundations and Techniques | lesson | Unit 2A | Unit 2A: Derivative Foundations and Differentiation Techniques | derivative,,,UNAVAILABLE,UNAVAILABLE,UNAVAILABLE,UNAVAILABLE,UNAVAILABLE,KEEP,Unique rendered H1/primary query retained; monitor in Search Console.,/subjects/math/calculus/derivatives/sum-and-constant-multiple-rules/,0,CURRENT,self-canonical=true; sitemap=true; inboundInternalLinks=4,medium / pending search evidence,"GSC top queries, clicks, impressions, CTR, average position; backlinks before any consolidation"
/subjects/math/calculus/derivatives/tangent-line-equation/,https://bettergrades.net/subjects/math/calculus/derivatives/tangent-line-equation/,calculus,unit.calculus.2a,textbook-lesson.calc-1-unit-2a-derivative-foundations-techniques-tangent-line-equation,textbook-lesson,Tangent and Normal Lines | Unit 2A | Better Grades,Tangent and Normal Lines,tangent and normal lines,tangent and normal lines | Tangent and Normal Lines | Derivative meaning and foundations | Derivative Foundations and Techniques | lesson | Unit 2A | Unit 2A: Derivative Foundations and Differentiation Techniques | derivative,,,UNAVAILABLE,UNAVAILABLE,UNAVAILABLE,UNAVAILABLE,UNAVAILABLE,KEEP,Unique rendered H1/primary query retained; monitor in Search Console.,/subjects/math/calculus/derivatives/tangent-line-equation/,0,CURRENT,self-canonical=true; sitemap=true; inboundInternalLinks=4,medium / pending search evidence,"GSC top queries, clicks, impressions, CTR, average position; backlinks before any consolidation"
/subjects/math/calculus/derivatives/unit-2a-common-errors/,https://bettergrades.net/subjects/math/calculus/derivatives/unit-2a-common-errors/,calculus,unit.calculus.2a,textbook-lesson.calc-1-unit-2a-derivative-foundations-techniques-unit-2a-common-errors,textbook-lesson,Common Derivative Computation Errors and How to Repair Them | Unit 2A | Better Grades,Common Derivative Computation Errors and How to Repair Them,common derivative computation errors and how to repair them,"common derivative computation errors and how to repair them | Common Derivative Computation Errors and How to Repair Them | Review, practice, exams, and reference | Derivative Foundations and Techniques | review | Unit 2A | Unit 2A: Derivative Foundations and Differentiation Techniques | derivative",,,UNAVAILABLE,UNAVAILABLE,UNAVAILABLE,UNAVAILABLE,UNAVAILABLE,KEEP,Unique rendered H1/primary query retained; monitor in Search Console.,/subjects/math/calculus/derivatives/unit-2a-common-errors/,0,CURRENT,self-canonical=true; sitemap=true; inboundInternalLinks=4,medium / pending search evidence,"GSC top queries, clicks, impressions, CTR, average position; backlinks before any consolidation"
/subjects/math/calculus/derivatives/unit-2a-cumulative-practice/,https://bettergrades.net/subjects/math/calculus/derivatives/unit-2a-cumulative-practice/,calculus,unit.calculus.2a,textbook-lesson.calc-1-unit-2a-derivative-foundations-techniques-unit-2a-cumulative-practice,textbook-lesson,Unit 2A Cumulative Derivative Practice | Better Grades,Unit 2A Cumulative Derivative Practice,unit 2a cumulative derivative practice,"unit 2a cumulative derivative practice | Unit 2A Cumulative Derivative Practice | Review, practice, exams, and reference | Derivative Foundations and Techniques | practice | Unit 2A | Unit 2A: Derivative Foundations and Differentiation Techniques | derivative",,,UNAVAILABLE,UNAVAILABLE,UNAVAILABLE,UNAVAILABLE,UNAVAILABLE,KEEP,Unique rendered H1/primary query retained; monitor in Search Console.,/subjects/math/calculus/derivatives/unit-2a-cumulative-practice/,0,CURRENT,self-canonical=true; sitemap=true; inboundInternalLinks=4,medium / pending search evidence,"GSC top queries, clicks, impressions, CTR, average position; backlinks before any consolidation"
/subjects/math/calculus/derivatives/unit-2a-practice-exam-a/,https://bettergrades.net/subjects/math/calculus/derivatives/unit-2a-practice-exam-a/,calculus,unit.calculus.2a,textbook-lesson.calc-1-unit-2a-derivative-foundations-techniques-unit-2a-practice-exam-a,textbook-lesson,Unit 2A Practice Exam A | Better Grades,Unit 2A Practice Exam A,unit 2a practice exam a,"unit 2a practice exam a | Unit 2A Practice Exam A | Review, practice, exams, and reference | Derivative Foundations and Techniques | exam | Unit 2A | Unit 2A: Derivative Foundations and Differentiation Techniques | derivative",,,UNAVAILABLE,UNAVAILABLE,UNAVAILABLE,UNAVAILABLE,UNAVAILABLE,KEEP,Unique rendered H1/primary query retained; monitor in Search Console.,/subjects/math/calculus/derivatives/unit-2a-practice-exam-a/,0,CURRENT,self-canonical=true; sitemap=true; inboundInternalLinks=5,medium / pending search evidence,"GSC top queries, clicks, impressions, CTR, average position; backlinks before any consolidation"
/subjects/math/calculus/derivatives/unit-2a-practice-exam-b/,https://bettergrades.net/subjects/math/calculus/derivatives/unit-2a-practice-exam-b/,calculus,unit.calculus.2a,textbook-lesson.calc-1-unit-2a-derivative-foundations-techniques-unit-2a-practice-exam-b,textbook-lesson,Unit 2A Practice Exam B | Better Grades,Unit 2A Practice Exam B,unit 2a practice exam b,"unit 2a practice exam b | Unit 2A Practice Exam B | Review, practice, exams, and reference | Derivative Foundations and Techniques | exam | Unit 2A | Unit 2A: Derivative Foundations and Differentiation Techniques | derivative",,,UNAVAILABLE,UNAVAILABLE,UNAVAILABLE,UNAVAILABLE,UNAVAILABLE,KEEP,Unique rendered H1/primary query retained; monitor in Search Console.,/subjects/math/calculus/derivatives/unit-2a-practice-exam-b/,0,CURRENT,self-canonical=true; sitemap=true; inboundInternalLinks=5,medium / pending search evidence,"GSC top queries, clicks, impressions, CTR, average position; backlinks before any consolidation"
/subjects/math/calculus/derivatives/unit-2a-reference/,https://bettergrades.net/subjects/math/calculus/derivatives/unit-2a-reference/,calculus,unit.calculus.2a,textbook-lesson.calc-1-unit-2a-derivative-foundations-techniques-unit-2a-reference,textbook-lesson,Unit 2A Formula and Strategy Reference | Better Grades,Unit 2A Formula and Strategy Reference,unit 2a formula and strategy reference,"unit 2a formula and strategy reference | Unit 2A Formula and Strategy Reference | Review, practice, exams, and reference | Derivative Foundations and Techniques | reference | Unit 2A | Unit 2A: Derivative Foundations and Differentiation Techniques | derivative",,,UNAVAILABLE,UNAVAILABLE,UNAVAILABLE,UNAVAILABLE,UNAVAILABLE,KEEP,Unique rendered H1/primary query retained; monitor in Search Console.,/subjects/math/calculus/derivatives/unit-2a-reference/,0,CURRENT,self-canonical=true; sitemap=true; inboundInternalLinks=3,medium / pending search evidence,"GSC top queries, clicks, impressions, CTR, average position; backlinks before any consolidation"
/subjects/math/calculus/derivatives/unit-2a-review/,https://bettergrades.net/subjects/math/calculus/derivatives/unit-2a-review/,calculus,unit.calculus.2a,textbook-lesson.calc-1-unit-2a-derivative-foundations-techniques-unit-2a-review,textbook-lesson,Unit 2A Review: Derivative Meaning and Computation | Better Grades,Unit 2A Review: Derivative Meaning and Computation,unit 2a review: derivative meaning and computation,"unit 2a review: derivative meaning and computation | Unit 2A Review: Derivative Meaning and Computation | Review, practice, exams, and reference | Derivative Foundations and Techniques | review | Unit 2A | Unit 2A: Derivative Foundations and Differentiation Techniques | derivative",,,UNAVAILABLE,UNAVAILABLE,UNAVAILABLE,UNAVAILABLE,UNAVAILABLE,KEEP,Unique rendered H1/primary query retained; monitor in Search Console.,/subjects/math/calculus/derivatives/unit-2a-review/,0,CURRENT,self-canonical=true; sitemap=true; inboundInternalLinks=5,medium / pending search evidence,"GSC top queries, clicks, impressions, CTR, average position; backlinks before any consolidation"
/subjects/math/calculus/derivatives/variable-exponents/,https://bettergrades.net/subjects/math/calculus/derivatives/variable-exponents/,calculus,unit.calculus.2a,textbook-lesson.calc-1-unit-2a-derivative-foundations-techniques-variable-exponents,textbook-lesson,Variable Bases and Exponents | Unit 2A | Better Grades,Variable Bases and Exponents,variable bases and exponents,"variable bases and exponents | Variable Bases and Exponents | Implicit, inverse, and logarithmic differentiation | Derivative Foundations and Techniques | lesson | Unit 2A | Unit 2A: Derivative Foundations and Differentiation Techniques | derivative",,,UNAVAILABLE,UNAVAILABLE,UNAVAILABLE,UNAVAILABLE,UNAVAILABLE,KEEP,Unique rendered H1/primary query retained; monitor in Search Console.,/subjects/math/calculus/derivatives/variable-exponents/,0,CURRENT,self-canonical=true; sitemap=true; inboundInternalLinks=4,medium / pending search evidence,"GSC top queries, clicks, impressions, CTR, average position; backlinks before any consolidation"
/subjects/math/calculus/derivatives/what-does-derivative-mean/,https://bettergrades.net/subjects/math/calculus/derivatives/what-does-derivative-mean/,calculus,unit.calculus.2a,textbook-lesson.calc-1-unit-2a-derivative-foundations-techniques-what-does-derivative-mean,textbook-lesson,What Does the Word Derivative Mean in Calculus? | Unit 2A | Better Grades,What Does the Word Derivative Mean in Calculus?,what does the word derivative mean in calculus,what does the word derivative mean in calculus | What Does the Word Derivative Mean in Calculus? | Orientation and prerequisites | Derivative Foundations and Techniques | lesson | Unit 2A | Unit 2A: Derivative Foundations and Differentiation Techniques | derivative,,,UNAVAILABLE,UNAVAILABLE,UNAVAILABLE,UNAVAILABLE,UNAVAILABLE,KEEP,Unique rendered H1/primary query retained; monitor in Search Console.,/subjects/math/calculus/derivatives/what-does-derivative-mean/,0,CURRENT,self-canonical=true; sitemap=true; inboundInternalLinks=4,medium / pending search evidence,"GSC top queries, clicks, impressions, CTR, average position; backlinks before any consolidation"
/subjects/math/calculus/derivatives/what-implicit-means/,https://bettergrades.net/subjects/math/calculus/derivatives/what-implicit-means/,calculus,unit.calculus.2a,textbook-lesson.calc-1-unit-2a-derivative-foundations-techniques-what-implicit-means,textbook-lesson,What “Implicit” Means and Why It Matters | Unit 2A | Better Grades,What “Implicit” Means and Why It Matters,what “implicit” means and why it matters,"what “implicit” means and why it matters | What “Implicit” Means and Why It Matters | Implicit, inverse, and logarithmic differentiation | Derivative Foundations and Techniques | lesson | Unit 2A | Unit 2A: Derivative Foundations and Differentiation Techniques | derivative",,,UNAVAILABLE,UNAVAILABLE,UNAVAILABLE,UNAVAILABLE,UNAVAILABLE,KEEP,Unique rendered H1/primary query retained; monitor in Search Console.,/subjects/math/calculus/derivatives/what-implicit-means/,0,CURRENT,self-canonical=true; sitemap=true; inboundInternalLinks=4,medium / pending search evidence,"GSC top queries, clicks, impressions, CTR, average position; backlinks before any consolidation"
/subjects/math/calculus/derivatives/why-derivative-rules-work/,https://bettergrades.net/subjects/math/calculus/derivatives/why-derivative-rules-work/,calculus,unit.calculus.2a,textbook-lesson.calc-1-unit-2a-derivative-foundations-techniques-why-derivative-rules-work,textbook-lesson,"Derivative Rules Are Shortcuts, Not New Definitions | Unit 2A | Better Grades","Derivative Rules Are Shortcuts, Not New Definitions","derivative rules are shortcuts, not new definitions","derivative rules are shortcuts, not new definitions | Derivative Rules Are Shortcuts, Not New Definitions | Core differentiation rules | Derivative Foundations and Techniques | lesson | Unit 2A | Unit 2A: Derivative Foundations and Differentiation Techniques | derivative",,,UNAVAILABLE,UNAVAILABLE,UNAVAILABLE,UNAVAILABLE,UNAVAILABLE,KEEP,Unique rendered H1/primary query retained; monitor in Search Console.,/subjects/math/calculus/derivatives/why-derivative-rules-work/,0,CURRENT,self-canonical=true; sitemap=true; inboundInternalLinks=4,medium / pending search evidence,"GSC top queries, clicks, impressions, CTR, average position; backlinks before any consolidation"
/subjects/math/calculus/derivatives/why-derivatives-matter/,https://bettergrades.net/subjects/math/calculus/derivatives/why-derivatives-matter/,calculus,unit.calculus.2a,textbook-lesson.calc-1-unit-2a-derivative-foundations-techniques-why-derivatives-matter,textbook-lesson,Why Derivatives Matter | Unit 2A | Better Grades,Why Derivatives Matter,why derivatives matter,why derivatives matter | Why Derivatives Matter | Derivative meaning and foundations | Derivative Foundations and Techniques | lesson | Unit 2A | Unit 2A: Derivative Foundations and Differentiation Techniques | derivative,,,UNAVAILABLE,UNAVAILABLE,UNAVAILABLE,UNAVAILABLE,UNAVAILABLE,KEEP,Unique rendered H1/primary query retained; monitor in Search Console.,/subjects/math/calculus/derivatives/why-derivatives-matter/,0,CURRENT,self-canonical=true; sitemap=true; inboundInternalLinks=5,medium / pending search evidence,"GSC top queries, clicks, impressions, CTR, average position; backlinks before any consolidation"
/subjects/math/calculus/derivatives/why-special-derivatives-are-not-random/,https://bettergrades.net/subjects/math/calculus/derivatives/why-special-derivatives-are-not-random/,calculus,unit.calculus.2a,textbook-lesson.calc-1-unit-2a-derivative-foundations-techniques-why-special-derivatives-are-not-random,textbook-lesson,Why Special-Function Derivatives Are Not Random | Unit 2A | Better Grades,Why Special-Function Derivatives Are Not Random,why special-function derivatives are not random,"why special-function derivatives are not random | Why Special-Function Derivatives Are Not Random | Trigonometric, exponential, and logarithmic functions | Derivative Foundations and Techniques | lesson | Unit 2A | Unit 2A: Derivative Foundations and Differentiation Techniques | derivative",,,UNAVAILABLE,UNAVAILABLE,UNAVAILABLE,UNAVAILABLE,UNAVAILABLE,KEEP,Unique rendered H1/primary query retained; monitor in Search Console.,/subjects/math/calculus/derivatives/why-special-derivatives-are-not-random/,0,CURRENT,self-canonical=true; sitemap=true; inboundInternalLinks=4,medium / pending search evidence,"GSC top queries, clicks, impressions, CTR, average position; backlinks before any consolidation"
/subjects/math/calculus/formula-sheets/,https://bettergrades.net/subjects/math/calculus/formula-sheets/,calculus,,,resource-hub,Calculus Formula Sheets and Reference Guides | Better Grades,Calculus Formula Sheets and Reference Guides,calculus formula sheets and reference guides,formula sheets,,,UNAVAILABLE,UNAVAILABLE,UNAVAILABLE,UNAVAILABLE,UNAVAILABLE,KEEP,Unique rendered H1/primary query retained; monitor in Search Console.,/subjects/math/calculus/formula-sheets/,0,CURRENT,self-canonical=true; sitemap=true; inboundInternalLinks=974,medium / pending search evidence,"GSC top queries, clicks, impressions, CTR, average position; backlinks before any consolidation"
/subjects/math/calculus/formula-sheets/derivative-rules/,https://bettergrades.net/subjects/math/calculus/formula-sheets/derivative-rules/,calculus,,,formula-sheet,Derivative Rules Formula Sheet and Printable PDF | Better Grades,Derivative Rules Formula Sheet and Printable PDF,derivative rules formula sheet and printable pdf,derivative rules formula sheet | calculus derivative formulas | selecting derivative rules | differentiating standard functions | derivatives | rules | Calculus I | Unit 2A,,,UNAVAILABLE,UNAVAILABLE,UNAVAILABLE,UNAVAILABLE,UNAVAILABLE,KEEP,Unique rendered H1/primary query retained; monitor in Search Console.,/subjects/math/calculus/formula-sheets/derivative-rules/,0,CURRENT,self-canonical=true; sitemap=true; inboundInternalLinks=21,medium / pending search evidence,"GSC top queries, clicks, impressions, CTR, average position; backlinks before any consolidation"
/subjects/math/calculus/integrals/,https://bettergrades.net/subjects/math/calculus/integrals/,calculus,unit.calculus.3a,,unit-hub,Unit 3A: Integral Foundations and Techniques | Better Grades,Unit 3A: Integral Foundations and Techniques,unit 3a: integral foundations and techniques,integral calculus foundations and techniques | Unit 3A: Integral Foundations and Techniques | Orientation and integral roadmap | Integral Foundations and Techniques | hub | Unit 3A | integral | calculus,,,UNAVAILABLE,UNAVAILABLE,UNAVAILABLE,UNAVAILABLE,UNAVAILABLE,KEEP,Unique rendered H1/primary query retained; monitor in Search Console.,/subjects/math/calculus/integrals/,0,CURRENT,self-canonical=true; sitemap=true; inboundInternalLinks=45,medium / pending search evidence,"GSC top queries, clicks, impressions, CTR, average position; backlinks before any consolidation"
/subjects/math/calculus/integrals/accumulation-functions/,https://bettergrades.net/subjects/math/calculus/integrals/accumulation-functions/,calculus,unit.calculus.3a,textbook-lesson.subjects-math-calculus-integrals-accumulation-functions,textbook-lesson,Accumulation Functions | Unit 3A | Better Grades,Accumulation Functions,accumulation functions,accumulation function integral | Accumulation Functions | The Fundamental Theorem of Calculus | Integral Foundations and Techniques | lesson | Unit 3A | Unit 3A: Integral Foundations and Techniques | integral,,,UNAVAILABLE,UNAVAILABLE,UNAVAILABLE,UNAVAILABLE,UNAVAILABLE,KEEP,Unique rendered H1/primary query retained; monitor in Search Console.,/subjects/math/calculus/integrals/accumulation-functions/,0,CURRENT,self-canonical=true; sitemap=true; inboundInternalLinks=6,medium / pending search evidence,"GSC top queries, clicks, impressions, CTR, average position; backlinks before any consolidation"
/subjects/math/calculus/integrals/antiderivatives/,https://bettergrades.net/subjects/math/calculus/integrals/antiderivatives/,calculus,unit.calculus.3a,textbook-lesson.subjects-math-calculus-integrals-antiderivatives,textbook-lesson,Antiderivatives: Reversing a Derivative | Unit 3A | Better Grades,Antiderivatives: Reversing a Derivative,antiderivatives: reversing a derivative,what is an antiderivative | Antiderivatives: Reversing a Derivative | Antiderivatives and accumulated change | Integral Foundations and Techniques | lesson | Unit 3A | Unit 3A: Integral Foundations and Techniques | integral,,,UNAVAILABLE,UNAVAILABLE,UNAVAILABLE,UNAVAILABLE,UNAVAILABLE,KEEP,Unique rendered H1/primary query retained; monitor in Search Console.,/subjects/math/calculus/integrals/antiderivatives/,0,CURRENT,self-canonical=true; sitemap=true; inboundInternalLinks=5,medium / pending search evidence,"GSC top queries, clicks, impressions, CTR, average position; backlinks before any consolidation"
/subjects/math/calculus/integrals/average-value-of-a-function/,https://bettergrades.net/subjects/math/calculus/integrals/average-value-of-a-function/,calculus,unit.calculus.3a,textbook-lesson.subjects-math-calculus-integrals-average-value-of-a-function,textbook-lesson,Average Value of a Function | Unit 3A | Better Grades,Average Value of a Function,average value of a function,average value of a function integral | Average Value of a Function | Riemann sums and the definite integral | Integral Foundations and Techniques | lesson | Unit 3A | Unit 3A: Integral Foundations and Techniques | integral,,,UNAVAILABLE,UNAVAILABLE,UNAVAILABLE,UNAVAILABLE,UNAVAILABLE,KEEP,Unique rendered H1/primary query retained; monitor in Search Console.,/subjects/math/calculus/integrals/average-value-of-a-function/,0,CURRENT,self-canonical=true; sitemap=true; inboundInternalLinks=4,medium / pending search evidence,"GSC top queries, clicks, impressions, CTR, average position; backlinks before any consolidation"
/subjects/math/calculus/integrals/basic-antiderivative-rules/,https://bettergrades.net/subjects/math/calculus/integrals/basic-antiderivative-rules/,calculus,unit.calculus.3a,textbook-lesson.subjects-math-calculus-integrals-basic-antiderivative-rules,textbook-lesson,Basic Antiderivative Rules | Unit 3A | Better Grades,Basic Antiderivative Rules,basic antiderivative rules,basic integration formulas | Basic Antiderivative Rules | Computing integrals | Integral Foundations and Techniques | lesson | Unit 3A | Unit 3A: Integral Foundations and Techniques | integral,,,UNAVAILABLE,UNAVAILABLE,UNAVAILABLE,UNAVAILABLE,UNAVAILABLE,KEEP,Unique rendered H1/primary query retained; monitor in Search Console.,/subjects/math/calculus/integrals/basic-antiderivative-rules/,0,CURRENT,self-canonical=true; sitemap=true; inboundInternalLinks=6,medium / pending search evidence,"GSC top queries, clicks, impressions, CTR, average position; backlinks before any consolidation"
/subjects/math/calculus/integrals/common-errors/,https://bettergrades.net/subjects/math/calculus/integrals/common-errors/,calculus,unit.calculus.3a,textbook-lesson.subjects-math-calculus-integrals-common-errors,textbook-lesson,Common Integral Errors and How to Repair Them | Unit 3A | Better Grades,Common Integral Errors and How to Repair Them,common integral errors and how to repair them,"common integration mistakes | Common Integral Errors and How to Repair Them | Review, practice, exams, and answer keys | Integral Foundations and Techniques | review | Unit 3A | Unit 3A: Integral Foundations and Techniques | integral",,,UNAVAILABLE,UNAVAILABLE,UNAVAILABLE,UNAVAILABLE,UNAVAILABLE,KEEP,Unique rendered H1/primary query retained; monitor in Search Console.,/subjects/math/calculus/integrals/common-errors/,0,CURRENT,self-canonical=true; sitemap=true; inboundInternalLinks=4,medium / pending search evidence,"GSC top queries, clicks, impressions, CTR, average position; backlinks before any consolidation"
/subjects/math/calculus/integrals/cumulative-practice/,https://bettergrades.net/subjects/math/calculus/integrals/cumulative-practice/,calculus,unit.calculus.3a,textbook-lesson.subjects-math-calculus-integrals-cumulative-practice,textbook-lesson,Unit 3A Cumulative Practice | Better Grades,Unit 3A Cumulative Practice,unit 3a cumulative practice,"integral calculus practice problems | Unit 3A Cumulative Practice | Review, practice, exams, and answer keys | Integral Foundations and Techniques | practice | Unit 3A | Unit 3A: Integral Foundations and Techniques | integral",,,UNAVAILABLE,UNAVAILABLE,UNAVAILABLE,UNAVAILABLE,UNAVAILABLE,KEEP,Unique rendered H1/primary query retained; monitor in Search Console.,/subjects/math/calculus/integrals/cumulative-practice/,0,CURRENT,self-canonical=true; sitemap=true; inboundInternalLinks=4,medium / pending search evidence,"GSC top queries, clicks, impressions, CTR, average position; backlinks before any consolidation"
/subjects/math/calculus/integrals/definite-integral-signed-area/,https://bettergrades.net/subjects/math/calculus/integrals/definite-integral-signed-area/,calculus,unit.calculus.3a,textbook-lesson.subjects-math-calculus-integrals-definite-integral-signed-area,textbook-lesson,The Definite Integral as Signed Area | Unit 3A | Better Grades,The Definite Integral as Signed Area,the definite integral as signed area,definite integral signed area | The Definite Integral as Signed Area | Riemann sums and the definite integral | Integral Foundations and Techniques | lesson | Unit 3A | Unit 3A: Integral Foundations and Techniques | integral,,,UNAVAILABLE,UNAVAILABLE,UNAVAILABLE,UNAVAILABLE,UNAVAILABLE,KEEP,Unique rendered H1/primary query retained; monitor in Search Console.,/subjects/math/calculus/integrals/definite-integral-signed-area/,0,CURRENT,self-canonical=true; sitemap=true; inboundInternalLinks=4,medium / pending search evidence,"GSC top queries, clicks, impressions, CTR, average position; backlinks before any consolidation"
/subjects/math/calculus/integrals/definite-integrals-by-substitution/,https://bettergrades.net/subjects/math/calculus/integrals/definite-integrals-by-substitution/,calculus,unit.calculus.3a,textbook-lesson.subjects-math-calculus-integrals-definite-integrals-by-substitution,textbook-lesson,Definite Integrals by Substitution | Unit 3A | Better Grades,Definite Integrals by Substitution,definite integrals by substitution,u substitution definite integrals | Definite Integrals by Substitution | Computing integrals | Integral Foundations and Techniques | lesson | Unit 3A | Unit 3A: Integral Foundations and Techniques | integral,,,UNAVAILABLE,UNAVAILABLE,UNAVAILABLE,UNAVAILABLE,UNAVAILABLE,KEEP,Unique rendered H1/primary query retained; monitor in Search Console.,/subjects/math/calculus/integrals/definite-integrals-by-substitution/,0,CURRENT,self-canonical=true; sitemap=true; inboundInternalLinks=4,medium / pending search evidence,"GSC top queries, clicks, impressions, CTR, average position; backlinks before any consolidation"
/subjects/math/calculus/integrals/displacement-and-distance/,https://bettergrades.net/subjects/math/calculus/integrals/displacement-and-distance/,calculus,unit.calculus.3a,textbook-lesson.subjects-math-calculus-integrals-displacement-and-distance,textbook-lesson,"Displacement, Distance, and Signed Accumulation | Unit 3A | Better Grades","Displacement, Distance, and Signed Accumulation","displacement, distance, and signed accumulation","displacement versus distance integral | Displacement, Distance, and Signed Accumulation | Antiderivatives and accumulated change | Integral Foundations and Techniques | lesson | Unit 3A | Unit 3A: Integral Foundations and Techniques | integral",,,UNAVAILABLE,UNAVAILABLE,UNAVAILABLE,UNAVAILABLE,UNAVAILABLE,KEEP,Unique rendered H1/primary query retained; monitor in Search Console.,/subjects/math/calculus/integrals/displacement-and-distance/,0,CURRENT,self-canonical=true; sitemap=true; inboundInternalLinks=4,medium / pending search evidence,"GSC top queries, clicks, impressions, CTR, average position; backlinks before any consolidation"
/subjects/math/calculus/integrals/fundamental-theorem-part-one/,https://bettergrades.net/subjects/math/calculus/integrals/fundamental-theorem-part-one/,calculus,unit.calculus.3a,textbook-lesson.subjects-math-calculus-integrals-fundamental-theorem-part-one,textbook-lesson,"Fundamental Theorem of Calculus, Part I | Unit 3A | Better Grades","Fundamental Theorem of Calculus, Part I","fundamental theorem of calculus, part i","Fundamental Theorem of Calculus part 1 | Fundamental Theorem of Calculus, Part I | The Fundamental Theorem of Calculus | Integral Foundations and Techniques | lesson | Unit 3A | Unit 3A: Integral Foundations and Techniques | integral",,,UNAVAILABLE,UNAVAILABLE,UNAVAILABLE,UNAVAILABLE,UNAVAILABLE,KEEP,Unique rendered H1/primary query retained; monitor in Search Console.,/subjects/math/calculus/integrals/fundamental-theorem-part-one/,0,CURRENT,self-canonical=true; sitemap=true; inboundInternalLinks=4,medium / pending search evidence,"GSC top queries, clicks, impressions, CTR, average position; backlinks before any consolidation"
/subjects/math/calculus/integrals/fundamental-theorem-part-two/,https://bettergrades.net/subjects/math/calculus/integrals/fundamental-theorem-part-two/,calculus,unit.calculus.3a,textbook-lesson.subjects-math-calculus-integrals-fundamental-theorem-part-two,textbook-lesson,"Fundamental Theorem of Calculus, Part II | Unit 3A | Better Grades","Fundamental Theorem of Calculus, Part II","fundamental theorem of calculus, part ii","Fundamental Theorem of Calculus part 2 | Fundamental Theorem of Calculus, Part II | The Fundamental Theorem of Calculus | Integral Foundations and Techniques | lesson | Unit 3A | Unit 3A: Integral Foundations and Techniques | integral",,,UNAVAILABLE,UNAVAILABLE,UNAVAILABLE,UNAVAILABLE,UNAVAILABLE,KEEP,Unique rendered H1/primary query retained; monitor in Search Console.,/subjects/math/calculus/integrals/fundamental-theorem-part-two/,0,CURRENT,self-canonical=true; sitemap=true; inboundInternalLinks=4,medium / pending search evidence,"GSC top queries, clicks, impressions, CTR, average position; backlinks before any consolidation"
/subjects/math/calculus/integrals/improper-integrals-infinite-intervals/,https://bettergrades.net/subjects/math/calculus/integrals/improper-integrals-infinite-intervals/,calculus,unit.calculus.3a,textbook-lesson.subjects-math-calculus-integrals-improper-integrals-infinite-intervals,textbook-lesson,Improper Integrals over Infinite Intervals | Unit 3A | Better Grades,Improper Integrals over Infinite Intervals,improper integrals over infinite intervals,improper integrals infinite intervals | Improper Integrals over Infinite Intervals | Numerical and improper integration | Integral Foundations and Techniques | lesson | Unit 3A | Unit 3A: Integral Foundations and Techniques | integral,,,UNAVAILABLE,UNAVAILABLE,UNAVAILABLE,UNAVAILABLE,UNAVAILABLE,KEEP,Unique rendered H1/primary query retained; monitor in Search Console.,/subjects/math/calculus/integrals/improper-integrals-infinite-intervals/,0,CURRENT,self-canonical=true; sitemap=true; inboundInternalLinks=4,medium / pending search evidence,"GSC top queries, clicks, impressions, CTR, average position; backlinks before any consolidation"
/subjects/math/calculus/integrals/improper-integrals-unbounded-functions/,https://bettergrades.net/subjects/math/calculus/integrals/improper-integrals-unbounded-functions/,calculus,unit.calculus.3a,textbook-lesson.subjects-math-calculus-integrals-improper-integrals-unbounded-functions,textbook-lesson,Improper Integrals with Unbounded Integrands | Unit 3A | Better Grades,Improper Integrals with Unbounded Integrands,improper integrals with unbounded integrands,improper integrals vertical asymptotes | Improper Integrals with Unbounded Integrands | Numerical and improper integration | Integral Foundations and Techniques | lesson | Unit 3A | Unit 3A: Integral Foundations and Techniques | integral,,,UNAVAILABLE,UNAVAILABLE,UNAVAILABLE,UNAVAILABLE,UNAVAILABLE,KEEP,Unique rendered H1/primary query retained; monitor in Search Console.,/subjects/math/calculus/integrals/improper-integrals-unbounded-functions/,0,CURRENT,self-canonical=true; sitemap=true; inboundInternalLinks=4,medium / pending search evidence,"GSC top queries, clicks, impressions, CTR, average position; backlinks before any consolidation"
/subjects/math/calculus/integrals/indefinite-integrals-and-c/,https://bettergrades.net/subjects/math/calculus/integrals/indefinite-integrals-and-c/,calculus,unit.calculus.3a,textbook-lesson.subjects-math-calculus-integrals-indefinite-integrals-and-c,textbook-lesson,Indefinite Integrals and the Constant of Integration | Unit 3A | Better Grades,Indefinite Integrals and the Constant of Integration,indefinite integrals and the constant of integration,indefinite integral plus c | Indefinite Integrals and the Constant of Integration | Antiderivatives and accumulated change | Integral Foundations and Techniques | lesson | Unit 3A | Unit 3A: Integral Foundations and Techniques | integral,,,UNAVAILABLE,UNAVAILABLE,UNAVAILABLE,UNAVAILABLE,UNAVAILABLE,KEEP,Unique rendered H1/primary query retained; monitor in Search Console.,/subjects/math/calculus/integrals/indefinite-integrals-and-c/,0,CURRENT,self-canonical=true; sitemap=true; inboundInternalLinks=4,medium / pending search evidence,"GSC top queries, clicks, impressions, CTR, average position; backlinks before any consolidation"
/subjects/math/calculus/integrals/initial-value-problems/,https://bettergrades.net/subjects/math/calculus/integrals/initial-value-problems/,calculus,unit.calculus.3a,textbook-lesson.subjects-math-calculus-integrals-initial-value-problems,textbook-lesson,Initial-Value Problems and Recovering a Function | Unit 3A | Better Grades,Initial-Value Problems and Recovering a Function,initial-value problems and recovering a function,initial value problems antiderivatives | Initial-Value Problems and Recovering a Function | Antiderivatives and accumulated change | Integral Foundations and Techniques | lesson | Unit 3A | Unit 3A: Integral Foundations and Techniques | integral,,,UNAVAILABLE,UNAVAILABLE,UNAVAILABLE,UNAVAILABLE,UNAVAILABLE,KEEP,Unique rendered H1/primary query retained; monitor in Search Console.,/subjects/math/calculus/integrals/initial-value-problems/,0,CURRENT,self-canonical=true; sitemap=true; inboundInternalLinks=4,medium / pending search evidence,"GSC top queries, clicks, impressions, CTR, average position; backlinks before any consolidation"
/subjects/math/calculus/integrals/integration-by-parts/,https://bettergrades.net/subjects/math/calculus/integrals/integration-by-parts/,calculus,unit.calculus.3a,textbook-lesson.subjects-math-calculus-integrals-integration-by-parts,textbook-lesson,Integration by Parts | Unit 3A | Better Grades,Integration by Parts,complete Integration by Parts — Unit 3A lesson,integration by parts | Integration by Parts | Computing integrals | Integral Foundations and Techniques | lesson | Unit 3A | Unit 3A: Integral Foundations and Techniques | integral,/learn/calculus/integration-by-parts/,when to use integration by parts,UNAVAILABLE,UNAVAILABLE,UNAVAILABLE,UNAVAILABLE,UNAVAILABLE,KEEP,Distinct intent versus /learn/calculus/integration-by-parts/; URL preservation is safer without GSC/backlink evidence.,/subjects/math/calculus/integrals/integration-by-parts/,11,IMPLEMENTED_OR_CONFIRMED,self-canonical=true; sitemap=true; inboundInternalLinks=10,high editorial / pending search evidence,"GSC top queries, clicks, impressions, CTR, average position; backlinks before any consolidation"
/subjects/math/calculus/integrals/integration-strategy/,https://bettergrades.net/subjects/math/calculus/integrals/integration-strategy/,calculus,unit.calculus.3a,textbook-lesson.subjects-math-calculus-integrals-integration-strategy,textbook-lesson,Choosing an Integration Strategy | Unit 3A | Better Grades,Choosing an Integration Strategy,choosing an integration strategy,integration strategy | Choosing an Integration Strategy | Computing integrals | Integral Foundations and Techniques | lesson | Unit 3A | Unit 3A: Integral Foundations and Techniques | integral,,,UNAVAILABLE,UNAVAILABLE,UNAVAILABLE,UNAVAILABLE,UNAVAILABLE,KEEP,Unique rendered H1/primary query retained; monitor in Search Console.,/subjects/math/calculus/integrals/integration-strategy/,0,CURRENT,self-canonical=true; sitemap=true; inboundInternalLinks=4,medium / pending search evidence,"GSC top queries, clicks, impressions, CTR, average position; backlinks before any consolidation"
/subjects/math/calculus/integrals/left-right-midpoint-riemann-sums/,https://bettergrades.net/subjects/math/calculus/integrals/left-right-midpoint-riemann-sums/,calculus,unit.calculus.3a,textbook-lesson.subjects-math-calculus-integrals-left-right-midpoint-riemann-sums,textbook-lesson,"Left, Right, and Midpoint Riemann Sums | Unit 3A | Better Grades","Left, Right, and Midpoint Riemann Sums","left, right, and midpoint riemann sums","left right midpoint Riemann sums | Left, Right, and Midpoint Riemann Sums | Riemann sums and the definite integral | Integral Foundations and Techniques | lesson | Unit 3A | Unit 3A: Integral Foundations and Techniques | integral",,,UNAVAILABLE,UNAVAILABLE,UNAVAILABLE,UNAVAILABLE,UNAVAILABLE,KEEP,Unique rendered H1/primary query retained; monitor in Search Console.,/subjects/math/calculus/integrals/left-right-midpoint-riemann-sums/,0,CURRENT,self-canonical=true; sitemap=true; inboundInternalLinks=4,medium / pending search evidence,"GSC top queries, clicks, impressions, CTR, average position; backlinks before any consolidation"
/subjects/math/calculus/integrals/net-change-theorem/,https://bettergrades.net/subjects/math/calculus/integrals/net-change-theorem/,calculus,unit.calculus.3a,textbook-lesson.subjects-math-calculus-integrals-net-change-theorem,textbook-lesson,The Net Change Theorem | Unit 3A | Better Grades,The Net Change Theorem,the net change theorem,net change theorem integral | The Net Change Theorem | The Fundamental Theorem of Calculus | Integral Foundations and Techniques | lesson | Unit 3A | Unit 3A: Integral Foundations and Techniques | integral,,,UNAVAILABLE,UNAVAILABLE,UNAVAILABLE,UNAVAILABLE,UNAVAILABLE,KEEP,Unique rendered H1/primary query retained; monitor in Search Console.,/subjects/math/calculus/integrals/net-change-theorem/,0,CURRENT,self-canonical=true; sitemap=true; inboundInternalLinks=4,medium / pending search evidence,"GSC top queries, clicks, impressions, CTR, average position; backlinks before any consolidation"
/subjects/math/calculus/integrals/numerical-integration/,https://bettergrades.net/subjects/math/calculus/integrals/numerical-integration/,calculus,unit.calculus.3a,textbook-lesson.subjects-math-calculus-integrals-numerical-integration,textbook-lesson,Midpoint and Trapezoidal Rules | Unit 3A | Better Grades,Midpoint and Trapezoidal Rules,midpoint and trapezoidal rules,trapezoidal midpoint rule integration | Midpoint and Trapezoidal Rules | Numerical and improper integration | Integral Foundations and Techniques | lesson | Unit 3A | Unit 3A: Integral Foundations and Techniques | integral,,,UNAVAILABLE,UNAVAILABLE,UNAVAILABLE,UNAVAILABLE,UNAVAILABLE,KEEP,Unique rendered H1/primary query retained; monitor in Search Console.,/subjects/math/calculus/integrals/numerical-integration/,0,CURRENT,self-canonical=true; sitemap=true; inboundInternalLinks=6,medium / pending search evidence,"GSC top queries, clicks, impressions, CTR, average position; backlinks before any consolidation"
/subjects/math/calculus/integrals/partial-fractions/,https://bettergrades.net/subjects/math/calculus/integrals/partial-fractions/,calculus,unit.calculus.3a,textbook-lesson.subjects-math-calculus-integrals-partial-fractions,textbook-lesson,Partial Fractions | Unit 3A | Better Grades,Partial Fractions,partial fractions,partial fractions integration | Partial Fractions | Computing integrals | Integral Foundations and Techniques | lesson | Unit 3A | Unit 3A: Integral Foundations and Techniques | integral,,,UNAVAILABLE,UNAVAILABLE,UNAVAILABLE,UNAVAILABLE,UNAVAILABLE,KEEP,Unique rendered H1/primary query retained; monitor in Search Console.,/subjects/math/calculus/integrals/partial-fractions/,0,CURRENT,self-canonical=true; sitemap=true; inboundInternalLinks=5,medium / pending search evidence,"GSC top queries, clicks, impressions, CTR, average position; backlinks before any consolidation"
/subjects/math/calculus/integrals/partitions-and-sigma-notation/,https://bettergrades.net/subjects/math/calculus/integrals/partitions-and-sigma-notation/,calculus,unit.calculus.3a,textbook-lesson.subjects-math-calculus-integrals-partitions-and-sigma-notation,textbook-lesson,Partitions and Sigma Notation | Unit 3A | Better Grades,Partitions and Sigma Notation,partitions and sigma notation,partitions sigma notation calculus | Partitions and Sigma Notation | Riemann sums and the definite integral | Integral Foundations and Techniques | lesson | Unit 3A | Unit 3A: Integral Foundations and Techniques | integral,,,UNAVAILABLE,UNAVAILABLE,UNAVAILABLE,UNAVAILABLE,UNAVAILABLE,KEEP,Unique rendered H1/primary query retained; monitor in Search Console.,/subjects/math/calculus/integrals/partitions-and-sigma-notation/,0,CURRENT,self-canonical=true; sitemap=true; inboundInternalLinks=6,medium / pending search evidence,"GSC top queries, clicks, impressions, CTR, average position; backlinks before any consolidation"
/subjects/math/calculus/integrals/practice-exam-a-answer-key/,https://bettergrades.net/subjects/math/calculus/integrals/practice-exam-a-answer-key/,calculus,unit.calculus.3a,textbook-lesson.subjects-math-calculus-integrals-practice-exam-a-answer-key,textbook-lesson,Unit 3A Practice Exam A Answer Key | Better Grades,Unit 3A Practice Exam A Answer Key,unit 3a practice exam a answer key,"unit 3a practice exam a answers | Unit 3A Practice Exam A Answer Key | Review, practice, exams, and answer keys | Integral Foundations and Techniques | answer-key | Unit 3A | Unit 3A: Integral Foundations and Techniques | integral",,,UNAVAILABLE,UNAVAILABLE,UNAVAILABLE,UNAVAILABLE,UNAVAILABLE,KEEP,Unique rendered H1/primary query retained; monitor in Search Console.,/subjects/math/calculus/integrals/practice-exam-a-answer-key/,0,CURRENT,self-canonical=true; sitemap=true; inboundInternalLinks=4,medium / pending search evidence,"GSC top queries, clicks, impressions, CTR, average position; backlinks before any consolidation"
/subjects/math/calculus/integrals/practice-exam-a/,https://bettergrades.net/subjects/math/calculus/integrals/practice-exam-a/,calculus,unit.calculus.3a,textbook-lesson.subjects-math-calculus-integrals-practice-exam-a,textbook-lesson,Unit 3A Practice Exam A | Better Grades,Unit 3A Practice Exam A,unit 3a practice exam a,"integral calculus practice exam a | Unit 3A Practice Exam A | Review, practice, exams, and answer keys | Integral Foundations and Techniques | exam | Unit 3A | Unit 3A: Integral Foundations and Techniques | integral",,,UNAVAILABLE,UNAVAILABLE,UNAVAILABLE,UNAVAILABLE,UNAVAILABLE,KEEP,Unique rendered H1/primary query retained; monitor in Search Console.,/subjects/math/calculus/integrals/practice-exam-a/,0,CURRENT,self-canonical=true; sitemap=true; inboundInternalLinks=4,medium / pending search evidence,"GSC top queries, clicks, impressions, CTR, average position; backlinks before any consolidation"
/subjects/math/calculus/integrals/practice-exam-b-answer-key/,https://bettergrades.net/subjects/math/calculus/integrals/practice-exam-b-answer-key/,calculus,unit.calculus.3a,textbook-lesson.subjects-math-calculus-integrals-practice-exam-b-answer-key,textbook-lesson,Unit 3A Practice Exam B Answer Key | Better Grades,Unit 3A Practice Exam B Answer Key,unit 3a practice exam b answer key,"unit 3a practice exam b answers | Unit 3A Practice Exam B Answer Key | Review, practice, exams, and answer keys | Integral Foundations and Techniques | answer-key | Unit 3A | Unit 3A: Integral Foundations and Techniques | integral",,,UNAVAILABLE,UNAVAILABLE,UNAVAILABLE,UNAVAILABLE,UNAVAILABLE,KEEP,Unique rendered H1/primary query retained; monitor in Search Console.,/subjects/math/calculus/integrals/practice-exam-b-answer-key/,0,CURRENT,self-canonical=true; sitemap=true; inboundInternalLinks=3,medium / pending search evidence,"GSC top queries, clicks, impressions, CTR, average position; backlinks before any consolidation"
/subjects/math/calculus/integrals/practice-exam-b/,https://bettergrades.net/subjects/math/calculus/integrals/practice-exam-b/,calculus,unit.calculus.3a,textbook-lesson.subjects-math-calculus-integrals-practice-exam-b,textbook-lesson,Unit 3A Practice Exam B | Better Grades,Unit 3A Practice Exam B,unit 3a practice exam b,"integral calculus practice exam b | Unit 3A Practice Exam B | Review, practice, exams, and answer keys | Integral Foundations and Techniques | exam | Unit 3A | Unit 3A: Integral Foundations and Techniques | integral",,,UNAVAILABLE,UNAVAILABLE,UNAVAILABLE,UNAVAILABLE,UNAVAILABLE,KEEP,Unique rendered H1/primary query retained; monitor in Search Console.,/subjects/math/calculus/integrals/practice-exam-b/,0,CURRENT,self-canonical=true; sitemap=true; inboundInternalLinks=4,medium / pending search evidence,"GSC top queries, clicks, impressions, CTR, average position; backlinks before any consolidation"
/subjects/math/calculus/integrals/properties-of-definite-integrals/,https://bettergrades.net/subjects/math/calculus/integrals/properties-of-definite-integrals/,calculus,unit.calculus.3a,textbook-lesson.subjects-math-calculus-integrals-properties-of-definite-integrals,textbook-lesson,Properties and Orientation of Definite Integrals | Unit 3A | Better Grades,Properties and Orientation of Definite Integrals,properties and orientation of definite integrals,properties of definite integrals | Properties and Orientation of Definite Integrals | Riemann sums and the definite integral | Integral Foundations and Techniques | lesson | Unit 3A | Unit 3A: Integral Foundations and Techniques | integral,,,UNAVAILABLE,UNAVAILABLE,UNAVAILABLE,UNAVAILABLE,UNAVAILABLE,KEEP,Unique rendered H1/primary query retained; monitor in Search Console.,/subjects/math/calculus/integrals/properties-of-definite-integrals/,0,CURRENT,self-canonical=true; sitemap=true; inboundInternalLinks=4,medium / pending search evidence,"GSC top queries, clicks, impressions, CTR, average position; backlinks before any consolidation"
/subjects/math/calculus/integrals/rates-to-total-change/,https://bettergrades.net/subjects/math/calculus/integrals/rates-to-total-change/,calculus,unit.calculus.3a,textbook-lesson.subjects-math-calculus-integrals-rates-to-total-change,textbook-lesson,From a Rate to Total Change | Unit 3A | Better Grades,From a Rate to Total Change,from a rate to total change,integral of a rate total change | From a Rate to Total Change | Antiderivatives and accumulated change | Integral Foundations and Techniques | lesson | Unit 3A | Unit 3A: Integral Foundations and Techniques | integral,,,UNAVAILABLE,UNAVAILABLE,UNAVAILABLE,UNAVAILABLE,UNAVAILABLE,KEEP,Unique rendered H1/primary query retained; monitor in Search Console.,/subjects/math/calculus/integrals/rates-to-total-change/,0,CURRENT,self-canonical=true; sitemap=true; inboundInternalLinks=4,medium / pending search evidence,"GSC top queries, clicks, impressions, CTR, average position; backlinks before any consolidation"
/subjects/math/calculus/integrals/review/,https://bettergrades.net/subjects/math/calculus/integrals/review/,calculus,unit.calculus.3a,textbook-lesson.subjects-math-calculus-integrals-review,textbook-lesson,Unit 3A Review: Integral Foundations and Techniques | Better Grades,Unit 3A Review: Integral Foundations and Techniques,unit 3a review: integral foundations and techniques,"integral calculus review | Unit 3A Review: Integral Foundations and Techniques | Review, practice, exams, and answer keys | Integral Foundations and Techniques | review | Unit 3A | Unit 3A: Integral Foundations and Techniques | integral",,,UNAVAILABLE,UNAVAILABLE,UNAVAILABLE,UNAVAILABLE,UNAVAILABLE,KEEP,Unique rendered H1/primary query retained; monitor in Search Console.,/subjects/math/calculus/integrals/review/,0,CURRENT,self-canonical=true; sitemap=true; inboundInternalLinks=6,medium / pending search evidence,"GSC top queries, clicks, impressions, CTR, average position; backlinks before any consolidation"
/subjects/math/calculus/integrals/riemann-sum-limit/,https://bettergrades.net/subjects/math/calculus/integrals/riemann-sum-limit/,calculus,unit.calculus.3a,textbook-lesson.subjects-math-calculus-integrals-riemann-sum-limit,textbook-lesson,The Riemann-Sum Definition of the Definite Integral | Unit 3A | Better Grades,The Riemann-Sum Definition of the Definite Integral,the riemann-sum definition of the definite integral,Riemann sum definition definite integral | The Riemann-Sum Definition of the Definite Integral | Riemann sums and the definite integral | Integral Foundations and Techniques | lesson | Unit 3A | Unit 3A: Integral Foundations and Techniques | integral,,,UNAVAILABLE,UNAVAILABLE,UNAVAILABLE,UNAVAILABLE,UNAVAILABLE,KEEP,Unique rendered H1/primary query retained; monitor in Search Console.,/subjects/math/calculus/integrals/riemann-sum-limit/,0,CURRENT,self-canonical=true; sitemap=true; inboundInternalLinks=4,medium / pending search evidence,"GSC top queries, clicks, impressions, CTR, average position; backlinks before any consolidation"
/subjects/math/calculus/integrals/simpsons-rule/,https://bettergrades.net/subjects/math/calculus/integrals/simpsons-rule/,calculus,unit.calculus.3a,textbook-lesson.subjects-math-calculus-integrals-simpsons-rule,textbook-lesson,Simpson’s Rule | Unit 3A | Better Grades,Simpson’s Rule,simpson’s rule,Simpson rule numerical integration | Simpson’s Rule | Numerical and improper integration | Integral Foundations and Techniques | lesson | Unit 3A | Unit 3A: Integral Foundations and Techniques | integral,,,UNAVAILABLE,UNAVAILABLE,UNAVAILABLE,UNAVAILABLE,UNAVAILABLE,KEEP,Unique rendered H1/primary query retained; monitor in Search Console.,/subjects/math/calculus/integrals/simpsons-rule/,0,CURRENT,self-canonical=true; sitemap=true; inboundInternalLinks=4,medium / pending search evidence,"GSC top queries, clicks, impressions, CTR, average position; backlinks before any consolidation"
/subjects/math/calculus/integrals/substitution/,https://bettergrades.net/subjects/math/calculus/integrals/substitution/,calculus,unit.calculus.3a,textbook-lesson.subjects-math-calculus-integrals-substitution,textbook-lesson,Substitution: Reversing the Chain Rule | Unit 3A | Better Grades,Substitution: Reversing the Chain Rule,substitution: reversing the chain rule,u substitution integration | Substitution: Reversing the Chain Rule | Computing integrals | Integral Foundations and Techniques | lesson | Unit 3A | Unit 3A: Integral Foundations and Techniques | integral,,,UNAVAILABLE,UNAVAILABLE,UNAVAILABLE,UNAVAILABLE,UNAVAILABLE,KEEP,Unique rendered H1/primary query retained; monitor in Search Console.,/subjects/math/calculus/integrals/substitution/,0,CURRENT,self-canonical=true; sitemap=true; inboundInternalLinks=4,medium / pending search evidence,"GSC top queries, clicks, impressions, CTR, average position; backlinks before any consolidation"
/subjects/math/calculus/integrals/trigonometric-integrals/,https://bettergrades.net/subjects/math/calculus/integrals/trigonometric-integrals/,calculus,unit.calculus.3a,textbook-lesson.subjects-math-calculus-integrals-trigonometric-integrals,textbook-lesson,Trigonometric Integrals | Unit 3A | Better Grades,Trigonometric Integrals,trigonometric integrals,trigonometric integrals | Trigonometric Integrals | Computing integrals | Integral Foundations and Techniques | lesson | Unit 3A | Unit 3A: Integral Foundations and Techniques | integral,,,UNAVAILABLE,UNAVAILABLE,UNAVAILABLE,UNAVAILABLE,UNAVAILABLE,KEEP,Unique rendered H1/primary query retained; monitor in Search Console.,/subjects/math/calculus/integrals/trigonometric-integrals/,0,CURRENT,self-canonical=true; sitemap=true; inboundInternalLinks=4,medium / pending search evidence,"GSC top queries, clicks, impressions, CTR, average position; backlinks before any consolidation"
/subjects/math/calculus/integrals/trigonometric-substitution/,https://bettergrades.net/subjects/math/calculus/integrals/trigonometric-substitution/,calculus,unit.calculus.3a,textbook-lesson.subjects-math-calculus-integrals-trigonometric-substitution,textbook-lesson,Trigonometric Substitution | Unit 3A | Better Grades,Trigonometric Substitution,trigonometric substitution,trigonometric substitution | Trigonometric Substitution | Computing integrals | Integral Foundations and Techniques | lesson | Unit 3A | Unit 3A: Integral Foundations and Techniques | integral,,,UNAVAILABLE,UNAVAILABLE,UNAVAILABLE,UNAVAILABLE,UNAVAILABLE,KEEP,Unique rendered H1/primary query retained; monitor in Search Console.,/subjects/math/calculus/integrals/trigonometric-substitution/,0,CURRENT,self-canonical=true; sitemap=true; inboundInternalLinks=4,medium / pending search evidence,"GSC top queries, clicks, impressions, CTR, average position; backlinks before any consolidation"
/subjects/math/calculus/integrals/variable-limits-and-chain-rule/,https://bettergrades.net/subjects/math/calculus/integrals/variable-limits-and-chain-rule/,calculus,unit.calculus.3a,textbook-lesson.subjects-math-calculus-integrals-variable-limits-and-chain-rule,textbook-lesson,Variable Limits and the Chain Rule | Unit 3A | Better Grades,Variable Limits and the Chain Rule,variable limits and the chain rule,differentiate integral variable limits chain rule | Variable Limits and the Chain Rule | The Fundamental Theorem of Calculus | Integral Foundations and Techniques | lesson | Unit 3A | Unit 3A: Integral Foundations and Techniques | integral,,,UNAVAILABLE,UNAVAILABLE,UNAVAILABLE,UNAVAILABLE,UNAVAILABLE,KEEP,Unique rendered H1/primary query retained; monitor in Search Console.,/subjects/math/calculus/integrals/variable-limits-and-chain-rule/,0,CURRENT,self-canonical=true; sitemap=true; inboundInternalLinks=4,medium / pending search evidence,"GSC top queries, clicks, impressions, CTR, average position; backlinks before any consolidation"
/subjects/math/calculus/integration-applications/,https://bettergrades.net/subjects/math/calculus/integration-applications/,calculus,unit.calculus.3b,,unit-hub,Unit 3B: Applications of Integration | Better Grades,Unit 3B: Applications of Integration,unit 3b: applications of integration,applications of integration | Unit 3B: Applications of Integration | Orientation and applications roadmap | Applications of Integration | hub | Unit 3B | integral | calculus,,,UNAVAILABLE,UNAVAILABLE,UNAVAILABLE,UNAVAILABLE,UNAVAILABLE,KEEP,Unique rendered H1/primary query retained; monitor in Search Console.,/subjects/math/calculus/integration-applications/,0,CURRENT,self-canonical=true; sitemap=true; inboundInternalLinks=32,medium / pending search evidence,"GSC top queries, clicks, impressions, CTR, average position; backlinks before any consolidation"
/subjects/math/calculus/integration-applications/arc-length/,https://bettergrades.net/subjects/math/calculus/integration-applications/arc-length/,calculus,unit.calculus.3b,textbook-lesson.subjects-math-calculus-integration-applications-arc-length,textbook-lesson,Arc Length | Unit 3B | Better Grades,Arc Length,arc length,"arc length formula calculus | Arc Length | Length, surface, mass, and balance | Applications of Integration | lesson | Unit 3B | Unit 3B: Applications of Integration | integral",,,UNAVAILABLE,UNAVAILABLE,UNAVAILABLE,UNAVAILABLE,UNAVAILABLE,KEEP,Unique rendered H1/primary query retained; monitor in Search Console.,/subjects/math/calculus/integration-applications/arc-length/,0,CURRENT,self-canonical=true; sitemap=true; inboundInternalLinks=9,medium / pending search evidence,"GSC top queries, clicks, impressions, CTR, average position; backlinks before any consolidation"
/subjects/math/calculus/integration-applications/area-between-curves/,https://bettergrades.net/subjects/math/calculus/integration-applications/area-between-curves/,calculus,unit.calculus.3b,textbook-lesson.subjects-math-calculus-integration-applications-area-between-curves,textbook-lesson,Area Between Curves | Unit 3B | Better Grades,Area Between Curves,area between curves,area between curves | Area Between Curves | Area and volume | Applications of Integration | lesson | Unit 3B | Unit 3B: Applications of Integration | integral,,,UNAVAILABLE,UNAVAILABLE,UNAVAILABLE,UNAVAILABLE,UNAVAILABLE,KEEP,Unique rendered H1/primary query retained; monitor in Search Console.,/subjects/math/calculus/integration-applications/area-between-curves/,0,CURRENT,self-canonical=true; sitemap=true; inboundInternalLinks=6,medium / pending search evidence,"GSC top queries, clicks, impressions, CTR, average position; backlinks before any consolidation"
/subjects/math/calculus/integration-applications/average-value-of-a-function/,https://bettergrades.net/subjects/math/calculus/integration-applications/average-value-of-a-function/,calculus,,,concept-explainer,Average value of a function on an interval | Unit 3B | Better Grades,Average value of a function on an interval,average value of a function on an interval,"Applications of Integration | Translate geometry and physical accumulation into integrals with units, bounds, and meaning intact. | average value of a function",,,UNAVAILABLE,UNAVAILABLE,UNAVAILABLE,UNAVAILABLE,UNAVAILABLE,KEEP,Unique rendered H1/primary query retained; monitor in Search Console.,/subjects/math/calculus/integration-applications/average-value-of-a-function/,0,CURRENT,self-canonical=true; sitemap=true; inboundInternalLinks=3,medium / pending search evidence,"GSC top queries, clicks, impressions, CTR, average position; backlinks before any consolidation"
/subjects/math/calculus/integration-applications/choosing-a-volume-method/,https://bettergrades.net/subjects/math/calculus/integration-applications/choosing-a-volume-method/,calculus,unit.calculus.3b,textbook-lesson.subjects-math-calculus-integration-applications-choosing-a-volume-method,textbook-lesson,Choosing a Volume Method | Unit 3B | Better Grades,Choosing a Volume Method,choosing a volume method,disk washer shell method choice | Choosing a Volume Method | Area and volume | Applications of Integration | lesson | Unit 3B | Unit 3B: Applications of Integration | integral,,,UNAVAILABLE,UNAVAILABLE,UNAVAILABLE,UNAVAILABLE,UNAVAILABLE,KEEP,Unique rendered H1/primary query retained; monitor in Search Console.,/subjects/math/calculus/integration-applications/choosing-a-volume-method/,0,CURRENT,self-canonical=true; sitemap=true; inboundInternalLinks=4,medium / pending search evidence,"GSC top queries, clicks, impressions, CTR, average position; backlinks before any consolidation"
/subjects/math/calculus/integration-applications/common-errors/,https://bettergrades.net/subjects/math/calculus/integration-applications/common-errors/,calculus,unit.calculus.3b,textbook-lesson.subjects-math-calculus-integration-applications-common-errors,textbook-lesson,Common Application Errors and How to Repair Them | Unit 3B | Better Grades,Common Application Errors and How to Repair Them,common application errors and how to repair them,"common errors applications of integration | Common Application Errors and How to Repair Them | Review, practice, exams, and answer keys | Applications of Integration | review | Unit 3B | Unit 3B: Applications of Integration | integral",,,UNAVAILABLE,UNAVAILABLE,UNAVAILABLE,UNAVAILABLE,UNAVAILABLE,KEEP,Unique rendered H1/primary query retained; monitor in Search Console.,/subjects/math/calculus/integration-applications/common-errors/,0,CURRENT,self-canonical=true; sitemap=true; inboundInternalLinks=4,medium / pending search evidence,"GSC top queries, clicks, impressions, CTR, average position; backlinks before any consolidation"
/subjects/math/calculus/integration-applications/cumulative-practice/,https://bettergrades.net/subjects/math/calculus/integration-applications/cumulative-practice/,calculus,unit.calculus.3b,textbook-lesson.subjects-math-calculus-integration-applications-cumulative-practice,textbook-lesson,Unit 3B Cumulative Practice | Better Grades,Unit 3B Cumulative Practice,unit 3b cumulative practice,"applications of integration practice | Unit 3B Cumulative Practice | Review, practice, exams, and answer keys | Applications of Integration | practice | Unit 3B | Unit 3B: Applications of Integration | integral",,,UNAVAILABLE,UNAVAILABLE,UNAVAILABLE,UNAVAILABLE,UNAVAILABLE,KEEP,Unique rendered H1/primary query retained; monitor in Search Console.,/subjects/math/calculus/integration-applications/cumulative-practice/,0,CURRENT,self-canonical=true; sitemap=true; inboundInternalLinks=4,medium / pending search evidence,"GSC top queries, clicks, impressions, CTR, average position; backlinks before any consolidation"
/subjects/math/calculus/integration-applications/cylindrical-shells/,https://bettergrades.net/subjects/math/calculus/integration-applications/cylindrical-shells/,calculus,unit.calculus.3b,textbook-lesson.subjects-math-calculus-integration-applications-cylindrical-shells,textbook-lesson,Cylindrical Shells | Unit 3B | Better Grades,Cylindrical Shells,cylindrical shells,cylindrical shell method | Cylindrical Shells | Area and volume | Applications of Integration | lesson | Unit 3B | Unit 3B: Applications of Integration | integral,,,UNAVAILABLE,UNAVAILABLE,UNAVAILABLE,UNAVAILABLE,UNAVAILABLE,KEEP,Unique rendered H1/primary query retained; monitor in Search Console.,/subjects/math/calculus/integration-applications/cylindrical-shells/,0,CURRENT,self-canonical=true; sitemap=true; inboundInternalLinks=4,medium / pending search evidence,"GSC top queries, clicks, impressions, CTR, average position; backlinks before any consolidation"
/subjects/math/calculus/integration-applications/density-and-mass/,https://bettergrades.net/subjects/math/calculus/integration-applications/density-and-mass/,calculus,unit.calculus.3b,textbook-lesson.subjects-math-calculus-integration-applications-density-and-mass,textbook-lesson,Density and Mass | Unit 3B | Better Grades,Density and Mass,density and mass,"mass from density integral | Density and Mass | Length, surface, mass, and balance | Applications of Integration | lesson | Unit 3B | Unit 3B: Applications of Integration | integral",,,UNAVAILABLE,UNAVAILABLE,UNAVAILABLE,UNAVAILABLE,UNAVAILABLE,KEEP,Unique rendered H1/primary query retained; monitor in Search Console.,/subjects/math/calculus/integration-applications/density-and-mass/,0,CURRENT,self-canonical=true; sitemap=true; inboundInternalLinks=4,medium / pending search evidence,"GSC top queries, clicks, impressions, CTR, average position; backlinks before any consolidation"
/subjects/math/calculus/integration-applications/disks-and-washers/,https://bettergrades.net/subjects/math/calculus/integration-applications/disks-and-washers/,calculus,unit.calculus.3b,textbook-lesson.subjects-math-calculus-integration-applications-disks-and-washers,textbook-lesson,Disks and Washers | Unit 3B | Better Grades,Disks and Washers,disks and washers,disk washer method volume | Disks and Washers | Area and volume | Applications of Integration | lesson | Unit 3B | Unit 3B: Applications of Integration | integral,,,UNAVAILABLE,UNAVAILABLE,UNAVAILABLE,UNAVAILABLE,UNAVAILABLE,KEEP,Unique rendered H1/primary query retained; monitor in Search Console.,/subjects/math/calculus/integration-applications/disks-and-washers/,0,CURRENT,self-canonical=true; sitemap=true; inboundInternalLinks=4,medium / pending search evidence,"GSC top queries, clicks, impressions, CTR, average position; backlinks before any consolidation"
/subjects/math/calculus/integration-applications/fluid-pressure/,https://bettergrades.net/subjects/math/calculus/integration-applications/fluid-pressure/,calculus,unit.calculus.3b,textbook-lesson.subjects-math-calculus-integration-applications-fluid-pressure,textbook-lesson,Fluid Pressure and Hydrostatic Force | Unit 3B | Better Grades,Fluid Pressure and Hydrostatic Force,fluid pressure and hydrostatic force,hydrostatic force integral | Fluid Pressure and Hydrostatic Force | Physics and quantitative applications | Applications of Integration | lesson | Unit 3B | Unit 3B: Applications of Integration | integral,,,UNAVAILABLE,UNAVAILABLE,UNAVAILABLE,UNAVAILABLE,UNAVAILABLE,KEEP,Unique rendered H1/primary query retained; monitor in Search Console.,/subjects/math/calculus/integration-applications/fluid-pressure/,0,CURRENT,self-canonical=true; sitemap=true; inboundInternalLinks=4,medium / pending search evidence,"GSC top queries, clicks, impressions, CTR, average position; backlinks before any consolidation"
/subjects/math/calculus/integration-applications/horizontal-slices/,https://bettergrades.net/subjects/math/calculus/integration-applications/horizontal-slices/,calculus,unit.calculus.3b,textbook-lesson.subjects-math-calculus-integration-applications-horizontal-slices,textbook-lesson,Choosing Vertical or Horizontal Slices | Unit 3B | Better Grades,Choosing Vertical or Horizontal Slices,choosing vertical or horizontal slices,vertical versus horizontal slices area | Choosing Vertical or Horizontal Slices | Area and volume | Applications of Integration | lesson | Unit 3B | Unit 3B: Applications of Integration | integral,,,UNAVAILABLE,UNAVAILABLE,UNAVAILABLE,UNAVAILABLE,UNAVAILABLE,KEEP,Unique rendered H1/primary query retained; monitor in Search Console.,/subjects/math/calculus/integration-applications/horizontal-slices/,0,CURRENT,self-canonical=true; sitemap=true; inboundInternalLinks=4,medium / pending search evidence,"GSC top queries, clicks, impressions, CTR, average position; backlinks before any consolidation"
/subjects/math/calculus/integration-applications/marginal-quantities/,https://bettergrades.net/subjects/math/calculus/integration-applications/marginal-quantities/,calculus,unit.calculus.3b,textbook-lesson.subjects-math-calculus-integration-applications-marginal-quantities,textbook-lesson,Recovering Totals from Marginal Quantities | Unit 3B | Better Grades,Recovering Totals from Marginal Quantities,recovering totals from marginal quantities,marginal cost integral total cost | Recovering Totals from Marginal Quantities | Physics and quantitative applications | Applications of Integration | lesson | Unit 3B | Unit 3B: Applications of Integration | integral,,,UNAVAILABLE,UNAVAILABLE,UNAVAILABLE,UNAVAILABLE,UNAVAILABLE,KEEP,Unique rendered H1/primary query retained; monitor in Search Console.,/subjects/math/calculus/integration-applications/marginal-quantities/,0,CURRENT,self-canonical=true; sitemap=true; inboundInternalLinks=4,medium / pending search evidence,"GSC top queries, clicks, impressions, CTR, average position; backlinks before any consolidation"
/subjects/math/calculus/integration-applications/moments-and-center-of-mass/,https://bettergrades.net/subjects/math/calculus/integration-applications/moments-and-center-of-mass/,calculus,unit.calculus.3b,textbook-lesson.subjects-math-calculus-integration-applications-moments-and-center-of-mass,textbook-lesson,Moments and Center of Mass | Unit 3B | Better Grades,Moments and Center of Mass,moments and center of mass,"center of mass integral | Moments and Center of Mass | Length, surface, mass, and balance | Applications of Integration | lesson | Unit 3B | Unit 3B: Applications of Integration | integral",,,UNAVAILABLE,UNAVAILABLE,UNAVAILABLE,UNAVAILABLE,UNAVAILABLE,KEEP,Unique rendered H1/primary query retained; monitor in Search Console.,/subjects/math/calculus/integration-applications/moments-and-center-of-mass/,0,CURRENT,self-canonical=true; sitemap=true; inboundInternalLinks=4,medium / pending search evidence,"GSC top queries, clicks, impressions, CTR, average position; backlinks before any consolidation"
/subjects/math/calculus/integration-applications/physics-application-studio/,https://bettergrades.net/subjects/math/calculus/integration-applications/physics-application-studio/,calculus,unit.calculus.3b,textbook-lesson.subjects-math-calculus-integration-applications-physics-application-studio,textbook-lesson,Physics Application Studio | Unit 3B | Better Grades,Physics Application Studio,physics application studio,integral calculus physics applications | Physics Application Studio | Physics and quantitative applications | Applications of Integration | practice | Unit 3B | Unit 3B: Applications of Integration | integral,,,UNAVAILABLE,UNAVAILABLE,UNAVAILABLE,UNAVAILABLE,UNAVAILABLE,KEEP,Unique rendered H1/primary query retained; monitor in Search Console.,/subjects/math/calculus/integration-applications/physics-application-studio/,0,CURRENT,self-canonical=true; sitemap=true; inboundInternalLinks=4,medium / pending search evidence,"GSC top queries, clicks, impressions, CTR, average position; backlinks before any consolidation"
/subjects/math/calculus/integration-applications/practice-exam-a-answer-key/,https://bettergrades.net/subjects/math/calculus/integration-applications/practice-exam-a-answer-key/,calculus,unit.calculus.3b,textbook-lesson.subjects-math-calculus-integration-applications-practice-exam-a-answer-key,textbook-lesson,Unit 3B Practice Exam A Answer Key | Better Grades,Unit 3B Practice Exam A Answer Key,unit 3b practice exam a answer key,"unit 3b practice exam a answers | Unit 3B Practice Exam A Answer Key | Review, practice, exams, and answer keys | Applications of Integration | answer-key | Unit 3B | Unit 3B: Applications of Integration | integral",,,UNAVAILABLE,UNAVAILABLE,UNAVAILABLE,UNAVAILABLE,UNAVAILABLE,KEEP,Unique rendered H1/primary query retained; monitor in Search Console.,/subjects/math/calculus/integration-applications/practice-exam-a-answer-key/,0,CURRENT,self-canonical=true; sitemap=true; inboundInternalLinks=4,medium / pending search evidence,"GSC top queries, clicks, impressions, CTR, average position; backlinks before any consolidation"
/subjects/math/calculus/integration-applications/practice-exam-a/,https://bettergrades.net/subjects/math/calculus/integration-applications/practice-exam-a/,calculus,unit.calculus.3b,textbook-lesson.subjects-math-calculus-integration-applications-practice-exam-a,textbook-lesson,Unit 3B Practice Exam A | Better Grades,Unit 3B Practice Exam A,unit 3b practice exam a,"applications of integration practice exam a | Unit 3B Practice Exam A | Review, practice, exams, and answer keys | Applications of Integration | exam | Unit 3B | Unit 3B: Applications of Integration | integral",,,UNAVAILABLE,UNAVAILABLE,UNAVAILABLE,UNAVAILABLE,UNAVAILABLE,KEEP,Unique rendered H1/primary query retained; monitor in Search Console.,/subjects/math/calculus/integration-applications/practice-exam-a/,0,CURRENT,self-canonical=true; sitemap=true; inboundInternalLinks=4,medium / pending search evidence,"GSC top queries, clicks, impressions, CTR, average position; backlinks before any consolidation"
/subjects/math/calculus/integration-applications/practice-exam-b-answer-key/,https://bettergrades.net/subjects/math/calculus/integration-applications/practice-exam-b-answer-key/,calculus,unit.calculus.3b,textbook-lesson.subjects-math-calculus-integration-applications-practice-exam-b-answer-key,textbook-lesson,Unit 3B Practice Exam B Answer Key | Better Grades,Unit 3B Practice Exam B Answer Key,unit 3b practice exam b answer key,"unit 3b practice exam b answers | Unit 3B Practice Exam B Answer Key | Review, practice, exams, and answer keys | Applications of Integration | answer-key | Unit 3B | Unit 3B: Applications of Integration | integral",,,UNAVAILABLE,UNAVAILABLE,UNAVAILABLE,UNAVAILABLE,UNAVAILABLE,KEEP,Unique rendered H1/primary query retained; monitor in Search Console.,/subjects/math/calculus/integration-applications/practice-exam-b-answer-key/,0,CURRENT,self-canonical=true; sitemap=true; inboundInternalLinks=3,medium / pending search evidence,"GSC top queries, clicks, impressions, CTR, average position; backlinks before any consolidation"
/subjects/math/calculus/integration-applications/practice-exam-b/,https://bettergrades.net/subjects/math/calculus/integration-applications/practice-exam-b/,calculus,unit.calculus.3b,textbook-lesson.subjects-math-calculus-integration-applications-practice-exam-b,textbook-lesson,Unit 3B Practice Exam B | Better Grades,Unit 3B Practice Exam B,unit 3b practice exam b,"applications of integration practice exam b | Unit 3B Practice Exam B | Review, practice, exams, and answer keys | Applications of Integration | exam | Unit 3B | Unit 3B: Applications of Integration | integral",,,UNAVAILABLE,UNAVAILABLE,UNAVAILABLE,UNAVAILABLE,UNAVAILABLE,KEEP,Unique rendered H1/primary query retained; monitor in Search Console.,/subjects/math/calculus/integration-applications/practice-exam-b/,0,CURRENT,self-canonical=true; sitemap=true; inboundInternalLinks=4,medium / pending search evidence,"GSC top queries, clicks, impressions, CTR, average position; backlinks before any consolidation"
/subjects/math/calculus/integration-applications/probability-density/,https://bettergrades.net/subjects/math/calculus/integration-applications/probability-density/,calculus,unit.calculus.3b,textbook-lesson.subjects-math-calculus-integration-applications-probability-density,textbook-lesson,Probability Density and Expected Value | Unit 3B | Better Grades,Probability Density and Expected Value,probability density and expected value,probability density integral expected value | Probability Density and Expected Value | Physics and quantitative applications | Applications of Integration | lesson | Unit 3B | Unit 3B: Applications of Integration | integral,,,UNAVAILABLE,UNAVAILABLE,UNAVAILABLE,UNAVAILABLE,UNAVAILABLE,KEEP,Unique rendered H1/primary query retained; monitor in Search Console.,/subjects/math/calculus/integration-applications/probability-density/,0,CURRENT,self-canonical=true; sitemap=true; inboundInternalLinks=4,medium / pending search evidence,"GSC top queries, clicks, impressions, CTR, average position; backlinks before any consolidation"
/subjects/math/calculus/integration-applications/pumping-liquids/,https://bettergrades.net/subjects/math/calculus/integration-applications/pumping-liquids/,calculus,unit.calculus.3b,textbook-lesson.subjects-math-calculus-integration-applications-pumping-liquids,textbook-lesson,Pumping Liquids | Unit 3B | Better Grades,Pumping Liquids,pumping liquids,pumping liquid work integral | Pumping Liquids | Physics and quantitative applications | Applications of Integration | lesson | Unit 3B | Unit 3B: Applications of Integration | integral,,,UNAVAILABLE,UNAVAILABLE,UNAVAILABLE,UNAVAILABLE,UNAVAILABLE,KEEP,Unique rendered H1/primary query retained; monitor in Search Console.,/subjects/math/calculus/integration-applications/pumping-liquids/,0,CURRENT,self-canonical=true; sitemap=true; inboundInternalLinks=4,medium / pending search evidence,"GSC top queries, clicks, impressions, CTR, average position; backlinks before any consolidation"
/subjects/math/calculus/integration-applications/review/,https://bettergrades.net/subjects/math/calculus/integration-applications/review/,calculus,unit.calculus.3b,textbook-lesson.subjects-math-calculus-integration-applications-review,textbook-lesson,Unit 3B Review: Applications of Integration | Better Grades,Unit 3B Review: Applications of Integration,unit 3b review: applications of integration,"applications of integration review | Unit 3B Review: Applications of Integration | Review, practice, exams, and answer keys | Applications of Integration | review | Unit 3B | Unit 3B: Applications of Integration | integral",,,UNAVAILABLE,UNAVAILABLE,UNAVAILABLE,UNAVAILABLE,UNAVAILABLE,KEEP,Unique rendered H1/primary query retained; monitor in Search Console.,/subjects/math/calculus/integration-applications/review/,0,CURRENT,self-canonical=true; sitemap=true; inboundInternalLinks=6,medium / pending search evidence,"GSC top queries, clicks, impressions, CTR, average position; backlinks before any consolidation"
/subjects/math/calculus/integration-applications/spring-work/,https://bettergrades.net/subjects/math/calculus/integration-applications/spring-work/,calculus,unit.calculus.3b,textbook-lesson.subjects-math-calculus-integration-applications-spring-work,textbook-lesson,Work Done on Springs | Unit 3B | Better Grades,Work Done on Springs,work done on springs,spring work Hooke law integral | Work Done on Springs | Physics and quantitative applications | Applications of Integration | lesson | Unit 3B | Unit 3B: Applications of Integration | integral,,,UNAVAILABLE,UNAVAILABLE,UNAVAILABLE,UNAVAILABLE,UNAVAILABLE,KEEP,Unique rendered H1/primary query retained; monitor in Search Console.,/subjects/math/calculus/integration-applications/spring-work/,0,CURRENT,self-canonical=true; sitemap=true; inboundInternalLinks=4,medium / pending search evidence,"GSC top queries, clicks, impressions, CTR, average position; backlinks before any consolidation"
/subjects/math/calculus/integration-applications/surface-area-of-revolution/,https://bettergrades.net/subjects/math/calculus/integration-applications/surface-area-of-revolution/,calculus,unit.calculus.3b,textbook-lesson.subjects-math-calculus-integration-applications-surface-area-of-revolution,textbook-lesson,Surface Area of Revolution | Unit 3B | Better Grades,Surface Area of Revolution,surface area of revolution,"surface area of revolution calculus | Surface Area of Revolution | Length, surface, mass, and balance | Applications of Integration | lesson | Unit 3B | Unit 3B: Applications of Integration | integral",,,UNAVAILABLE,UNAVAILABLE,UNAVAILABLE,UNAVAILABLE,UNAVAILABLE,KEEP,Unique rendered H1/primary query retained; monitor in Search Console.,/subjects/math/calculus/integration-applications/surface-area-of-revolution/,0,CURRENT,self-canonical=true; sitemap=true; inboundInternalLinks=5,medium / pending search evidence,"GSC top queries, clicks, impressions, CTR, average position; backlinks before any consolidation"
/subjects/math/calculus/integration-applications/volumes-by-slicing/,https://bettergrades.net/subjects/math/calculus/integration-applications/volumes-by-slicing/,calculus,unit.calculus.3b,textbook-lesson.subjects-math-calculus-integration-applications-volumes-by-slicing,textbook-lesson,Volumes by Slicing | Unit 3B | Better Grades,Volumes by Slicing,volumes by slicing,volume by slicing integral | Volumes by Slicing | Area and volume | Applications of Integration | lesson | Unit 3B | Unit 3B: Applications of Integration | integral,,,UNAVAILABLE,UNAVAILABLE,UNAVAILABLE,UNAVAILABLE,UNAVAILABLE,KEEP,Unique rendered H1/primary query retained; monitor in Search Console.,/subjects/math/calculus/integration-applications/volumes-by-slicing/,0,CURRENT,self-canonical=true; sitemap=true; inboundInternalLinks=4,medium / pending search evidence,"GSC top queries, clicks, impressions, CTR, average position; backlinks before any consolidation"
/subjects/math/calculus/integration-applications/washer-vs-shell/,https://bettergrades.net/subjects/math/calculus/integration-applications/washer-vs-shell/,calculus,,,decision-guide,Washer method or shell method? | Unit 3B | Better Grades,Washer method or shell method?,washer method or shell method,"Applications of Integration | Translate geometry and physical accumulation into integrals with units, bounds, and meaning intact. | washer vs shell",,,UNAVAILABLE,UNAVAILABLE,UNAVAILABLE,UNAVAILABLE,UNAVAILABLE,KEEP,Unique rendered H1/primary query retained; monitor in Search Console.,/subjects/math/calculus/integration-applications/washer-vs-shell/,0,CURRENT,self-canonical=true; sitemap=true; inboundInternalLinks=1,medium / pending search evidence,"GSC top queries, clicks, impressions, CTR, average position; backlinks before any consolidation"
/subjects/math/calculus/integration-applications/work-and-fluid-force/,https://bettergrades.net/subjects/math/calculus/integration-applications/work-and-fluid-force/,calculus,,,method-guide,Setting up work and fluid-force integrals | Unit 3B | Better Grades,Setting up work and fluid-force integrals,setting up work and fluid-force integrals,"Applications of Integration | Translate geometry and physical accumulation into integrals with units, bounds, and meaning intact. | work and fluid force",,,UNAVAILABLE,UNAVAILABLE,UNAVAILABLE,UNAVAILABLE,UNAVAILABLE,KEEP,Unique rendered H1/primary query retained; monitor in Search Console.,/subjects/math/calculus/integration-applications/work-and-fluid-force/,0,CURRENT,self-canonical=true; sitemap=true; inboundInternalLinks=2,medium / pending search evidence,"GSC top queries, clicks, impressions, CTR, average position; backlinks before any consolidation"
/subjects/math/calculus/integration-applications/work-and-variable-force/,https://bettergrades.net/subjects/math/calculus/integration-applications/work-and-variable-force/,calculus,unit.calculus.3b,textbook-lesson.subjects-math-calculus-integration-applications-work-and-variable-force,textbook-lesson,Work and Variable Force | Unit 3B | Better Grades,Work and Variable Force,work and variable force,work variable force integral | Work and Variable Force | Physics and quantitative applications | Applications of Integration | lesson | Unit 3B | Unit 3B: Applications of Integration | integral,,,UNAVAILABLE,UNAVAILABLE,UNAVAILABLE,UNAVAILABLE,UNAVAILABLE,KEEP,Unique rendered H1/primary query retained; monitor in Search Console.,/subjects/math/calculus/integration-applications/work-and-variable-force/,0,CURRENT,self-canonical=true; sitemap=true; inboundInternalLinks=6,medium / pending search evidence,"GSC top queries, clicks, impressions, CTR, average position; backlinks before any consolidation"
/subjects/math/calculus/integration-techniques/,https://bettergrades.net/subjects/math/calculus/integration-techniques/,calculus,,,quick-answer,Integration Techniques Calculus resources | Better Grades,Integration Techniques,integration techniques,Calculus | integration techniques | learn | topic,,,UNAVAILABLE,UNAVAILABLE,UNAVAILABLE,UNAVAILABLE,UNAVAILABLE,KEEP,Unique rendered H1/primary query retained; monitor in Search Console.,/subjects/math/calculus/integration-techniques/,0,CURRENT,self-canonical=true; sitemap=true; inboundInternalLinks=8,medium / pending search evidence,"GSC top queries, clicks, impressions, CTR, average position; backlinks before any consolidation"
/subjects/math/calculus/integration-techniques/improper-integrals/,https://bettergrades.net/subjects/math/calculus/integration-techniques/improper-integrals/,calculus,,,concept-explainer,"Improper integrals are limits, not unusual notation | Better Grades","Improper integrals are limits, not unusual notation","improper integrals are limits, not unusual notation",Integration Techniques | Choose an antiderivative strategy from the structure of the integrand instead of guessing from a list. | improper integrals,,,UNAVAILABLE,UNAVAILABLE,UNAVAILABLE,UNAVAILABLE,UNAVAILABLE,KEEP,Unique rendered H1/primary query retained; monitor in Search Console.,/subjects/math/calculus/integration-techniques/improper-integrals/,0,CURRENT,self-canonical=true; sitemap=true; inboundInternalLinks=4,medium / pending search evidence,"GSC top queries, clicks, impressions, CTR, average position; backlinks before any consolidation"
/subjects/math/calculus/integration-techniques/integration-by-parts-strategy/,https://bettergrades.net/subjects/math/calculus/integration-techniques/integration-by-parts-strategy/,calculus,,,method-guide,"Repeated, tabular, and cyclic integration by parts | Better Grades","Repeated, tabular, and cyclic integration by parts",repeated tabular and cyclic integration by parts,Integration Techniques | Choose an antiderivative strategy from the structure of the integrand instead of guessing from a list. | integration by parts strategy | repeated integration by parts | cyclic integration by parts | tabular integration,/subjects/math/calculus/integrals/integration-by-parts/,complete Integration by Parts — Unit 3A lesson,UNAVAILABLE,UNAVAILABLE,UNAVAILABLE,UNAVAILABLE,UNAVAILABLE,REPOSITION,Distinct intent versus /subjects/math/calculus/integrals/integration-by-parts/; URL preservation is safer without GSC/backlink evidence.,/subjects/math/calculus/integrals/integration-by-parts/,11,IMPLEMENTED_OR_CONFIRMED,self-canonical=true; sitemap=true; inboundInternalLinks=2,high editorial / pending search evidence,"GSC top queries, clicks, impressions, CTR, average position; backlinks before any consolidation"
/subjects/math/calculus/integration-techniques/partial-fractions/,https://bettergrades.net/subjects/math/calculus/integration-techniques/partial-fractions/,calculus,,,method-guide,Partial fractions: decompose before integrating | Better Grades,Partial fractions: decompose before integrating,partial fractions: decompose before integrating,Integration Techniques | Choose an antiderivative strategy from the structure of the integrand instead of guessing from a list. | partial fractions,,,UNAVAILABLE,UNAVAILABLE,UNAVAILABLE,UNAVAILABLE,UNAVAILABLE,KEEP,Unique rendered H1/primary query retained; monitor in Search Console.,/subjects/math/calculus/integration-techniques/partial-fractions/,0,CURRENT,self-canonical=true; sitemap=true; inboundInternalLinks=4,medium / pending search evidence,"GSC top queries, clicks, impressions, CTR, average position; backlinks before any consolidation"
/subjects/math/calculus/integration-techniques/trigonometric-integrals/,https://bettergrades.net/subjects/math/calculus/integration-techniques/trigonometric-integrals/,calculus,,,decision-guide,How to choose an identity for a trigonometric integral | Better Grades,How to choose an identity for a trigonometric integral,how to choose an identity for a trigonometric integral,Integration Techniques | Choose an antiderivative strategy from the structure of the integrand instead of guessing from a list. | trigonometric integrals,,,UNAVAILABLE,UNAVAILABLE,UNAVAILABLE,UNAVAILABLE,UNAVAILABLE,KEEP,Unique rendered H1/primary query retained; monitor in Search Console.,/subjects/math/calculus/integration-techniques/trigonometric-integrals/,0,CURRENT,self-canonical=true; sitemap=true; inboundInternalLinks=4,medium / pending search evidence,"GSC top queries, clicks, impressions, CTR, average position; backlinks before any consolidation"
/subjects/math/calculus/integration-techniques/trigonometric-substitution/,https://bettergrades.net/subjects/math/calculus/integration-techniques/trigonometric-substitution/,calculus,,,decision-guide,Choosing the right trigonometric substitution | Better Grades,Choosing the right trigonometric substitution,choosing the right trigonometric substitution,Integration Techniques | Choose an antiderivative strategy from the structure of the integrand instead of guessing from a list. | trigonometric substitution,,,UNAVAILABLE,UNAVAILABLE,UNAVAILABLE,UNAVAILABLE,UNAVAILABLE,KEEP,Unique rendered H1/primary query retained; monitor in Search Console.,/subjects/math/calculus/integration-techniques/trigonometric-substitution/,0,CURRENT,self-canonical=true; sitemap=true; inboundInternalLinks=3,medium / pending search evidence,"GSC top queries, clicks, impressions, CTR, average position; backlinks before any consolidation"
/subjects/math/calculus/integration-techniques/u-substitution/,https://bettergrades.net/subjects/math/calculus/integration-techniques/u-substitution/,calculus,,,method-guide,u-substitution as the reverse Chain Rule | Better Grades,u-substitution as the reverse Chain Rule,u-substitution as the reverse chain rule,Integration Techniques | Choose an antiderivative strategy from the structure of the integrand instead of guessing from a list. | u substitution,,,UNAVAILABLE,UNAVAILABLE,UNAVAILABLE,UNAVAILABLE,UNAVAILABLE,KEEP,Unique rendered H1/primary query retained; monitor in Search Console.,/subjects/math/calculus/integration-techniques/u-substitution/,0,CURRENT,self-canonical=true; sitemap=true; inboundInternalLinks=3,medium / pending search evidence,"GSC top queries, clicks, impressions, CTR, average position; backlinks before any consolidation"
/subjects/math/calculus/limits-continuity/,https://bettergrades.net/subjects/math/calculus/limits-continuity/,calculus,unit.calculus.1,,unit-hub,Limits & Continuity Calculus resources | Better Grades,Limits & Continuity,limits & continuity,Calculus | limits continuity | learn | topic,,,UNAVAILABLE,UNAVAILABLE,UNAVAILABLE,UNAVAILABLE,UNAVAILABLE,KEEP,Unique rendered H1/primary query retained; monitor in Search Console.,/subjects/math/calculus/limits-continuity/,0,CURRENT,self-canonical=true; sitemap=true; inboundInternalLinks=80,medium / pending search evidence,"GSC top queries, clicks, impressions, CTR, average position; backlinks before any consolidation"
/subjects/math/calculus/limits-continuity/continuity-at-a-point/,https://bettergrades.net/subjects/math/calculus/limits-continuity/continuity-at-a-point/,calculus,unit.calculus.1,,concept-explainer,What continuity at a point really requires | Better Grades,What continuity at a point really requires,what continuity at a point really requires,"Limits & Continuity | How functions behave near a point, when substitution is legal, and what continuity actually promises. | continuity at a point",,,UNAVAILABLE,UNAVAILABLE,UNAVAILABLE,UNAVAILABLE,UNAVAILABLE,KEEP,Unique rendered H1/primary query retained; monitor in Search Console.,/subjects/math/calculus/limits-continuity/continuity-at-a-point/,0,CURRENT,self-canonical=true; sitemap=true; inboundInternalLinks=4,medium / pending search evidence,"GSC top queries, clicks, impressions, CTR, average position; backlinks before any consolidation"
/subjects/math/calculus/limits-continuity/evaluating-indeterminate-limits/,https://bettergrades.net/subjects/math/calculus/limits-continuity/evaluating-indeterminate-limits/,calculus,unit.calculus.1,,method-guide,How to evaluate an indeterminate limit | Better Grades,How to evaluate an indeterminate limit,how to evaluate an indeterminate limit,"Limits & Continuity | How functions behave near a point, when substitution is legal, and what continuity actually promises. | evaluating indeterminate limits",,,UNAVAILABLE,UNAVAILABLE,UNAVAILABLE,UNAVAILABLE,UNAVAILABLE,KEEP,Unique rendered H1/primary query retained; monitor in Search Console.,/subjects/math/calculus/limits-continuity/evaluating-indeterminate-limits/,0,CURRENT,self-canonical=true; sitemap=true; inboundInternalLinks=3,medium / pending search evidence,"GSC top queries, clicks, impressions, CTR, average position; backlinks before any consolidation"
/subjects/math/calculus/limits-continuity/infinite-limits-and-asymptotes/,https://bettergrades.net/subjects/math/calculus/limits-continuity/infinite-limits-and-asymptotes/,calculus,unit.calculus.1,,concept-explainer,Infinite limits and vertical asymptotes | Better Grades,Infinite limits and vertical asymptotes,infinite limits and vertical asymptotes,"Limits & Continuity | How functions behave near a point, when substitution is legal, and what continuity actually promises. | infinite limits and asymptotes",,,UNAVAILABLE,UNAVAILABLE,UNAVAILABLE,UNAVAILABLE,UNAVAILABLE,KEEP,Unique rendered H1/primary query retained; monitor in Search Console.,/subjects/math/calculus/limits-continuity/infinite-limits-and-asymptotes/,0,CURRENT,self-canonical=true; sitemap=true; inboundInternalLinks=3,medium / pending search evidence,"GSC top queries, clicks, impressions, CTR, average position; backlinks before any consolidation"
/subjects/math/calculus/limits-continuity/limit-of-sin-x-over-x/,https://bettergrades.net/subjects/math/calculus/limits-continuity/limit-of-sin-x-over-x/,calculus,unit.calculus.1,,quick-answer,Why is the limit of sin x over x equal to 1? | Better Grades,Why is the limit of sin x over x equal to 1?,why is the limit of sin x over x equal to 1,"Limits & Continuity | How functions behave near a point, when substitution is legal, and what continuity actually promises. | limit of sin x over x",,,UNAVAILABLE,UNAVAILABLE,UNAVAILABLE,UNAVAILABLE,UNAVAILABLE,KEEP,Unique rendered H1/primary query retained; monitor in Search Console.,/subjects/math/calculus/limits-continuity/limit-of-sin-x-over-x/,0,CURRENT,self-canonical=true; sitemap=true; inboundInternalLinks=2,medium / pending search evidence,"GSC top queries, clicks, impressions, CTR, average position; backlinks before any consolidation"
/subjects/math/calculus/limits-continuity/one-sided-limits-and-jump-discontinuities/,https://bettergrades.net/subjects/math/calculus/limits-continuity/one-sided-limits-and-jump-discontinuities/,calculus,unit.calculus.1,,concept-explainer,One-sided limits and jump discontinuities | Better Grades,One-sided limits and jump discontinuities,one-sided limits and jump discontinuities,"Limits & Continuity | How functions behave near a point, when substitution is legal, and what continuity actually promises. | one sided limits and jump discontinuities | left hand limit | right hand limit | jump discontinuity | piecewise limit",,,UNAVAILABLE,UNAVAILABLE,UNAVAILABLE,UNAVAILABLE,UNAVAILABLE,KEEP,Unique rendered H1/primary query retained; monitor in Search Console.,/subjects/math/calculus/limits-continuity/one-sided-limits-and-jump-discontinuities/,0,CURRENT,self-canonical=true; sitemap=true; inboundInternalLinks=2,medium / pending search evidence,"GSC top queries, clicks, impressions, CTR, average position; backlinks before any consolidation"
/subjects/math/calculus/limits-continuity/squeeze-theorem/,https://bettergrades.net/subjects/math/calculus/limits-continuity/squeeze-theorem/,calculus,unit.calculus.1,,method-guide,How and when to use the Squeeze Theorem | Better Grades,How and when to use the Squeeze Theorem,how and when to use the squeeze theorem,"Limits & Continuity | How functions behave near a point, when substitution is legal, and what continuity actually promises. | squeeze theorem",,,UNAVAILABLE,UNAVAILABLE,UNAVAILABLE,UNAVAILABLE,UNAVAILABLE,KEEP,Unique rendered H1/primary query retained; monitor in Search Console.,/subjects/math/calculus/limits-continuity/squeeze-theorem/,0,CURRENT,self-canonical=true; sitemap=true; inboundInternalLinks=3,medium / pending search evidence,"GSC top queries, clicks, impressions, CTR, average position; backlinks before any consolidation"
/subjects/math/calculus/limits-continuity/unit/,https://bettergrades.net/subjects/math/calculus/limits-continuity/unit/,calculus,unit.calculus.1,,decision-guide,Limits and Continuity Course Overview | Better Grades,Limits and Continuity Course Overview,limits and continuity course overview,limits and continuity calculus unit | calculus limits-and-continuity | hub | limits | continuity | unit,,,UNAVAILABLE,UNAVAILABLE,UNAVAILABLE,UNAVAILABLE,UNAVAILABLE,KEEP,Unique rendered H1/primary query retained; monitor in Search Console.,/subjects/math/calculus/limits-continuity/unit/,0,CURRENT,self-canonical=true; sitemap=true; inboundInternalLinks=9,medium / pending search evidence,"GSC top queries, clicks, impressions, CTR, average position; backlinks before any consolidation"
/subjects/math/calculus/limits-continuity/unit/continuity/bisection-method/,https://bettergrades.net/subjects/math/calculus/limits-continuity/unit/continuity/bisection-method/,calculus,unit.calculus.1,textbook-lesson.limits.calculus-continuity-bisection-method,textbook-lesson,Bisection Method After the IVT | Better Grades,Bisection Method After the IVT,bisection method after the ivt,bisection method calculus root approximation | calculus continuity bisection-method | lesson | limits | continuity | bisection method,,,UNAVAILABLE,UNAVAILABLE,UNAVAILABLE,UNAVAILABLE,UNAVAILABLE,KEEP,Unique rendered H1/primary query retained; monitor in Search Console.,/subjects/math/calculus/limits-continuity/unit/continuity/bisection-method/,0,CURRENT,self-canonical=true; sitemap=true; inboundInternalLinks=8,medium / pending search evidence,"GSC top queries, clicks, impressions, CTR, average position; backlinks before any consolidation"
/subjects/math/calculus/limits-continuity/unit/continuity/continuity-at-a-point/,https://bettergrades.net/subjects/math/calculus/limits-continuity/unit/continuity/continuity-at-a-point/,calculus,unit.calculus.1,textbook-lesson.limits.calculus-continuity-continuity-at-a-point,textbook-lesson,Continuity at a Point | Better Grades,Continuity at a Point,continuity at a point,continuity at a point calculus | calculus continuity continuity-at-a-point | lesson | limits | continuity | continuity at a point,,,UNAVAILABLE,UNAVAILABLE,UNAVAILABLE,UNAVAILABLE,UNAVAILABLE,KEEP,Unique rendered H1/primary query retained; monitor in Search Console.,/subjects/math/calculus/limits-continuity/unit/continuity/continuity-at-a-point/,0,CURRENT,self-canonical=true; sitemap=true; inboundInternalLinks=9,medium / pending search evidence,"GSC top queries, clicks, impressions, CTR, average position; backlinks before any consolidation"
/subjects/math/calculus/limits-continuity/unit/continuity/continuity-concept-quiz/,https://bettergrades.net/subjects/math/calculus/limits-continuity/unit/continuity/continuity-concept-quiz/,calculus,unit.calculus.1,textbook-lesson.limits.calculus-continuity-continuity-concept-quiz,textbook-lesson,Continuity Concept Quiz | Better Grades,Continuity Concept Quiz,continuity concept quiz,continuity quiz calculus | calculus continuity continuity-concept-quiz | quiz | limits | continuity | continuity concept quiz,,,UNAVAILABLE,UNAVAILABLE,UNAVAILABLE,UNAVAILABLE,UNAVAILABLE,KEEP,Unique rendered H1/primary query retained; monitor in Search Console.,/subjects/math/calculus/limits-continuity/unit/continuity/continuity-concept-quiz/,0,CURRENT,self-canonical=true; sitemap=true; inboundInternalLinks=2,medium / pending search evidence,"GSC top queries, clicks, impressions, CTR, average position; backlinks before any consolidation"
/subjects/math/calculus/limits-continuity/unit/continuity/continuity-practice/,https://bettergrades.net/subjects/math/calculus/limits-continuity/unit/continuity/continuity-practice/,calculus,unit.calculus.1,textbook-lesson.limits.calculus-continuity-continuity-practice,textbook-lesson,Continuity and IVT Practice Problems | Better Grades,Continuity and IVT Practice Problems,continuity and ivt practice problems,continuity practice problems calculus | calculus continuity continuity-practice | practice | limits | continuity | continuity practice,,,UNAVAILABLE,UNAVAILABLE,UNAVAILABLE,UNAVAILABLE,UNAVAILABLE,KEEP,Unique rendered H1/primary query retained; monitor in Search Console.,/subjects/math/calculus/limits-continuity/unit/continuity/continuity-practice/,0,CURRENT,self-canonical=true; sitemap=true; inboundInternalLinks=2,medium / pending search evidence,"GSC top queries, clicks, impressions, CTR, average position; backlinks before any consolidation"
/subjects/math/calculus/limits-continuity/unit/continuity/continuity-review/,https://bettergrades.net/subjects/math/calculus/limits-continuity/unit/continuity/continuity-review/,calculus,unit.calculus.1,textbook-lesson.limits.calculus-continuity-continuity-review,textbook-lesson,Continuity and IVT Review | Better Grades,Continuity and IVT Review,continuity and ivt review,continuity ivt review | calculus continuity continuity-review | review | limits | continuity | continuity review,,,UNAVAILABLE,UNAVAILABLE,UNAVAILABLE,UNAVAILABLE,UNAVAILABLE,KEEP,Unique rendered H1/primary query retained; monitor in Search Console.,/subjects/math/calculus/limits-continuity/unit/continuity/continuity-review/,0,CURRENT,self-canonical=true; sitemap=true; inboundInternalLinks=2,medium / pending search evidence,"GSC top queries, clicks, impressions, CTR, average position; backlinks before any consolidation"
/subjects/math/calculus/limits-continuity/unit/continuity/continuous-functions/,https://bettergrades.net/subjects/math/calculus/limits-continuity/unit/continuity/continuous-functions/,calculus,unit.calculus.1,textbook-lesson.limits.calculus-continuity-continuous-functions,textbook-lesson,Which Functions Are Continuous? | Better Grades,Which Functions Are Continuous?,which functions are continuous,continuous functions list calculus | calculus continuity continuous-functions | reference | limits | continuity | continuous functions,,,UNAVAILABLE,UNAVAILABLE,UNAVAILABLE,UNAVAILABLE,UNAVAILABLE,KEEP,Unique rendered H1/primary query retained; monitor in Search Console.,/subjects/math/calculus/limits-continuity/unit/continuity/continuous-functions/,0,CURRENT,self-canonical=true; sitemap=true; inboundInternalLinks=5,medium / pending search evidence,"GSC top queries, clicks, impressions, CTR, average position; backlinks before any consolidation"
/subjects/math/calculus/limits-continuity/unit/continuity/intermediate-value-theorem/,https://bettergrades.net/subjects/math/calculus/limits-continuity/unit/continuity/intermediate-value-theorem/,calculus,unit.calculus.1,textbook-lesson.limits.calculus-continuity-intermediate-value-theorem,textbook-lesson,Intermediate Value Theorem | Better Grades,Intermediate Value Theorem,intermediate value theorem,intermediate value theorem calculus | calculus continuity intermediate-value-theorem | lesson | limits | continuity | intermediate value theorem,,,UNAVAILABLE,UNAVAILABLE,UNAVAILABLE,UNAVAILABLE,UNAVAILABLE,KEEP,Unique rendered H1/primary query retained; monitor in Search Console.,/subjects/math/calculus/limits-continuity/unit/continuity/intermediate-value-theorem/,0,CURRENT,self-canonical=true; sitemap=true; inboundInternalLinks=5,medium / pending search evidence,"GSC top queries, clicks, impressions, CTR, average position; backlinks before any consolidation"
/subjects/math/calculus/limits-continuity/unit/continuity/intervals-endpoints/,https://bettergrades.net/subjects/math/calculus/limits-continuity/unit/continuity/intervals-endpoints/,calculus,unit.calculus.1,textbook-lesson.limits.calculus-continuity-intervals-endpoints,textbook-lesson,Continuity on Intervals and at Endpoints | Better Grades,Continuity on Intervals and at Endpoints,continuity on intervals and at endpoints,continuity on intervals endpoints | calculus continuity intervals-endpoints | lesson | limits | continuity | intervals endpoints,,,UNAVAILABLE,UNAVAILABLE,UNAVAILABLE,UNAVAILABLE,UNAVAILABLE,KEEP,Unique rendered H1/primary query retained; monitor in Search Console.,/subjects/math/calculus/limits-continuity/unit/continuity/intervals-endpoints/,0,CURRENT,self-canonical=true; sitemap=true; inboundInternalLinks=5,medium / pending search evidence,"GSC top queries, clicks, impressions, CTR, average position; backlinks before any consolidation"
/subjects/math/calculus/limits-continuity/unit/continuity/piecewise-parameters/,https://bettergrades.net/subjects/math/calculus/limits-continuity/unit/continuity/piecewise-parameters/,calculus,unit.calculus.1,textbook-lesson.limits.calculus-continuity-piecewise-parameters,textbook-lesson,Choosing Parameters for Piecewise Continuity | Better Grades,Choosing Parameters for Piecewise Continuity,choosing parameters for piecewise continuity,find parameter piecewise function continuous | calculus continuity piecewise-parameters | lesson | limits | continuity | piecewise parameters,,,UNAVAILABLE,UNAVAILABLE,UNAVAILABLE,UNAVAILABLE,UNAVAILABLE,KEEP,Unique rendered H1/primary query retained; monitor in Search Console.,/subjects/math/calculus/limits-continuity/unit/continuity/piecewise-parameters/,0,CURRENT,self-canonical=true; sitemap=true; inboundInternalLinks=5,medium / pending search evidence,"GSC top queries, clicks, impressions, CTR, average position; backlinks before any consolidation"
/subjects/math/calculus/limits-continuity/unit/continuity/repair-removable-discontinuity/,https://bettergrades.net/subjects/math/calculus/limits-continuity/unit/continuity/repair-removable-discontinuity/,calculus,unit.calculus.1,textbook-lesson.limits.calculus-continuity-repair-removable-discontinuity,textbook-lesson,How to Repair a Removable Discontinuity | Better Grades,How to Repair a Removable Discontinuity,how to repair a removable discontinuity,find value to make function continuous | calculus continuity repair-removable-discontinuity | lesson | limits | continuity | repair removable discontinuity,,,UNAVAILABLE,UNAVAILABLE,UNAVAILABLE,UNAVAILABLE,UNAVAILABLE,KEEP,Unique rendered H1/primary query retained; monitor in Search Console.,/subjects/math/calculus/limits-continuity/unit/continuity/repair-removable-discontinuity/,0,CURRENT,self-canonical=true; sitemap=true; inboundInternalLinks=5,medium / pending search evidence,"GSC top queries, clicks, impressions, CTR, average position; backlinks before any consolidation"
/subjects/math/calculus/limits-continuity/unit/continuity/two-parameter-continuity/,https://bettergrades.net/subjects/math/calculus/limits-continuity/unit/continuity/two-parameter-continuity/,calculus,unit.calculus.1,textbook-lesson.limits.calculus-continuity-two-parameter-continuity,textbook-lesson,Two-Parameter Continuity Problems | Better Grades,Two-Parameter Continuity Problems,two-parameter continuity problems,two parameter continuity problem | calculus continuity two-parameter-continuity | lesson | limits | continuity | two parameter continuity,,,UNAVAILABLE,UNAVAILABLE,UNAVAILABLE,UNAVAILABLE,UNAVAILABLE,KEEP,Unique rendered H1/primary query retained; monitor in Search Console.,/subjects/math/calculus/limits-continuity/unit/continuity/two-parameter-continuity/,0,CURRENT,self-canonical=true; sitemap=true; inboundInternalLinks=5,medium / pending search evidence,"GSC top queries, clicks, impressions, CTR, average position; backlinks before any consolidation"
/subjects/math/calculus/limits-continuity/unit/continuity/types-of-discontinuity/,https://bettergrades.net/subjects/math/calculus/limits-continuity/unit/continuity/types-of-discontinuity/,calculus,unit.calculus.1,textbook-lesson.limits.calculus-continuity-types-of-discontinuity,textbook-lesson,Types of Discontinuity | Better Grades,Types of Discontinuity,types of discontinuity,removable jump infinite discontinuity | calculus continuity types-of-discontinuity | lesson | limits | continuity | types of discontinuity,,,UNAVAILABLE,UNAVAILABLE,UNAVAILABLE,UNAVAILABLE,UNAVAILABLE,KEEP,Unique rendered H1/primary query retained; monitor in Search Console.,/subjects/math/calculus/limits-continuity/unit/continuity/types-of-discontinuity/,0,CURRENT,self-canonical=true; sitemap=true; inboundInternalLinks=5,medium / pending search evidence,"GSC top queries, clicks, impressions, CTR, average position; backlinks before any consolidation"
/subjects/math/calculus/limits-continuity/unit/limits/absolute-value-piecewise/,https://bettergrades.net/subjects/math/calculus/limits-continuity/unit/limits/absolute-value-piecewise/,calculus,unit.calculus.1,textbook-lesson.limits.calculus-limits-absolute-value-piecewise,textbook-lesson,Limits With Absolute Values and Piecewise Functions | Better Grades,Limits With Absolute Values and Piecewise Functions,limits with absolute values and piecewise functions,absolute value and piecewise limits | calculus limits absolute-value-piecewise | lesson | limits | continuity | absolute value piecewise,,,UNAVAILABLE,UNAVAILABLE,UNAVAILABLE,UNAVAILABLE,UNAVAILABLE,KEEP,Unique rendered H1/primary query retained; monitor in Search Console.,/subjects/math/calculus/limits-continuity/unit/limits/absolute-value-piecewise/,0,CURRENT,self-canonical=true; sitemap=true; inboundInternalLinks=5,medium / pending search evidence,"GSC top queries, clicks, impressions, CTR, average position; backlinks before any consolidation"
/subjects/math/calculus/limits-continuity/unit/limits/common-exam-errors/,https://bettergrades.net/subjects/math/calculus/limits-continuity/unit/limits/common-exam-errors/,calculus,unit.calculus.1,textbook-lesson.limits.calculus-limits-common-exam-errors,textbook-lesson,Common Limits Exam Errors | Better Grades,Common Limits Exam Errors,common limits exam errors,common mistakes limits calculus | calculus limits common-exam-errors | review | limits | continuity | common exam errors,,,UNAVAILABLE,UNAVAILABLE,UNAVAILABLE,UNAVAILABLE,UNAVAILABLE,KEEP,Unique rendered H1/primary query retained; monitor in Search Console.,/subjects/math/calculus/limits-continuity/unit/limits/common-exam-errors/,0,CURRENT,self-canonical=true; sitemap=true; inboundInternalLinks=2,medium / pending search evidence,"GSC top queries, clicks, impressions, CTR, average position; backlinks before any consolidation"
/subjects/math/calculus/limits-continuity/unit/limits/complete-asymptote-analysis/,https://bettergrades.net/subjects/math/calculus/limits-continuity/unit/limits/complete-asymptote-analysis/,calculus,unit.calculus.1,textbook-lesson.limits.calculus-limits-complete-asymptote-analysis,textbook-lesson,Complete Rational Function Asymptote Analysis | Better Grades,Complete Rational Function Asymptote Analysis,complete rational function asymptote analysis,find all asymptotes rational function | calculus limits complete-asymptote-analysis | lesson | limits | continuity | complete asymptote analysis,,,UNAVAILABLE,UNAVAILABLE,UNAVAILABLE,UNAVAILABLE,UNAVAILABLE,KEEP,Unique rendered H1/primary query retained; monitor in Search Console.,/subjects/math/calculus/limits-continuity/unit/limits/complete-asymptote-analysis/,0,CURRENT,self-canonical=true; sitemap=true; inboundInternalLinks=8,medium / pending search evidence,"GSC top queries, clicks, impressions, CTR, average position; backlinks before any consolidation"
/subjects/math/calculus/limits-continuity/unit/limits/complex-fractions/,https://bettergrades.net/subjects/math/calculus/limits-continuity/unit/limits/complex-fractions/,calculus,unit.calculus.1,textbook-lesson.limits.calculus-limits-complex-fractions,textbook-lesson,Limits With Complex Fractions | Better Grades,Limits With Complex Fractions,limits with complex fractions,limits complex fractions | calculus limits complex-fractions | lesson | limits | continuity | complex fractions,,,UNAVAILABLE,UNAVAILABLE,UNAVAILABLE,UNAVAILABLE,UNAVAILABLE,KEEP,Unique rendered H1/primary query retained; monitor in Search Console.,/subjects/math/calculus/limits-continuity/unit/limits/complex-fractions/,0,CURRENT,self-canonical=true; sitemap=true; inboundInternalLinks=5,medium / pending search evidence,"GSC top queries, clicks, impressions, CTR, average position; backlinks before any consolidation"
/subjects/math/calculus/limits-continuity/unit/limits/cosine-limits/,https://bettergrades.net/subjects/math/calculus/limits-continuity/unit/limits/cosine-limits/,calculus,unit.calculus.1,,decision-guide,Cosine Limits and Trigonometric Identities | Better Grades,Cosine Limits and Trigonometric Identities,cosine limits and trigonometric identities,limit one minus cosine x over x squared | calculus limits cosine-limits | lesson | limits | continuity | cosine limits,,,UNAVAILABLE,UNAVAILABLE,UNAVAILABLE,UNAVAILABLE,UNAVAILABLE,KEEP,Unique rendered H1/primary query retained; monitor in Search Console.,/subjects/math/calculus/limits-continuity/unit/limits/cosine-limits/,0,CURRENT,self-canonical=true; sitemap=true; inboundInternalLinks=5,medium / pending search evidence,"GSC top queries, clicks, impressions, CTR, average position; backlinks before any consolidation"
/subjects/math/calculus/limits-continuity/unit/limits/cumulative-practice/,https://bettergrades.net/subjects/math/calculus/limits-continuity/unit/limits/cumulative-practice/,calculus,unit.calculus.1,textbook-lesson.limits.calculus-limits-cumulative-practice,textbook-lesson,Cumulative Limits and Continuity Practice | Better Grades,Cumulative Limits and Continuity Practice,cumulative limits and continuity practice,limits continuity cumulative practice | calculus limits cumulative-practice | practice | limits | continuity | cumulative practice,,,UNAVAILABLE,UNAVAILABLE,UNAVAILABLE,UNAVAILABLE,UNAVAILABLE,KEEP,Unique rendered H1/primary query retained; monitor in Search Console.,/subjects/math/calculus/limits-continuity/unit/limits/cumulative-practice/,0,CURRENT,self-canonical=true; sitemap=true; inboundInternalLinks=2,medium / pending search evidence,"GSC top queries, clicks, impressions, CTR, average position; backlinks before any consolidation"
/subjects/math/calculus/limits-continuity/unit/limits/direct-substitution/,https://bettergrades.net/subjects/math/calculus/limits-continuity/unit/limits/direct-substitution/,calculus,unit.calculus.1,textbook-lesson.limits.calculus-limits-direct-substitution,textbook-lesson,Direct Substitution for Limits | Better Grades,Direct Substitution for Limits,direct substitution for limits,direct substitution limits | calculus limits direct-substitution | lesson | limits | continuity | direct substitution,,,UNAVAILABLE,UNAVAILABLE,UNAVAILABLE,UNAVAILABLE,UNAVAILABLE,KEEP,Unique rendered H1/primary query retained; monitor in Search Console.,/subjects/math/calculus/limits-continuity/unit/limits/direct-substitution/,0,CURRENT,self-canonical=true; sitemap=true; inboundInternalLinks=13,medium / pending search evidence,"GSC top queries, clicks, impressions, CTR, average position; backlinks before any consolidation"
/subjects/math/calculus/limits-continuity/unit/limits/disprove-limit-epsilon-delta/,https://bettergrades.net/subjects/math/calculus/limits-continuity/unit/limits/disprove-limit-epsilon-delta/,calculus,unit.calculus.1,textbook-lesson.limits.calculus-limits-disprove-limit-epsilon-delta,textbook-lesson,How to Disprove a Claimed Limit | Better Grades,How to Disprove a Claimed Limit,how to disprove a claimed limit,prove limit does not equal value epsilon delta | calculus limits disprove-limit-epsilon-delta | lesson | limits | continuity | disprove limit epsilon delta,,,UNAVAILABLE,UNAVAILABLE,UNAVAILABLE,UNAVAILABLE,UNAVAILABLE,KEEP,Unique rendered H1/primary query retained; monitor in Search Console.,/subjects/math/calculus/limits-continuity/unit/limits/disprove-limit-epsilon-delta/,0,CURRENT,self-canonical=true; sitemap=true; inboundInternalLinks=9,medium / pending search evidence,"GSC top queries, clicks, impressions, CTR, average position; backlinks before any consolidation"
/subjects/math/calculus/limits-continuity/unit/limits/epsilon-delta-concept-quiz/,https://bettergrades.net/subjects/math/calculus/limits-continuity/unit/limits/epsilon-delta-concept-quiz/,calculus,unit.calculus.1,textbook-lesson.limits.calculus-limits-epsilon-delta-concept-quiz,textbook-lesson,Epsilon-Delta Concept Quiz | Better Grades,Epsilon-Delta Concept Quiz,epsilon-delta concept quiz,epsilon delta quiz | calculus limits epsilon-delta-concept-quiz | quiz | limits | continuity | epsilon delta concept quiz,,,UNAVAILABLE,UNAVAILABLE,UNAVAILABLE,UNAVAILABLE,UNAVAILABLE,KEEP,Unique rendered H1/primary query retained; monitor in Search Console.,/subjects/math/calculus/limits-continuity/unit/limits/epsilon-delta-concept-quiz/,0,CURRENT,self-canonical=true; sitemap=true; inboundInternalLinks=2,medium / pending search evidence,"GSC top queries, clicks, impressions, CTR, average position; backlinks before any consolidation"
/subjects/math/calculus/limits-continuity/unit/limits/epsilon-delta-graph/,https://bettergrades.net/subjects/math/calculus/limits-continuity/unit/limits/epsilon-delta-graph/,calculus,unit.calculus.1,textbook-lesson.limits.calculus-limits-epsilon-delta-graph,textbook-lesson,Reading Epsilon and Delta From a Graph | Better Grades,Reading Epsilon and Delta From a Graph,reading epsilon and delta from a graph,epsilon delta graph | calculus limits epsilon-delta-graph | lesson | limits | continuity,,,UNAVAILABLE,UNAVAILABLE,UNAVAILABLE,UNAVAILABLE,UNAVAILABLE,KEEP,Unique rendered H1/primary query retained; monitor in Search Console.,/subjects/math/calculus/limits-continuity/unit/limits/epsilon-delta-graph/,0,CURRENT,self-canonical=true; sitemap=true; inboundInternalLinks=5,medium / pending search evidence,"GSC top queries, clicks, impressions, CTR, average position; backlinks before any consolidation"
/subjects/math/calculus/limits-continuity/unit/limits/epsilon-delta-introduction/,https://bettergrades.net/subjects/math/calculus/limits-continuity/unit/limits/epsilon-delta-introduction/,calculus,unit.calculus.1,textbook-lesson.limits.calculus-limits-epsilon-delta-introduction,textbook-lesson,Epsilon-Delta Definition: An Introduction | Better Grades,Epsilon-Delta Definition: An Introduction,epsilon-delta definition: an introduction,epsilon delta definition explained | calculus limits epsilon-delta-introduction | lesson | limits | continuity | epsilon delta introduction,,,UNAVAILABLE,UNAVAILABLE,UNAVAILABLE,UNAVAILABLE,UNAVAILABLE,KEEP,Unique rendered H1/primary query retained; monitor in Search Console.,/subjects/math/calculus/limits-continuity/unit/limits/epsilon-delta-introduction/,0,CURRENT,self-canonical=true; sitemap=true; inboundInternalLinks=9,medium / pending search evidence,"GSC top queries, clicks, impressions, CTR, average position; backlinks before any consolidation"
/subjects/math/calculus/limits-continuity/unit/limits/epsilon-delta-linear/,https://bettergrades.net/subjects/math/calculus/limits-continuity/unit/limits/epsilon-delta-linear/,calculus,unit.calculus.1,textbook-lesson.limits.calculus-limits-epsilon-delta-linear,textbook-lesson,Epsilon-Delta Proofs for Linear Functions | Better Grades,Epsilon-Delta Proofs for Linear Functions,epsilon-delta proofs for linear functions,epsilon delta proof linear function | calculus limits epsilon-delta-linear | lesson | limits | continuity | epsilon delta linear,,,UNAVAILABLE,UNAVAILABLE,UNAVAILABLE,UNAVAILABLE,UNAVAILABLE,KEEP,Unique rendered H1/primary query retained; monitor in Search Console.,/subjects/math/calculus/limits-continuity/unit/limits/epsilon-delta-linear/,0,CURRENT,self-canonical=true; sitemap=true; inboundInternalLinks=5,medium / pending search evidence,"GSC top queries, clicks, impressions, CTR, average position; backlinks before any consolidation"
/subjects/math/calculus/limits-continuity/unit/limits/epsilon-delta-practice/,https://bettergrades.net/subjects/math/calculus/limits-continuity/unit/limits/epsilon-delta-practice/,calculus,unit.calculus.1,textbook-lesson.limits.calculus-limits-epsilon-delta-practice,textbook-lesson,Epsilon-Delta Practice Problems | Better Grades,Epsilon-Delta Practice Problems,epsilon-delta practice problems,epsilon delta practice problems | calculus limits epsilon-delta-practice | practice | limits | continuity | epsilon delta practice,,,UNAVAILABLE,UNAVAILABLE,UNAVAILABLE,UNAVAILABLE,UNAVAILABLE,KEEP,Unique rendered H1/primary query retained; monitor in Search Console.,/subjects/math/calculus/limits-continuity/unit/limits/epsilon-delta-practice/,0,CURRENT,self-canonical=true; sitemap=true; inboundInternalLinks=2,medium / pending search evidence,"GSC top queries, clicks, impressions, CTR, average position; backlinks before any consolidation"
/subjects/math/calculus/limits-continuity/unit/limits/epsilon-delta-quadratic/,https://bettergrades.net/subjects/math/calculus/limits-continuity/unit/limits/epsilon-delta-quadratic/,calculus,unit.calculus.1,textbook-lesson.limits.calculus-limits-epsilon-delta-quadratic,textbook-lesson,Epsilon-Delta Proofs for Quadratic Functions | Better Grades,Epsilon-Delta Proofs for Quadratic Functions,epsilon-delta proofs for quadratic functions,epsilon delta proof x squared | calculus limits epsilon-delta-quadratic | lesson | limits | continuity | epsilon delta quadratic,,,UNAVAILABLE,UNAVAILABLE,UNAVAILABLE,UNAVAILABLE,UNAVAILABLE,KEEP,Unique rendered H1/primary query retained; monitor in Search Console.,/subjects/math/calculus/limits-continuity/unit/limits/epsilon-delta-quadratic/,0,CURRENT,self-canonical=true; sitemap=true; inboundInternalLinks=5,medium / pending search evidence,"GSC top queries, clicks, impressions, CTR, average position; backlinks before any consolidation"
/subjects/math/calculus/limits-continuity/unit/limits/epsilon-delta-review/,https://bettergrades.net/subjects/math/calculus/limits-continuity/unit/limits/epsilon-delta-review/,calculus,unit.calculus.1,textbook-lesson.limits.calculus-limits-epsilon-delta-review,textbook-lesson,Epsilon-Delta Review | Better Grades,Epsilon-Delta Review,epsilon-delta review,epsilon delta review | calculus limits epsilon-delta-review | review | limits | continuity,,,UNAVAILABLE,UNAVAILABLE,UNAVAILABLE,UNAVAILABLE,UNAVAILABLE,KEEP,Unique rendered H1/primary query retained; monitor in Search Console.,/subjects/math/calculus/limits-continuity/unit/limits/epsilon-delta-review/,0,CURRENT,self-canonical=true; sitemap=true; inboundInternalLinks=2,medium / pending search evidence,"GSC top queries, clicks, impressions, CTR, average position; backlinks before any consolidation"
/subjects/math/calculus/limits-continuity/unit/limits/factoring-limits/,https://bettergrades.net/subjects/math/calculus/limits-continuity/unit/limits/factoring-limits/,calculus,unit.calculus.1,textbook-lesson.limits.calculus-limits-factoring-limits,textbook-lesson,Evaluating Limits by Factoring | Better Grades,Evaluating Limits by Factoring,evaluating limits by factoring,limits by factoring and cancellation | calculus limits factoring-limits | lesson | limits | continuity | factoring limits,,,UNAVAILABLE,UNAVAILABLE,UNAVAILABLE,UNAVAILABLE,UNAVAILABLE,KEEP,Unique rendered H1/primary query retained; monitor in Search Console.,/subjects/math/calculus/limits-continuity/unit/limits/factoring-limits/,0,CURRENT,self-canonical=true; sitemap=true; inboundInternalLinks=5,medium / pending search evidence,"GSC top queries, clicks, impressions, CTR, average position; backlinks before any consolidation"
/subjects/math/calculus/limits-continuity/unit/limits/finite-limit-decision-tree/,https://bettergrades.net/subjects/math/calculus/limits-continuity/unit/limits/finite-limit-decision-tree/,calculus,unit.calculus.1,textbook-lesson.limits.calculus-limits-finite-limit-decision-tree,textbook-lesson,Finite Limit Decision Tree | Better Grades,Finite Limit Decision Tree,finite limit decision tree,how to choose a limit method | calculus limits finite-limit-decision-tree | reference | limits | continuity | finite limit decision tree,,,UNAVAILABLE,UNAVAILABLE,UNAVAILABLE,UNAVAILABLE,UNAVAILABLE,KEEP,Unique rendered H1/primary query retained; monitor in Search Console.,/subjects/math/calculus/limits-continuity/unit/limits/finite-limit-decision-tree/,0,CURRENT,self-canonical=true; sitemap=true; inboundInternalLinks=8,medium / pending search evidence,"GSC top queries, clicks, impressions, CTR, average position; backlinks before any consolidation"
/subjects/math/calculus/limits-continuity/unit/limits/finite-limits-concept-quiz/,https://bettergrades.net/subjects/math/calculus/limits-continuity/unit/limits/finite-limits-concept-quiz/,calculus,unit.calculus.1,textbook-lesson.limits.calculus-limits-finite-limits-concept-quiz,textbook-lesson,Finite Limits Concept Quiz | Better Grades,Finite Limits Concept Quiz,finite limits concept quiz,finite limits quiz | calculus limits finite-limits-concept-quiz | quiz | limits | continuity | finite limits concept quiz,,,UNAVAILABLE,UNAVAILABLE,UNAVAILABLE,UNAVAILABLE,UNAVAILABLE,KEEP,Unique rendered H1/primary query retained; monitor in Search Console.,/subjects/math/calculus/limits-continuity/unit/limits/finite-limits-concept-quiz/,0,CURRENT,self-canonical=true; sitemap=true; inboundInternalLinks=2,medium / pending search evidence,"GSC top queries, clicks, impressions, CTR, average position; backlinks before any consolidation"
/subjects/math/calculus/limits-continuity/unit/limits/finite-limits-practice/,https://bettergrades.net/subjects/math/calculus/limits-continuity/unit/limits/finite-limits-practice/,calculus,unit.calculus.1,textbook-lesson.limits.calculus-limits-finite-limits-practice,textbook-lesson,Finite Limit Practice Problems | Better Grades,Finite Limit Practice Problems,finite limit practice problems,finite limit practice problems | calculus limits finite-limits-practice | practice | limits | continuity | finite limits practice,,,UNAVAILABLE,UNAVAILABLE,UNAVAILABLE,UNAVAILABLE,UNAVAILABLE,KEEP,Unique rendered H1/primary query retained; monitor in Search Console.,/subjects/math/calculus/limits-continuity/unit/limits/finite-limits-practice/,0,CURRENT,self-canonical=true; sitemap=true; inboundInternalLinks=2,medium / pending search evidence,"GSC top queries, clicks, impressions, CTR, average position; backlinks before any consolidation"
/subjects/math/calculus/limits-continuity/unit/limits/finite-limits-review/,https://bettergrades.net/subjects/math/calculus/limits-continuity/unit/limits/finite-limits-review/,calculus,unit.calculus.1,textbook-lesson.limits.calculus-limits-finite-limits-review,textbook-lesson,Finite Limits Review | Better Grades,Finite Limits Review,finite limits review,finite limits review | calculus limits finite-limits-review | review | limits | continuity,,,UNAVAILABLE,UNAVAILABLE,UNAVAILABLE,UNAVAILABLE,UNAVAILABLE,KEEP,Unique rendered H1/primary query retained; monitor in Search Console.,/subjects/math/calculus/limits-continuity/unit/limits/finite-limits-review/,0,CURRENT,self-canonical=true; sitemap=true; inboundInternalLinks=2,medium / pending search evidence,"GSC top queries, clicks, impressions, CTR, average position; backlinks before any consolidation"
/subjects/math/calculus/limits-continuity/unit/limits/formal-infinite-limits/,https://bettergrades.net/subjects/math/calculus/limits-continuity/unit/limits/formal-infinite-limits/,calculus,unit.calculus.1,textbook-lesson.limits.calculus-limits-formal-infinite-limits,textbook-lesson,Formal Definition of an Infinite Limit | Better Grades,Formal Definition of an Infinite Limit,formal definition of an infinite limit,formal infinite limit definition | calculus limits formal-infinite-limits | extension | limits | continuity | formal infinite limits,,,UNAVAILABLE,UNAVAILABLE,UNAVAILABLE,UNAVAILABLE,UNAVAILABLE,KEEP,Unique rendered H1/primary query retained; monitor in Search Console.,/subjects/math/calculus/limits-continuity/unit/limits/formal-infinite-limits/,0,CURRENT,self-canonical=true; sitemap=true; inboundInternalLinks=2,medium / pending search evidence,"GSC top queries, clicks, impressions, CTR, average position; backlinks before any consolidation"
/subjects/math/calculus/limits-continuity/unit/limits/function-value-vs-limit/,https://bettergrades.net/subjects/math/calculus/limits-continuity/unit/limits/function-value-vs-limit/,calculus,unit.calculus.1,textbook-lesson.limits.calculus-limits-function-value-vs-limit,textbook-lesson,Function Value vs. Limit | Better Grades,Function Value vs. Limit,function value vs limit,difference between function value and limit | calculus limits function-value-vs-limit | lesson | limits | continuity | function value vs limit,,,UNAVAILABLE,UNAVAILABLE,UNAVAILABLE,UNAVAILABLE,UNAVAILABLE,KEEP,Unique rendered H1/primary query retained; monitor in Search Console.,/subjects/math/calculus/limits-continuity/unit/limits/function-value-vs-limit/,0,CURRENT,self-canonical=true; sitemap=true; inboundInternalLinks=5,medium / pending search evidence,"GSC top queries, clicks, impressions, CTR, average position; backlinks before any consolidation"
/subjects/math/calculus/limits-continuity/unit/limits/infinite-behavior-concept-quiz/,https://bettergrades.net/subjects/math/calculus/limits-continuity/unit/limits/infinite-behavior-concept-quiz/,calculus,unit.calculus.1,textbook-lesson.limits.calculus-limits-infinite-behavior-concept-quiz,textbook-lesson,Infinite Limits Concept Quiz | Better Grades,Infinite Limits Concept Quiz,infinite limits concept quiz,infinite limits quiz | calculus limits infinite-behavior-concept-quiz | quiz | limits | continuity | infinite behavior concept quiz,,,UNAVAILABLE,UNAVAILABLE,UNAVAILABLE,UNAVAILABLE,UNAVAILABLE,KEEP,Unique rendered H1/primary query retained; monitor in Search Console.,/subjects/math/calculus/limits-continuity/unit/limits/infinite-behavior-concept-quiz/,0,CURRENT,self-canonical=true; sitemap=true; inboundInternalLinks=2,medium / pending search evidence,"GSC top queries, clicks, impressions, CTR, average position; backlinks before any consolidation"
/subjects/math/calculus/limits-continuity/unit/limits/infinite-behavior-practice/,https://bettergrades.net/subjects/math/calculus/limits-continuity/unit/limits/infinite-behavior-practice/,calculus,unit.calculus.1,textbook-lesson.limits.calculus-limits-infinite-behavior-practice,textbook-lesson,Infinite Limits and Asymptote Practice | Better Grades,Infinite Limits and Asymptote Practice,infinite limits and asymptote practice,infinite limits practice problems | calculus limits infinite-behavior-practice | practice | limits | continuity | infinite behavior practice,,,UNAVAILABLE,UNAVAILABLE,UNAVAILABLE,UNAVAILABLE,UNAVAILABLE,KEEP,Unique rendered H1/primary query retained; monitor in Search Console.,/subjects/math/calculus/limits-continuity/unit/limits/infinite-behavior-practice/,0,CURRENT,self-canonical=true; sitemap=true; inboundInternalLinks=2,medium / pending search evidence,"GSC top queries, clicks, impressions, CTR, average position; backlinks before any consolidation"
/subjects/math/calculus/limits-continuity/unit/limits/infinite-behavior-review/,https://bettergrades.net/subjects/math/calculus/limits-continuity/unit/limits/infinite-behavior-review/,calculus,unit.calculus.1,textbook-lesson.limits.calculus-limits-infinite-behavior-review,textbook-lesson,Infinite Limits and Asymptotes Review | Better Grades,Infinite Limits and Asymptotes Review,infinite limits and asymptotes review,infinite limits asymptotes review | calculus limits infinite-behavior-review | review | limits | continuity | infinite behavior review,,,UNAVAILABLE,UNAVAILABLE,UNAVAILABLE,UNAVAILABLE,UNAVAILABLE,KEEP,Unique rendered H1/primary query retained; monitor in Search Console.,/subjects/math/calculus/limits-continuity/unit/limits/infinite-behavior-review/,0,CURRENT,self-canonical=true; sitemap=true; inboundInternalLinks=2,medium / pending search evidence,"GSC top queries, clicks, impressions, CTR, average position; backlinks before any consolidation"
/subjects/math/calculus/limits-continuity/unit/limits/infinite-limits/,https://bettergrades.net/subjects/math/calculus/limits-continuity/unit/limits/infinite-limits/,calculus,unit.calculus.1,,decision-guide,Infinite Limits Explained | Better Grades,Infinite Limits Explained,infinite limits explained,infinite limits calculus | calculus limits infinite-limits | lesson | limits | continuity | infinite limits,,,UNAVAILABLE,UNAVAILABLE,UNAVAILABLE,UNAVAILABLE,UNAVAILABLE,KEEP,Unique rendered H1/primary query retained; monitor in Search Console.,/subjects/math/calculus/limits-continuity/unit/limits/infinite-limits/,0,CURRENT,self-canonical=true; sitemap=true; inboundInternalLinks=9,medium / pending search evidence,"GSC top queries, clicks, impressions, CTR, average position; backlinks before any consolidation"
/subjects/math/calculus/limits-continuity/unit/limits/infinity-minus-infinity/,https://bettergrades.net/subjects/math/calculus/limits-continuity/unit/limits/infinity-minus-infinity/,calculus,unit.calculus.1,textbook-lesson.limits.calculus-limits-infinity-minus-infinity,textbook-lesson,Infinity Minus Infinity Limits | Better Grades,Infinity Minus Infinity Limits,infinity minus infinity limits,infinity minus infinity limit conjugate | calculus limits infinity-minus-infinity | lesson | limits | continuity | infinity minus infinity,,,UNAVAILABLE,UNAVAILABLE,UNAVAILABLE,UNAVAILABLE,UNAVAILABLE,KEEP,Unique rendered H1/primary query retained; monitor in Search Console.,/subjects/math/calculus/limits-continuity/unit/limits/infinity-minus-infinity/,0,CURRENT,self-canonical=true; sitemap=true; inboundInternalLinks=5,medium / pending search evidence,"GSC top queries, clicks, impressions, CTR, average position; backlinks before any consolidation"
/subjects/math/calculus/limits-continuity/unit/limits/limit-at-a-hole/,https://bettergrades.net/subjects/math/calculus/limits-continuity/unit/limits/limit-at-a-hole/,calculus,unit.calculus.1,textbook-lesson.limits.calculus-limits-limit-at-a-hole,textbook-lesson,Limits at Holes and Undefined Points | Better Grades,Limits at Holes and Undefined Points,limits at holes and undefined points,can a limit exist if function is undefined | calculus limits limit-at-a-hole | lesson | limits | continuity | limit at a hole,,,UNAVAILABLE,UNAVAILABLE,UNAVAILABLE,UNAVAILABLE,UNAVAILABLE,KEEP,Unique rendered H1/primary query retained; monitor in Search Console.,/subjects/math/calculus/limits-continuity/unit/limits/limit-at-a-hole/,0,CURRENT,self-canonical=true; sitemap=true; inboundInternalLinks=5,medium / pending search evidence,"GSC top queries, clicks, impressions, CTR, average position; backlinks before any consolidation"
/subjects/math/calculus/limits-continuity/unit/limits/limit-laws/,https://bettergrades.net/subjects/math/calculus/limits-continuity/unit/limits/limit-laws/,calculus,unit.calculus.1,textbook-lesson.limits.calculus-limits-limit-laws,textbook-lesson,Limit Laws and How to Use Them | Better Grades,Limit Laws and How to Use Them,limit laws and how to use them,limit laws calculus | calculus limits limit-laws | lesson | limits | continuity | limit laws,,,UNAVAILABLE,UNAVAILABLE,UNAVAILABLE,UNAVAILABLE,UNAVAILABLE,KEEP,Unique rendered H1/primary query retained; monitor in Search Console.,/subjects/math/calculus/limits-continuity/unit/limits/limit-laws/,0,CURRENT,self-canonical=true; sitemap=true; inboundInternalLinks=5,medium / pending search evidence,"GSC top queries, clicks, impressions, CTR, average position; backlinks before any consolidation"
/subjects/math/calculus/limits-continuity/unit/limits/limits-at-infinity/,https://bettergrades.net/subjects/math/calculus/limits-continuity/unit/limits/limits-at-infinity/,calculus,unit.calculus.1,textbook-lesson.limits.calculus-limits-limits-at-infinity,textbook-lesson,Limits at Infinity and Horizontal Asymptotes | Better Grades,Limits at Infinity and Horizontal Asymptotes,limits at infinity and horizontal asymptotes,limits at infinity rational functions | calculus limits limits-at-infinity | lesson | limits | continuity | limits at infinity,,,UNAVAILABLE,UNAVAILABLE,UNAVAILABLE,UNAVAILABLE,UNAVAILABLE,KEEP,Unique rendered H1/primary query retained; monitor in Search Console.,/subjects/math/calculus/limits-continuity/unit/limits/limits-at-infinity/,0,CURRENT,self-canonical=true; sitemap=true; inboundInternalLinks=5,medium / pending search evidence,"GSC top queries, clicks, impressions, CTR, average position; backlinks before any consolidation"
/subjects/math/calculus/limits-continuity/unit/limits/meaning-concept-quiz/,https://bettergrades.net/subjects/math/calculus/limits-continuity/unit/limits/meaning-concept-quiz/,calculus,unit.calculus.1,textbook-lesson.limits.calculus-limits-meaning-concept-quiz,textbook-lesson,Limit Meaning Concept Quiz | Better Grades,Limit Meaning Concept Quiz,limit meaning concept quiz,limits concept quiz | calculus limits meaning-concept-quiz | quiz | limits | continuity | meaning concept quiz,,,UNAVAILABLE,UNAVAILABLE,UNAVAILABLE,UNAVAILABLE,UNAVAILABLE,KEEP,Unique rendered H1/primary query retained; monitor in Search Console.,/subjects/math/calculus/limits-continuity/unit/limits/meaning-concept-quiz/,0,CURRENT,self-canonical=true; sitemap=true; inboundInternalLinks=2,medium / pending search evidence,"GSC top queries, clicks, impressions, CTR, average position; backlinks before any consolidation"
/subjects/math/calculus/limits-continuity/unit/limits/meaning-practice/,https://bettergrades.net/subjects/math/calculus/limits-continuity/unit/limits/meaning-practice/,calculus,unit.calculus.1,textbook-lesson.limits.calculus-limits-meaning-practice,textbook-lesson,Limit Meaning Practice Problems | Better Grades,Limit Meaning Practice Problems,limit meaning practice problems,limit notation and graph practice problems | calculus limits meaning-practice | practice | limits | continuity | meaning practice,,,UNAVAILABLE,UNAVAILABLE,UNAVAILABLE,UNAVAILABLE,UNAVAILABLE,KEEP,Unique rendered H1/primary query retained; monitor in Search Console.,/subjects/math/calculus/limits-continuity/unit/limits/meaning-practice/,0,CURRENT,self-canonical=true; sitemap=true; inboundInternalLinks=2,medium / pending search evidence,"GSC top queries, clicks, impressions, CTR, average position; backlinks before any consolidation"
/subjects/math/calculus/limits-continuity/unit/limits/meaning-review/,https://bettergrades.net/subjects/math/calculus/limits-continuity/unit/limits/meaning-review/,calculus,unit.calculus.1,textbook-lesson.limits.calculus-limits-meaning-review,textbook-lesson,Limit Meaning Review | Better Grades,Limit Meaning Review,limit meaning review,limits concept review | calculus limits meaning-review | review | limits | continuity | meaning review,,,UNAVAILABLE,UNAVAILABLE,UNAVAILABLE,UNAVAILABLE,UNAVAILABLE,KEEP,Unique rendered H1/primary query retained; monitor in Search Console.,/subjects/math/calculus/limits-continuity/unit/limits/meaning-review/,0,CURRENT,self-canonical=true; sitemap=true; inboundInternalLinks=2,medium / pending search evidence,"GSC top queries, clicks, impressions, CTR, average position; backlinks before any consolidation"
/subjects/math/calculus/limits-continuity/unit/limits/notation-guide/,https://bettergrades.net/subjects/math/calculus/limits-continuity/unit/limits/notation-guide/,calculus,unit.calculus.1,textbook-lesson.limits.calculus-limits-notation-guide,textbook-lesson,Limit Notation Guide | Better Grades,Limit Notation Guide,limit notation guide,limit notation explained | calculus limits notation-guide | reference | limits | continuity | notation guide,,,UNAVAILABLE,UNAVAILABLE,UNAVAILABLE,UNAVAILABLE,UNAVAILABLE,KEEP,Unique rendered H1/primary query retained; monitor in Search Console.,/subjects/math/calculus/limits-continuity/unit/limits/notation-guide/,0,CURRENT,self-canonical=true; sitemap=true; inboundInternalLinks=5,medium / pending search evidence,"GSC top queries, clicks, impressions, CTR, average position; backlinks before any consolidation"
/subjects/math/calculus/limits-continuity/unit/limits/one-sided-limits/,https://bettergrades.net/subjects/math/calculus/limits-continuity/unit/limits/one-sided-limits/,calculus,unit.calculus.1,textbook-lesson.limits.calculus-limits-one-sided-limits,textbook-lesson,One-Sided Limits From the Left and Right | Better Grades,One-Sided Limits From the Left and Right,one-sided limits from the left and right,one sided limits explained | calculus limits one-sided-limits | lesson | limits | continuity | one sided limits,,,UNAVAILABLE,UNAVAILABLE,UNAVAILABLE,UNAVAILABLE,UNAVAILABLE,KEEP,Unique rendered H1/primary query retained; monitor in Search Console.,/subjects/math/calculus/limits-continuity/unit/limits/one-sided-limits/,0,CURRENT,self-canonical=true; sitemap=true; inboundInternalLinks=5,medium / pending search evidence,"GSC top queries, clicks, impressions, CTR, average position; backlinks before any consolidation"
/subjects/math/calculus/limits-continuity/unit/limits/practice-exam-a/,https://bettergrades.net/subjects/math/calculus/limits-continuity/unit/limits/practice-exam-a/,calculus,unit.calculus.1,textbook-lesson.limits.calculus-limits-practice-exam-a,textbook-lesson,Limits and Continuity Practice Exam A | Better Grades,Limits and Continuity Practice Exam A,limits and continuity practice exam a,calculus limits practice exam | calculus limits practice-exam-a | exam | limits | continuity | practice exam a,,,UNAVAILABLE,UNAVAILABLE,UNAVAILABLE,UNAVAILABLE,UNAVAILABLE,KEEP,Unique rendered H1/primary query retained; monitor in Search Console.,/subjects/math/calculus/limits-continuity/unit/limits/practice-exam-a/,0,CURRENT,self-canonical=true; sitemap=true; inboundInternalLinks=3,medium / pending search evidence,"GSC top queries, clicks, impressions, CTR, average position; backlinks before any consolidation"
/subjects/math/calculus/limits-continuity/unit/limits/practice-exam-a/answer-key/,https://bettergrades.net/subjects/math/calculus/limits-continuity/unit/limits/practice-exam-a/answer-key/,calculus,unit.calculus.1,textbook-lesson.limits.calculus-limits-practice-exam-a-answer-key,textbook-lesson,Limits and Continuity Practice Exam A Answer Key | Better Grades,Practice Exam A Answer Key,practice exam a answer key,limits and continuity practice exam a answer key | calculus limits practice-exam-a answer-key | answer-key | limits | continuity | answer key,,,UNAVAILABLE,UNAVAILABLE,UNAVAILABLE,UNAVAILABLE,UNAVAILABLE,KEEP,Unique rendered H1/primary query retained; monitor in Search Console.,/subjects/math/calculus/limits-continuity/unit/limits/practice-exam-a/answer-key/,0,CURRENT,self-canonical=true; sitemap=true; inboundInternalLinks=3,medium / pending search evidence,"GSC top queries, clicks, impressions, CTR, average position; backlinks before any consolidation"
/subjects/math/calculus/limits-continuity/unit/limits/practice-exam-b/,https://bettergrades.net/subjects/math/calculus/limits-continuity/unit/limits/practice-exam-b/,calculus,unit.calculus.1,textbook-lesson.limits.calculus-limits-practice-exam-b,textbook-lesson,Limits and Continuity Practice Exam B | Better Grades,Limits and Continuity Practice Exam B,limits and continuity practice exam b,calculus limits practice test hard | calculus limits practice-exam-b | exam | limits | continuity | practice exam b,,,UNAVAILABLE,UNAVAILABLE,UNAVAILABLE,UNAVAILABLE,UNAVAILABLE,KEEP,Unique rendered H1/primary query retained; monitor in Search Console.,/subjects/math/calculus/limits-continuity/unit/limits/practice-exam-b/,0,CURRENT,self-canonical=true; sitemap=true; inboundInternalLinks=3,medium / pending search evidence,"GSC top queries, clicks, impressions, CTR, average position; backlinks before any consolidation"
/subjects/math/calculus/limits-continuity/unit/limits/practice-exam-b/answer-key/,https://bettergrades.net/subjects/math/calculus/limits-continuity/unit/limits/practice-exam-b/answer-key/,calculus,unit.calculus.1,textbook-lesson.limits.calculus-limits-practice-exam-b-answer-key,textbook-lesson,Limits and Continuity Practice Exam B Answer Key | Better Grades,Practice Exam B Answer Key,practice exam b answer key,limits and continuity practice exam b answer key | calculus limits practice-exam-b answer-key | answer-key | limits | continuity | answer key,,,UNAVAILABLE,UNAVAILABLE,UNAVAILABLE,UNAVAILABLE,UNAVAILABLE,KEEP,Unique rendered H1/primary query retained; monitor in Search Console.,/subjects/math/calculus/limits-continuity/unit/limits/practice-exam-b/answer-key/,0,CURRENT,self-canonical=true; sitemap=true; inboundInternalLinks=3,medium / pending search evidence,"GSC top queries, clicks, impressions, CTR, average position; backlinks before any consolidation"
/subjects/math/calculus/limits-continuity/unit/limits/prerequisite-diagnostic/,https://bettergrades.net/subjects/math/calculus/limits-continuity/unit/limits/prerequisite-diagnostic/,calculus,unit.calculus.1,textbook-lesson.limits.calculus-limits-prerequisite-diagnostic,textbook-lesson,Calculus Limits Prerequisite Diagnostic | Better Grades,Calculus Limits Prerequisite Diagnostic,calculus limits prerequisite diagnostic,calculus limits prerequisite test | calculus limits prerequisite-diagnostic | diagnostic | limits | continuity | prerequisite diagnostic,,,UNAVAILABLE,UNAVAILABLE,UNAVAILABLE,UNAVAILABLE,UNAVAILABLE,KEEP,Unique rendered H1/primary query retained; monitor in Search Console.,/subjects/math/calculus/limits-continuity/unit/limits/prerequisite-diagnostic/,0,CURRENT,self-canonical=true; sitemap=true; inboundInternalLinks=4,medium / pending search evidence,"GSC top queries, clicks, impressions, CTR, average position; backlinks before any consolidation"
/subjects/math/calculus/limits-continuity/unit/limits/radicals-at-infinity/,https://bettergrades.net/subjects/math/calculus/limits-continuity/unit/limits/radicals-at-infinity/,calculus,unit.calculus.1,textbook-lesson.limits.calculus-limits-radicals-at-infinity,textbook-lesson,Radical Limits at Infinity | Better Grades,Radical Limits at Infinity,radical limits at infinity,limits at infinity square roots absolute value | calculus limits radicals-at-infinity | lesson | limits | continuity | radicals at infinity,,,UNAVAILABLE,UNAVAILABLE,UNAVAILABLE,UNAVAILABLE,UNAVAILABLE,KEEP,Unique rendered H1/primary query retained; monitor in Search Console.,/subjects/math/calculus/limits-continuity/unit/limits/radicals-at-infinity/,0,CURRENT,self-canonical=true; sitemap=true; inboundInternalLinks=5,medium / pending search evidence,"GSC top queries, clicks, impressions, CTR, average position; backlinks before any consolidation"
/subjects/math/calculus/limits-continuity/unit/limits/ratio-of-sines/,https://bettergrades.net/subjects/math/calculus/limits-continuity/unit/limits/ratio-of-sines/,calculus,unit.calculus.1,textbook-lesson.limits.calculus-limits-ratio-of-sines,textbook-lesson,Limits of Ratios of Sine Functions | Better Grades,Limits of Ratios of Sine Functions,limits of ratios of sine functions,limit sin ax over sin bx | calculus limits ratio-of-sines | lesson | limits | continuity | ratio of sines,,,UNAVAILABLE,UNAVAILABLE,UNAVAILABLE,UNAVAILABLE,UNAVAILABLE,KEEP,Unique rendered H1/primary query retained; monitor in Search Console.,/subjects/math/calculus/limits-continuity/unit/limits/ratio-of-sines/,0,CURRENT,self-canonical=true; sitemap=true; inboundInternalLinks=5,medium / pending search evidence,"GSC top queries, clicks, impressions, CTR, average position; backlinks before any consolidation"
/subjects/math/calculus/limits-continuity/unit/limits/rationalizing-radicals/,https://bettergrades.net/subjects/math/calculus/limits-continuity/unit/limits/rationalizing-radicals/,calculus,unit.calculus.1,textbook-lesson.limits.calculus-limits-rationalizing-radicals,textbook-lesson,Evaluating Radical Limits With Conjugates | Better Grades,Evaluating Radical Limits With Conjugates,evaluating radical limits with conjugates,limits with square roots conjugate | calculus limits rationalizing-radicals | lesson | limits | continuity | rationalizing radicals,,,UNAVAILABLE,UNAVAILABLE,UNAVAILABLE,UNAVAILABLE,UNAVAILABLE,KEEP,Unique rendered H1/primary query retained; monitor in Search Console.,/subjects/math/calculus/limits-continuity/unit/limits/rationalizing-radicals/,0,CURRENT,self-canonical=true; sitemap=true; inboundInternalLinks=5,medium / pending search evidence,"GSC top queries, clicks, impressions, CTR, average position; backlinks before any consolidation"
/subjects/math/calculus/limits-continuity/unit/limits/read-limits-from-graphs/,https://bettergrades.net/subjects/math/calculus/limits-continuity/unit/limits/read-limits-from-graphs/,calculus,unit.calculus.1,textbook-lesson.limits.calculus-limits-read-limits-from-graphs,textbook-lesson,How to Read Limits From a Graph | Better Grades,How to Read Limits From a Graph,how to read limits from a graph,how to find limits from a graph | calculus limits read-limits-from-graphs | lesson | limits | continuity | read limits from graphs,,,UNAVAILABLE,UNAVAILABLE,UNAVAILABLE,UNAVAILABLE,UNAVAILABLE,KEEP,Unique rendered H1/primary query retained; monitor in Search Console.,/subjects/math/calculus/limits-continuity/unit/limits/read-limits-from-graphs/,0,CURRENT,self-canonical=true; sitemap=true; inboundInternalLinks=8,medium / pending search evidence,"GSC top queries, clicks, impressions, CTR, average position; backlinks before any consolidation"
/subjects/math/calculus/limits-continuity/unit/limits/scaled-sine-tangent/,https://bettergrades.net/subjects/math/calculus/limits-continuity/unit/limits/scaled-sine-tangent/,calculus,unit.calculus.1,textbook-lesson.limits.calculus-limits-scaled-sine-tangent,textbook-lesson,Scaled Sine and Tangent Limits | Better Grades,Scaled Sine and Tangent Limits,scaled sine and tangent limits,trigonometric limits sin kx over x | calculus limits scaled-sine-tangent | lesson | limits | continuity | scaled sine tangent,,,UNAVAILABLE,UNAVAILABLE,UNAVAILABLE,UNAVAILABLE,UNAVAILABLE,KEEP,Unique rendered H1/primary query retained; monitor in Search Console.,/subjects/math/calculus/limits-continuity/unit/limits/scaled-sine-tangent/,0,CURRENT,self-canonical=true; sitemap=true; inboundInternalLinks=5,medium / pending search evidence,"GSC top queries, clicks, impressions, CTR, average position; backlinks before any consolidation"
/subjects/math/calculus/limits-continuity/unit/limits/sin-x-over-x-proof/,https://bettergrades.net/subjects/math/calculus/limits-continuity/unit/limits/sin-x-over-x-proof/,calculus,unit.calculus.1,textbook-lesson.limits.calculus-limits-sin-x-over-x-proof,textbook-lesson,Geometric Proof of the sin(x)/x Limit | Better Grades,Geometric Proof of the sin(x)/x Limit,geometric proof of the sin(x)/x limit,proof limit sin x over x | calculus limits sin-x-over-x-proof | lesson | limits | continuity | sin x over x proof,,,UNAVAILABLE,UNAVAILABLE,UNAVAILABLE,UNAVAILABLE,UNAVAILABLE,KEEP,Unique rendered H1/primary query retained; monitor in Search Console.,/subjects/math/calculus/limits-continuity/unit/limits/sin-x-over-x-proof/,0,CURRENT,self-canonical=true; sitemap=true; inboundInternalLinks=5,medium / pending search evidence,"GSC top queries, clicks, impressions, CTR, average position; backlinks before any consolidation"
/subjects/math/calculus/limits-continuity/unit/limits/sin-x-over-x/,https://bettergrades.net/subjects/math/calculus/limits-continuity/unit/limits/sin-x-over-x/,calculus,unit.calculus.1,textbook-lesson.limits.calculus-limits-sin-x-over-x,textbook-lesson,Why sin(x)/x Approaches 1 | Better Grades,Why sin(x)/x Approaches 1,why sin(x)/x approaches 1,limit sin x over x equals 1 | calculus limits sin-x-over-x | lesson | limits | continuity | sin x over x,,,UNAVAILABLE,UNAVAILABLE,UNAVAILABLE,UNAVAILABLE,UNAVAILABLE,KEEP,Unique rendered H1/primary query retained; monitor in Search Console.,/subjects/math/calculus/limits-continuity/unit/limits/sin-x-over-x/,0,CURRENT,self-canonical=true; sitemap=true; inboundInternalLinks=5,medium / pending search evidence,"GSC top queries, clicks, impressions, CTR, average position; backlinks before any consolidation"
/subjects/math/calculus/limits-continuity/unit/limits/slant-asymptotes/,https://bettergrades.net/subjects/math/calculus/limits-continuity/unit/limits/slant-asymptotes/,calculus,unit.calculus.1,textbook-lesson.limits.calculus-limits-slant-asymptotes,textbook-lesson,Polynomial and Slant Asymptotes | Better Grades,Polynomial and Slant Asymptotes,polynomial and slant asymptotes,slant asymptote limit | calculus limits slant-asymptotes | lesson | limits | continuity | slant asymptotes,,,UNAVAILABLE,UNAVAILABLE,UNAVAILABLE,UNAVAILABLE,UNAVAILABLE,KEEP,Unique rendered H1/primary query retained; monitor in Search Console.,/subjects/math/calculus/limits-continuity/unit/limits/slant-asymptotes/,0,CURRENT,self-canonical=true; sitemap=true; inboundInternalLinks=5,medium / pending search evidence,"GSC top queries, clicks, impressions, CTR, average position; backlinks before any consolidation"
/subjects/math/calculus/limits-continuity/unit/limits/squeeze-theorem/,https://bettergrades.net/subjects/math/calculus/limits-continuity/unit/limits/squeeze-theorem/,calculus,unit.calculus.1,textbook-lesson.limits.calculus-limits-squeeze-theorem,textbook-lesson,The Squeeze Theorem | Better Grades,The Squeeze Theorem,the squeeze theorem,squeeze theorem calculus | calculus limits squeeze-theorem | lesson | limits | continuity | squeeze theorem,,,UNAVAILABLE,UNAVAILABLE,UNAVAILABLE,UNAVAILABLE,UNAVAILABLE,KEEP,Unique rendered H1/primary query retained; monitor in Search Console.,/subjects/math/calculus/limits-continuity/unit/limits/squeeze-theorem/,0,CURRENT,self-canonical=true; sitemap=true; inboundInternalLinks=9,medium / pending search evidence,"GSC top queries, clicks, impressions, CTR, average position; backlinks before any consolidation"
/subjects/math/calculus/limits-continuity/unit/limits/trig-limit-decision-guide/,https://bettergrades.net/subjects/math/calculus/limits-continuity/unit/limits/trig-limit-decision-guide/,calculus,unit.calculus.1,,decision-guide,Trigonometric Limit Decision Guide | Better Grades,Trigonometric Limit Decision Guide,trigonometric limit decision guide,how to solve trig limits | calculus limits trig-limit-decision-guide | reference | limits | continuity | trig limit decision guide,,,UNAVAILABLE,UNAVAILABLE,UNAVAILABLE,UNAVAILABLE,UNAVAILABLE,KEEP,Unique rendered H1/primary query retained; monitor in Search Console.,/subjects/math/calculus/limits-continuity/unit/limits/trig-limit-decision-guide/,0,CURRENT,self-canonical=true; sitemap=true; inboundInternalLinks=8,medium / pending search evidence,"GSC top queries, clicks, impressions, CTR, average position; backlinks before any consolidation"
/subjects/math/calculus/limits-continuity/unit/limits/trig-limits-concept-quiz/,https://bettergrades.net/subjects/math/calculus/limits-continuity/unit/limits/trig-limits-concept-quiz/,calculus,unit.calculus.1,,decision-guide,Trigonometric Limits Concept Quiz | Better Grades,Trigonometric Limits Concept Quiz,trigonometric limits concept quiz,trigonometric limits quiz | calculus limits trig-limits-concept-quiz | quiz | limits | continuity | trig limits concept quiz,,,UNAVAILABLE,UNAVAILABLE,UNAVAILABLE,UNAVAILABLE,UNAVAILABLE,KEEP,Unique rendered H1/primary query retained; monitor in Search Console.,/subjects/math/calculus/limits-continuity/unit/limits/trig-limits-concept-quiz/,0,CURRENT,self-canonical=true; sitemap=true; inboundInternalLinks=2,medium / pending search evidence,"GSC top queries, clicks, impressions, CTR, average position; backlinks before any consolidation"
/subjects/math/calculus/limits-continuity/unit/limits/trig-limits-practice/,https://bettergrades.net/subjects/math/calculus/limits-continuity/unit/limits/trig-limits-practice/,calculus,unit.calculus.1,,decision-guide,Trigonometric Limit Practice Problems | Better Grades,Trigonometric Limit Practice Problems,trigonometric limit practice problems,trigonometric limit practice problems | calculus limits trig-limits-practice | practice | limits | continuity | trig limits practice,,,UNAVAILABLE,UNAVAILABLE,UNAVAILABLE,UNAVAILABLE,UNAVAILABLE,KEEP,Unique rendered H1/primary query retained; monitor in Search Console.,/subjects/math/calculus/limits-continuity/unit/limits/trig-limits-practice/,0,CURRENT,self-canonical=true; sitemap=true; inboundInternalLinks=2,medium / pending search evidence,"GSC top queries, clicks, impressions, CTR, average position; backlinks before any consolidation"
/subjects/math/calculus/limits-continuity/unit/limits/trig-limits-review/,https://bettergrades.net/subjects/math/calculus/limits-continuity/unit/limits/trig-limits-review/,calculus,unit.calculus.1,,decision-guide,Squeeze and Trigonometric Limits Review | Better Grades,Squeeze and Trigonometric Limits Review,squeeze and trigonometric limits review,trigonometric limits review | calculus limits trig-limits-review | review | limits | continuity | trig limits review,,,UNAVAILABLE,UNAVAILABLE,UNAVAILABLE,UNAVAILABLE,UNAVAILABLE,KEEP,Unique rendered H1/primary query retained; monitor in Search Console.,/subjects/math/calculus/limits-continuity/unit/limits/trig-limits-review/,0,CURRENT,self-canonical=true; sitemap=true; inboundInternalLinks=2,medium / pending search evidence,"GSC top queries, clicks, impressions, CTR, average position; backlinks before any consolidation"
/subjects/math/calculus/limits-continuity/unit/limits/unit-review/,https://bettergrades.net/subjects/math/calculus/limits-continuity/unit/limits/unit-review/,calculus,unit.calculus.1,textbook-lesson.limits.calculus-limits-unit-review,textbook-lesson,Limits and Continuity Unit Review | Better Grades,Limits and Continuity Unit Review,limits and continuity unit review,limits and continuity unit review | calculus limits unit-review | review | limits | continuity | unit review,,,UNAVAILABLE,UNAVAILABLE,UNAVAILABLE,UNAVAILABLE,UNAVAILABLE,KEEP,Unique rendered H1/primary query retained; monitor in Search Console.,/subjects/math/calculus/limits-continuity/unit/limits/unit-review/,0,CURRENT,self-canonical=true; sitemap=true; inboundInternalLinks=16,medium / pending search evidence,"GSC top queries, clicks, impressions, CTR, average position; backlinks before any consolidation"
/subjects/math/calculus/limits-continuity/unit/limits/vertical-asymptotes/,https://bettergrades.net/subjects/math/calculus/limits-continuity/unit/limits/vertical-asymptotes/,calculus,unit.calculus.1,textbook-lesson.limits.calculus-limits-vertical-asymptotes,textbook-lesson,Vertical Asymptotes and One-Sided Sign Analysis | Better Grades,Vertical Asymptotes and One-Sided Sign Analysis,vertical asymptotes and one-sided sign analysis,vertical asymptotes limits sign analysis | calculus limits vertical-asymptotes | lesson | limits | continuity | vertical asymptotes,,,UNAVAILABLE,UNAVAILABLE,UNAVAILABLE,UNAVAILABLE,UNAVAILABLE,KEEP,Unique rendered H1/primary query retained; monitor in Search Console.,/subjects/math/calculus/limits-continuity/unit/limits/vertical-asymptotes/,0,CURRENT,self-canonical=true; sitemap=true; inboundInternalLinks=5,medium / pending search evidence,"GSC top queries, clicks, impressions, CTR, average position; backlinks before any consolidation"
/subjects/math/calculus/limits-continuity/unit/limits/what-a-limit-means/,https://bettergrades.net/subjects/math/calculus/limits-continuity/unit/limits/what-a-limit-means/,calculus,unit.calculus.1,textbook-lesson.limits.calculus-limits-what-a-limit-means,textbook-lesson,What a Limit Means | Better Grades,What a Limit Means,what a limit means,what is a limit in calculus | calculus limits what-a-limit-means | lesson | limits | continuity | what a limit means,,,UNAVAILABLE,UNAVAILABLE,UNAVAILABLE,UNAVAILABLE,UNAVAILABLE,KEEP,Unique rendered H1/primary query retained; monitor in Search Console.,/subjects/math/calculus/limits-continuity/unit/limits/what-a-limit-means/,0,CURRENT,self-canonical=true; sitemap=true; inboundInternalLinks=5,medium / pending search evidence,"GSC top queries, clicks, impressions, CTR, average position; backlinks before any consolidation"
/subjects/math/calculus/limits-continuity/unit/limits/when-a-limit-does-not-exist/,https://bettergrades.net/subjects/math/calculus/limits-continuity/unit/limits/when-a-limit-does-not-exist/,calculus,unit.calculus.1,textbook-lesson.limits.calculus-limits-when-a-limit-does-not-exist,textbook-lesson,When a Limit Does Not Exist | Better Grades,When a Limit Does Not Exist,when a limit does not exist,when does a limit not exist | calculus limits when-a-limit-does-not-exist | lesson | limits | continuity | when a limit does not exist,,,UNAVAILABLE,UNAVAILABLE,UNAVAILABLE,UNAVAILABLE,UNAVAILABLE,KEEP,Unique rendered H1/primary query retained; monitor in Search Console.,/subjects/math/calculus/limits-continuity/unit/limits/when-a-limit-does-not-exist/,0,CURRENT,self-canonical=true; sitemap=true; inboundInternalLinks=5,medium / pending search evidence,"GSC top queries, clicks, impressions, CTR, average position; backlinks before any consolidation"
/subjects/math/calculus/limits-continuity/unit/limits/why-limits-matter/,https://bettergrades.net/subjects/math/calculus/limits-continuity/unit/limits/why-limits-matter/,calculus,unit.calculus.1,textbook-lesson.limits.calculus-limits-why-limits-matter,textbook-lesson,Why Limits Matter in Calculus | Better Grades,Why Limits Matter in Calculus,why limits matter in calculus,why are limits important in calculus | calculus limits why-limits-matter | lesson | limits | continuity | why limits matter,,,UNAVAILABLE,UNAVAILABLE,UNAVAILABLE,UNAVAILABLE,UNAVAILABLE,KEEP,Unique rendered H1/primary query retained; monitor in Search Console.,/subjects/math/calculus/limits-continuity/unit/limits/why-limits-matter/,0,CURRENT,self-canonical=true; sitemap=true; inboundInternalLinks=6,medium / pending search evidence,"GSC top queries, clicks, impressions, CTR, average position; backlinks before any consolidation"
/subjects/math/calculus/limits-continuity/unit/limits/zero-over-zero/,https://bettergrades.net/subjects/math/calculus/limits-continuity/unit/limits/zero-over-zero/,calculus,unit.calculus.1,textbook-lesson.limits.calculus-limits-zero-over-zero,textbook-lesson,What 0/0 Means in a Limit | Better Grades,What 0/0 Means in a Limit,what 0/0 means in a limit,0 over 0 limit indeterminate form | calculus limits zero-over-zero | lesson | limits | continuity | zero over zero,,,UNAVAILABLE,UNAVAILABLE,UNAVAILABLE,UNAVAILABLE,UNAVAILABLE,KEEP,Unique rendered H1/primary query retained; monitor in Search Console.,/subjects/math/calculus/limits-continuity/unit/limits/zero-over-zero/,0,CURRENT,self-canonical=true; sitemap=true; inboundInternalLinks=5,medium / pending search evidence,"GSC top queries, clicks, impressions, CTR, average position; backlinks before any consolidation"
/subjects/math/calculus/limits-continuity/unit/study/correct-practice-test/,https://bettergrades.net/subjects/math/calculus/limits-continuity/unit/study/correct-practice-test/,calculus,unit.calculus.1,textbook-lesson.limits.calculus-study-correct-practice-test,textbook-lesson,How to Correct a Calculus Practice Test | Better Grades,How to Correct a Calculus Practice Test,how to correct a calculus practice test,how to review calculus test mistakes | calculus study correct-practice-test | study | limits | continuity | correct practice test,,,UNAVAILABLE,UNAVAILABLE,UNAVAILABLE,UNAVAILABLE,UNAVAILABLE,KEEP,Unique rendered H1/primary query retained; monitor in Search Console.,/subjects/math/calculus/limits-continuity/unit/study/correct-practice-test/,0,CURRENT,self-canonical=true; sitemap=true; inboundInternalLinks=2,medium / pending search evidence,"GSC top queries, clicks, impressions, CTR, average position; backlinks before any consolidation"
/subjects/math/calculus/power-series-and-taylor-series/,https://bettergrades.net/subjects/math/calculus/power-series-and-taylor-series/,calculus,unit.calculus.4b,,unit-hub,Unit 4B: Power Series and Taylor Series | Better Grades,Unit 4B: Power Series and Taylor Series,unit 4b: power series and taylor series,unit 4b: power series and taylor series | Unit 4B: Power Series and Taylor Series | Orientation and the power-series roadmap | Power Series and Taylor Series | hub | Unit 4B | sequence series convergence | calculus,,,UNAVAILABLE,UNAVAILABLE,UNAVAILABLE,UNAVAILABLE,UNAVAILABLE,KEEP,Unique rendered H1/primary query retained; monitor in Search Console.,/subjects/math/calculus/power-series-and-taylor-series/,0,CURRENT,self-canonical=true; sitemap=true; inboundInternalLinks=33,medium / pending search evidence,"GSC top queries, clicks, impressions, CTR, average position; backlinks before any consolidation"
/subjects/math/calculus/power-series-and-taylor-series/algebra-with-power-series/,https://bettergrades.net/subjects/math/calculus/power-series-and-taylor-series/algebra-with-power-series/,calculus,unit.calculus.4b,textbook-lesson.subjects-math-calculus-power-series-and-taylor-series-algebra-with-power-series,textbook-lesson,Algebra with Power Series | Unit 4B | Better Grades,Algebra with Power Series,algebra with power series,algebra with power series | Algebra with Power Series | Algebra and calculus with power series | Power Series and Taylor Series | lesson | Unit 4B | Unit 4B: Power Series and Taylor Series | sequence series convergence,,,UNAVAILABLE,UNAVAILABLE,UNAVAILABLE,UNAVAILABLE,UNAVAILABLE,KEEP,Unique rendered H1/primary query retained; monitor in Search Console.,/subjects/math/calculus/power-series-and-taylor-series/algebra-with-power-series/,0,CURRENT,self-canonical=true; sitemap=true; inboundInternalLinks=5,medium / pending search evidence,"GSC top queries, clicks, impressions, CTR, average position; backlinks before any consolidation"
/subjects/math/calculus/power-series-and-taylor-series/alternating-series-approximation/,https://bettergrades.net/subjects/math/calculus/power-series-and-taylor-series/alternating-series-approximation/,calculus,unit.calculus.4b,textbook-lesson.subjects-math-calculus-power-series-and-taylor-series-alternating-series-approximation,textbook-lesson,Alternating-Series Approximation for Taylor Series | Unit 4B | Better Grades,Alternating-Series Approximation for Taylor Series,alternating-series approximation for taylor series,alternating-series approximation for taylor series | Alternating-Series Approximation for Taylor Series | Taylor bounds and approximation | Power Series and Taylor Series | lesson | Unit 4B | Unit 4B: Power Series and Taylor Series | sequence series convergence,,,UNAVAILABLE,UNAVAILABLE,UNAVAILABLE,UNAVAILABLE,UNAVAILABLE,KEEP,Unique rendered H1/primary query retained; monitor in Search Console.,/subjects/math/calculus/power-series-and-taylor-series/alternating-series-approximation/,0,CURRENT,self-canonical=true; sitemap=true; inboundInternalLinks=5,medium / pending search evidence,"GSC top queries, clicks, impressions, CTR, average position; backlinks before any consolidation"
/subjects/math/calculus/power-series-and-taylor-series/binomial-series/,https://bettergrades.net/subjects/math/calculus/power-series-and-taylor-series/binomial-series/,calculus,unit.calculus.4b,textbook-lesson.subjects-math-calculus-power-series-and-taylor-series-binomial-series,textbook-lesson,The Binomial Series | Unit 4B | Better Grades,The Binomial Series,the binomial series,the binomial series | The Binomial Series | Standard series and new expansions | Power Series and Taylor Series | lesson | Unit 4B | Unit 4B: Power Series and Taylor Series | sequence series convergence,,,UNAVAILABLE,UNAVAILABLE,UNAVAILABLE,UNAVAILABLE,UNAVAILABLE,KEEP,Unique rendered H1/primary query retained; monitor in Search Console.,/subjects/math/calculus/power-series-and-taylor-series/binomial-series/,0,CURRENT,self-canonical=true; sitemap=true; inboundInternalLinks=4,medium / pending search evidence,"GSC top queries, clicks, impressions, CTR, average position; backlinks before any consolidation"
/subjects/math/calculus/power-series-and-taylor-series/building-new-series/,https://bettergrades.net/subjects/math/calculus/power-series-and-taylor-series/building-new-series/,calculus,unit.calculus.4b,textbook-lesson.subjects-math-calculus-power-series-and-taylor-series-building-new-series,textbook-lesson,Building New Series from Known Ones | Unit 4B | Better Grades,Building New Series from Known Ones,building new series from known ones,building new series from known ones | Building New Series from Known Ones | Standard series and new expansions | Power Series and Taylor Series | lesson | Unit 4B | Unit 4B: Power Series and Taylor Series | sequence series convergence,,,UNAVAILABLE,UNAVAILABLE,UNAVAILABLE,UNAVAILABLE,UNAVAILABLE,KEEP,Unique rendered H1/primary query retained; monitor in Search Console.,/subjects/math/calculus/power-series-and-taylor-series/building-new-series/,0,CURRENT,self-canonical=true; sitemap=true; inboundInternalLinks=5,medium / pending search evidence,"GSC top queries, clicks, impressions, CTR, average position; backlinks before any consolidation"
/subjects/math/calculus/power-series-and-taylor-series/common-errors/,https://bettergrades.net/subjects/math/calculus/power-series-and-taylor-series/common-errors/,calculus,unit.calculus.4b,textbook-lesson.subjects-math-calculus-power-series-and-taylor-series-common-errors,textbook-lesson,Common Errors in Power and Taylor Series | Unit 4B | Better Grades,Common Errors in Power and Taylor Series,common errors in power and taylor series,"common errors in power and taylor series | Common Errors in Power and Taylor Series | Review, practice, exams, and answer keys | Power Series and Taylor Series | reference | Unit 4B | Unit 4B: Power Series and Taylor Series | sequence series convergence",,,UNAVAILABLE,UNAVAILABLE,UNAVAILABLE,UNAVAILABLE,UNAVAILABLE,KEEP,Unique rendered H1/primary query retained; monitor in Search Console.,/subjects/math/calculus/power-series-and-taylor-series/common-errors/,0,CURRENT,self-canonical=true; sitemap=true; inboundInternalLinks=3,medium / pending search evidence,"GSC top queries, clicks, impressions, CTR, average position; backlinks before any consolidation"
/subjects/math/calculus/power-series-and-taylor-series/concept-quiz/,https://bettergrades.net/subjects/math/calculus/power-series-and-taylor-series/concept-quiz/,calculus,unit.calculus.4b,textbook-lesson.subjects-math-calculus-power-series-and-taylor-series-concept-quiz,textbook-lesson,Unit 4B Concept Quiz | Better Grades,Unit 4B Concept Quiz,unit 4b concept quiz,"unit 4b concept quiz | Unit 4B Concept Quiz | Review, practice, exams, and answer keys | Power Series and Taylor Series | quiz | Unit 4B | Unit 4B: Power Series and Taylor Series | sequence series convergence",,,UNAVAILABLE,UNAVAILABLE,UNAVAILABLE,UNAVAILABLE,UNAVAILABLE,KEEP,Unique rendered H1/primary query retained; monitor in Search Console.,/subjects/math/calculus/power-series-and-taylor-series/concept-quiz/,0,CURRENT,self-canonical=true; sitemap=true; inboundInternalLinks=4,medium / pending search evidence,"GSC top queries, clicks, impressions, CTR, average position; backlinks before any consolidation"
/subjects/math/calculus/power-series-and-taylor-series/differentiating-and-integrating-power-series/,https://bettergrades.net/subjects/math/calculus/power-series-and-taylor-series/differentiating-and-integrating-power-series/,calculus,unit.calculus.4b,textbook-lesson.subjects-math-calculus-power-series-and-taylor-series-differentiating-and-integrating-power-series,textbook-lesson,Differentiating and Integrating Power Series | Unit 4B | Better Grades,Differentiating and Integrating Power Series,differentiating and integrating power series,differentiating and integrating power series | Differentiating and Integrating Power Series | Algebra and calculus with power series | Power Series and Taylor Series | lesson | Unit 4B | Unit 4B: Power Series and Taylor Series | sequence series convergence,,,UNAVAILABLE,UNAVAILABLE,UNAVAILABLE,UNAVAILABLE,UNAVAILABLE,KEEP,Unique rendered H1/primary query retained; monitor in Search Console.,/subjects/math/calculus/power-series-and-taylor-series/differentiating-and-integrating-power-series/,0,CURRENT,self-canonical=true; sitemap=true; inboundInternalLinks=4,medium / pending search evidence,"GSC top queries, clicks, impressions, CTR, average position; backlinks before any consolidation"
/subjects/math/calculus/power-series-and-taylor-series/endpoint-testing/,https://bettergrades.net/subjects/math/calculus/power-series-and-taylor-series/endpoint-testing/,calculus,unit.calculus.4b,textbook-lesson.subjects-math-calculus-power-series-and-taylor-series-endpoint-testing,textbook-lesson,Endpoint Testing for Power Series | Unit 4B | Better Grades,Endpoint Testing for Power Series,endpoint testing for power series,endpoint testing for power series | Endpoint Testing for Power Series | Power-series convergence and endpoints | Power Series and Taylor Series | lesson | Unit 4B | Unit 4B: Power Series and Taylor Series | sequence series convergence,,,UNAVAILABLE,UNAVAILABLE,UNAVAILABLE,UNAVAILABLE,UNAVAILABLE,KEEP,Unique rendered H1/primary query retained; monitor in Search Console.,/subjects/math/calculus/power-series-and-taylor-series/endpoint-testing/,0,CURRENT,self-canonical=true; sitemap=true; inboundInternalLinks=4,medium / pending search evidence,"GSC top queries, clicks, impressions, CTR, average position; backlinks before any consolidation"
/subjects/math/calculus/power-series-and-taylor-series/geometric-series-library/,https://bettergrades.net/subjects/math/calculus/power-series-and-taylor-series/geometric-series-library/,calculus,unit.calculus.4b,textbook-lesson.subjects-math-calculus-power-series-and-taylor-series-geometric-series-library,textbook-lesson,The Geometric Series as a Function Library | Unit 4B | Better Grades,The Geometric Series as a Function Library,the geometric series as a function library,the geometric series as a function library | The Geometric Series as a Function Library | Algebra and calculus with power series | Power Series and Taylor Series | lesson | Unit 4B | Unit 4B: Power Series and Taylor Series | sequence series convergence,,,UNAVAILABLE,UNAVAILABLE,UNAVAILABLE,UNAVAILABLE,UNAVAILABLE,KEEP,Unique rendered H1/primary query retained; monitor in Search Console.,/subjects/math/calculus/power-series-and-taylor-series/geometric-series-library/,0,CURRENT,self-canonical=true; sitemap=true; inboundInternalLinks=4,medium / pending search evidence,"GSC top queries, clicks, impressions, CTR, average position; backlinks before any consolidation"
/subjects/math/calculus/power-series-and-taylor-series/logarithm-and-arctangent-series/,https://bettergrades.net/subjects/math/calculus/power-series-and-taylor-series/logarithm-and-arctangent-series/,calculus,unit.calculus.4b,textbook-lesson.subjects-math-calculus-power-series-and-taylor-series-logarithm-and-arctangent-series,textbook-lesson,Logarithm and Arctangent Series | Unit 4B | Better Grades,Logarithm and Arctangent Series,logarithm and arctangent series,logarithm and arctangent series | Logarithm and Arctangent Series | Constructing Taylor and Maclaurin series | Power Series and Taylor Series | lesson | Unit 4B | Unit 4B: Power Series and Taylor Series | sequence series convergence,,,UNAVAILABLE,UNAVAILABLE,UNAVAILABLE,UNAVAILABLE,UNAVAILABLE,KEEP,Unique rendered H1/primary query retained; monitor in Search Console.,/subjects/math/calculus/power-series-and-taylor-series/logarithm-and-arctangent-series/,0,CURRENT,self-canonical=true; sitemap=true; inboundInternalLinks=4,medium / pending search evidence,"GSC top queries, clicks, impressions, CTR, average position; backlinks before any consolidation"
/subjects/math/calculus/power-series-and-taylor-series/maclaurin-series/,https://bettergrades.net/subjects/math/calculus/power-series-and-taylor-series/maclaurin-series/,calculus,unit.calculus.4b,textbook-lesson.subjects-math-calculus-power-series-and-taylor-series-maclaurin-series,textbook-lesson,Maclaurin Series | Unit 4B | Better Grades,Maclaurin Series,maclaurin series,maclaurin series | Maclaurin Series | Constructing Taylor and Maclaurin series | Power Series and Taylor Series | lesson | Unit 4B | Unit 4B: Power Series and Taylor Series | sequence series convergence,,,UNAVAILABLE,UNAVAILABLE,UNAVAILABLE,UNAVAILABLE,UNAVAILABLE,KEEP,Unique rendered H1/primary query retained; monitor in Search Console.,/subjects/math/calculus/power-series-and-taylor-series/maclaurin-series/,0,CURRENT,self-canonical=true; sitemap=true; inboundInternalLinks=4,medium / pending search evidence,"GSC top queries, clicks, impressions, CTR, average position; backlinks before any consolidation"
/subjects/math/calculus/power-series-and-taylor-series/mixed-practice/,https://bettergrades.net/subjects/math/calculus/power-series-and-taylor-series/mixed-practice/,calculus,unit.calculus.4b,textbook-lesson.subjects-math-calculus-power-series-and-taylor-series-mixed-practice,textbook-lesson,Unit 4B Mixed Practice | Better Grades,Unit 4B Mixed Practice,unit 4b mixed practice,"unit 4b mixed practice | Unit 4B Mixed Practice | Review, practice, exams, and answer keys | Power Series and Taylor Series | practice | Unit 4B | Unit 4B: Power Series and Taylor Series | sequence series convergence",,,UNAVAILABLE,UNAVAILABLE,UNAVAILABLE,UNAVAILABLE,UNAVAILABLE,KEEP,Unique rendered H1/primary query retained; monitor in Search Console.,/subjects/math/calculus/power-series-and-taylor-series/mixed-practice/,0,CURRENT,self-canonical=true; sitemap=true; inboundInternalLinks=4,medium / pending search evidence,"GSC top queries, clicks, impressions, CTR, average position; backlinks before any consolidation"
/subjects/math/calculus/power-series-and-taylor-series/power-series-as-functions/,https://bettergrades.net/subjects/math/calculus/power-series-and-taylor-series/power-series-as-functions/,calculus,unit.calculus.4b,textbook-lesson.subjects-math-calculus-power-series-and-taylor-series-power-series-as-functions,textbook-lesson,Power Series as Functions | Unit 4B | Better Grades,Power Series as Functions,power series as functions,power series as functions | Power Series as Functions | Power-series convergence and endpoints | Power Series and Taylor Series | lesson | Unit 4B | Unit 4B: Power Series and Taylor Series | sequence series convergence,,,UNAVAILABLE,UNAVAILABLE,UNAVAILABLE,UNAVAILABLE,UNAVAILABLE,KEEP,Unique rendered H1/primary query retained; monitor in Search Console.,/subjects/math/calculus/power-series-and-taylor-series/power-series-as-functions/,0,CURRENT,self-canonical=true; sitemap=true; inboundInternalLinks=4,medium / pending search evidence,"GSC top queries, clicks, impressions, CTR, average position; backlinks before any consolidation"
/subjects/math/calculus/power-series-and-taylor-series/power-series-review/,https://bettergrades.net/subjects/math/calculus/power-series-and-taylor-series/power-series-review/,calculus,unit.calculus.4b,textbook-lesson.subjects-math-calculus-power-series-and-taylor-series-power-series-review,textbook-lesson,Power Series Review | Unit 4B | Better Grades,Power Series Review,power series review,"power series review | Power Series Review | Review, practice, exams, and answer keys | Power Series and Taylor Series | review | Unit 4B | Unit 4B: Power Series and Taylor Series | sequence series convergence",,,UNAVAILABLE,UNAVAILABLE,UNAVAILABLE,UNAVAILABLE,UNAVAILABLE,KEEP,Unique rendered H1/primary query retained; monitor in Search Console.,/subjects/math/calculus/power-series-and-taylor-series/power-series-review/,0,CURRENT,self-canonical=true; sitemap=true; inboundInternalLinks=5,medium / pending search evidence,"GSC top queries, clicks, impressions, CTR, average position; backlinks before any consolidation"
/subjects/math/calculus/power-series-and-taylor-series/practice-exam-a-answer-key/,https://bettergrades.net/subjects/math/calculus/power-series-and-taylor-series/practice-exam-a-answer-key/,calculus,unit.calculus.4b,textbook-lesson.subjects-math-calculus-power-series-and-taylor-series-practice-exam-a-answer-key,textbook-lesson,Unit 4B Practice Exam A Answer Key | Better Grades,Unit 4B Practice Exam A Answer Key,unit 4b practice exam a answer key,"unit 4b practice exam a answer key | Unit 4B Practice Exam A Answer Key | Review, practice, exams, and answer keys | Power Series and Taylor Series | answer-key | Unit 4B | Unit 4B: Power Series and Taylor Series | sequence series convergence",,,UNAVAILABLE,UNAVAILABLE,UNAVAILABLE,UNAVAILABLE,UNAVAILABLE,KEEP,Unique rendered H1/primary query retained; monitor in Search Console.,/subjects/math/calculus/power-series-and-taylor-series/practice-exam-a-answer-key/,0,CURRENT,self-canonical=true; sitemap=true; inboundInternalLinks=4,medium / pending search evidence,"GSC top queries, clicks, impressions, CTR, average position; backlinks before any consolidation"
/subjects/math/calculus/power-series-and-taylor-series/practice-exam-a/,https://bettergrades.net/subjects/math/calculus/power-series-and-taylor-series/practice-exam-a/,calculus,unit.calculus.4b,textbook-lesson.subjects-math-calculus-power-series-and-taylor-series-practice-exam-a,textbook-lesson,Unit 4B Practice Exam A | Better Grades,Unit 4B Practice Exam A,unit 4b practice exam a,"unit 4b practice exam a | Unit 4B Practice Exam A | Review, practice, exams, and answer keys | Power Series and Taylor Series | exam | Unit 4B | Unit 4B: Power Series and Taylor Series | sequence series convergence",,,UNAVAILABLE,UNAVAILABLE,UNAVAILABLE,UNAVAILABLE,UNAVAILABLE,KEEP,Unique rendered H1/primary query retained; monitor in Search Console.,/subjects/math/calculus/power-series-and-taylor-series/practice-exam-a/,0,CURRENT,self-canonical=true; sitemap=true; inboundInternalLinks=4,medium / pending search evidence,"GSC top queries, clicks, impressions, CTR, average position; backlinks before any consolidation"
/subjects/math/calculus/power-series-and-taylor-series/practice-exam-b-answer-key/,https://bettergrades.net/subjects/math/calculus/power-series-and-taylor-series/practice-exam-b-answer-key/,calculus,unit.calculus.4b,textbook-lesson.subjects-math-calculus-power-series-and-taylor-series-practice-exam-b-answer-key,textbook-lesson,Unit 4B Practice Exam B Answer Key | Better Grades,Unit 4B Practice Exam B Answer Key,unit 4b practice exam b answer key,"unit 4b practice exam b answer key | Unit 4B Practice Exam B Answer Key | Review, practice, exams, and answer keys | Power Series and Taylor Series | answer-key | Unit 4B | Unit 4B: Power Series and Taylor Series | sequence series convergence",,,UNAVAILABLE,UNAVAILABLE,UNAVAILABLE,UNAVAILABLE,UNAVAILABLE,KEEP,Unique rendered H1/primary query retained; monitor in Search Console.,/subjects/math/calculus/power-series-and-taylor-series/practice-exam-b-answer-key/,0,CURRENT,self-canonical=true; sitemap=true; inboundInternalLinks=4,medium / pending search evidence,"GSC top queries, clicks, impressions, CTR, average position; backlinks before any consolidation"
/subjects/math/calculus/power-series-and-taylor-series/practice-exam-b/,https://bettergrades.net/subjects/math/calculus/power-series-and-taylor-series/practice-exam-b/,calculus,unit.calculus.4b,textbook-lesson.subjects-math-calculus-power-series-and-taylor-series-practice-exam-b,textbook-lesson,Unit 4B Practice Exam B | Better Grades,Unit 4B Practice Exam B,unit 4b practice exam b,"unit 4b practice exam b | Unit 4B Practice Exam B | Review, practice, exams, and answer keys | Power Series and Taylor Series | exam | Unit 4B | Unit 4B: Power Series and Taylor Series | sequence series convergence",,,UNAVAILABLE,UNAVAILABLE,UNAVAILABLE,UNAVAILABLE,UNAVAILABLE,KEEP,Unique rendered H1/primary query retained; monitor in Search Console.,/subjects/math/calculus/power-series-and-taylor-series/practice-exam-b/,0,CURRENT,self-canonical=true; sitemap=true; inboundInternalLinks=4,medium / pending search evidence,"GSC top queries, clicks, impressions, CTR, average position; backlinks before any consolidation"
/subjects/math/calculus/power-series-and-taylor-series/radius-and-interval-of-convergence/,https://bettergrades.net/subjects/math/calculus/power-series-and-taylor-series/radius-and-interval-of-convergence/,calculus,unit.calculus.4b,textbook-lesson.subjects-math-calculus-power-series-and-taylor-series-radius-and-interval-of-convergence,textbook-lesson,Radius and Interval of Convergence | Unit 4B | Better Grades,Radius and Interval of Convergence,radius and interval of convergence,radius and interval of convergence | Radius and Interval of Convergence | Power-series convergence and endpoints | Power Series and Taylor Series | lesson | Unit 4B | Unit 4B: Power Series and Taylor Series | sequence series convergence,,,UNAVAILABLE,UNAVAILABLE,UNAVAILABLE,UNAVAILABLE,UNAVAILABLE,KEEP,Unique rendered H1/primary query retained; monitor in Search Console.,/subjects/math/calculus/power-series-and-taylor-series/radius-and-interval-of-convergence/,0,CURRENT,self-canonical=true; sitemap=true; inboundInternalLinks=4,medium / pending search evidence,"GSC top queries, clicks, impressions, CTR, average position; backlinks before any consolidation"
/subjects/math/calculus/power-series-and-taylor-series/ratio-test-for-power-series/,https://bettergrades.net/subjects/math/calculus/power-series-and-taylor-series/ratio-test-for-power-series/,calculus,unit.calculus.4b,textbook-lesson.subjects-math-calculus-power-series-and-taylor-series-ratio-test-for-power-series,textbook-lesson,Using the Ratio Test on Power Series | Unit 4B | Better Grades,Using the Ratio Test on Power Series,using the ratio test on power series,using the ratio test on power series | Using the Ratio Test on Power Series | Power-series convergence and endpoints | Power Series and Taylor Series | lesson | Unit 4B | Unit 4B: Power Series and Taylor Series | sequence series convergence,,,UNAVAILABLE,UNAVAILABLE,UNAVAILABLE,UNAVAILABLE,UNAVAILABLE,KEEP,Unique rendered H1/primary query retained; monitor in Search Console.,/subjects/math/calculus/power-series-and-taylor-series/ratio-test-for-power-series/,0,CURRENT,self-canonical=true; sitemap=true; inboundInternalLinks=4,medium / pending search evidence,"GSC top queries, clicks, impressions, CTR, average position; backlinks before any consolidation"
/subjects/math/calculus/power-series-and-taylor-series/reference-sheet/,https://bettergrades.net/subjects/math/calculus/power-series-and-taylor-series/reference-sheet/,calculus,unit.calculus.4b,textbook-lesson.subjects-math-calculus-power-series-and-taylor-series-reference-sheet,textbook-lesson,Unit 4B Reference Sheet | Better Grades,Unit 4B Reference Sheet,unit 4b reference sheet,"unit 4b reference sheet | Unit 4B Reference Sheet | Review, practice, exams, and answer keys | Power Series and Taylor Series | reference | Unit 4B | Unit 4B: Power Series and Taylor Series | sequence series convergence",,,UNAVAILABLE,UNAVAILABLE,UNAVAILABLE,UNAVAILABLE,UNAVAILABLE,KEEP,Unique rendered H1/primary query retained; monitor in Search Console.,/subjects/math/calculus/power-series-and-taylor-series/reference-sheet/,0,CURRENT,self-canonical=true; sitemap=true; inboundInternalLinks=4,medium / pending search evidence,"GSC top queries, clicks, impressions, CTR, average position; backlinks before any consolidation"
/subjects/math/calculus/power-series-and-taylor-series/series-for-definite-integrals/,https://bettergrades.net/subjects/math/calculus/power-series-and-taylor-series/series-for-definite-integrals/,calculus,unit.calculus.4b,textbook-lesson.subjects-math-calculus-power-series-and-taylor-series-series-for-definite-integrals,textbook-lesson,Using Series to Approximate Definite Integrals | Unit 4B | Better Grades,Using Series to Approximate Definite Integrals,using series to approximate definite integrals,using series to approximate definite integrals | Using Series to Approximate Definite Integrals | Taylor bounds and approximation | Power Series and Taylor Series | lesson | Unit 4B | Unit 4B: Power Series and Taylor Series | sequence series convergence,,,UNAVAILABLE,UNAVAILABLE,UNAVAILABLE,UNAVAILABLE,UNAVAILABLE,KEEP,Unique rendered H1/primary query retained; monitor in Search Console.,/subjects/math/calculus/power-series-and-taylor-series/series-for-definite-integrals/,0,CURRENT,self-canonical=true; sitemap=true; inboundInternalLinks=4,medium / pending search evidence,"GSC top queries, clicks, impressions, CTR, average position; backlinks before any consolidation"
/subjects/math/calculus/power-series-and-taylor-series/series-solutions-preview/,https://bettergrades.net/subjects/math/calculus/power-series-and-taylor-series/series-solutions-preview/,calculus,unit.calculus.4b,textbook-lesson.subjects-math-calculus-power-series-and-taylor-series-series-solutions-preview,textbook-lesson,A Preview of Series Solutions to Differential Equations | Unit 4B | Better Grades,A Preview of Series Solutions to Differential Equations,a preview of series solutions to differential equations,a preview of series solutions to differential equations | A Preview of Series Solutions to Differential Equations | Taylor bounds and approximation | Power Series and Taylor Series | lesson | Unit 4B | Unit 4B: Power Series and Taylor Series | sequence series convergence,,,UNAVAILABLE,UNAVAILABLE,UNAVAILABLE,UNAVAILABLE,UNAVAILABLE,KEEP,Unique rendered H1/primary query retained; monitor in Search Console.,/subjects/math/calculus/power-series-and-taylor-series/series-solutions-preview/,0,CURRENT,self-canonical=true; sitemap=true; inboundInternalLinks=4,medium / pending search evidence,"GSC top queries, clicks, impressions, CTR, average position; backlinks before any consolidation"
/subjects/math/calculus/power-series-and-taylor-series/small-angle-physics/,https://bettergrades.net/subjects/math/calculus/power-series-and-taylor-series/small-angle-physics/,calculus,unit.calculus.4b,textbook-lesson.subjects-math-calculus-power-series-and-taylor-series-small-angle-physics,textbook-lesson,Small-Angle Approximations in Physics | Unit 4B | Better Grades,Small-Angle Approximations in Physics,small-angle approximations in physics,small-angle approximations in physics | Small-Angle Approximations in Physics | Taylor bounds and approximation | Power Series and Taylor Series | lesson | Unit 4B | Unit 4B: Power Series and Taylor Series | sequence series convergence,,,UNAVAILABLE,UNAVAILABLE,UNAVAILABLE,UNAVAILABLE,UNAVAILABLE,KEEP,Unique rendered H1/primary query retained; monitor in Search Console.,/subjects/math/calculus/power-series-and-taylor-series/small-angle-physics/,0,CURRENT,self-canonical=true; sitemap=true; inboundInternalLinks=4,medium / pending search evidence,"GSC top queries, clicks, impressions, CTR, average position; backlinks before any consolidation"
/subjects/math/calculus/power-series-and-taylor-series/standard-maclaurin-series/,https://bettergrades.net/subjects/math/calculus/power-series-and-taylor-series/standard-maclaurin-series/,calculus,unit.calculus.4b,textbook-lesson.subjects-math-calculus-power-series-and-taylor-series-standard-maclaurin-series,textbook-lesson,Standard Maclaurin Series | Unit 4B | Better Grades,Standard Maclaurin Series,standard maclaurin series,standard maclaurin series | Standard Maclaurin Series | Constructing Taylor and Maclaurin series | Power Series and Taylor Series | lesson | Unit 4B | Unit 4B: Power Series and Taylor Series | sequence series convergence,,,UNAVAILABLE,UNAVAILABLE,UNAVAILABLE,UNAVAILABLE,UNAVAILABLE,KEEP,Unique rendered H1/primary query retained; monitor in Search Console.,/subjects/math/calculus/power-series-and-taylor-series/standard-maclaurin-series/,0,CURRENT,self-canonical=true; sitemap=true; inboundInternalLinks=4,medium / pending search evidence,"GSC top queries, clicks, impressions, CTR, average position; backlinks before any consolidation"
/subjects/math/calculus/power-series-and-taylor-series/taylor-polynomials/,https://bettergrades.net/subjects/math/calculus/power-series-and-taylor-series/taylor-polynomials/,calculus,unit.calculus.4b,textbook-lesson.subjects-math-calculus-power-series-and-taylor-series-taylor-polynomials,textbook-lesson,Taylor Polynomials | Unit 4B | Better Grades,Taylor Polynomials,taylor polynomials,taylor polynomials | Taylor Polynomials | Constructing Taylor and Maclaurin series | Power Series and Taylor Series | lesson | Unit 4B | Unit 4B: Power Series and Taylor Series | sequence series convergence,,,UNAVAILABLE,UNAVAILABLE,UNAVAILABLE,UNAVAILABLE,UNAVAILABLE,KEEP,Unique rendered H1/primary query retained; monitor in Search Console.,/subjects/math/calculus/power-series-and-taylor-series/taylor-polynomials/,0,CURRENT,self-canonical=true; sitemap=true; inboundInternalLinks=6,medium / pending search evidence,"GSC top queries, clicks, impressions, CTR, average position; backlinks before any consolidation"
/subjects/math/calculus/power-series-and-taylor-series/taylor-remainder-theorem/,https://bettergrades.net/subjects/math/calculus/power-series-and-taylor-series/taylor-remainder-theorem/,calculus,unit.calculus.4b,textbook-lesson.subjects-math-calculus-power-series-and-taylor-series-taylor-remainder-theorem,textbook-lesson,Taylor's Theorem and the Remainder | Unit 4B | Better Grades,Taylor's Theorem and the Remainder,taylor's theorem and the remainder,taylor's theorem and the remainder | Taylor's Theorem and the Remainder | Standard series and new expansions | Power Series and Taylor Series | lesson | Unit 4B | Unit 4B: Power Series and Taylor Series | sequence series convergence,,,UNAVAILABLE,UNAVAILABLE,UNAVAILABLE,UNAVAILABLE,UNAVAILABLE,KEEP,Unique rendered H1/primary query retained; monitor in Search Console.,/subjects/math/calculus/power-series-and-taylor-series/taylor-remainder-theorem/,0,CURRENT,self-canonical=true; sitemap=true; inboundInternalLinks=4,medium / pending search evidence,"GSC top queries, clicks, impressions, CTR, average position; backlinks before any consolidation"
/subjects/math/calculus/power-series-and-taylor-series/taylor-series-centered-at-a/,https://bettergrades.net/subjects/math/calculus/power-series-and-taylor-series/taylor-series-centered-at-a/,calculus,unit.calculus.4b,textbook-lesson.subjects-math-calculus-power-series-and-taylor-series-taylor-series-centered-at-a,textbook-lesson,Taylor Series Centered at a | Unit 4B | Better Grades,Taylor Series Centered at a,taylor series centered at a,taylor series centered at a | Taylor Series Centered at a | Constructing Taylor and Maclaurin series | Power Series and Taylor Series | lesson | Unit 4B | Unit 4B: Power Series and Taylor Series | sequence series convergence,,,UNAVAILABLE,UNAVAILABLE,UNAVAILABLE,UNAVAILABLE,UNAVAILABLE,KEEP,Unique rendered H1/primary query retained; monitor in Search Console.,/subjects/math/calculus/power-series-and-taylor-series/taylor-series-centered-at-a/,0,CURRENT,self-canonical=true; sitemap=true; inboundInternalLinks=9,medium / pending search evidence,"GSC top queries, clicks, impressions, CTR, average position; backlinks before any consolidation"
/subjects/math/calculus/power-series-and-taylor-series/taylor-series-review/,https://bettergrades.net/subjects/math/calculus/power-series-and-taylor-series/taylor-series-review/,calculus,unit.calculus.4b,textbook-lesson.subjects-math-calculus-power-series-and-taylor-series-taylor-series-review,textbook-lesson,Taylor Series Review | Unit 4B | Better Grades,Taylor Series Review,taylor series review,"taylor series review | Taylor Series Review | Review, practice, exams, and answer keys | Power Series and Taylor Series | review | Unit 4B | Unit 4B: Power Series and Taylor Series | sequence series convergence",,,UNAVAILABLE,UNAVAILABLE,UNAVAILABLE,UNAVAILABLE,UNAVAILABLE,KEEP,Unique rendered H1/primary query retained; monitor in Search Console.,/subjects/math/calculus/power-series-and-taylor-series/taylor-series-review/,0,CURRENT,self-canonical=true; sitemap=true; inboundInternalLinks=4,medium / pending search evidence,"GSC top queries, clicks, impressions, CTR, average position; backlinks before any consolidation"
/subjects/math/calculus/power-series-and-taylor-series/uniform-convergence-preview/,https://bettergrades.net/subjects/math/calculus/power-series-and-taylor-series/uniform-convergence-preview/,calculus,unit.calculus.4b,textbook-lesson.subjects-math-calculus-power-series-and-taylor-series-uniform-convergence-preview,textbook-lesson,Why Termwise Operations Need Uniform Control | Unit 4B | Better Grades,Why Termwise Operations Need Uniform Control,why termwise operations need uniform control,why termwise operations need uniform control | Why Termwise Operations Need Uniform Control | Optional advanced explorations | Power Series and Taylor Series | lesson | Unit 4B | Unit 4B: Power Series and Taylor Series | sequence series convergence,,,UNAVAILABLE,UNAVAILABLE,UNAVAILABLE,UNAVAILABLE,UNAVAILABLE,KEEP,Unique rendered H1/primary query retained; monitor in Search Console.,/subjects/math/calculus/power-series-and-taylor-series/uniform-convergence-preview/,0,CURRENT,self-canonical=true; sitemap=true; inboundInternalLinks=5,medium / pending search evidence,"GSC top queries, clicks, impressions, CTR, average position; backlinks before any consolidation"
/subjects/math/calculus/practice-exams/,https://bettergrades.net/subjects/math/calculus/practice-exams/,calculus,,,resource-hub,Calculus Practice Exams with Complete Solutions | Better Grades,Calculus Practice Exams with Complete Solutions,calculus practice exams with complete solutions,practice exams,,,UNAVAILABLE,UNAVAILABLE,UNAVAILABLE,UNAVAILABLE,UNAVAILABLE,KEEP,Unique rendered H1/primary query retained; monitor in Search Console.,/subjects/math/calculus/practice-exams/,0,CURRENT,self-canonical=true; sitemap=true; inboundInternalLinks=974,medium / pending search evidence,"GSC top queries, clicks, impressions, CTR, average position; backlinks before any consolidation"
/subjects/math/calculus/practice-exams/calculus-1-final/,https://bettergrades.net/subjects/math/calculus/practice-exams/calculus-1-final/,calculus,,,practice-exam,Calculus I Practice Final Exam with Complete Solutions | Better Grades,Calculus I Practice Final Exam with Complete Solutions,calculus i practice final exam with complete solutions,calculus 1 practice final | calculus i final exam with solutions | course synthesis | method selection | mathematical communication | limits | derivatives | applications,,,UNAVAILABLE,UNAVAILABLE,UNAVAILABLE,UNAVAILABLE,UNAVAILABLE,KEEP,Unique rendered H1/primary query retained; monitor in Search Console.,/subjects/math/calculus/practice-exams/calculus-1-final/,0,CURRENT,self-canonical=true; sitemap=true; inboundInternalLinks=23,medium / pending search evidence,"GSC top queries, clicks, impressions, CTR, average position; backlinks before any consolidation"
/subjects/math/calculus/practice-exams/calculus-2-final/,https://bettergrades.net/subjects/math/calculus/practice-exams/calculus-2-final/,calculus,,,practice-exam,Calculus II Practice Final Exam with Complete Solutions | Better Grades,Calculus II Practice Final Exam with Complete Solutions,calculus ii practice final exam with complete solutions,calculus 2 practice final | calculus ii final exam with solutions | method selection | convergence proof | series construction | course synthesis | integration applications | sequences,,,UNAVAILABLE,UNAVAILABLE,UNAVAILABLE,UNAVAILABLE,UNAVAILABLE,KEEP,Unique rendered H1/primary query retained; monitor in Search Console.,/subjects/math/calculus/practice-exams/calculus-2-final/,0,CURRENT,self-canonical=true; sitemap=true; inboundInternalLinks=27,medium / pending search evidence,"GSC top queries, clicks, impressions, CTR, average position; backlinks before any consolidation"
/subjects/math/calculus/sequences-and-series/,https://bettergrades.net/subjects/math/calculus/sequences-and-series/,calculus,unit.calculus.4a,,unit-hub,Unit 4A: Sequences and Infinite Series | Better Grades,Unit 4A: Sequences and Infinite Series,unit 4a: sequences and infinite series,unit 4a: sequences and infinite series | Unit 4A: Sequences and Infinite Series | Orientation and the convergence roadmap | Sequences and Infinite Series | hub | Unit 4A | sequence series convergence | calculus,,,UNAVAILABLE,UNAVAILABLE,UNAVAILABLE,UNAVAILABLE,UNAVAILABLE,KEEP,Unique rendered H1/primary query retained; monitor in Search Console.,/subjects/math/calculus/sequences-and-series/,0,CURRENT,self-canonical=true; sitemap=true; inboundInternalLinks=43,medium / pending search evidence,"GSC top queries, clicks, impressions, CTR, average position; backlinks before any consolidation"
/subjects/math/calculus/sequences-and-series/absolute-and-conditional-convergence/,https://bettergrades.net/subjects/math/calculus/sequences-and-series/absolute-and-conditional-convergence/,calculus,unit.calculus.4a,textbook-lesson.subjects-math-calculus-sequences-and-series-absolute-and-conditional-convergence,textbook-lesson,Absolute and Conditional Convergence | Unit 4A | Better Grades,Absolute and Conditional Convergence,absolute and conditional convergence,"absolute and conditional convergence | Absolute and Conditional Convergence | Alternating, absolute, ratio, and root tests | Sequences and Infinite Series | lesson | Unit 4A | Unit 4A: Sequences and Infinite Series | sequence series convergence",,,UNAVAILABLE,UNAVAILABLE,UNAVAILABLE,UNAVAILABLE,UNAVAILABLE,KEEP,Unique rendered H1/primary query retained; monitor in Search Console.,/subjects/math/calculus/sequences-and-series/absolute-and-conditional-convergence/,0,CURRENT,self-canonical=true; sitemap=true; inboundInternalLinks=4,medium / pending search evidence,"GSC top queries, clicks, impressions, CTR, average position; backlinks before any consolidation"
/subjects/math/calculus/sequences-and-series/alternating-series-error/,https://bettergrades.net/subjects/math/calculus/sequences-and-series/alternating-series-error/,calculus,unit.calculus.4a,textbook-lesson.subjects-math-calculus-sequences-and-series-alternating-series-error,textbook-lesson,Alternating-Series Error Estimates | Unit 4A | Better Grades,Alternating-Series Error Estimates,alternating-series error estimates,"alternating-series error estimates | Alternating-Series Error Estimates | Alternating, absolute, ratio, and root tests | Sequences and Infinite Series | lesson | Unit 4A | Unit 4A: Sequences and Infinite Series | sequence series convergence",,,UNAVAILABLE,UNAVAILABLE,UNAVAILABLE,UNAVAILABLE,UNAVAILABLE,KEEP,Unique rendered H1/primary query retained; monitor in Search Console.,/subjects/math/calculus/sequences-and-series/alternating-series-error/,0,CURRENT,self-canonical=true; sitemap=true; inboundInternalLinks=4,medium / pending search evidence,"GSC top queries, clicks, impressions, CTR, average position; backlinks before any consolidation"
/subjects/math/calculus/sequences-and-series/alternating-series-test/,https://bettergrades.net/subjects/math/calculus/sequences-and-series/alternating-series-test/,calculus,unit.calculus.4a,textbook-lesson.subjects-math-calculus-sequences-and-series-alternating-series-test,textbook-lesson,Alternating Series | Unit 4A | Better Grades,Alternating Series,alternating series,"alternating series | Alternating Series | Alternating, absolute, ratio, and root tests | Sequences and Infinite Series | lesson | Unit 4A | Unit 4A: Sequences and Infinite Series | sequence series convergence",,,UNAVAILABLE,UNAVAILABLE,UNAVAILABLE,UNAVAILABLE,UNAVAILABLE,KEEP,Unique rendered H1/primary query retained; monitor in Search Console.,/subjects/math/calculus/sequences-and-series/alternating-series-test/,0,CURRENT,self-canonical=true; sitemap=true; inboundInternalLinks=5,medium / pending search evidence,"GSC top queries, clicks, impressions, CTR, average position; backlinks before any consolidation"
/subjects/math/calculus/sequences-and-series/cauchy-criterion-preview/,https://bettergrades.net/subjects/math/calculus/sequences-and-series/cauchy-criterion-preview/,calculus,unit.calculus.4a,textbook-lesson.subjects-math-calculus-sequences-and-series-cauchy-criterion-preview,textbook-lesson,Why Convergence Is About Tails: A Cauchy Preview | Unit 4A | Better Grades,Why Convergence Is About Tails: A Cauchy Preview,why convergence is about tails: a cauchy preview,why convergence is about tails: a cauchy preview | Why Convergence Is About Tails: A Cauchy Preview | Test selection and the Cauchy tail idea | Sequences and Infinite Series | lesson | Unit 4A | Unit 4A: Sequences and Infinite Series | sequence series convergence,,,UNAVAILABLE,UNAVAILABLE,UNAVAILABLE,UNAVAILABLE,UNAVAILABLE,KEEP,Unique rendered H1/primary query retained; monitor in Search Console.,/subjects/math/calculus/sequences-and-series/cauchy-criterion-preview/,0,CURRENT,self-canonical=true; sitemap=true; inboundInternalLinks=4,medium / pending search evidence,"GSC top queries, clicks, impressions, CTR, average position; backlinks before any consolidation"
/subjects/math/calculus/sequences-and-series/choosing-a-convergence-test/,https://bettergrades.net/subjects/math/calculus/sequences-and-series/choosing-a-convergence-test/,calculus,unit.calculus.4a,textbook-lesson.subjects-math-calculus-sequences-and-series-choosing-a-convergence-test,textbook-lesson,Choosing a Convergence Test | Unit 4A | Better Grades,Choosing a Convergence Test,choosing a convergence test,choosing a convergence test | Choosing a Convergence Test | Test selection and the Cauchy tail idea | Sequences and Infinite Series | lesson | Unit 4A | Unit 4A: Sequences and Infinite Series | sequence series convergence,,,UNAVAILABLE,UNAVAILABLE,UNAVAILABLE,UNAVAILABLE,UNAVAILABLE,KEEP,Unique rendered H1/primary query retained; monitor in Search Console.,/subjects/math/calculus/sequences-and-series/choosing-a-convergence-test/,0,CURRENT,self-canonical=true; sitemap=true; inboundInternalLinks=6,medium / pending search evidence,"GSC top queries, clicks, impressions, CTR, average position; backlinks before any consolidation"
/subjects/math/calculus/sequences-and-series/common-errors/,https://bettergrades.net/subjects/math/calculus/sequences-and-series/common-errors/,calculus,unit.calculus.4a,textbook-lesson.subjects-math-calculus-sequences-and-series-common-errors,textbook-lesson,Common Errors in Sequence and Series Problems | Unit 4A | Better Grades,Common Errors in Sequence and Series Problems,common errors in sequence and series problems,"common errors in sequence and series problems | Common Errors in Sequence and Series Problems | Review, practice, exams, and answer keys | Sequences and Infinite Series | reference | Unit 4A | Unit 4A: Sequences and Infinite Series | sequence series convergence",,,UNAVAILABLE,UNAVAILABLE,UNAVAILABLE,UNAVAILABLE,UNAVAILABLE,KEEP,Unique rendered H1/primary query retained; monitor in Search Console.,/subjects/math/calculus/sequences-and-series/common-errors/,0,CURRENT,self-canonical=true; sitemap=true; inboundInternalLinks=3,medium / pending search evidence,"GSC top queries, clicks, impressions, CTR, average position; backlinks before any consolidation"
/subjects/math/calculus/sequences-and-series/concept-quiz/,https://bettergrades.net/subjects/math/calculus/sequences-and-series/concept-quiz/,calculus,unit.calculus.4a,textbook-lesson.subjects-math-calculus-sequences-and-series-concept-quiz,textbook-lesson,Unit 4A Concept Quiz | Better Grades,Unit 4A Concept Quiz,unit 4a concept quiz,"unit 4a concept quiz | Unit 4A Concept Quiz | Review, practice, exams, and answer keys | Sequences and Infinite Series | quiz | Unit 4A | Unit 4A: Sequences and Infinite Series | sequence series convergence",,,UNAVAILABLE,UNAVAILABLE,UNAVAILABLE,UNAVAILABLE,UNAVAILABLE,KEEP,Unique rendered H1/primary query retained; monitor in Search Console.,/subjects/math/calculus/sequences-and-series/concept-quiz/,0,CURRENT,self-canonical=true; sitemap=true; inboundInternalLinks=4,medium / pending search evidence,"GSC top queries, clicks, impressions, CTR, average position; backlinks before any consolidation"
/subjects/math/calculus/sequences-and-series/convergence-tests-review/,https://bettergrades.net/subjects/math/calculus/sequences-and-series/convergence-tests-review/,calculus,unit.calculus.4a,textbook-lesson.subjects-math-calculus-sequences-and-series-convergence-tests-review,textbook-lesson,Convergence Tests Review | Unit 4A | Better Grades,Convergence Tests Review,convergence tests review,"convergence tests review | Convergence Tests Review | Review, practice, exams, and answer keys | Sequences and Infinite Series | review | Unit 4A | Unit 4A: Sequences and Infinite Series | sequence series convergence",,,UNAVAILABLE,UNAVAILABLE,UNAVAILABLE,UNAVAILABLE,UNAVAILABLE,KEEP,Unique rendered H1/primary query retained; monitor in Search Console.,/subjects/math/calculus/sequences-and-series/convergence-tests-review/,0,CURRENT,self-canonical=true; sitemap=true; inboundInternalLinks=4,medium / pending search evidence,"GSC top queries, clicks, impressions, CTR, average position; backlinks before any consolidation"
/subjects/math/calculus/sequences-and-series/direct-comparison-test/,https://bettergrades.net/subjects/math/calculus/sequences-and-series/direct-comparison-test/,calculus,unit.calculus.4a,textbook-lesson.subjects-math-calculus-sequences-and-series-direct-comparison-test,textbook-lesson,The Direct Comparison Test | Unit 4A | Better Grades,The Direct Comparison Test,the direct comparison test,the direct comparison test | The Direct Comparison Test | Positive-series tests and error estimates | Sequences and Infinite Series | lesson | Unit 4A | Unit 4A: Sequences and Infinite Series | sequence series convergence,,,UNAVAILABLE,UNAVAILABLE,UNAVAILABLE,UNAVAILABLE,UNAVAILABLE,KEEP,Unique rendered H1/primary query retained; monitor in Search Console.,/subjects/math/calculus/sequences-and-series/direct-comparison-test/,0,CURRENT,self-canonical=true; sitemap=true; inboundInternalLinks=4,medium / pending search evidence,"GSC top queries, clicks, impressions, CTR, average position; backlinks before any consolidation"
/subjects/math/calculus/sequences-and-series/explicit-and-recursive-sequences/,https://bettergrades.net/subjects/math/calculus/sequences-and-series/explicit-and-recursive-sequences/,calculus,unit.calculus.4a,textbook-lesson.subjects-math-calculus-sequences-and-series-explicit-and-recursive-sequences,textbook-lesson,Explicit and Recursive Sequences | Unit 4A | Better Grades,Explicit and Recursive Sequences,explicit and recursive sequences,explicit and recursive sequences | Explicit and Recursive Sequences | Sequences and their limits | Sequences and Infinite Series | lesson | Unit 4A | Unit 4A: Sequences and Infinite Series | sequence series convergence,,,UNAVAILABLE,UNAVAILABLE,UNAVAILABLE,UNAVAILABLE,UNAVAILABLE,KEEP,Unique rendered H1/primary query retained; monitor in Search Console.,/subjects/math/calculus/sequences-and-series/explicit-and-recursive-sequences/,0,CURRENT,self-canonical=true; sitemap=true; inboundInternalLinks=4,medium / pending search evidence,"GSC top queries, clicks, impressions, CTR, average position; backlinks before any consolidation"
/subjects/math/calculus/sequences-and-series/geometric-series/,https://bettergrades.net/subjects/math/calculus/sequences-and-series/geometric-series/,calculus,unit.calculus.4a,textbook-lesson.subjects-math-calculus-sequences-and-series-geometric-series,textbook-lesson,Geometric Series | Unit 4A | Better Grades,Geometric Series,geometric series,geometric series | Geometric Series | Infinite series and foundational examples | Sequences and Infinite Series | lesson | Unit 4A | Unit 4A: Sequences and Infinite Series | sequence series convergence,,,UNAVAILABLE,UNAVAILABLE,UNAVAILABLE,UNAVAILABLE,UNAVAILABLE,KEEP,Unique rendered H1/primary query retained; monitor in Search Console.,/subjects/math/calculus/sequences-and-series/geometric-series/,0,CURRENT,self-canonical=true; sitemap=true; inboundInternalLinks=9,medium / pending search evidence,"GSC top queries, clicks, impressions, CTR, average position; backlinks before any consolidation"
/subjects/math/calculus/sequences-and-series/harmonic-and-p-series/,https://bettergrades.net/subjects/math/calculus/sequences-and-series/harmonic-and-p-series/,calculus,unit.calculus.4a,textbook-lesson.subjects-math-calculus-sequences-and-series-harmonic-and-p-series,textbook-lesson,The Harmonic Series and p-Series | Unit 4A | Better Grades,The Harmonic Series and p-Series,the harmonic series and p-series,the harmonic series and p-series | The Harmonic Series and p-Series | Infinite series and foundational examples | Sequences and Infinite Series | lesson | Unit 4A | Unit 4A: Sequences and Infinite Series | sequence series convergence,,,UNAVAILABLE,UNAVAILABLE,UNAVAILABLE,UNAVAILABLE,UNAVAILABLE,KEEP,Unique rendered H1/primary query retained; monitor in Search Console.,/subjects/math/calculus/sequences-and-series/harmonic-and-p-series/,0,CURRENT,self-canonical=true; sitemap=true; inboundInternalLinks=4,medium / pending search evidence,"GSC top queries, clicks, impressions, CTR, average position; backlinks before any consolidation"
/subjects/math/calculus/sequences-and-series/infinite-series-and-partial-sums/,https://bettergrades.net/subjects/math/calculus/sequences-and-series/infinite-series-and-partial-sums/,calculus,unit.calculus.4a,textbook-lesson.subjects-math-calculus-sequences-and-series-infinite-series-and-partial-sums,textbook-lesson,Infinite Series and Partial Sums | Unit 4A | Better Grades,Infinite Series and Partial Sums,infinite series and partial sums,infinite series and partial sums | Infinite Series and Partial Sums | Infinite series and foundational examples | Sequences and Infinite Series | lesson | Unit 4A | Unit 4A: Sequences and Infinite Series | sequence series convergence,,,UNAVAILABLE,UNAVAILABLE,UNAVAILABLE,UNAVAILABLE,UNAVAILABLE,KEEP,Unique rendered H1/primary query retained; monitor in Search Console.,/subjects/math/calculus/sequences-and-series/infinite-series-and-partial-sums/,0,CURRENT,self-canonical=true; sitemap=true; inboundInternalLinks=5,medium / pending search evidence,"GSC top queries, clicks, impressions, CTR, average position; backlinks before any consolidation"
/subjects/math/calculus/sequences-and-series/integral-test-remainder-estimates/,https://bettergrades.net/subjects/math/calculus/sequences-and-series/integral-test-remainder-estimates/,calculus,unit.calculus.4a,textbook-lesson.subjects-math-calculus-sequences-and-series-integral-test-remainder-estimates,textbook-lesson,Integral-Test Remainder Estimates | Unit 4A | Better Grades,Integral-Test Remainder Estimates,integral-test remainder estimates,integral-test remainder estimates | Integral-Test Remainder Estimates | Positive-series tests and error estimates | Sequences and Infinite Series | lesson | Unit 4A | Unit 4A: Sequences and Infinite Series | sequence series convergence,,,UNAVAILABLE,UNAVAILABLE,UNAVAILABLE,UNAVAILABLE,UNAVAILABLE,KEEP,Unique rendered H1/primary query retained; monitor in Search Console.,/subjects/math/calculus/sequences-and-series/integral-test-remainder-estimates/,0,CURRENT,self-canonical=true; sitemap=true; inboundInternalLinks=4,medium / pending search evidence,"GSC top queries, clicks, impressions, CTR, average position; backlinks before any consolidation"
/subjects/math/calculus/sequences-and-series/integral-test/,https://bettergrades.net/subjects/math/calculus/sequences-and-series/integral-test/,calculus,unit.calculus.4a,textbook-lesson.subjects-math-calculus-sequences-and-series-integral-test,textbook-lesson,The Integral Test | Unit 4A | Better Grades,The Integral Test,the integral test,the integral test | The Integral Test | Positive-series tests and error estimates | Sequences and Infinite Series | lesson | Unit 4A | Unit 4A: Sequences and Infinite Series | sequence series convergence,,,UNAVAILABLE,UNAVAILABLE,UNAVAILABLE,UNAVAILABLE,UNAVAILABLE,KEEP,Unique rendered H1/primary query retained; monitor in Search Console.,/subjects/math/calculus/sequences-and-series/integral-test/,0,CURRENT,self-canonical=true; sitemap=true; inboundInternalLinks=5,medium / pending search evidence,"GSC top queries, clicks, impressions, CTR, average position; backlinks before any consolidation"
/subjects/math/calculus/sequences-and-series/limit-comparison-test/,https://bettergrades.net/subjects/math/calculus/sequences-and-series/limit-comparison-test/,calculus,unit.calculus.4a,textbook-lesson.subjects-math-calculus-sequences-and-series-limit-comparison-test,textbook-lesson,The Limit Comparison Test | Unit 4A | Better Grades,The Limit Comparison Test,the limit comparison test,the limit comparison test | The Limit Comparison Test | Positive-series tests and error estimates | Sequences and Infinite Series | lesson | Unit 4A | Unit 4A: Sequences and Infinite Series | sequence series convergence,,,UNAVAILABLE,UNAVAILABLE,UNAVAILABLE,UNAVAILABLE,UNAVAILABLE,KEEP,Unique rendered H1/primary query retained; monitor in Search Console.,/subjects/math/calculus/sequences-and-series/limit-comparison-test/,0,CURRENT,self-canonical=true; sitemap=true; inboundInternalLinks=4,medium / pending search evidence,"GSC top queries, clicks, impressions, CTR, average position; backlinks before any consolidation"
/subjects/math/calculus/sequences-and-series/limits-of-sequences/,https://bettergrades.net/subjects/math/calculus/sequences-and-series/limits-of-sequences/,calculus,unit.calculus.4a,textbook-lesson.subjects-math-calculus-sequences-and-series-limits-of-sequences,textbook-lesson,Limits of Sequences | Unit 4A | Better Grades,Limits of Sequences,limits of sequences,limits of sequences | Limits of Sequences | Sequences and their limits | Sequences and Infinite Series | lesson | Unit 4A | Unit 4A: Sequences and Infinite Series | sequence series convergence,,,UNAVAILABLE,UNAVAILABLE,UNAVAILABLE,UNAVAILABLE,UNAVAILABLE,KEEP,Unique rendered H1/primary query retained; monitor in Search Console.,/subjects/math/calculus/sequences-and-series/limits-of-sequences/,0,CURRENT,self-canonical=true; sitemap=true; inboundInternalLinks=4,medium / pending search evidence,"GSC top queries, clicks, impressions, CTR, average position; backlinks before any consolidation"
/subjects/math/calculus/sequences-and-series/monotone-and-bounded-sequences/,https://bettergrades.net/subjects/math/calculus/sequences-and-series/monotone-and-bounded-sequences/,calculus,unit.calculus.4a,textbook-lesson.subjects-math-calculus-sequences-and-series-monotone-and-bounded-sequences,textbook-lesson,Monotone and Bounded Sequences | Unit 4A | Better Grades,Monotone and Bounded Sequences,monotone and bounded sequences,monotone and bounded sequences | Monotone and Bounded Sequences | Sequences and their limits | Sequences and Infinite Series | lesson | Unit 4A | Unit 4A: Sequences and Infinite Series | sequence series convergence,,,UNAVAILABLE,UNAVAILABLE,UNAVAILABLE,UNAVAILABLE,UNAVAILABLE,KEEP,Unique rendered H1/primary query retained; monitor in Search Console.,/subjects/math/calculus/sequences-and-series/monotone-and-bounded-sequences/,0,CURRENT,self-canonical=true; sitemap=true; inboundInternalLinks=4,medium / pending search evidence,"GSC top queries, clicks, impressions, CTR, average position; backlinks before any consolidation"
/subjects/math/calculus/sequences-and-series/nth-term-divergence-test/,https://bettergrades.net/subjects/math/calculus/sequences-and-series/nth-term-divergence-test/,calculus,unit.calculus.4a,textbook-lesson.subjects-math-calculus-sequences-and-series-nth-term-divergence-test,textbook-lesson,The nth-Term Test for Divergence | Unit 4A | Better Grades,The nth-Term Test for Divergence,the nth-term test for divergence,the nth-term test for divergence | The nth-Term Test for Divergence | Infinite series and foundational examples | Sequences and Infinite Series | lesson | Unit 4A | Unit 4A: Sequences and Infinite Series | sequence series convergence,,,UNAVAILABLE,UNAVAILABLE,UNAVAILABLE,UNAVAILABLE,UNAVAILABLE,KEEP,Unique rendered H1/primary query retained; monitor in Search Console.,/subjects/math/calculus/sequences-and-series/nth-term-divergence-test/,0,CURRENT,self-canonical=true; sitemap=true; inboundInternalLinks=4,medium / pending search evidence,"GSC top queries, clicks, impressions, CTR, average position; backlinks before any consolidation"
/subjects/math/calculus/sequences-and-series/practice-exam-a-answer-key/,https://bettergrades.net/subjects/math/calculus/sequences-and-series/practice-exam-a-answer-key/,calculus,unit.calculus.4a,textbook-lesson.subjects-math-calculus-sequences-and-series-practice-exam-a-answer-key,textbook-lesson,Unit 4A Practice Exam A Answer Key | Better Grades,Unit 4A Practice Exam A Answer Key,unit 4a practice exam a answer key,"unit 4a practice exam a answer key | Unit 4A Practice Exam A Answer Key | Review, practice, exams, and answer keys | Sequences and Infinite Series | answer-key | Unit 4A | Unit 4A: Sequences and Infinite Series | sequence series convergence",,,UNAVAILABLE,UNAVAILABLE,UNAVAILABLE,UNAVAILABLE,UNAVAILABLE,KEEP,Unique rendered H1/primary query retained; monitor in Search Console.,/subjects/math/calculus/sequences-and-series/practice-exam-a-answer-key/,0,CURRENT,self-canonical=true; sitemap=true; inboundInternalLinks=4,medium / pending search evidence,"GSC top queries, clicks, impressions, CTR, average position; backlinks before any consolidation"
/subjects/math/calculus/sequences-and-series/practice-exam-a/,https://bettergrades.net/subjects/math/calculus/sequences-and-series/practice-exam-a/,calculus,unit.calculus.4a,textbook-lesson.subjects-math-calculus-sequences-and-series-practice-exam-a,textbook-lesson,Unit 4A Practice Exam A | Better Grades,Unit 4A Practice Exam A,unit 4a practice exam a,"unit 4a practice exam a | Unit 4A Practice Exam A | Review, practice, exams, and answer keys | Sequences and Infinite Series | exam | Unit 4A | Unit 4A: Sequences and Infinite Series | sequence series convergence",,,UNAVAILABLE,UNAVAILABLE,UNAVAILABLE,UNAVAILABLE,UNAVAILABLE,KEEP,Unique rendered H1/primary query retained; monitor in Search Console.,/subjects/math/calculus/sequences-and-series/practice-exam-a/,0,CURRENT,self-canonical=true; sitemap=true; inboundInternalLinks=4,medium / pending search evidence,"GSC top queries, clicks, impressions, CTR, average position; backlinks before any consolidation"
/subjects/math/calculus/sequences-and-series/practice-exam-b-answer-key/,https://bettergrades.net/subjects/math/calculus/sequences-and-series/practice-exam-b-answer-key/,calculus,unit.calculus.4a,textbook-lesson.subjects-math-calculus-sequences-and-series-practice-exam-b-answer-key,textbook-lesson,Unit 4A Practice Exam B Answer Key | Better Grades,Unit 4A Practice Exam B Answer Key,unit 4a practice exam b answer key,"unit 4a practice exam b answer key | Unit 4A Practice Exam B Answer Key | Review, practice, exams, and answer keys | Sequences and Infinite Series | answer-key | Unit 4A | Unit 4A: Sequences and Infinite Series | sequence series convergence",,,UNAVAILABLE,UNAVAILABLE,UNAVAILABLE,UNAVAILABLE,UNAVAILABLE,KEEP,Unique rendered H1/primary query retained; monitor in Search Console.,/subjects/math/calculus/sequences-and-series/practice-exam-b-answer-key/,0,CURRENT,self-canonical=true; sitemap=true; inboundInternalLinks=4,medium / pending search evidence,"GSC top queries, clicks, impressions, CTR, average position; backlinks before any consolidation"
/subjects/math/calculus/sequences-and-series/practice-exam-b/,https://bettergrades.net/subjects/math/calculus/sequences-and-series/practice-exam-b/,calculus,unit.calculus.4a,textbook-lesson.subjects-math-calculus-sequences-and-series-practice-exam-b,textbook-lesson,Unit 4A Practice Exam B | Better Grades,Unit 4A Practice Exam B,unit 4a practice exam b,"unit 4a practice exam b | Unit 4A Practice Exam B | Review, practice, exams, and answer keys | Sequences and Infinite Series | exam | Unit 4A | Unit 4A: Sequences and Infinite Series | sequence series convergence",,,UNAVAILABLE,UNAVAILABLE,UNAVAILABLE,UNAVAILABLE,UNAVAILABLE,KEEP,Unique rendered H1/primary query retained; monitor in Search Console.,/subjects/math/calculus/sequences-and-series/practice-exam-b/,0,CURRENT,self-canonical=true; sitemap=true; inboundInternalLinks=4,medium / pending search evidence,"GSC top queries, clicks, impressions, CTR, average position; backlinks before any consolidation"
/subjects/math/calculus/sequences-and-series/prerequisite-diagnostic/,https://bettergrades.net/subjects/math/calculus/sequences-and-series/prerequisite-diagnostic/,calculus,unit.calculus.4a,textbook-lesson.subjects-math-calculus-sequences-and-series-prerequisite-diagnostic,textbook-lesson,Unit 4A Prerequisite Diagnostic | Better Grades,Unit 4A Prerequisite Diagnostic,unit 4a prerequisite diagnostic,"unit 4a prerequisite diagnostic | Unit 4A Prerequisite Diagnostic | Review, practice, exams, and answer keys | Sequences and Infinite Series | diagnostic | Unit 4A | Unit 4A: Sequences and Infinite Series | sequence series convergence",,,UNAVAILABLE,UNAVAILABLE,UNAVAILABLE,UNAVAILABLE,UNAVAILABLE,KEEP,Unique rendered H1/primary query retained; monitor in Search Console.,/subjects/math/calculus/sequences-and-series/prerequisite-diagnostic/,0,CURRENT,self-canonical=true; sitemap=true; inboundInternalLinks=5,medium / pending search evidence,"GSC top queries, clicks, impressions, CTR, average position; backlinks before any consolidation"
/subjects/math/calculus/sequences-and-series/ratio-test/,https://bettergrades.net/subjects/math/calculus/sequences-and-series/ratio-test/,calculus,unit.calculus.4a,textbook-lesson.subjects-math-calculus-sequences-and-series-ratio-test,textbook-lesson,The Ratio Test | Unit 4A | Better Grades,The Ratio Test,the ratio test,"the ratio test | The Ratio Test | Alternating, absolute, ratio, and root tests | Sequences and Infinite Series | lesson | Unit 4A | Unit 4A: Sequences and Infinite Series | sequence series convergence",,,UNAVAILABLE,UNAVAILABLE,UNAVAILABLE,UNAVAILABLE,UNAVAILABLE,KEEP,Unique rendered H1/primary query retained; monitor in Search Console.,/subjects/math/calculus/sequences-and-series/ratio-test/,0,CURRENT,self-canonical=true; sitemap=true; inboundInternalLinks=4,medium / pending search evidence,"GSC top queries, clicks, impressions, CTR, average position; backlinks before any consolidation"
/subjects/math/calculus/sequences-and-series/reference-sheet/,https://bettergrades.net/subjects/math/calculus/sequences-and-series/reference-sheet/,calculus,unit.calculus.4a,textbook-lesson.subjects-math-calculus-sequences-and-series-reference-sheet,textbook-lesson,Unit 4A Reference Sheet | Better Grades,Unit 4A Reference Sheet,unit 4a reference sheet,"unit 4a reference sheet | Unit 4A Reference Sheet | Review, practice, exams, and answer keys | Sequences and Infinite Series | reference | Unit 4A | Unit 4A: Sequences and Infinite Series | sequence series convergence",,,UNAVAILABLE,UNAVAILABLE,UNAVAILABLE,UNAVAILABLE,UNAVAILABLE,KEEP,Unique rendered H1/primary query retained; monitor in Search Console.,/subjects/math/calculus/sequences-and-series/reference-sheet/,0,CURRENT,self-canonical=true; sitemap=true; inboundInternalLinks=4,medium / pending search evidence,"GSC top queries, clicks, impressions, CTR, average position; backlinks before any consolidation"
/subjects/math/calculus/sequences-and-series/root-test/,https://bettergrades.net/subjects/math/calculus/sequences-and-series/root-test/,calculus,unit.calculus.4a,textbook-lesson.subjects-math-calculus-sequences-and-series-root-test,textbook-lesson,The Root Test | Unit 4A | Better Grades,The Root Test,the root test,"the root test | The Root Test | Alternating, absolute, ratio, and root tests | Sequences and Infinite Series | lesson | Unit 4A | Unit 4A: Sequences and Infinite Series | sequence series convergence",,,UNAVAILABLE,UNAVAILABLE,UNAVAILABLE,UNAVAILABLE,UNAVAILABLE,KEEP,Unique rendered H1/primary query retained; monitor in Search Console.,/subjects/math/calculus/sequences-and-series/root-test/,0,CURRENT,self-canonical=true; sitemap=true; inboundInternalLinks=4,medium / pending search evidence,"GSC top queries, clicks, impressions, CTR, average position; backlinks before any consolidation"
/subjects/math/calculus/sequences-and-series/sequence-limit-laws/,https://bettergrades.net/subjects/math/calculus/sequences-and-series/sequence-limit-laws/,calculus,unit.calculus.4a,textbook-lesson.subjects-math-calculus-sequences-and-series-sequence-limit-laws,textbook-lesson,Limit Laws for Sequences | Unit 4A | Better Grades,Limit Laws for Sequences,limit laws for sequences,limit laws for sequences | Limit Laws for Sequences | Sequences and their limits | Sequences and Infinite Series | lesson | Unit 4A | Unit 4A: Sequences and Infinite Series | sequence series convergence,,,UNAVAILABLE,UNAVAILABLE,UNAVAILABLE,UNAVAILABLE,UNAVAILABLE,KEEP,Unique rendered H1/primary query retained; monitor in Search Console.,/subjects/math/calculus/sequences-and-series/sequence-limit-laws/,0,CURRENT,self-canonical=true; sitemap=true; inboundInternalLinks=4,medium / pending search evidence,"GSC top queries, clicks, impressions, CTR, average position; backlinks before any consolidation"
/subjects/math/calculus/sequences-and-series/sequence-review/,https://bettergrades.net/subjects/math/calculus/sequences-and-series/sequence-review/,calculus,unit.calculus.4a,textbook-lesson.subjects-math-calculus-sequences-and-series-sequence-review,textbook-lesson,Sequence Review | Unit 4A | Better Grades,Sequence Review,sequence review,"sequence review | Sequence Review | Review, practice, exams, and answer keys | Sequences and Infinite Series | review | Unit 4A | Unit 4A: Sequences and Infinite Series | sequence series convergence",,,UNAVAILABLE,UNAVAILABLE,UNAVAILABLE,UNAVAILABLE,UNAVAILABLE,KEEP,Unique rendered H1/primary query retained; monitor in Search Console.,/subjects/math/calculus/sequences-and-series/sequence-review/,0,CURRENT,self-canonical=true; sitemap=true; inboundInternalLinks=4,medium / pending search evidence,"GSC top queries, clicks, impressions, CTR, average position; backlinks before any consolidation"
/subjects/math/calculus/sequences-and-series/sequences-as-functions/,https://bettergrades.net/subjects/math/calculus/sequences-and-series/sequences-as-functions/,calculus,unit.calculus.4a,textbook-lesson.subjects-math-calculus-sequences-and-series-sequences-as-functions,textbook-lesson,Sequences as Functions on the Integers | Unit 4A | Better Grades,Sequences as Functions on the Integers,sequences as functions on the integers,sequences as functions on the integers | Sequences as Functions on the Integers | Sequences and their limits | Sequences and Infinite Series | lesson | Unit 4A | Unit 4A: Sequences and Infinite Series | sequence series convergence,,,UNAVAILABLE,UNAVAILABLE,UNAVAILABLE,UNAVAILABLE,UNAVAILABLE,KEEP,Unique rendered H1/primary query retained; monitor in Search Console.,/subjects/math/calculus/sequences-and-series/sequences-as-functions/,0,CURRENT,self-canonical=true; sitemap=true; inboundInternalLinks=4,medium / pending search evidence,"GSC top queries, clicks, impressions, CTR, average position; backlinks before any consolidation"
/subjects/math/calculus/sequences-and-series/squeeze-theorem-for-sequences/,https://bettergrades.net/subjects/math/calculus/sequences-and-series/squeeze-theorem-for-sequences/,calculus,unit.calculus.4a,textbook-lesson.subjects-math-calculus-sequences-and-series-squeeze-theorem-for-sequences,textbook-lesson,The Squeeze Theorem for Sequences | Unit 4A | Better Grades,The Squeeze Theorem for Sequences,the squeeze theorem for sequences,the squeeze theorem for sequences | The Squeeze Theorem for Sequences | Sequences and their limits | Sequences and Infinite Series | lesson | Unit 4A | Unit 4A: Sequences and Infinite Series | sequence series convergence,,,UNAVAILABLE,UNAVAILABLE,UNAVAILABLE,UNAVAILABLE,UNAVAILABLE,KEEP,Unique rendered H1/primary query retained; monitor in Search Console.,/subjects/math/calculus/sequences-and-series/squeeze-theorem-for-sequences/,0,CURRENT,self-canonical=true; sitemap=true; inboundInternalLinks=4,medium / pending search evidence,"GSC top queries, clicks, impressions, CTR, average position; backlinks before any consolidation"
/subjects/math/calculus/sequences-and-series/telescoping-series/,https://bettergrades.net/subjects/math/calculus/sequences-and-series/telescoping-series/,calculus,unit.calculus.4a,textbook-lesson.subjects-math-calculus-sequences-and-series-telescoping-series,textbook-lesson,Telescoping Series | Unit 4A | Better Grades,Telescoping Series,telescoping series,telescoping series | Telescoping Series | Infinite series and foundational examples | Sequences and Infinite Series | lesson | Unit 4A | Unit 4A: Sequences and Infinite Series | sequence series convergence,,,UNAVAILABLE,UNAVAILABLE,UNAVAILABLE,UNAVAILABLE,UNAVAILABLE,KEEP,Unique rendered H1/primary query retained; monitor in Search Console.,/subjects/math/calculus/sequences-and-series/telescoping-series/,0,CURRENT,self-canonical=true; sitemap=true; inboundInternalLinks=4,medium / pending search evidence,"GSC top queries, clicks, impressions, CTR, average position; backlinks before any consolidation"
/subjects/math/calculus/sequences-and-series/test-selection-practice/,https://bettergrades.net/subjects/math/calculus/sequences-and-series/test-selection-practice/,calculus,unit.calculus.4a,textbook-lesson.subjects-math-calculus-sequences-and-series-test-selection-practice,textbook-lesson,Convergence-Test Selection Practice | Unit 4A | Better Grades,Convergence-Test Selection Practice,convergence-test selection practice,"convergence-test selection practice | Convergence-Test Selection Practice | Review, practice, exams, and answer keys | Sequences and Infinite Series | practice | Unit 4A | Unit 4A: Sequences and Infinite Series | sequence series convergence",,,UNAVAILABLE,UNAVAILABLE,UNAVAILABLE,UNAVAILABLE,UNAVAILABLE,KEEP,Unique rendered H1/primary query retained; monitor in Search Console.,/subjects/math/calculus/sequences-and-series/test-selection-practice/,0,CURRENT,self-canonical=true; sitemap=true; inboundInternalLinks=4,medium / pending search evidence,"GSC top queries, clicks, impressions, CTR, average position; backlinks before any consolidation"
/subjects/math/calculus/sequences-series/harmonic-series-diverges/,https://bettergrades.net/subjects/math/calculus/sequences-series/harmonic-series-diverges/,calculus,,,quick-answer,Why does the harmonic series diverge? | Better Grades,Why does the harmonic series diverge?,why does the harmonic series diverge,"Sequences & Series | Decide convergence, work with power series, and understand what finite approximations can guarantee. | harmonic series diverges",,,UNAVAILABLE,UNAVAILABLE,UNAVAILABLE,UNAVAILABLE,UNAVAILABLE,KEEP,Unique rendered H1/primary query retained; monitor in Search Console.,/subjects/math/calculus/sequences-series/harmonic-series-diverges/,0,CURRENT,self-canonical=true; sitemap=true; inboundInternalLinks=1,medium / pending search evidence,"GSC top queries, clicks, impressions, CTR, average position; backlinks before any consolidation"
/subjects/math/calculus/sequences-series/ratio-test-vs-root-test/,https://bettergrades.net/subjects/math/calculus/sequences-series/ratio-test-vs-root-test/,calculus,,,decision-guide,Ratio test or root test? Choose from the series structure | Better Grades,Ratio test or root test? Choose from the series structure,ratio test or root test choose from the series structure,"Sequences & Series | Decide convergence, work with power series, and understand what finite approximations can guarantee. | ratio test vs root test | ratio test | root test | absolute convergence test | which convergence test",,,UNAVAILABLE,UNAVAILABLE,UNAVAILABLE,UNAVAILABLE,UNAVAILABLE,KEEP,Unique rendered H1/primary query retained; monitor in Search Console.,/subjects/math/calculus/sequences-series/ratio-test-vs-root-test/,0,CURRENT,self-canonical=true; sitemap=true; inboundInternalLinks=1,medium / pending search evidence,"GSC top queries, clicks, impressions, CTR, average position; backlinks before any consolidation"
/subjects/math/calculus/visuals/,https://bettergrades.net/subjects/math/calculus/visuals/,calculus,,,resource-hub,Calculus Visual Guides and Downloadable Diagrams | Better Grades,Calculus Visual Guides and Downloadable Diagrams,calculus visual guides and downloadable diagrams,visuals,,,UNAVAILABLE,UNAVAILABLE,UNAVAILABLE,UNAVAILABLE,UNAVAILABLE,KEEP,Unique rendered H1/primary query retained; monitor in Search Console.,/subjects/math/calculus/visuals/,0,CURRENT,self-canonical=true; sitemap=true; inboundInternalLinks=974,medium / pending search evidence,"GSC top queries, clicks, impressions, CTR, average position; backlinks before any consolidation"
/subjects/math/calculus/visuals/convergence-tests-flowchart/,https://bettergrades.net/subjects/math/calculus/visuals/convergence-tests-flowchart/,calculus,,,visual-guide,Convergence Tests Flowchart and Visual Guide | Better Grades,Convergence Tests Flowchart and Visual Guide,convergence tests flowchart and visual guide,convergence tests flowchart | which series test to use | test selection | hypothesis checks | absolute versus conditional convergence | series | convergence tests | Calculus II,,,UNAVAILABLE,UNAVAILABLE,UNAVAILABLE,UNAVAILABLE,UNAVAILABLE,KEEP,Unique rendered H1/primary query retained; monitor in Search Console.,/subjects/math/calculus/visuals/convergence-tests-flowchart/,0,CURRENT,self-canonical=true; sitemap=true; inboundInternalLinks=24,medium / pending search evidence,"GSC top queries, clicks, impressions, CTR, average position; backlinks before any consolidation"
/subjects/math/calculus/visuals/derivative-rules-map/,https://bettergrades.net/subjects/math/calculus/visuals/derivative-rules-map/,calculus,,,visual-guide,Derivative Rules Map: How to Choose a Differentiation Rule | Better Grades,Derivative Rules Map: How to Choose a Differentiation Rule,derivative rules map: how to choose a differentiation rule,derivative rules map | which derivative rule | derivative-rule selection | derivatives | rule selection | Calculus I | Unit 2A,,,UNAVAILABLE,UNAVAILABLE,UNAVAILABLE,UNAVAILABLE,UNAVAILABLE,KEEP,Unique rendered H1/primary query retained; monitor in Search Console.,/subjects/math/calculus/visuals/derivative-rules-map/,0,CURRENT,self-canonical=true; sitemap=true; inboundInternalLinks=2,medium / pending search evidence,"GSC top queries, clicks, impressions, CTR, average position; backlinks before any consolidation"
/subjects/math/calculus/visuals/riemann-sum-progression/,https://bettergrades.net/subjects/math/calculus/visuals/riemann-sum-progression/,calculus,,,visual-guide,Riemann Sum Progression: From Rectangles to Definite Integral | Better Grades,Riemann Sum Progression: From Rectangles to Definite Integral,riemann sum progression: from rectangles to definite integral,riemann sum visual | rectangles to definite integral | interpreting Riemann sums | connecting sums to integrals | integrals | Riemann sums | Calculus I | Unit 3A,,,UNAVAILABLE,UNAVAILABLE,UNAVAILABLE,UNAVAILABLE,UNAVAILABLE,KEEP,Unique rendered H1/primary query retained; monitor in Search Console.,/subjects/math/calculus/visuals/riemann-sum-progression/,0,CURRENT,self-canonical=true; sitemap=true; inboundInternalLinks=2,medium / pending search evidence,"GSC top queries, clicks, impressions, CTR, average position; backlinks before any consolidation"
/subjects/math/calculus/visuals/taylor-approximation-visual/,https://bettergrades.net/subjects/math/calculus/visuals/taylor-approximation-visual/,calculus,,,visual-guide,Taylor Polynomial Approximation Sequence Visual | Better Grades,Taylor Polynomial Approximation Sequence Visual,taylor polynomial approximation sequence visual,taylor polynomial visual | taylor approximation graph | interpreting Taylor polynomials | remainder reasoning | Taylor series | approximation | Calculus II | Unit 4B,,,UNAVAILABLE,UNAVAILABLE,UNAVAILABLE,UNAVAILABLE,UNAVAILABLE,KEEP,Unique rendered H1/primary query retained; monitor in Search Console.,/subjects/math/calculus/visuals/taylor-approximation-visual/,0,CURRENT,self-canonical=true; sitemap=true; inboundInternalLinks=2,medium / pending search evidence,"GSC top queries, clicks, impressions, CTR, average position; backlinks before any consolidation"
/subjects/math/calculus/worked-problems/,https://bettergrades.net/subjects/math/calculus/worked-problems/,calculus,,,resource-hub,Curated Calculus Worked Problems | Better Grades,Curated Calculus Worked Problems,curated calculus worked problems,worked problems,,,UNAVAILABLE,UNAVAILABLE,UNAVAILABLE,UNAVAILABLE,UNAVAILABLE,KEEP,Unique rendered H1/primary query retained; monitor in Search Console.,/subjects/math/calculus/worked-problems/,0,CURRENT,self-canonical=true; sitemap=true; inboundInternalLinks=974,medium / pending search evidence,"GSC top queries, clicks, impressions, CTR, average position; backlinks before any consolidation"
/subjects/math/calculus/worked-problems/absolute-versus-conditional-convergence/,https://bettergrades.net/subjects/math/calculus/worked-problems/absolute-versus-conditional-convergence/,calculus,,,worked-problem,Absolute Versus Conditional Convergence: Worked Example and Solution | Better Grades,Absolute Versus Conditional Convergence: Worked Example and Solution,absolute versus conditional convergence: worked example and solution,absolute versus conditional convergence | Course synthesis | integration applications | sequences | series | power series | Taylor series | Calculus II,,,UNAVAILABLE,UNAVAILABLE,UNAVAILABLE,UNAVAILABLE,UNAVAILABLE,KEEP,Unique rendered H1/primary query retained; monitor in Search Console.,/subjects/math/calculus/worked-problems/absolute-versus-conditional-convergence/,0,CURRENT,self-canonical=true; sitemap=true; inboundInternalLinks=2,medium / pending search evidence,"GSC top queries, clicks, impressions, CTR, average position; backlinks before any consolidation"
/subjects/math/calculus/worked-problems/alternating-series-test-example/,https://bettergrades.net/subjects/math/calculus/worked-problems/alternating-series-test-example/,calculus,,,worked-problem,Alternating Series Test Example: Worked Example and Solution | Better Grades,Alternating Series Test Example: Worked Example and Solution,alternating series test example: worked example and solution,alternating series test example | Course synthesis | integration applications | sequences | series | power series | Taylor series | Calculus II,,,UNAVAILABLE,UNAVAILABLE,UNAVAILABLE,UNAVAILABLE,UNAVAILABLE,KEEP,Unique rendered H1/primary query retained; monitor in Search Console.,/subjects/math/calculus/worked-problems/alternating-series-test-example/,0,CURRENT,self-canonical=true; sitemap=true; inboundInternalLinks=2,medium / pending search evidence,"GSC top queries, clicks, impressions, CTR, average position; backlinks before any consolidation"
/subjects/math/calculus/worked-problems/basic-chain-rule/,https://bettergrades.net/subjects/math/calculus/worked-problems/basic-chain-rule/,calculus,,,worked-problem,Basic Chain Rule: Worked Example and Solution | Better Grades,Basic Chain Rule: Worked Example and Solution,basic chain rule: worked example and solution,basic chain rule | Basic chain rule | derivatives | chain rule | Calculus I | Unit 2A,,,UNAVAILABLE,UNAVAILABLE,UNAVAILABLE,UNAVAILABLE,UNAVAILABLE,KEEP,Unique rendered H1/primary query retained; monitor in Search Console.,/subjects/math/calculus/worked-problems/basic-chain-rule/,0,CURRENT,self-canonical=true; sitemap=true; inboundInternalLinks=2,medium / pending search evidence,"GSC top queries, clicks, impressions, CTR, average position; backlinks before any consolidation"
/subjects/math/calculus/worked-problems/fencing-optimization/,https://bettergrades.net/subjects/math/calculus/worked-problems/fencing-optimization/,calculus,,,worked-problem,Fencing Optimization: Worked Example and Solution | Better Grades,Fencing Optimization: Worked Example and Solution,fencing optimization: worked example and solution,fencing optimization | Constrained one-variable optimization | derivative applications | optimization | Calculus I | Unit 2B,,,UNAVAILABLE,UNAVAILABLE,UNAVAILABLE,UNAVAILABLE,UNAVAILABLE,KEEP,Unique rendered H1/primary query retained; monitor in Search Console.,/subjects/math/calculus/worked-problems/fencing-optimization/,0,CURRENT,self-canonical=true; sitemap=true; inboundInternalLinks=3,medium / pending search evidence,"GSC top queries, clicks, impressions, CTR, average position; backlinks before any consolidation"
/subjects/math/calculus/worked-problems/finite-geometric-sum/,https://bettergrades.net/subjects/math/calculus/worked-problems/finite-geometric-sum/,calculus,,,worked-problem,Finite Geometric Sum: Worked Example and Solution | Better Grades,Finite Geometric Sum: Worked Example and Solution,finite geometric sum: worked example and solution,finite geometric sum | Geometric-series structure | series | geometric series | Calculus II | Unit 4A,,,UNAVAILABLE,UNAVAILABLE,UNAVAILABLE,UNAVAILABLE,UNAVAILABLE,KEEP,Unique rendered H1/primary query retained; monitor in Search Console.,/subjects/math/calculus/worked-problems/finite-geometric-sum/,0,CURRENT,self-canonical=true; sitemap=true; inboundInternalLinks=2,medium / pending search evidence,"GSC top queries, clicks, impressions, CTR, average position; backlinks before any consolidation"
/subjects/math/calculus/worked-problems/fundamental-theorem-derivative/,https://bettergrades.net/subjects/math/calculus/worked-problems/fundamental-theorem-derivative/,calculus,,,worked-problem,Fundamental Theorem Derivative: Worked Example and Solution | Better Grades,Fundamental Theorem Derivative: Worked Example and Solution,fundamental theorem derivative: worked example and solution,fundamental theorem derivative | Course synthesis | limits | derivatives | applications | integrals | Calculus I | Units 1–3A,,,UNAVAILABLE,UNAVAILABLE,UNAVAILABLE,UNAVAILABLE,UNAVAILABLE,KEEP,Unique rendered H1/primary query retained; monitor in Search Console.,/subjects/math/calculus/worked-problems/fundamental-theorem-derivative/,0,CURRENT,self-canonical=true; sitemap=true; inboundInternalLinks=2,medium / pending search evidence,"GSC top queries, clicks, impressions, CTR, average position; backlinks before any consolidation"
/subjects/math/calculus/worked-problems/infinite-geometric-sum/,https://bettergrades.net/subjects/math/calculus/worked-problems/infinite-geometric-sum/,calculus,,,worked-problem,Infinite Geometric Sum: Worked Example and Solution | Better Grades,Infinite Geometric Sum: Worked Example and Solution,infinite geometric sum: worked example and solution,infinite geometric sum | Geometric-series structure | series | geometric series | Calculus II | Unit 4A,,,UNAVAILABLE,UNAVAILABLE,UNAVAILABLE,UNAVAILABLE,UNAVAILABLE,KEEP,Unique rendered H1/primary query retained; monitor in Search Console.,/subjects/math/calculus/worked-problems/infinite-geometric-sum/,0,CURRENT,self-canonical=true; sitemap=true; inboundInternalLinks=2,medium / pending search evidence,"GSC top queries, clicks, impressions, CTR, average position; backlinks before any consolidation"
/subjects/math/calculus/worked-problems/integration-by-parts-log-x/,https://bettergrades.net/subjects/math/calculus/worked-problems/integration-by-parts-log-x/,calculus,,,worked-problem,Integration By Parts Log X: Worked Example and Solution | Better Grades,Integration By Parts Log X: Worked Example and Solution,integration by parts log x: worked example and solution,integration by parts log x | Integration by parts | integration techniques | integration by parts | Calculus II | Unit 3A,,,UNAVAILABLE,UNAVAILABLE,UNAVAILABLE,UNAVAILABLE,UNAVAILABLE,KEEP,Unique rendered H1/primary query retained; monitor in Search Console.,/subjects/math/calculus/worked-problems/integration-by-parts-log-x/,0,CURRENT,self-canonical=true; sitemap=true; inboundInternalLinks=3,medium / pending search evidence,"GSC top queries, clicks, impressions, CTR, average position; backlinks before any consolidation"
/subjects/math/calculus/worked-problems/integration-by-parts-x-e-x/,https://bettergrades.net/subjects/math/calculus/worked-problems/integration-by-parts-x-e-x/,calculus,,,worked-problem,Integration By Parts X E X: Worked Example and Solution | Better Grades,Integration By Parts X E X: Worked Example and Solution,integration by parts x e x: worked example and solution,integration by parts x e x | Integration by parts | integration techniques | integration by parts | Calculus II | Unit 3A,,,UNAVAILABLE,UNAVAILABLE,UNAVAILABLE,UNAVAILABLE,UNAVAILABLE,KEEP,Unique rendered H1/primary query retained; monitor in Search Console.,/subjects/math/calculus/worked-problems/integration-by-parts-x-e-x/,0,CURRENT,self-canonical=true; sitemap=true; inboundInternalLinks=2,medium / pending search evidence,"GSC top queries, clicks, impressions, CTR, average position; backlinks before any consolidation"
/subjects/math/calculus/worked-problems/interval-of-convergence-example/,https://bettergrades.net/subjects/math/calculus/worked-problems/interval-of-convergence-example/,calculus,,,worked-problem,Interval Of Convergence Example: Worked Example and Solution | Better Grades,Interval Of Convergence Example: Worked Example and Solution,interval of convergence example: worked example and solution,interval of convergence example | Taylor or power-series construction | power series | Taylor series | Calculus II | Unit 4B,,,UNAVAILABLE,UNAVAILABLE,UNAVAILABLE,UNAVAILABLE,UNAVAILABLE,KEEP,Unique rendered H1/primary query retained; monitor in Search Console.,/subjects/math/calculus/worked-problems/interval-of-convergence-example/,0,CURRENT,self-canonical=true; sitemap=true; inboundInternalLinks=2,medium / pending search evidence,"GSC top queries, clicks, impressions, CTR, average position; backlinks before any consolidation"
/subjects/math/calculus/worked-problems/limit-by-factoring/,https://bettergrades.net/subjects/math/calculus/worked-problems/limit-by-factoring/,calculus,,,worked-problem,Limit By Factoring: Worked Example and Solution | Better Grades,Limit By Factoring: Worked Example and Solution,limit by factoring: worked example and solution,limit by factoring | Factoring and cancellation | limits | continuity | Calculus I | Unit 1,,,UNAVAILABLE,UNAVAILABLE,UNAVAILABLE,UNAVAILABLE,UNAVAILABLE,KEEP,Unique rendered H1/primary query retained; monitor in Search Console.,/subjects/math/calculus/worked-problems/limit-by-factoring/,0,CURRENT,self-canonical=true; sitemap=true; inboundInternalLinks=2,medium / pending search evidence,"GSC top queries, clicks, impressions, CTR, average position; backlinks before any consolidation"
/subjects/math/calculus/worked-problems/limit-by-rationalization/,https://bettergrades.net/subjects/math/calculus/worked-problems/limit-by-rationalization/,calculus,,,worked-problem,Limit By Rationalization: Worked Example and Solution | Better Grades,Limit By Rationalization: Worked Example and Solution,limit by rationalization: worked example and solution,limit by rationalization | Rationalization | limits | continuity | Calculus I | Unit 1,,,UNAVAILABLE,UNAVAILABLE,UNAVAILABLE,UNAVAILABLE,UNAVAILABLE,KEEP,Unique rendered H1/primary query retained; monitor in Search Console.,/subjects/math/calculus/worked-problems/limit-by-rationalization/,0,CURRENT,self-canonical=true; sitemap=true; inboundInternalLinks=2,medium / pending search evidence,"GSC top queries, clicks, impressions, CTR, average position; backlinks before any consolidation"
/subjects/math/calculus/worked-problems/limit-comparison-example/,https://bettergrades.net/subjects/math/calculus/worked-problems/limit-comparison-example/,calculus,,,worked-problem,Limit Comparison Example: Worked Example and Solution | Better Grades,Limit Comparison Example: Worked Example and Solution,limit comparison example: worked example and solution,limit comparison example | Course synthesis | integration applications | sequences | series | power series | Taylor series | Calculus II,,,UNAVAILABLE,UNAVAILABLE,UNAVAILABLE,UNAVAILABLE,UNAVAILABLE,KEEP,Unique rendered H1/primary query retained; monitor in Search Console.,/subjects/math/calculus/worked-problems/limit-comparison-example/,0,CURRENT,self-canonical=true; sitemap=true; inboundInternalLinks=2,medium / pending search evidence,"GSC top queries, clicks, impressions, CTR, average position; backlinks before any consolidation"
/subjects/math/calculus/worked-problems/nested-chain-rule/,https://bettergrades.net/subjects/math/calculus/worked-problems/nested-chain-rule/,calculus,,,worked-problem,Nested Chain Rule: Worked Example and Solution | Better Grades,Nested Chain Rule: Worked Example and Solution,nested chain rule: worked example and solution,nested chain rule | Nested chain rule | derivatives | chain rule | Calculus I | Unit 2A,,,UNAVAILABLE,UNAVAILABLE,UNAVAILABLE,UNAVAILABLE,UNAVAILABLE,KEEP,Unique rendered H1/primary query retained; monitor in Search Console.,/subjects/math/calculus/worked-problems/nested-chain-rule/,0,CURRENT,self-canonical=true; sitemap=true; inboundInternalLinks=2,medium / pending search evidence,"GSC top queries, clicks, impressions, CTR, average position; backlinks before any consolidation"
/subjects/math/calculus/worked-problems/one-sided-piecewise-limit/,https://bettergrades.net/subjects/math/calculus/worked-problems/one-sided-piecewise-limit/,calculus,,,worked-problem,One Sided Piecewise Limit: Worked Example and Solution | Better Grades,One Sided Piecewise Limit: Worked Example and Solution,one sided piecewise limit: worked example and solution,one sided piecewise limit | One-sided branch analysis | limits | continuity | Calculus I | Unit 1,,,UNAVAILABLE,UNAVAILABLE,UNAVAILABLE,UNAVAILABLE,UNAVAILABLE,KEEP,Unique rendered H1/primary query retained; monitor in Search Console.,/subjects/math/calculus/worked-problems/one-sided-piecewise-limit/,0,CURRENT,self-canonical=true; sitemap=true; inboundInternalLinks=2,medium / pending search evidence,"GSC top queries, clicks, impressions, CTR, average position; backlinks before any consolidation"
/subjects/math/calculus/worked-problems/open-top-box-optimization/,https://bettergrades.net/subjects/math/calculus/worked-problems/open-top-box-optimization/,calculus,,,worked-problem,Open Top Box Optimization: Worked Example and Solution | Better Grades,Open Top Box Optimization: Worked Example and Solution,open top box optimization: worked example and solution,open top box optimization | Constrained one-variable optimization | derivative applications | optimization | Calculus I | Unit 2B,,,UNAVAILABLE,UNAVAILABLE,UNAVAILABLE,UNAVAILABLE,UNAVAILABLE,KEEP,Unique rendered H1/primary query retained; monitor in Search Console.,/subjects/math/calculus/worked-problems/open-top-box-optimization/,0,CURRENT,self-canonical=true; sitemap=true; inboundInternalLinks=2,medium / pending search evidence,"GSC top queries, clicks, impressions, CTR, average position; backlinks before any consolidation"
/subjects/math/calculus/worked-problems/product-plus-chain-rule/,https://bettergrades.net/subjects/math/calculus/worked-problems/product-plus-chain-rule/,calculus,,,worked-problem,Product Plus Chain Rule: Worked Example and Solution | Better Grades,Product Plus Chain Rule: Worked Example and Solution,product plus chain rule: worked example and solution,product plus chain rule | product plus chain | derivatives | chain rule | Calculus I | Unit 2A,,,UNAVAILABLE,UNAVAILABLE,UNAVAILABLE,UNAVAILABLE,UNAVAILABLE,KEEP,Unique rendered H1/primary query retained; monitor in Search Console.,/subjects/math/calculus/worked-problems/product-plus-chain-rule/,0,CURRENT,self-canonical=true; sitemap=true; inboundInternalLinks=2,medium / pending search evidence,"GSC top queries, clicks, impressions, CTR, average position; backlinks before any consolidation"
/subjects/math/calculus/worked-problems/quotient-plus-chain-rule/,https://bettergrades.net/subjects/math/calculus/worked-problems/quotient-plus-chain-rule/,calculus,,,worked-problem,Quotient Plus Chain Rule: Worked Example and Solution | Better Grades,Quotient Plus Chain Rule: Worked Example and Solution,quotient plus chain rule: worked example and solution,quotient plus chain rule | quotient plus chain | derivatives | chain rule | Calculus I | Unit 2A,,,UNAVAILABLE,UNAVAILABLE,UNAVAILABLE,UNAVAILABLE,UNAVAILABLE,KEEP,Unique rendered H1/primary query retained; monitor in Search Console.,/subjects/math/calculus/worked-problems/quotient-plus-chain-rule/,0,CURRENT,self-canonical=true; sitemap=true; inboundInternalLinks=2,medium / pending search evidence,"GSC top queries, clicks, impressions, CTR, average position; backlinks before any consolidation"
/subjects/math/calculus/worked-problems/ratio-test-example/,https://bettergrades.net/subjects/math/calculus/worked-problems/ratio-test-example/,calculus,,,worked-problem,Ratio Test Example: Worked Example and Solution | Better Grades,Ratio Test Example: Worked Example and Solution,ratio test example: worked example and solution,ratio test example | Course synthesis | integration applications | sequences | series | power series | Taylor series | Calculus II,,,UNAVAILABLE,UNAVAILABLE,UNAVAILABLE,UNAVAILABLE,UNAVAILABLE,KEEP,Unique rendered H1/primary query retained; monitor in Search Console.,/subjects/math/calculus/worked-problems/ratio-test-example/,0,CURRENT,self-canonical=true; sitemap=true; inboundInternalLinks=2,medium / pending search evidence,"GSC top queries, clicks, impressions, CTR, average position; backlinks before any consolidation"
/subjects/math/calculus/worked-problems/repeated-integration-by-parts/,https://bettergrades.net/subjects/math/calculus/worked-problems/repeated-integration-by-parts/,calculus,,,worked-problem,Repeated Integration By Parts: Worked Example and Solution | Better Grades,Repeated Integration By Parts: Worked Example and Solution,repeated integration by parts: worked example and solution,repeated integration by parts | Integration by parts | integration techniques | integration by parts | Calculus II | Unit 3A,,,UNAVAILABLE,UNAVAILABLE,UNAVAILABLE,UNAVAILABLE,UNAVAILABLE,KEEP,Unique rendered H1/primary query retained; monitor in Search Console.,/subjects/math/calculus/worked-problems/repeated-integration-by-parts/,0,CURRENT,self-canonical=true; sitemap=true; inboundInternalLinks=2,medium / pending search evidence,"GSC top queries, clicks, impressions, CTR, average position; backlinks before any consolidation"
/subjects/math/calculus/worked-problems/repeating-decimal-as-a-series/,https://bettergrades.net/subjects/math/calculus/worked-problems/repeating-decimal-as-a-series/,calculus,,,worked-problem,Repeating Decimal As A Series: Worked Example and Solution | Better Grades,Repeating Decimal As A Series: Worked Example and Solution,repeating decimal as a series: worked example and solution,repeating decimal as a series | Geometric-series structure | series | geometric series | Calculus II | Unit 4A,,,UNAVAILABLE,UNAVAILABLE,UNAVAILABLE,UNAVAILABLE,UNAVAILABLE,KEEP,Unique rendered H1/primary query retained; monitor in Search Console.,/subjects/math/calculus/worked-problems/repeating-decimal-as-a-series/,0,CURRENT,self-canonical=true; sitemap=true; inboundInternalLinks=2,medium / pending search evidence,"GSC top queries, clicks, impressions, CTR, average position; backlinks before any consolidation"
/subjects/math/calculus/worked-problems/root-test-example/,https://bettergrades.net/subjects/math/calculus/worked-problems/root-test-example/,calculus,,,worked-problem,Root Test Example: Worked Example and Solution | Better Grades,Root Test Example: Worked Example and Solution,root test example: worked example and solution,root test example | Course synthesis | integration applications | sequences | series | power series | Taylor series | Calculus II,,,UNAVAILABLE,UNAVAILABLE,UNAVAILABLE,UNAVAILABLE,UNAVAILABLE,KEEP,Unique rendered H1/primary query retained; monitor in Search Console.,/subjects/math/calculus/worked-problems/root-test-example/,0,CURRENT,self-canonical=true; sitemap=true; inboundInternalLinks=2,medium / pending search evidence,"GSC top queries, clicks, impressions, CTR, average position; backlinks before any consolidation"
/subjects/math/calculus/worked-problems/shifted-geometric-series/,https://bettergrades.net/subjects/math/calculus/worked-problems/shifted-geometric-series/,calculus,,,worked-problem,Shifted Geometric Series: Worked Example and Solution | Better Grades,Shifted Geometric Series: Worked Example and Solution,shifted geometric series: worked example and solution,shifted geometric series | Geometric-series structure | series | geometric series | Calculus II | Unit 4A,,,UNAVAILABLE,UNAVAILABLE,UNAVAILABLE,UNAVAILABLE,UNAVAILABLE,KEEP,Unique rendered H1/primary query retained; monitor in Search Console.,/subjects/math/calculus/worked-problems/shifted-geometric-series/,0,CURRENT,self-canonical=true; sitemap=true; inboundInternalLinks=3,medium / pending search evidence,"GSC top queries, clicks, impressions, CTR, average position; backlinks before any consolidation"
/subjects/math/calculus/worked-problems/taylor-approximation-error/,https://bettergrades.net/subjects/math/calculus/worked-problems/taylor-approximation-error/,calculus,,,worked-problem,Taylor Approximation Error: Worked Example and Solution | Better Grades,Taylor Approximation Error: Worked Example and Solution,taylor approximation error: worked example and solution,taylor approximation error | Taylor or power-series construction | power series | Taylor series | Calculus II | Unit 4B,,,UNAVAILABLE,UNAVAILABLE,UNAVAILABLE,UNAVAILABLE,UNAVAILABLE,KEEP,Unique rendered H1/primary query retained; monitor in Search Console.,/subjects/math/calculus/worked-problems/taylor-approximation-error/,0,CURRENT,self-canonical=true; sitemap=true; inboundInternalLinks=2,medium / pending search evidence,"GSC top queries, clicks, impressions, CTR, average position; backlinks before any consolidation"
/subjects/math/calculus/worked-problems/taylor-polynomial-from-derivatives/,https://bettergrades.net/subjects/math/calculus/worked-problems/taylor-polynomial-from-derivatives/,calculus,,,worked-problem,Taylor Polynomial From Derivatives: Worked Example and Solution | Better Grades,Taylor Polynomial From Derivatives: Worked Example and Solution,taylor polynomial from derivatives: worked example and solution,taylor polynomial from derivatives | Taylor or power-series construction | power series | Taylor series | Calculus II | Unit 4B,,,UNAVAILABLE,UNAVAILABLE,UNAVAILABLE,UNAVAILABLE,UNAVAILABLE,KEEP,Unique rendered H1/primary query retained; monitor in Search Console.,/subjects/math/calculus/worked-problems/taylor-polynomial-from-derivatives/,0,CURRENT,self-canonical=true; sitemap=true; inboundInternalLinks=2,medium / pending search evidence,"GSC top queries, clicks, impressions, CTR, average position; backlinks before any consolidation"
/subjects/math/calculus/worked-problems/taylor-series-from-known-series/,https://bettergrades.net/subjects/math/calculus/worked-problems/taylor-series-from-known-series/,calculus,,,worked-problem,Taylor Series From Known Series: Worked Example and Solution | Better Grades,Taylor Series From Known Series: Worked Example and Solution,taylor series from known series: worked example and solution,taylor series from known series | Taylor or power-series construction | power series | Taylor series | Calculus II | Unit 4B,,,UNAVAILABLE,UNAVAILABLE,UNAVAILABLE,UNAVAILABLE,UNAVAILABLE,KEEP,Unique rendered H1/primary query retained; monitor in Search Console.,/subjects/math/calculus/worked-problems/taylor-series-from-known-series/,0,CURRENT,self-canonical=true; sitemap=true; inboundInternalLinks=2,medium / pending search evidence,"GSC top queries, clicks, impressions, CTR, average position; backlinks before any consolidation"
/subjects/math/calculus/worksheets/,https://bettergrades.net/subjects/math/calculus/worksheets/,calculus,,,resource-hub,Free Calculus Worksheets with Answers | Better Grades,Free Calculus Worksheets with Answers,free calculus worksheets with answers,worksheets,,,UNAVAILABLE,UNAVAILABLE,UNAVAILABLE,UNAVAILABLE,UNAVAILABLE,KEEP,Unique rendered H1/primary query retained; monitor in Search Console.,/subjects/math/calculus/worksheets/,0,CURRENT,self-canonical=true; sitemap=true; inboundInternalLinks=974,medium / pending search evidence,"GSC top queries, clicks, impressions, CTR, average position; backlinks before any consolidation"
/subjects/math/calculus/worksheets/chain-rule/,https://bettergrades.net/subjects/math/calculus/worksheets/chain-rule/,calculus,,,worksheet,Chain Rule Worksheet with Answers and Worked Solutions | Better Grades,Chain Rule Worksheet with Answers and Worked Solutions,chain rule worksheet with answers and worked solutions,chain rule worksheet | chain rule practice problems | composition structure | nested chain rule | product plus chain | quotient plus chain | derivatives | chain rule,,,UNAVAILABLE,UNAVAILABLE,UNAVAILABLE,UNAVAILABLE,UNAVAILABLE,KEEP,Unique rendered H1/primary query retained; monitor in Search Console.,/subjects/math/calculus/worksheets/chain-rule/,0,CURRENT,self-canonical=true; sitemap=true; inboundInternalLinks=13,medium / pending search evidence,"GSC top queries, clicks, impressions, CTR, average position; backlinks before any consolidation"
/subjects/math/calculus/worksheets/evaluating-limits/,https://bettergrades.net/subjects/math/calculus/worksheets/evaluating-limits/,calculus,,,worksheet,Evaluating Limits Worksheet with Complete Solutions | Better Grades,Evaluating Limits Worksheet with Complete Solutions,evaluating limits worksheet with complete solutions,evaluating limits worksheet | limits practice with answers | direct substitution | factoring | rationalization | one-sided limits | limits at infinity | limits,,,UNAVAILABLE,UNAVAILABLE,UNAVAILABLE,UNAVAILABLE,UNAVAILABLE,KEEP,Unique rendered H1/primary query retained; monitor in Search Console.,/subjects/math/calculus/worksheets/evaluating-limits/,0,CURRENT,self-canonical=true; sitemap=true; inboundInternalLinks=7,medium / pending search evidence,"GSC top queries, clicks, impressions, CTR, average position; backlinks before any consolidation"
/subjects/math/calculus/worksheets/geometric-series/,https://bettergrades.net/subjects/math/calculus/worksheets/geometric-series/,calculus,,,worksheet,Geometric Series Worksheet with Answers and Printable PDF | Better Grades,Geometric Series Worksheet with Answers and Printable PDF,geometric series worksheet with answers and printable pdf,geometric series worksheet | geometric series practice with answers | common ratio | finite sums | infinite sums | index shifts | applied models | series,,,UNAVAILABLE,UNAVAILABLE,UNAVAILABLE,UNAVAILABLE,UNAVAILABLE,KEEP,Unique rendered H1/primary query retained; monitor in Search Console.,/subjects/math/calculus/worksheets/geometric-series/,0,CURRENT,self-canonical=true; sitemap=true; inboundInternalLinks=8,medium / pending search evidence,"GSC top queries, clicks, impressions, CTR, average position; backlinks before any consolidation"
/subjects/math/calculus/worksheets/integration-by-parts/,https://bettergrades.net/subjects/math/calculus/worksheets/integration-by-parts/,calculus,,,worksheet,Integration by Parts Worksheet with Complete Solutions | Better Grades,Integration by Parts Worksheet with Complete Solutions,integration by parts worksheet with complete solutions,integration by parts worksheet | integration by parts problems with answers | LIATE judgment | repeated integration by parts | definite integral evaluation | integration techniques | integration by parts | Calculus II,,,UNAVAILABLE,UNAVAILABLE,UNAVAILABLE,UNAVAILABLE,UNAVAILABLE,KEEP,Unique rendered H1/primary query retained; monitor in Search Console.,/subjects/math/calculus/worksheets/integration-by-parts/,0,CURRENT,self-canonical=true; sitemap=true; inboundInternalLinks=13,medium / pending search evidence,"GSC top queries, clicks, impressions, CTR, average position; backlinks before any consolidation"
/subjects/math/calculus/worksheets/optimization/,https://bettergrades.net/subjects/math/calculus/worksheets/optimization/,calculus,,,worksheet,Calculus Optimization Worksheet with Complete Solutions | Better Grades,Calculus Optimization Worksheet with Complete Solutions,calculus optimization worksheet with complete solutions,calculus optimization worksheet | optimization problems with solutions | constraint construction | domain reasoning | extrema verification | derivative applications | optimization | Calculus I,,,UNAVAILABLE,UNAVAILABLE,UNAVAILABLE,UNAVAILABLE,UNAVAILABLE,KEEP,Unique rendered H1/primary query retained; monitor in Search Console.,/subjects/math/calculus/worksheets/optimization/,0,CURRENT,self-canonical=true; sitemap=true; inboundInternalLinks=5,medium / pending search evidence,"GSC top queries, clicks, impressions, CTR, average position; backlinks before any consolidation"
/subjects/math/calculus/worksheets/taylor-series/,https://bettergrades.net/subjects/math/calculus/worksheets/taylor-series/,calculus,,,worksheet,Taylor Series Worksheet with Answers and Error Practice | Better Grades,Taylor Series Worksheet with Answers and Error Practice,taylor series worksheet with answers and error practice,taylor series worksheet | power series practice with answers | series construction | known-series transformations | intervals of convergence | remainder estimates | power series | Taylor series,,,UNAVAILABLE,UNAVAILABLE,UNAVAILABLE,UNAVAILABLE,UNAVAILABLE,KEEP,Unique rendered H1/primary query retained; monitor in Search Console.,/subjects/math/calculus/worksheets/taylor-series/,0,CURRENT,self-canonical=true; sitemap=true; inboundInternalLinks=10,medium / pending search evidence,"GSC top queries, clicks, impressions, CTR, average position; backlinks before any consolidation"
/subjects/math/precalculus/,https://bettergrades.net/subjects/math/precalculus/,precalculus,,,course-hub,"Precalculus: Functions, Models, and Change | Better Grades","Precalculus: Functions, Models, and Change","precalculus: functions, models, and change","Precalculus: Functions, Models, and Change | A continuous Precalculus course built around functions, multiple representations, exact reasoning, modeling, and change. | Precalculus",,,UNAVAILABLE,UNAVAILABLE,UNAVAILABLE,UNAVAILABLE,UNAVAILABLE,KEEP,Unique rendered H1/primary query retained; monitor in Search Console.,/subjects/math/precalculus/,0,CURRENT,self-canonical=true; sitemap=true; inboundInternalLinks=974,medium / pending search evidence,"GSC top queries, clicks, impressions, CTR, average position; backlinks before any consolidation"
/subjects/math/precalculus/algebra-and-function-readiness/,https://bettergrades.net/subjects/math/precalculus/algebra-and-function-readiness/,precalculus,unit.math.precalculus.precalculus-unit-1,,unit-hub,Algebra and Function Readiness | Better Grades,Algebra and Function Readiness,algebra and function readiness,Algebra and Function Readiness | A readiness diagnostic separates prerequisite strands so that a learner receives targeted repair rather than one vague total score.,,,UNAVAILABLE,UNAVAILABLE,UNAVAILABLE,UNAVAILABLE,UNAVAILABLE,KEEP,Unique rendered H1/primary query retained; monitor in Search Console.,/subjects/math/precalculus/algebra-and-function-readiness/,0,CURRENT,self-canonical=true; sitemap=true; inboundInternalLinks=14,medium / pending search evidence,"GSC top queries, clicks, impressions, CTR, average position; backlinks before any consolidation"
/subjects/math/precalculus/algebra-and-function-readiness/equation-and-inequality-repair/,https://bettergrades.net/subjects/math/precalculus/algebra-and-function-readiness/equation-and-inequality-repair/,precalculus,unit.math.precalculus.precalculus-unit-1,textbook-lesson.math.precalculus.precalculus-u1-l2,textbook-lesson,Equation and inequality repair | Better Grades,Equation and inequality repair,equation and inequality repair,Equation and inequality repair | Classify and solve common equation and inequality families while distinguishing reversible steps from candidate-generating steps. | Algebra and Function Readiness,,,UNAVAILABLE,UNAVAILABLE,UNAVAILABLE,UNAVAILABLE,UNAVAILABLE,KEEP,Unique rendered H1/primary query retained; monitor in Search Console.,/subjects/math/precalculus/algebra-and-function-readiness/equation-and-inequality-repair/,0,CURRENT,self-canonical=true; sitemap=true; inboundInternalLinks=9,medium / pending search evidence,"GSC top queries, clicks, impressions, CTR, average position; backlinks before any consolidation"
/subjects/math/precalculus/algebra-and-function-readiness/exponential-and-logarithmic-algebra-repair/,https://bettergrades.net/subjects/math/precalculus/algebra-and-function-readiness/exponential-and-logarithmic-algebra-repair/,precalculus,unit.math.precalculus.precalculus-unit-1,textbook-lesson.math.precalculus.precalculus-u1-l6,textbook-lesson,Exponential and logarithmic algebra repair | Better Grades,Exponential and logarithmic algebra repair,exponential and logarithmic algebra repair,"Exponential and logarithmic algebra repair | Apply exponent and logarithm laws, convert between inverse forms, and solve basic equations with valid domains. | Algebra and Function Readiness",,,UNAVAILABLE,UNAVAILABLE,UNAVAILABLE,UNAVAILABLE,UNAVAILABLE,KEEP,Unique rendered H1/primary query retained; monitor in Search Console.,/subjects/math/precalculus/algebra-and-function-readiness/exponential-and-logarithmic-algebra-repair/,0,CURRENT,self-canonical=true; sitemap=true; inboundInternalLinks=8,medium / pending search evidence,"GSC top queries, clicks, impressions, CTR, average position; backlinks before any consolidation"
/subjects/math/precalculus/algebra-and-function-readiness/factoring-and-polynomial-structure-repair/,https://bettergrades.net/subjects/math/precalculus/algebra-and-function-readiness/factoring-and-polynomial-structure-repair/,precalculus,unit.math.precalculus.precalculus-unit-1,textbook-lesson.math.precalculus.precalculus-u1-l3,textbook-lesson,Factoring and polynomial structure repair | Better Grades,Factoring and polynomial structure repair,factoring and polynomial structure repair,Factoring and polynomial structure repair | Recognize and apply the principal factoring structures needed for polynomial-function analysis. | Algebra and Function Readiness,,,UNAVAILABLE,UNAVAILABLE,UNAVAILABLE,UNAVAILABLE,UNAVAILABLE,KEEP,Unique rendered H1/primary query retained; monitor in Search Console.,/subjects/math/precalculus/algebra-and-function-readiness/factoring-and-polynomial-structure-repair/,0,CURRENT,self-canonical=true; sitemap=true; inboundInternalLinks=9,medium / pending search evidence,"GSC top queries, clicks, impressions, CTR, average position; backlinks before any consolidation"
/subjects/math/precalculus/algebra-and-function-readiness/function-notation-and-graph-reading-repair/,https://bettergrades.net/subjects/math/precalculus/algebra-and-function-readiness/function-notation-and-graph-reading-repair/,precalculus,unit.math.precalculus.precalculus-unit-1,textbook-lesson.math.precalculus.precalculus-u1-l7,textbook-lesson,Function notation and graph reading repair | Better Grades,Function notation and graph reading repair,function notation and graph reading repair,"Function notation and graph reading repair | Evaluate functions, solve output conditions, and read domain, range, intercepts, extrema, and intervals from graphs. | Algebra and Function Readiness",,,UNAVAILABLE,UNAVAILABLE,UNAVAILABLE,UNAVAILABLE,UNAVAILABLE,KEEP,Unique rendered H1/primary query retained; monitor in Search Console.,/subjects/math/precalculus/algebra-and-function-readiness/function-notation-and-graph-reading-repair/,0,CURRENT,self-canonical=true; sitemap=true; inboundInternalLinks=10,medium / pending search evidence,"GSC top queries, clicks, impressions, CTR, average position; backlinks before any consolidation"
/subjects/math/precalculus/algebra-and-function-readiness/investigation/,https://bettergrades.net/subjects/math/precalculus/algebra-and-function-readiness/investigation/,precalculus,unit.math.precalculus.precalculus-unit-1,,assessment,Algebra and Function Readiness Modeling Investigation | Better Grades,Algebra and Function Readiness Modeling Investigation,algebra and function readiness modeling investigation,Algebra and Function Readiness Modeling Investigation | A multistage algebra and function readiness representation and verification task. | Algebra and Function Readiness,,,UNAVAILABLE,UNAVAILABLE,UNAVAILABLE,UNAVAILABLE,UNAVAILABLE,KEEP,Unique rendered H1/primary query retained; monitor in Search Console.,/subjects/math/precalculus/algebra-and-function-readiness/investigation/,0,CURRENT,self-canonical=true; sitemap=true; inboundInternalLinks=3,medium / pending search evidence,"GSC top queries, clicks, impressions, CTR, average position; backlinks before any consolidation"
/subjects/math/precalculus/algebra-and-function-readiness/mastery-check/,https://bettergrades.net/subjects/math/precalculus/algebra-and-function-readiness/mastery-check/,precalculus,unit.math.precalculus.precalculus-unit-1,,assessment,Algebra and Function Readiness Practice Test | Better Grades,Algebra and Function Readiness Practice Test,algebra and function readiness practice test,Algebra and Function Readiness Practice Test | A 28–36 item algebra and function readiness practice test spanning every unit lesson. | Algebra and Function Readiness,,,UNAVAILABLE,UNAVAILABLE,UNAVAILABLE,UNAVAILABLE,UNAVAILABLE,KEEP,Unique rendered H1/primary query retained; monitor in Search Console.,/subjects/math/precalculus/algebra-and-function-readiness/mastery-check/,0,CURRENT,self-canonical=true; sitemap=true; inboundInternalLinks=4,medium / pending search evidence,"GSC top queries, clicks, impressions, CTR, average position; backlinks before any consolidation"
/subjects/math/precalculus/algebra-and-function-readiness/mixed-readiness-synthesis/,https://bettergrades.net/subjects/math/precalculus/algebra-and-function-readiness/mixed-readiness-synthesis/,precalculus,unit.math.precalculus.precalculus-unit-1,textbook-lesson.math.precalculus.precalculus-u1-l8,textbook-lesson,Mixed readiness synthesis | Better Grades,Mixed readiness synthesis,mixed readiness synthesis,"Mixed readiness synthesis | Select methods across prerequisite strands, justify restrictions, and communicate exact and approximate results. | Algebra and Function Readiness",,,UNAVAILABLE,UNAVAILABLE,UNAVAILABLE,UNAVAILABLE,UNAVAILABLE,KEEP,Unique rendered H1/primary query retained; monitor in Search Console.,/subjects/math/precalculus/algebra-and-function-readiness/mixed-readiness-synthesis/,0,CURRENT,self-canonical=true; sitemap=true; inboundInternalLinks=8,medium / pending search evidence,"GSC top queries, clicks, impressions, CTR, average position; backlinks before any consolidation"
/subjects/math/precalculus/algebra-and-function-readiness/practice/,https://bettergrades.net/subjects/math/precalculus/algebra-and-function-readiness/practice/,precalculus,unit.math.precalculus.precalculus-unit-1,,assessment,Algebra and Function Readiness Practice Problems | Better Grades,Algebra and Function Readiness Practice Problems,algebra and function readiness practice problems,Algebra and Function Readiness Practice Problems | A 32-item mixed algebra and function readiness practice set with repair links. | Algebra and Function Readiness,,,UNAVAILABLE,UNAVAILABLE,UNAVAILABLE,UNAVAILABLE,UNAVAILABLE,KEEP,Unique rendered H1/primary query retained; monitor in Search Console.,/subjects/math/precalculus/algebra-and-function-readiness/practice/,0,CURRENT,self-canonical=true; sitemap=true; inboundInternalLinks=4,medium / pending search evidence,"GSC top queries, clicks, impressions, CTR, average position; backlinks before any consolidation"
/subjects/math/precalculus/algebra-and-function-readiness/radicals-and-rational-exponents-repair/,https://bettergrades.net/subjects/math/precalculus/algebra-and-function-readiness/radicals-and-rational-exponents-repair/,precalculus,unit.math.precalculus.precalculus-unit-1,textbook-lesson.math.precalculus.precalculus-u1-l5,textbook-lesson,Radicals and rational exponents repair | Better Grades,Radicals and rational exponents repair,radicals and rational exponents repair,"Radicals and rational exponents repair | Move among radical and rational-exponent forms, simplify exact values, and reject extraneous candidates. | Algebra and Function Readiness",,,UNAVAILABLE,UNAVAILABLE,UNAVAILABLE,UNAVAILABLE,UNAVAILABLE,KEEP,Unique rendered H1/primary query retained; monitor in Search Console.,/subjects/math/precalculus/algebra-and-function-readiness/radicals-and-rational-exponents-repair/,0,CURRENT,self-canonical=true; sitemap=true; inboundInternalLinks=10,medium / pending search evidence,"GSC top queries, clicks, impressions, CTR, average position; backlinks before any consolidation"
/subjects/math/precalculus/algebra-and-function-readiness/rational-expressions-and-restrictions-repair/,https://bettergrades.net/subjects/math/precalculus/algebra-and-function-readiness/rational-expressions-and-restrictions-repair/,precalculus,unit.math.precalculus.precalculus-unit-1,textbook-lesson.math.precalculus.precalculus-u1-l4,textbook-lesson,Rational expressions and restrictions repair | Better Grades,Rational expressions and restrictions repair,rational expressions and restrictions repair,Rational expressions and restrictions repair | Simplify and solve rational expressions while preserving every restriction from the original form. | Algebra and Function Readiness,,,UNAVAILABLE,UNAVAILABLE,UNAVAILABLE,UNAVAILABLE,UNAVAILABLE,KEEP,Unique rendered H1/primary query retained; monitor in Search Console.,/subjects/math/precalculus/algebra-and-function-readiness/rational-expressions-and-restrictions-repair/,0,CURRENT,self-canonical=true; sitemap=true; inboundInternalLinks=9,medium / pending search evidence,"GSC top queries, clicks, impressions, CTR, average position; backlinks before any consolidation"
/subjects/math/precalculus/algebra-and-function-readiness/readiness-diagnostic-and-routing/,https://bettergrades.net/subjects/math/precalculus/algebra-and-function-readiness/readiness-diagnostic-and-routing/,precalculus,unit.math.precalculus.precalculus-unit-1,textbook-lesson.math.precalculus.precalculus-u1-l1,textbook-lesson,Readiness diagnostic and routing | Better Grades,Readiness diagnostic and routing,readiness diagnostic and routing,Readiness diagnostic and routing | Use diagnostic evidence to identify which prerequisite strands are secure and which require targeted repair. | Algebra and Function Readiness,,,UNAVAILABLE,UNAVAILABLE,UNAVAILABLE,UNAVAILABLE,UNAVAILABLE,KEEP,Unique rendered H1/primary query retained; monitor in Search Console.,/subjects/math/precalculus/algebra-and-function-readiness/readiness-diagnostic-and-routing/,0,CURRENT,self-canonical=true; sitemap=true; inboundInternalLinks=9,medium / pending search evidence,"GSC top queries, clicks, impressions, CTR, average position; backlinks before any consolidation"
/subjects/math/precalculus/algebra-and-function-readiness/review/,https://bettergrades.net/subjects/math/precalculus/algebra-and-function-readiness/review/,precalculus,unit.math.precalculus.precalculus-unit-1,,assessment,Algebra and Function Readiness Review | Better Grades,Algebra and Function Readiness Review,algebra and function readiness review,Algebra and Function Readiness Review | A 40–50 item cumulative review of algebra and function readiness. | Algebra and Function Readiness,,,UNAVAILABLE,UNAVAILABLE,UNAVAILABLE,UNAVAILABLE,UNAVAILABLE,KEEP,Unique rendered H1/primary query retained; monitor in Search Console.,/subjects/math/precalculus/algebra-and-function-readiness/review/,0,CURRENT,self-canonical=true; sitemap=true; inboundInternalLinks=3,medium / pending search evidence,"GSC top queries, clicks, impressions, CTR, average position; backlinks before any consolidation"
/subjects/math/precalculus/angles-radians-and-the-unit-circle/,https://bettergrades.net/subjects/math/precalculus/angles-radians-and-the-unit-circle/,precalculus,unit.math.precalculus.precalculus-unit-9,,unit-hub,"Angles, Radians, and the Unit Circle | Better Grades","Angles, Radians, and the Unit Circle","angles, radians, and the unit circle","Angles, Radians, and the Unit Circle | A radar arm begins on the positive x-axis, rotates 765 degrees counterclockwise, then 180 degrees clockwise. Where is its terminal side, and what is the smallest positive coterminal angle?",,,UNAVAILABLE,UNAVAILABLE,UNAVAILABLE,UNAVAILABLE,UNAVAILABLE,KEEP,Unique rendered H1/primary query retained; monitor in Search Console.,/subjects/math/precalculus/angles-radians-and-the-unit-circle/,0,CURRENT,self-canonical=true; sitemap=true; inboundInternalLinks=16,medium / pending search evidence,"GSC top queries, clicks, impressions, CTR, average position; backlinks before any consolidation"
/subjects/math/precalculus/angles-radians-and-the-unit-circle/angular-speed-and-linear-speed/,https://bettergrades.net/subjects/math/precalculus/angles-radians-and-the-unit-circle/angular-speed-and-linear-speed/,precalculus,unit.math.precalculus.precalculus-unit-9,textbook-lesson.math.precalculus.precalculus-u9-l5,textbook-lesson,Angular speed and linear speed | Better Grades,Angular speed and linear speed,angular speed and linear speed,"Angular speed and linear speed | Relate angular speed, radius, and tangential speed using v=r omega. | Angles, Radians, and the Unit Circle",,,UNAVAILABLE,UNAVAILABLE,UNAVAILABLE,UNAVAILABLE,UNAVAILABLE,KEEP,Unique rendered H1/primary query retained; monitor in Search Console.,/subjects/math/precalculus/angles-radians-and-the-unit-circle/angular-speed-and-linear-speed/,0,CURRENT,self-canonical=true; sitemap=true; inboundInternalLinks=9,medium / pending search evidence,"GSC top queries, clicks, impressions, CTR, average position; backlinks before any consolidation"
/subjects/math/precalculus/angles-radians-and-the-unit-circle/arc-length-and-sector-area/,https://bettergrades.net/subjects/math/precalculus/angles-radians-and-the-unit-circle/arc-length-and-sector-area/,precalculus,unit.math.precalculus.precalculus-unit-9,textbook-lesson.math.precalculus.precalculus-u9-l4,textbook-lesson,Arc length and sector area | Better Grades,Arc length and sector area,arc length and sector area,"Arc length and sector area | Derive and use s=r theta and A=(1/2)r^2 theta for angles measured in radians. | Angles, Radians, and the Unit Circle",,,UNAVAILABLE,UNAVAILABLE,UNAVAILABLE,UNAVAILABLE,UNAVAILABLE,KEEP,Unique rendered H1/primary query retained; monitor in Search Console.,/subjects/math/precalculus/angles-radians-and-the-unit-circle/arc-length-and-sector-area/,0,CURRENT,self-canonical=true; sitemap=true; inboundInternalLinks=8,medium / pending search evidence,"GSC top queries, clicks, impressions, CTR, average position; backlinks before any consolidation"
/subjects/math/precalculus/angles-radians-and-the-unit-circle/degree-measure-and-angular-coordinates/,https://bettergrades.net/subjects/math/precalculus/angles-radians-and-the-unit-circle/degree-measure-and-angular-coordinates/,precalculus,unit.math.precalculus.precalculus-unit-9,textbook-lesson.math.precalculus.precalculus-u9-l2,textbook-lesson,Degree Measure and Angular Coordinates | Better Grades,Degree Measure and Angular Coordinates,degree measure and angular coordinates,"Degree Measure and Angular Coordinates | Use degrees, revolutions, and degree-minute-second notation to measure and compare rotation. | Angles, Radians, and the Unit Circle",,,UNAVAILABLE,UNAVAILABLE,UNAVAILABLE,UNAVAILABLE,UNAVAILABLE,KEEP,Unique rendered H1/primary query retained; monitor in Search Console.,/subjects/math/precalculus/angles-radians-and-the-unit-circle/degree-measure-and-angular-coordinates/,0,CURRENT,self-canonical=true; sitemap=true; inboundInternalLinks=8,medium / pending search evidence,"GSC top queries, clicks, impressions, CTR, average position; backlinks before any consolidation"
/subjects/math/precalculus/angles-radians-and-the-unit-circle/directed-rotation-and-coterminal-angles/,https://bettergrades.net/subjects/math/precalculus/angles-radians-and-the-unit-circle/directed-rotation-and-coterminal-angles/,precalculus,unit.math.precalculus.precalculus-unit-9,textbook-lesson.math.precalculus.precalculus-u9-l1,textbook-lesson,Directed rotation and coterminal angles | Better Grades,Directed rotation and coterminal angles,directed rotation and coterminal angles,"Directed rotation and coterminal angles | Represent rotations in standard position and generate all coterminal angles. | Angles, Radians, and the Unit Circle",,,UNAVAILABLE,UNAVAILABLE,UNAVAILABLE,UNAVAILABLE,UNAVAILABLE,KEEP,Unique rendered H1/primary query retained; monitor in Search Console.,/subjects/math/precalculus/angles-radians-and-the-unit-circle/directed-rotation-and-coterminal-angles/,0,CURRENT,self-canonical=true; sitemap=true; inboundInternalLinks=10,medium / pending search evidence,"GSC top queries, clicks, impressions, CTR, average position; backlinks before any consolidation"
/subjects/math/precalculus/angles-radians-and-the-unit-circle/exact-values-from-special-triangles/,https://bettergrades.net/subjects/math/precalculus/angles-radians-and-the-unit-circle/exact-values-from-special-triangles/,precalculus,unit.math.precalculus.precalculus-unit-9,textbook-lesson.math.precalculus.precalculus-u9-l8,textbook-lesson,Exact values from special triangles | Better Grades,Exact values from special triangles,exact values from special triangles,"Exact values from special triangles | Derive exact unit-circle values from 45-45-90 and 30-60-90 triangles. | Angles, Radians, and the Unit Circle",,,UNAVAILABLE,UNAVAILABLE,UNAVAILABLE,UNAVAILABLE,UNAVAILABLE,KEEP,Unique rendered H1/primary query retained; monitor in Search Console.,/subjects/math/precalculus/angles-radians-and-the-unit-circle/exact-values-from-special-triangles/,0,CURRENT,self-canonical=true; sitemap=true; inboundInternalLinks=9,medium / pending search evidence,"GSC top queries, clicks, impressions, CTR, average position; backlinks before any consolidation"
/subjects/math/precalculus/angles-radians-and-the-unit-circle/investigation/,https://bettergrades.net/subjects/math/precalculus/angles-radians-and-the-unit-circle/investigation/,precalculus,unit.math.precalculus.precalculus-unit-9,,assessment,Radians and the Unit Circle Modeling Investigation | Better Grades,Radians and the Unit Circle Modeling Investigation,radians and the unit circle modeling investigation,"Radians and the Unit Circle Modeling Investigation | A multistage radians and the unit circle representation and verification task. | Angles, Radians, and the Unit Circle",,,UNAVAILABLE,UNAVAILABLE,UNAVAILABLE,UNAVAILABLE,UNAVAILABLE,KEEP,Unique rendered H1/primary query retained; monitor in Search Console.,/subjects/math/precalculus/angles-radians-and-the-unit-circle/investigation/,0,CURRENT,self-canonical=true; sitemap=true; inboundInternalLinks=3,medium / pending search evidence,"GSC top queries, clicks, impressions, CTR, average position; backlinks before any consolidation"
/subjects/math/precalculus/angles-radians-and-the-unit-circle/mastery-check/,https://bettergrades.net/subjects/math/precalculus/angles-radians-and-the-unit-circle/mastery-check/,precalculus,unit.math.precalculus.precalculus-unit-9,,assessment,Radians and the Unit Circle Practice Test | Better Grades,Radians and the Unit Circle Practice Test,radians and the unit circle practice test,"Radians and the Unit Circle Practice Test | A 28–36 item radians and the unit circle practice test spanning every unit lesson. | Angles, Radians, and the Unit Circle",,,UNAVAILABLE,UNAVAILABLE,UNAVAILABLE,UNAVAILABLE,UNAVAILABLE,KEEP,Unique rendered H1/primary query retained; monitor in Search Console.,/subjects/math/precalculus/angles-radians-and-the-unit-circle/mastery-check/,0,CURRENT,self-canonical=true; sitemap=true; inboundInternalLinks=4,medium / pending search evidence,"GSC top queries, clicks, impressions, CTR, average position; backlinks before any consolidation"
/subjects/math/precalculus/angles-radians-and-the-unit-circle/practice/,https://bettergrades.net/subjects/math/precalculus/angles-radians-and-the-unit-circle/practice/,precalculus,unit.math.precalculus.precalculus-unit-9,,assessment,Radians and the Unit Circle Practice Problems | Better Grades,Radians and the Unit Circle Practice Problems,radians and the unit circle practice problems,"Radians and the Unit Circle Practice Problems | A 32-item mixed radians and the unit circle practice set with repair links. | Angles, Radians, and the Unit Circle",,,UNAVAILABLE,UNAVAILABLE,UNAVAILABLE,UNAVAILABLE,UNAVAILABLE,KEEP,Unique rendered H1/primary query retained; monitor in Search Console.,/subjects/math/precalculus/angles-radians-and-the-unit-circle/practice/,0,CURRENT,self-canonical=true; sitemap=true; inboundInternalLinks=4,medium / pending search evidence,"GSC top queries, clicks, impressions, CTR, average position; backlinks before any consolidation"
/subjects/math/precalculus/angles-radians-and-the-unit-circle/radian-measure-as-normalized-arc-length/,https://bettergrades.net/subjects/math/precalculus/angles-radians-and-the-unit-circle/radian-measure-as-normalized-arc-length/,precalculus,unit.math.precalculus.precalculus-unit-9,textbook-lesson.math.precalculus.precalculus-u9-l3,textbook-lesson,Radians as Normalized Arc Length | Better Grades,Radians as Normalized Arc Length,radians as normalized arc length,"Radians as Normalized Arc Length | Define radian measure as signed arc length divided by radius and explain why it is independent of circle size. | Angles, Radians, and the Unit Circle",,,UNAVAILABLE,UNAVAILABLE,UNAVAILABLE,UNAVAILABLE,UNAVAILABLE,KEEP,Unique rendered H1/primary query retained; monitor in Search Console.,/subjects/math/precalculus/angles-radians-and-the-unit-circle/radian-measure-as-normalized-arc-length/,0,CURRENT,self-canonical=true; sitemap=true; inboundInternalLinks=10,medium / pending search evidence,"GSC top queries, clicks, impressions, CTR, average position; backlinks before any consolidation"
/subjects/math/precalculus/angles-radians-and-the-unit-circle/reference-angles-quadrants-and-signs/,https://bettergrades.net/subjects/math/precalculus/angles-radians-and-the-unit-circle/reference-angles-quadrants-and-signs/,precalculus,unit.math.precalculus.precalculus-unit-9,textbook-lesson.math.precalculus.precalculus-u9-l9,textbook-lesson,"Reference angles, quadrants, and signs | Better Grades","Reference angles, quadrants, and signs","reference angles, quadrants, and signs","Reference angles, quadrants, and signs | Use reference angles and quadrant signs to evaluate trigonometric functions of arbitrary rotations. | Angles, Radians, and the Unit Circle",,,UNAVAILABLE,UNAVAILABLE,UNAVAILABLE,UNAVAILABLE,UNAVAILABLE,KEEP,Unique rendered H1/primary query retained; monitor in Search Console.,/subjects/math/precalculus/angles-radians-and-the-unit-circle/reference-angles-quadrants-and-signs/,0,CURRENT,self-canonical=true; sitemap=true; inboundInternalLinks=9,medium / pending search evidence,"GSC top queries, clicks, impressions, CTR, average position; backlinks before any consolidation"
/subjects/math/precalculus/angles-radians-and-the-unit-circle/review/,https://bettergrades.net/subjects/math/precalculus/angles-radians-and-the-unit-circle/review/,precalculus,unit.math.precalculus.precalculus-unit-9,,assessment,Radians and the Unit Circle Review | Better Grades,Radians and the Unit Circle Review,radians and the unit circle review,"Radians and the Unit Circle Review | A 40–50 item cumulative review of radians and the unit circle. | Angles, Radians, and the Unit Circle",,,UNAVAILABLE,UNAVAILABLE,UNAVAILABLE,UNAVAILABLE,UNAVAILABLE,KEEP,Unique rendered H1/primary query retained; monitor in Search Console.,/subjects/math/precalculus/angles-radians-and-the-unit-circle/review/,0,CURRENT,self-canonical=true; sitemap=true; inboundInternalLinks=3,medium / pending search evidence,"GSC top queries, clicks, impressions, CTR, average position; backlinks before any consolidation"
/subjects/math/precalculus/angles-radians-and-the-unit-circle/sine-and-cosine-as-coordinate-functions/,https://bettergrades.net/subjects/math/precalculus/angles-radians-and-the-unit-circle/sine-and-cosine-as-coordinate-functions/,precalculus,unit.math.precalculus.precalculus-unit-9,textbook-lesson.math.precalculus.precalculus-u9-l7,textbook-lesson,Sine and Cosine as Unit-Circle Coordinates | Better Grades,Sine and Cosine as Unit-Circle Coordinates,sine and cosine as unit-circle coordinates,"Sine and Cosine as Unit-Circle Coordinates | Define cosine and sine as the x- and y-coordinates of the unit-circle point P(t). | Angles, Radians, and the Unit Circle",,,UNAVAILABLE,UNAVAILABLE,UNAVAILABLE,UNAVAILABLE,UNAVAILABLE,KEEP,Unique rendered H1/primary query retained; monitor in Search Console.,/subjects/math/precalculus/angles-radians-and-the-unit-circle/sine-and-cosine-as-coordinate-functions/,0,CURRENT,self-canonical=true; sitemap=true; inboundInternalLinks=9,medium / pending search evidence,"GSC top queries, clicks, impressions, CTR, average position; backlinks before any consolidation"
/subjects/math/precalculus/angles-radians-and-the-unit-circle/tangent-and-the-reciprocal-functions/,https://bettergrades.net/subjects/math/precalculus/angles-radians-and-the-unit-circle/tangent-and-the-reciprocal-functions/,precalculus,unit.math.precalculus.precalculus-unit-9,textbook-lesson.math.precalculus.precalculus-u9-l10,textbook-lesson,Tangent and the reciprocal functions | Better Grades,Tangent and the reciprocal functions,tangent and the reciprocal functions,"Tangent and the reciprocal functions | Define tangent, cotangent, secant, and cosecant from sine and cosine and state domains, signs, periods, and identities. | Angles, Radians, and the Unit Circle",,,UNAVAILABLE,UNAVAILABLE,UNAVAILABLE,UNAVAILABLE,UNAVAILABLE,KEEP,Unique rendered H1/primary query retained; monitor in Search Console.,/subjects/math/precalculus/angles-radians-and-the-unit-circle/tangent-and-the-reciprocal-functions/,0,CURRENT,self-canonical=true; sitemap=true; inboundInternalLinks=7,medium / pending search evidence,"GSC top queries, clicks, impressions, CTR, average position; backlinks before any consolidation"
/subjects/math/precalculus/angles-radians-and-the-unit-circle/wrapping-the-real-line-around-the-unit-circle/,https://bettergrades.net/subjects/math/precalculus/angles-radians-and-the-unit-circle/wrapping-the-real-line-around-the-unit-circle/,precalculus,unit.math.precalculus.precalculus-unit-9,textbook-lesson.math.precalculus.precalculus-u9-l6,textbook-lesson,Wrapping the Real Line Around the Unit Circle | Better Grades,Wrapping the Real Line Around the Unit Circle,wrapping the real line around the unit circle,"Wrapping the Real Line Around the Unit Circle | Map any real number t to the unit-circle point reached by signed arc length t. | Angles, Radians, and the Unit Circle",,,UNAVAILABLE,UNAVAILABLE,UNAVAILABLE,UNAVAILABLE,UNAVAILABLE,KEEP,Unique rendered H1/primary query retained; monitor in Search Console.,/subjects/math/precalculus/angles-radians-and-the-unit-circle/wrapping-the-real-line-around-the-unit-circle/,0,CURRENT,self-canonical=true; sitemap=true; inboundInternalLinks=9,medium / pending search evidence,"GSC top queries, clicks, impressions, CTR, average position; backlinks before any consolidation"
/subjects/math/precalculus/calculus-readiness-and-function-synthesis/,https://bettergrades.net/subjects/math/precalculus/calculus-readiness-and-function-synthesis/,precalculus,unit.math.precalculus.precalculus-unit-16,,unit-hub,Calculus Readiness and Function Synthesis | Better Grades,Calculus Readiness and Function Synthesis,calculus readiness and function synthesis,"Calculus Readiness and Function Synthesis | A graph is positive, decreasing, concave upward, has domain all reals, and approaches y=2 as x grows. Name plausible families and identify one additional feature needed.",,,UNAVAILABLE,UNAVAILABLE,UNAVAILABLE,UNAVAILABLE,UNAVAILABLE,KEEP,Unique rendered H1/primary query retained; monitor in Search Console.,/subjects/math/precalculus/calculus-readiness-and-function-synthesis/,0,CURRENT,self-canonical=true; sitemap=true; inboundInternalLinks=19,medium / pending search evidence,"GSC top queries, clicks, impressions, CTR, average position; backlinks before any consolidation"
/subjects/math/precalculus/calculus-readiness-and-function-synthesis/accumulation-finite-sums-and-area-preview/,https://bettergrades.net/subjects/math/precalculus/calculus-readiness-and-function-synthesis/accumulation-finite-sums-and-area-preview/,precalculus,unit.math.precalculus.precalculus-unit-16,textbook-lesson.math.precalculus.precalculus-u16-l11,textbook-lesson,"Riemann Sums Preview: Accumulation, Finite Sums, and Area | Better Grades","Riemann Sums Preview: Accumulation, Finite Sums, and Area","riemann sums preview: accumulation, finite sums, and area","Riemann Sums Preview: Accumulation, Finite Sums, and Area | Connect rates, rectangles, finite sums, net change, and area under a rate graph. | Calculus Readiness and Function Synthesis",,,UNAVAILABLE,UNAVAILABLE,UNAVAILABLE,UNAVAILABLE,UNAVAILABLE,KEEP,Unique rendered H1/primary query retained; monitor in Search Console.,/subjects/math/precalculus/calculus-readiness-and-function-synthesis/accumulation-finite-sums-and-area-preview/,0,CURRENT,self-canonical=true; sitemap=true; inboundInternalLinks=7,medium / pending search evidence,"GSC top queries, clicks, impressions, CTR, average position; backlinks before any consolidation"
/subjects/math/precalculus/calculus-readiness-and-function-synthesis/average-rate-of-change-revisited/,https://bettergrades.net/subjects/math/precalculus/calculus-readiness-and-function-synthesis/average-rate-of-change-revisited/,precalculus,unit.math.precalculus.precalculus-unit-16,textbook-lesson.math.precalculus.precalculus-u16-l3,textbook-lesson,Average rate of change revisited | Better Grades,Average rate of change revisited,average rate of change revisited,Average rate of change revisited | Compare average rates across function families and interpret units and interval dependence. | Calculus Readiness and Function Synthesis,,,UNAVAILABLE,UNAVAILABLE,UNAVAILABLE,UNAVAILABLE,UNAVAILABLE,KEEP,Unique rendered H1/primary query retained; monitor in Search Console.,/subjects/math/precalculus/calculus-readiness-and-function-synthesis/average-rate-of-change-revisited/,0,CURRENT,self-canonical=true; sitemap=true; inboundInternalLinks=9,medium / pending search evidence,"GSC top queries, clicks, impressions, CTR, average position; backlinks before any consolidation"
/subjects/math/precalculus/calculus-readiness-and-function-synthesis/continuity-and-discontinuity/,https://bettergrades.net/subjects/math/precalculus/calculus-readiness-and-function-synthesis/continuity-and-discontinuity/,precalculus,unit.math.precalculus.precalculus-unit-16,textbook-lesson.math.precalculus.precalculus-u16-l8,textbook-lesson,Continuity Preview for Precalculus | Better Grades,Continuity Preview for Precalculus,continuity preview for precalculus,"Continuity Preview for Precalculus | Classify removable, jump, infinite, and endpoint discontinuities using function values and limiting behavior. | Calculus Readiness and Function Synthesis",,,UNAVAILABLE,UNAVAILABLE,UNAVAILABLE,UNAVAILABLE,UNAVAILABLE,KEEP,Unique rendered H1/primary query retained; monitor in Search Console.,/subjects/math/precalculus/calculus-readiness-and-function-synthesis/continuity-and-discontinuity/,0,CURRENT,self-canonical=true; sitemap=true; inboundInternalLinks=9,medium / pending search evidence,"GSC top queries, clicks, impressions, CTR, average position; backlinks before any consolidation"
/subjects/math/precalculus/calculus-readiness-and-function-synthesis/difference-quotients/,https://bettergrades.net/subjects/math/precalculus/calculus-readiness-and-function-synthesis/difference-quotients/,precalculus,unit.math.precalculus.precalculus-unit-16,textbook-lesson.math.precalculus.precalculus-u16-l4,textbook-lesson,Difference Quotients for Calculus Readiness | Better Grades,Difference Quotients for Calculus Readiness,difference quotients for calculus readiness,Difference Quotients for Calculus Readiness | Construct and simplify [f(x+h)-f(x)]/h and interpret its components. | Calculus Readiness and Function Synthesis,,,UNAVAILABLE,UNAVAILABLE,UNAVAILABLE,UNAVAILABLE,UNAVAILABLE,KEEP,Unique rendered H1/primary query retained; monitor in Search Console.,/subjects/math/precalculus/calculus-readiness-and-function-synthesis/difference-quotients/,0,CURRENT,self-canonical=true; sitemap=true; inboundInternalLinks=9,medium / pending search evidence,"GSC top queries, clicks, impressions, CTR, average position; backlinks before any consolidation"
/subjects/math/precalculus/calculus-readiness-and-function-synthesis/function-family-classification/,https://bettergrades.net/subjects/math/precalculus/calculus-readiness-and-function-synthesis/function-family-classification/,precalculus,unit.math.precalculus.precalculus-unit-16,textbook-lesson.math.precalculus.precalculus-u16-l1,textbook-lesson,Classifying Function Families for Calculus Readiness | Better Grades,Classifying Function Families for Calculus Readiness,classifying function families for calculus readiness,"Classifying Function Families for Calculus Readiness | Classify unfamiliar formulas, graphs, tables, and contexts using structural evidence. | Calculus Readiness and Function Synthesis",,,UNAVAILABLE,UNAVAILABLE,UNAVAILABLE,UNAVAILABLE,UNAVAILABLE,KEEP,Unique rendered H1/primary query retained; monitor in Search Console.,/subjects/math/precalculus/calculus-readiness-and-function-synthesis/function-family-classification/,0,CURRENT,self-canonical=true; sitemap=true; inboundInternalLinks=10,medium / pending search evidence,"GSC top queries, clicks, impressions, CTR, average position; backlinks before any consolidation"
/subjects/math/precalculus/calculus-readiness-and-function-synthesis/infinite-behavior-and-asymptotes/,https://bettergrades.net/subjects/math/precalculus/calculus-readiness-and-function-synthesis/infinite-behavior-and-asymptotes/,precalculus,unit.math.precalculus.precalculus-unit-16,textbook-lesson.math.precalculus.precalculus-u16-l9,textbook-lesson,Asymptotes and Infinite Behavior: A Precalculus Review | Better Grades,Asymptotes and Infinite Behavior: A Precalculus Review,asymptotes and infinite behavior: a precalculus review,"Asymptotes and Infinite Behavior: A Precalculus Review | Synthesize finite and infinite input behavior across polynomial, rational, exponential, logarithmic, and trigonometric families. | Calculus Readiness and Function Synthesis",,,UNAVAILABLE,UNAVAILABLE,UNAVAILABLE,UNAVAILABLE,UNAVAILABLE,KEEP,Unique rendered H1/primary query retained; monitor in Search Console.,/subjects/math/precalculus/calculus-readiness-and-function-synthesis/infinite-behavior-and-asymptotes/,0,CURRENT,self-canonical=true; sitemap=true; inboundInternalLinks=8,medium / pending search evidence,"GSC top queries, clicks, impressions, CTR, average position; backlinks before any consolidation"
/subjects/math/precalculus/calculus-readiness-and-function-synthesis/intuitive-limits/,https://bettergrades.net/subjects/math/precalculus/calculus-readiness-and-function-synthesis/intuitive-limits/,precalculus,unit.math.precalculus.precalculus-unit-16,textbook-lesson.math.precalculus.precalculus-u16-l7,textbook-lesson,Introduction to Limits Before Calculus | Better Grades,Introduction to Limits Before Calculus,introduction to limits before calculus,"Introduction to Limits Before Calculus | Estimate limits from tables, graphs, and algebra while distinguishing approached value from function value. | Calculus Readiness and Function Synthesis",,,UNAVAILABLE,UNAVAILABLE,UNAVAILABLE,UNAVAILABLE,UNAVAILABLE,KEEP,Unique rendered H1/primary query retained; monitor in Search Console.,/subjects/math/precalculus/calculus-readiness-and-function-synthesis/intuitive-limits/,0,CURRENT,self-canonical=true; sitemap=true; inboundInternalLinks=9,medium / pending search evidence,"GSC top queries, clicks, impressions, CTR, average position; backlinks before any consolidation"
/subjects/math/precalculus/calculus-readiness-and-function-synthesis/investigation/,https://bettergrades.net/subjects/math/precalculus/calculus-readiness-and-function-synthesis/investigation/,precalculus,unit.math.precalculus.precalculus-unit-16,,assessment,Calculus Readiness and Function Synthesis Modeling Investigation | Better Grades,Calculus Readiness and Function Synthesis Modeling Investigation,calculus readiness and function synthesis modeling investigation,Calculus Readiness and Function Synthesis Modeling Investigation | A multistage calculus readiness and function synthesis representation and verification task. | Calculus Readiness and Function Synthesis,,,UNAVAILABLE,UNAVAILABLE,UNAVAILABLE,UNAVAILABLE,UNAVAILABLE,KEEP,Unique rendered H1/primary query retained; monitor in Search Console.,/subjects/math/precalculus/calculus-readiness-and-function-synthesis/investigation/,0,CURRENT,self-canonical=true; sitemap=true; inboundInternalLinks=3,medium / pending search evidence,"GSC top queries, clicks, impressions, CTR, average position; backlinks before any consolidation"
/subjects/math/precalculus/calculus-readiness-and-function-synthesis/local-linearity-and-magnification/,https://bettergrades.net/subjects/math/precalculus/calculus-readiness-and-function-synthesis/local-linearity-and-magnification/,precalculus,unit.math.precalculus.precalculus-unit-16,textbook-lesson.math.precalculus.precalculus-u16-l6,textbook-lesson,Local Linearity and Magnification Before Calculus | Better Grades,Local Linearity and Magnification Before Calculus,local linearity and magnification before calculus,Local Linearity and Magnification Before Calculus | Recognize when a smooth graph appears linear under magnification and identify failures of local linearity. | Calculus Readiness and Function Synthesis,,,UNAVAILABLE,UNAVAILABLE,UNAVAILABLE,UNAVAILABLE,UNAVAILABLE,KEEP,Unique rendered H1/primary query retained; monitor in Search Console.,/subjects/math/precalculus/calculus-readiness-and-function-synthesis/local-linearity-and-magnification/,0,CURRENT,self-canonical=true; sitemap=true; inboundInternalLinks=8,medium / pending search evidence,"GSC top queries, clicks, impressions, CTR, average position; backlinks before any consolidation"
/subjects/math/precalculus/calculus-readiness-and-function-synthesis/mastery-check/,https://bettergrades.net/subjects/math/precalculus/calculus-readiness-and-function-synthesis/mastery-check/,precalculus,unit.math.precalculus.precalculus-unit-16,,assessment,Calculus Readiness and Function Synthesis Practice Test | Better Grades,Calculus Readiness and Function Synthesis Practice Test,calculus readiness and function synthesis practice test,Calculus Readiness and Function Synthesis Practice Test | A 28–36 item calculus readiness and function synthesis practice test spanning every unit lesson. | Calculus Readiness and Function Synthesis,,,UNAVAILABLE,UNAVAILABLE,UNAVAILABLE,UNAVAILABLE,UNAVAILABLE,KEEP,Unique rendered H1/primary query retained; monitor in Search Console.,/subjects/math/precalculus/calculus-readiness-and-function-synthesis/mastery-check/,0,CURRENT,self-canonical=true; sitemap=true; inboundInternalLinks=4,medium / pending search evidence,"GSC top queries, clicks, impressions, CTR, average position; backlinks before any consolidation"
/subjects/math/precalculus/calculus-readiness-and-function-synthesis/model-selection-and-comparison/,https://bettergrades.net/subjects/math/precalculus/calculus-readiness-and-function-synthesis/model-selection-and-comparison/,precalculus,unit.math.precalculus.precalculus-unit-16,textbook-lesson.math.precalculus.precalculus-u16-l2,textbook-lesson,Model selection and comparison | Better Grades,Model selection and comparison,model selection and comparison,"Model selection and comparison | Select and compare function models using patterns, residuals, domains, and parameter meanings. | Calculus Readiness and Function Synthesis",,,UNAVAILABLE,UNAVAILABLE,UNAVAILABLE,UNAVAILABLE,UNAVAILABLE,KEEP,Unique rendered H1/primary query retained; monitor in Search Console.,/subjects/math/precalculus/calculus-readiness-and-function-synthesis/model-selection-and-comparison/,0,CURRENT,self-canonical=true; sitemap=true; inboundInternalLinks=8,medium / pending search evidence,"GSC top queries, clicks, impressions, CTR, average position; backlinks before any consolidation"
/subjects/math/precalculus/calculus-readiness-and-function-synthesis/numerical-approximation-and-sensitivity/,https://bettergrades.net/subjects/math/precalculus/calculus-readiness-and-function-synthesis/numerical-approximation-and-sensitivity/,precalculus,unit.math.precalculus.precalculus-unit-16,textbook-lesson.math.precalculus.precalculus-u16-l10,textbook-lesson,Numerical approximation and sensitivity | Better Grades,Numerical approximation and sensitivity,numerical approximation and sensitivity,"Numerical approximation and sensitivity | Use bracketing, iteration, finite differences, and residuals while evaluating sensitivity to rounding and parameter error. | Calculus Readiness and Function Synthesis",,,UNAVAILABLE,UNAVAILABLE,UNAVAILABLE,UNAVAILABLE,UNAVAILABLE,KEEP,Unique rendered H1/primary query retained; monitor in Search Console.,/subjects/math/precalculus/calculus-readiness-and-function-synthesis/numerical-approximation-and-sensitivity/,0,CURRENT,self-canonical=true; sitemap=true; inboundInternalLinks=9,medium / pending search evidence,"GSC top queries, clicks, impressions, CTR, average position; backlinks before any consolidation"
/subjects/math/precalculus/calculus-readiness-and-function-synthesis/practice/,https://bettergrades.net/subjects/math/precalculus/calculus-readiness-and-function-synthesis/practice/,precalculus,unit.math.precalculus.precalculus-unit-16,,assessment,Calculus Readiness and Function Synthesis Practice Problems | Better Grades,Calculus Readiness and Function Synthesis Practice Problems,calculus readiness and function synthesis practice problems,Calculus Readiness and Function Synthesis Practice Problems | A 32-item mixed calculus readiness and function synthesis practice set with repair links. | Calculus Readiness and Function Synthesis,,,UNAVAILABLE,UNAVAILABLE,UNAVAILABLE,UNAVAILABLE,UNAVAILABLE,KEEP,Unique rendered H1/primary query retained; monitor in Search Console.,/subjects/math/precalculus/calculus-readiness-and-function-synthesis/practice/,0,CURRENT,self-canonical=true; sitemap=true; inboundInternalLinks=4,medium / pending search evidence,"GSC top queries, clicks, impressions, CTR, average position; backlinks before any consolidation"
/subjects/math/precalculus/calculus-readiness-and-function-synthesis/precalculus-synthesis-capstone/,https://bettergrades.net/subjects/math/precalculus/calculus-readiness-and-function-synthesis/precalculus-synthesis-capstone/,precalculus,unit.math.precalculus.precalculus-unit-16,textbook-lesson.math.precalculus.precalculus-u16-l12,textbook-lesson,Precalculus synthesis capstone | Better Grades,Precalculus synthesis capstone,precalculus synthesis capstone,Precalculus synthesis capstone | Analyze an unfamiliar multirepresentation problem by selecting and combining methods from the entire course. | Calculus Readiness and Function Synthesis,,,UNAVAILABLE,UNAVAILABLE,UNAVAILABLE,UNAVAILABLE,UNAVAILABLE,KEEP,Unique rendered H1/primary query retained; monitor in Search Console.,/subjects/math/precalculus/calculus-readiness-and-function-synthesis/precalculus-synthesis-capstone/,0,CURRENT,self-canonical=true; sitemap=true; inboundInternalLinks=6,medium / pending search evidence,"GSC top queries, clicks, impressions, CTR, average position; backlinks before any consolidation"
/subjects/math/precalculus/calculus-readiness-and-function-synthesis/review/,https://bettergrades.net/subjects/math/precalculus/calculus-readiness-and-function-synthesis/review/,precalculus,unit.math.precalculus.precalculus-unit-16,,assessment,Calculus Readiness and Function Synthesis Review | Better Grades,Calculus Readiness and Function Synthesis Review,calculus readiness and function synthesis review,Calculus Readiness and Function Synthesis Review | A 40–50 item cumulative review of calculus readiness and function synthesis. | Calculus Readiness and Function Synthesis,,,UNAVAILABLE,UNAVAILABLE,UNAVAILABLE,UNAVAILABLE,UNAVAILABLE,KEEP,Unique rendered H1/primary query retained; monitor in Search Console.,/subjects/math/precalculus/calculus-readiness-and-function-synthesis/review/,0,CURRENT,self-canonical=true; sitemap=true; inboundInternalLinks=3,medium / pending search evidence,"GSC top queries, clicks, impressions, CTR, average position; backlinks before any consolidation"
/subjects/math/precalculus/calculus-readiness-and-function-synthesis/secant-lines-and-tangent-intuition/,https://bettergrades.net/subjects/math/precalculus/calculus-readiness-and-function-synthesis/secant-lines-and-tangent-intuition/,precalculus,unit.math.precalculus.precalculus-unit-16,textbook-lesson.math.precalculus.precalculus-u16-l5,textbook-lesson,Secant lines and tangent intuition | Better Grades,Secant lines and tangent intuition,secant lines and tangent intuition,Secant lines and tangent intuition | Interpret tangent slope as a limiting value of secant slopes. | Calculus Readiness and Function Synthesis,,,UNAVAILABLE,UNAVAILABLE,UNAVAILABLE,UNAVAILABLE,UNAVAILABLE,KEEP,Unique rendered H1/primary query retained; monitor in Search Console.,/subjects/math/precalculus/calculus-readiness-and-function-synthesis/secant-lines-and-tangent-intuition/,0,CURRENT,self-canonical=true; sitemap=true; inboundInternalLinks=9,medium / pending search evidence,"GSC top queries, clicks, impressions, CTR, average position; backlinks before any consolidation"
/subjects/math/precalculus/composition-inverses-and-modeling/,https://bettergrades.net/subjects/math/precalculus/composition-inverses-and-modeling/,precalculus,unit.math.precalculus.precalculus-unit-4,,unit-hub,"Function Composition, Inverse Functions, and Modeling | Better Grades","Function Composition, Inverse Functions, and Modeling","function composition, inverse functions, and modeling","Function Composition, Inverse Functions, and Modeling | Composition represents an ordered chain in which the inner function acts first.",,,UNAVAILABLE,UNAVAILABLE,UNAVAILABLE,UNAVAILABLE,UNAVAILABLE,KEEP,Unique rendered H1/primary query retained; monitor in Search Console.,/subjects/math/precalculus/composition-inverses-and-modeling/,0,CURRENT,self-canonical=true; sitemap=true; inboundInternalLinks=15,medium / pending search evidence,"GSC top queries, clicks, impressions, CTR, average position; backlinks before any consolidation"
/subjects/math/precalculus/composition-inverses-and-modeling/composition-as-sequential-processing/,https://bettergrades.net/subjects/math/precalculus/composition-inverses-and-modeling/composition-as-sequential-processing/,precalculus,unit.math.precalculus.precalculus-unit-4,textbook-lesson.math.precalculus.precalculus-u4-l1,textbook-lesson,Function Composition as Sequential Processing | Better Grades,Function Composition as Sequential Processing,function composition as sequential processing,"Function Composition as Sequential Processing | Interpret f composed with g as applying g first and then f, and explain why order generally matters. | Function Composition, Inverse Functions, and Modeling",,,UNAVAILABLE,UNAVAILABLE,UNAVAILABLE,UNAVAILABLE,UNAVAILABLE,KEEP,Unique rendered H1/primary query retained; monitor in Search Console.,/subjects/math/precalculus/composition-inverses-and-modeling/composition-as-sequential-processing/,0,CURRENT,self-canonical=true; sitemap=true; inboundInternalLinks=10,medium / pending search evidence,"GSC top queries, clicks, impressions, CTR, average position; backlinks before any consolidation"
/subjects/math/precalculus/composition-inverses-and-modeling/composition-from-formulas/,https://bettergrades.net/subjects/math/precalculus/composition-inverses-and-modeling/composition-from-formulas/,precalculus,unit.math.precalculus.precalculus-unit-4,textbook-lesson.math.precalculus.precalculus-u4-l2,textbook-lesson,Composition from formulas | Better Grades,Composition from formulas,composition from formulas,"Composition from formulas | Evaluate and simplify composite functions symbolically while preserving grouping and domain conditions. | Function Composition, Inverse Functions, and Modeling",,,UNAVAILABLE,UNAVAILABLE,UNAVAILABLE,UNAVAILABLE,UNAVAILABLE,KEEP,Unique rendered H1/primary query retained; monitor in Search Console.,/subjects/math/precalculus/composition-inverses-and-modeling/composition-from-formulas/,0,CURRENT,self-canonical=true; sitemap=true; inboundInternalLinks=9,medium / pending search evidence,"GSC top queries, clicks, impressions, CTR, average position; backlinks before any consolidation"
/subjects/math/precalculus/composition-inverses-and-modeling/composition-from-tables-and-graphs/,https://bettergrades.net/subjects/math/precalculus/composition-inverses-and-modeling/composition-from-tables-and-graphs/,precalculus,unit.math.precalculus.precalculus-unit-4,textbook-lesson.math.precalculus.precalculus-u4-l3,textbook-lesson,Composition from tables and graphs | Better Grades,Composition from tables and graphs,composition from tables and graphs,"Composition from tables and graphs | Evaluate composite functions when one or both functions are represented numerically or graphically. | Function Composition, Inverse Functions, and Modeling",,,UNAVAILABLE,UNAVAILABLE,UNAVAILABLE,UNAVAILABLE,UNAVAILABLE,KEEP,Unique rendered H1/primary query retained; monitor in Search Console.,/subjects/math/precalculus/composition-inverses-and-modeling/composition-from-tables-and-graphs/,0,CURRENT,self-canonical=true; sitemap=true; inboundInternalLinks=9,medium / pending search evidence,"GSC top queries, clicks, impressions, CTR, average position; backlinks before any consolidation"
/subjects/math/precalculus/composition-inverses-and-modeling/constructing-inverse-functions/,https://bettergrades.net/subjects/math/precalculus/composition-inverses-and-modeling/constructing-inverse-functions/,precalculus,unit.math.precalculus.precalculus-unit-4,textbook-lesson.math.precalculus.precalculus-u4-l6,textbook-lesson,Constructing inverse functions | Better Grades,Constructing inverse functions,constructing inverse functions,"Constructing inverse functions | Construct an inverse function algebraically and state the swapped domain and range. | Function Composition, Inverse Functions, and Modeling",,,UNAVAILABLE,UNAVAILABLE,UNAVAILABLE,UNAVAILABLE,UNAVAILABLE,KEEP,Unique rendered H1/primary query retained; monitor in Search Console.,/subjects/math/precalculus/composition-inverses-and-modeling/constructing-inverse-functions/,0,CURRENT,self-canonical=true; sitemap=true; inboundInternalLinks=9,medium / pending search evidence,"GSC top queries, clicks, impressions, CTR, average position; backlinks before any consolidation"
/subjects/math/precalculus/composition-inverses-and-modeling/domain-restrictions-and-radical-inverses/,https://bettergrades.net/subjects/math/precalculus/composition-inverses-and-modeling/domain-restrictions-and-radical-inverses/,precalculus,unit.math.precalculus.precalculus-unit-4,textbook-lesson.math.precalculus.precalculus-u4-l8,textbook-lesson,Domain restrictions and radical inverses | Better Grades,Domain restrictions and radical inverses,domain restrictions and radical inverses,"Domain restrictions and radical inverses | Restrict power functions to one-to-one branches and connect those branches to principal radical functions. | Function Composition, Inverse Functions, and Modeling",,,UNAVAILABLE,UNAVAILABLE,UNAVAILABLE,UNAVAILABLE,UNAVAILABLE,KEEP,Unique rendered H1/primary query retained; monitor in Search Console.,/subjects/math/precalculus/composition-inverses-and-modeling/domain-restrictions-and-radical-inverses/,0,CURRENT,self-canonical=true; sitemap=true; inboundInternalLinks=9,medium / pending search evidence,"GSC top queries, clicks, impressions, CTR, average position; backlinks before any consolidation"
/subjects/math/precalculus/composition-inverses-and-modeling/domains-of-composite-functions/,https://bettergrades.net/subjects/math/precalculus/composition-inverses-and-modeling/domains-of-composite-functions/,precalculus,unit.math.precalculus.precalculus-unit-4,textbook-lesson.math.precalculus.precalculus-u4-l4,textbook-lesson,Domains of composite functions | Better Grades,Domains of composite functions,domains of composite functions,"Domains of composite functions | Determine the domain of a composite by enforcing both inner-function and outer-input conditions. | Function Composition, Inverse Functions, and Modeling",,,UNAVAILABLE,UNAVAILABLE,UNAVAILABLE,UNAVAILABLE,UNAVAILABLE,KEEP,Unique rendered H1/primary query retained; monitor in Search Console.,/subjects/math/precalculus/composition-inverses-and-modeling/domains-of-composite-functions/,0,CURRENT,self-canonical=true; sitemap=true; inboundInternalLinks=9,medium / pending search evidence,"GSC top queries, clicks, impressions, CTR, average position; backlinks before any consolidation"
/subjects/math/precalculus/composition-inverses-and-modeling/graphs-and-verification-of-inverses/,https://bettergrades.net/subjects/math/precalculus/composition-inverses-and-modeling/graphs-and-verification-of-inverses/,precalculus,unit.math.precalculus.precalculus-unit-4,textbook-lesson.math.precalculus.precalculus-u4-l7,textbook-lesson,Graphs and verification of inverses | Better Grades,Graphs and verification of inverses,graphs and verification of inverses,"Graphs and verification of inverses | Verify inverse functions using composition and graph symmetry across y=x. | Function Composition, Inverse Functions, and Modeling",,,UNAVAILABLE,UNAVAILABLE,UNAVAILABLE,UNAVAILABLE,UNAVAILABLE,KEEP,Unique rendered H1/primary query retained; monitor in Search Console.,/subjects/math/precalculus/composition-inverses-and-modeling/graphs-and-verification-of-inverses/,0,CURRENT,self-canonical=true; sitemap=true; inboundInternalLinks=9,medium / pending search evidence,"GSC top queries, clicks, impressions, CTR, average position; backlinks before any consolidation"
/subjects/math/precalculus/composition-inverses-and-modeling/investigation/,https://bettergrades.net/subjects/math/precalculus/composition-inverses-and-modeling/investigation/,precalculus,unit.math.precalculus.precalculus-unit-4,,assessment,Function Composition and Inverse Functions Modeling Investigation | Better Grades,Function Composition and Inverse Functions Modeling Investigation,function composition and inverse functions modeling investigation,"Function Composition and Inverse Functions Modeling Investigation | A multistage function composition and inverse functions representation and verification task. | Function Composition, Inverse Functions, and Modeling",,,UNAVAILABLE,UNAVAILABLE,UNAVAILABLE,UNAVAILABLE,UNAVAILABLE,KEEP,Unique rendered H1/primary query retained; monitor in Search Console.,/subjects/math/precalculus/composition-inverses-and-modeling/investigation/,0,CURRENT,self-canonical=true; sitemap=true; inboundInternalLinks=3,medium / pending search evidence,"GSC top queries, clicks, impressions, CTR, average position; backlinks before any consolidation"
/subjects/math/precalculus/composition-inverses-and-modeling/mastery-check/,https://bettergrades.net/subjects/math/precalculus/composition-inverses-and-modeling/mastery-check/,precalculus,unit.math.precalculus.precalculus-unit-4,,assessment,Function Composition and Inverse Functions Practice Test | Better Grades,Function Composition and Inverse Functions Practice Test,function composition and inverse functions practice test,"Function Composition and Inverse Functions Practice Test | A 28–36 item function composition and inverse functions practice test spanning every unit lesson. | Function Composition, Inverse Functions, and Modeling",,,UNAVAILABLE,UNAVAILABLE,UNAVAILABLE,UNAVAILABLE,UNAVAILABLE,KEEP,Unique rendered H1/primary query retained; monitor in Search Console.,/subjects/math/precalculus/composition-inverses-and-modeling/mastery-check/,0,CURRENT,self-canonical=true; sitemap=true; inboundInternalLinks=4,medium / pending search evidence,"GSC top queries, clicks, impressions, CTR, average position; backlinks before any consolidation"
/subjects/math/precalculus/composition-inverses-and-modeling/model-construction-and-validation/,https://bettergrades.net/subjects/math/precalculus/composition-inverses-and-modeling/model-construction-and-validation/,precalculus,unit.math.precalculus.precalculus-unit-4,textbook-lesson.math.precalculus.precalculus-u4-l9,textbook-lesson,Model construction and validation | Better Grades,Model construction and validation,model construction and validation,"Model construction and validation | Build a multi-stage function model, state its domain and assumptions, and evaluate whether an inverse interpretation is meaningful. | Function Composition, Inverse Functions, and Modeling",,,UNAVAILABLE,UNAVAILABLE,UNAVAILABLE,UNAVAILABLE,UNAVAILABLE,KEEP,Unique rendered H1/primary query retained; monitor in Search Console.,/subjects/math/precalculus/composition-inverses-and-modeling/model-construction-and-validation/,0,CURRENT,self-canonical=true; sitemap=true; inboundInternalLinks=8,medium / pending search evidence,"GSC top queries, clicks, impressions, CTR, average position; backlinks before any consolidation"
/subjects/math/precalculus/composition-inverses-and-modeling/one-to-one-functions/,https://bettergrades.net/subjects/math/precalculus/composition-inverses-and-modeling/one-to-one-functions/,precalculus,unit.math.precalculus.precalculus-unit-4,textbook-lesson.math.precalculus.precalculus-u4-l5,textbook-lesson,One-to-one functions | Better Grades,One-to-one functions,one-to-one functions,"One-to-one functions | Determine whether a function is one-to-one and explain why one-to-one behavior is required for an inverse function. | Function Composition, Inverse Functions, and Modeling",,,UNAVAILABLE,UNAVAILABLE,UNAVAILABLE,UNAVAILABLE,UNAVAILABLE,KEEP,Unique rendered H1/primary query retained; monitor in Search Console.,/subjects/math/precalculus/composition-inverses-and-modeling/one-to-one-functions/,0,CURRENT,self-canonical=true; sitemap=true; inboundInternalLinks=9,medium / pending search evidence,"GSC top queries, clicks, impressions, CTR, average position; backlinks before any consolidation"
/subjects/math/precalculus/composition-inverses-and-modeling/practice/,https://bettergrades.net/subjects/math/precalculus/composition-inverses-and-modeling/practice/,precalculus,unit.math.precalculus.precalculus-unit-4,,assessment,Function Composition and Inverse Functions Practice Problems | Better Grades,Function Composition and Inverse Functions Practice Problems,function composition and inverse functions practice problems,"Function Composition and Inverse Functions Practice Problems | A 32-item mixed function composition and inverse functions practice set with repair links. | Function Composition, Inverse Functions, and Modeling",,,UNAVAILABLE,UNAVAILABLE,UNAVAILABLE,UNAVAILABLE,UNAVAILABLE,KEEP,Unique rendered H1/primary query retained; monitor in Search Console.,/subjects/math/precalculus/composition-inverses-and-modeling/practice/,0,CURRENT,self-canonical=true; sitemap=true; inboundInternalLinks=4,medium / pending search evidence,"GSC top queries, clicks, impressions, CTR, average position; backlinks before any consolidation"
/subjects/math/precalculus/composition-inverses-and-modeling/review/,https://bettergrades.net/subjects/math/precalculus/composition-inverses-and-modeling/review/,precalculus,unit.math.precalculus.precalculus-unit-4,,assessment,Function Composition and Inverse Functions Review | Better Grades,Function Composition and Inverse Functions Review,function composition and inverse functions review,"Function Composition and Inverse Functions Review | A 40–50 item cumulative review of function composition and inverse functions. | Function Composition, Inverse Functions, and Modeling",,,UNAVAILABLE,UNAVAILABLE,UNAVAILABLE,UNAVAILABLE,UNAVAILABLE,KEEP,Unique rendered H1/primary query retained; monitor in Search Console.,/subjects/math/precalculus/composition-inverses-and-modeling/review/,0,CURRENT,self-canonical=true; sitemap=true; inboundInternalLinks=3,medium / pending search evidence,"GSC top queries, clicks, impressions, CTR, average position; backlinks before any consolidation"
/subjects/math/precalculus/conic-sections-and-implicit-relations/,https://bettergrades.net/subjects/math/precalculus/conic-sections-and-implicit-relations/,precalculus,unit.math.precalculus.precalculus-unit-13,,unit-hub,Conic Sections and Implicit Relations | Better Grades,Conic Sections and Implicit Relations,conic sections and implicit relations,"Conic Sections and Implicit Relations | Find the locus of points exactly 5 units from (-2,3) and determine its x- and y-intercepts.",,,UNAVAILABLE,UNAVAILABLE,UNAVAILABLE,UNAVAILABLE,UNAVAILABLE,KEEP,Unique rendered H1/primary query retained; monitor in Search Console.,/subjects/math/precalculus/conic-sections-and-implicit-relations/,0,CURRENT,self-canonical=true; sitemap=true; inboundInternalLinks=16,medium / pending search evidence,"GSC top queries, clicks, impressions, CTR, average position; backlinks before any consolidation"
/subjects/math/precalculus/conic-sections-and-implicit-relations/completing-squares-in-two-variables/,https://bettergrades.net/subjects/math/precalculus/conic-sections-and-implicit-relations/completing-squares-in-two-variables/,precalculus,unit.math.precalculus.precalculus-unit-13,textbook-lesson.math.precalculus.precalculus-u13-l5,textbook-lesson,Completing squares in two variables | Better Grades,Completing squares in two variables,completing squares in two variables,Completing squares in two variables | Convert general quadratic relations to standard conic form by completing squares. | Conic Sections and Implicit Relations,,,UNAVAILABLE,UNAVAILABLE,UNAVAILABLE,UNAVAILABLE,UNAVAILABLE,KEEP,Unique rendered H1/primary query retained; monitor in Search Console.,/subjects/math/precalculus/conic-sections-and-implicit-relations/completing-squares-in-two-variables/,0,CURRENT,self-canonical=true; sitemap=true; inboundInternalLinks=9,medium / pending search evidence,"GSC top queries, clicks, impressions, CTR, average position; backlinks before any consolidation"
/subjects/math/precalculus/conic-sections-and-implicit-relations/conic-models-and-applications/,https://bettergrades.net/subjects/math/precalculus/conic-sections-and-implicit-relations/conic-models-and-applications/,precalculus,unit.math.precalculus.precalculus-unit-13,textbook-lesson.math.precalculus.precalculus-u13-l10,textbook-lesson,Conic models and applications | Better Grades,Conic models and applications,conic models and applications,"Conic models and applications | Construct and critique conic models in reflection, orbit, architecture, and navigation settings. | Conic Sections and Implicit Relations",,,UNAVAILABLE,UNAVAILABLE,UNAVAILABLE,UNAVAILABLE,UNAVAILABLE,KEEP,Unique rendered H1/primary query retained; monitor in Search Console.,/subjects/math/precalculus/conic-sections-and-implicit-relations/conic-models-and-applications/,0,CURRENT,self-canonical=true; sitemap=true; inboundInternalLinks=7,medium / pending search evidence,"GSC top queries, clicks, impressions, CTR, average position; backlinks before any consolidation"
/subjects/math/precalculus/conic-sections-and-implicit-relations/conics-as-loci-and-the-circle-foundation/,https://bettergrades.net/subjects/math/precalculus/conic-sections-and-implicit-relations/conics-as-loci-and-the-circle-foundation/,precalculus,unit.math.precalculus.precalculus-unit-13,textbook-lesson.math.precalculus.precalculus-u13-l1,textbook-lesson,Conic Sections as Loci: The Circle Foundation | Better Grades,Conic Sections as Loci: The Circle Foundation,conic sections as loci: the circle foundation,Conic Sections as Loci: The Circle Foundation | Define loci by distance conditions and derive the standard circle equation. | Conic Sections and Implicit Relations,,,UNAVAILABLE,UNAVAILABLE,UNAVAILABLE,UNAVAILABLE,UNAVAILABLE,KEEP,Unique rendered H1/primary query retained; monitor in Search Console.,/subjects/math/precalculus/conic-sections-and-implicit-relations/conics-as-loci-and-the-circle-foundation/,0,CURRENT,self-canonical=true; sitemap=true; inboundInternalLinks=10,medium / pending search evidence,"GSC top queries, clicks, impressions, CTR, average position; backlinks before any consolidation"
/subjects/math/precalculus/conic-sections-and-implicit-relations/degenerate-conics-and-classification/,https://bettergrades.net/subjects/math/precalculus/conic-sections-and-implicit-relations/degenerate-conics-and-classification/,precalculus,unit.math.precalculus.precalculus-unit-13,textbook-lesson.math.precalculus.precalculus-u13-l7,textbook-lesson,Degenerate conics and classification | Better Grades,Degenerate conics and classification,degenerate conics and classification,"Degenerate conics and classification | Identify point, line, pair-of-lines, empty-set, and other degenerate quadratic relations. | Conic Sections and Implicit Relations",,,UNAVAILABLE,UNAVAILABLE,UNAVAILABLE,UNAVAILABLE,UNAVAILABLE,KEEP,Unique rendered H1/primary query retained; monitor in Search Console.,/subjects/math/precalculus/conic-sections-and-implicit-relations/degenerate-conics-and-classification/,0,CURRENT,self-canonical=true; sitemap=true; inboundInternalLinks=9,medium / pending search evidence,"GSC top queries, clicks, impressions, CTR, average position; backlinks before any consolidation"
/subjects/math/precalculus/conic-sections-and-implicit-relations/eccentricity-and-unified-conic-structure/,https://bettergrades.net/subjects/math/precalculus/conic-sections-and-implicit-relations/eccentricity-and-unified-conic-structure/,precalculus,unit.math.precalculus.precalculus-unit-13,textbook-lesson.math.precalculus.precalculus-u13-l8,textbook-lesson,Eccentricity and unified conic structure | Better Grades,Eccentricity and unified conic structure,eccentricity and unified conic structure,"Eccentricity and unified conic structure | Use eccentricity to compare circles, ellipses, parabolas, and hyperbolas. | Conic Sections and Implicit Relations",,,UNAVAILABLE,UNAVAILABLE,UNAVAILABLE,UNAVAILABLE,UNAVAILABLE,KEEP,Unique rendered H1/primary query retained; monitor in Search Console.,/subjects/math/precalculus/conic-sections-and-implicit-relations/eccentricity-and-unified-conic-structure/,0,CURRENT,self-canonical=true; sitemap=true; inboundInternalLinks=9,medium / pending search evidence,"GSC top queries, clicks, impressions, CTR, average position; backlinks before any consolidation"
/subjects/math/precalculus/conic-sections-and-implicit-relations/ellipses/,https://bettergrades.net/subjects/math/precalculus/conic-sections-and-implicit-relations/ellipses/,precalculus,unit.math.precalculus.precalculus-unit-13,textbook-lesson.math.precalculus.precalculus-u13-l3,textbook-lesson,Ellipses | Better Grades,Ellipses,ellipses,Ellipses | Analyze ellipses from constant-sum distance and standard equations. | Conic Sections and Implicit Relations,,,UNAVAILABLE,UNAVAILABLE,UNAVAILABLE,UNAVAILABLE,UNAVAILABLE,KEEP,Unique rendered H1/primary query retained; monitor in Search Console.,/subjects/math/precalculus/conic-sections-and-implicit-relations/ellipses/,0,CURRENT,self-canonical=true; sitemap=true; inboundInternalLinks=10,medium / pending search evidence,"GSC top queries, clicks, impressions, CTR, average position; backlinks before any consolidation"
/subjects/math/precalculus/conic-sections-and-implicit-relations/hyperbolas/,https://bettergrades.net/subjects/math/precalculus/conic-sections-and-implicit-relations/hyperbolas/,precalculus,unit.math.precalculus.precalculus-unit-13,textbook-lesson.math.precalculus.precalculus-u13-l4,textbook-lesson,Hyperbolas | Better Grades,Hyperbolas,hyperbolas,Hyperbolas | Analyze hyperbolas from constant-difference distance and standard equations. | Conic Sections and Implicit Relations,,,UNAVAILABLE,UNAVAILABLE,UNAVAILABLE,UNAVAILABLE,UNAVAILABLE,KEEP,Unique rendered H1/primary query retained; monitor in Search Console.,/subjects/math/precalculus/conic-sections-and-implicit-relations/hyperbolas/,0,CURRENT,self-canonical=true; sitemap=true; inboundInternalLinks=8,medium / pending search evidence,"GSC top queries, clicks, impressions, CTR, average position; backlinks before any consolidation"
/subjects/math/precalculus/conic-sections-and-implicit-relations/investigation/,https://bettergrades.net/subjects/math/precalculus/conic-sections-and-implicit-relations/investigation/,precalculus,unit.math.precalculus.precalculus-unit-13,,assessment,Conic Sections Modeling Investigation | Better Grades,Conic Sections Modeling Investigation,conic sections modeling investigation,Conic Sections Modeling Investigation | A multistage conic sections representation and verification task. | Conic Sections and Implicit Relations,,,UNAVAILABLE,UNAVAILABLE,UNAVAILABLE,UNAVAILABLE,UNAVAILABLE,KEEP,Unique rendered H1/primary query retained; monitor in Search Console.,/subjects/math/precalculus/conic-sections-and-implicit-relations/investigation/,0,CURRENT,self-canonical=true; sitemap=true; inboundInternalLinks=3,medium / pending search evidence,"GSC top queries, clicks, impressions, CTR, average position; backlinks before any consolidation"
/subjects/math/precalculus/conic-sections-and-implicit-relations/mastery-check/,https://bettergrades.net/subjects/math/precalculus/conic-sections-and-implicit-relations/mastery-check/,precalculus,unit.math.precalculus.precalculus-unit-13,,assessment,Conic Sections Practice Test | Better Grades,Conic Sections Practice Test,conic sections practice test,Conic Sections Practice Test | A 28–36 item conic sections practice test spanning every unit lesson. | Conic Sections and Implicit Relations,,,UNAVAILABLE,UNAVAILABLE,UNAVAILABLE,UNAVAILABLE,UNAVAILABLE,KEEP,Unique rendered H1/primary query retained; monitor in Search Console.,/subjects/math/precalculus/conic-sections-and-implicit-relations/mastery-check/,0,CURRENT,self-canonical=true; sitemap=true; inboundInternalLinks=4,medium / pending search evidence,"GSC top queries, clicks, impressions, CTR, average position; backlinks before any consolidation"
/subjects/math/precalculus/conic-sections-and-implicit-relations/nonlinear-systems-involving-conics/,https://bettergrades.net/subjects/math/precalculus/conic-sections-and-implicit-relations/nonlinear-systems-involving-conics/,precalculus,unit.math.precalculus.precalculus-unit-13,textbook-lesson.math.precalculus.precalculus-u13-l9,textbook-lesson,Nonlinear systems involving conics | Better Grades,Nonlinear systems involving conics,nonlinear systems involving conics,"Nonlinear systems involving conics | Solve and interpret intersections of lines, circles, parabolas, ellipses, and hyperbolas. | Conic Sections and Implicit Relations",,,UNAVAILABLE,UNAVAILABLE,UNAVAILABLE,UNAVAILABLE,UNAVAILABLE,KEEP,Unique rendered H1/primary query retained; monitor in Search Console.,/subjects/math/precalculus/conic-sections-and-implicit-relations/nonlinear-systems-involving-conics/,0,CURRENT,self-canonical=true; sitemap=true; inboundInternalLinks=9,medium / pending search evidence,"GSC top queries, clicks, impressions, CTR, average position; backlinks before any consolidation"
/subjects/math/precalculus/conic-sections-and-implicit-relations/parabolas-from-focus-and-directrix/,https://bettergrades.net/subjects/math/precalculus/conic-sections-and-implicit-relations/parabolas-from-focus-and-directrix/,precalculus,unit.math.precalculus.precalculus-unit-13,textbook-lesson.math.precalculus.precalculus-u13-l2,textbook-lesson,Parabolas from focus and directrix | Better Grades,Parabolas from focus and directrix,parabolas from focus and directrix,Parabolas from focus and directrix | Derive and analyze parabolas as points equidistant from a focus and directrix. | Conic Sections and Implicit Relations,,,UNAVAILABLE,UNAVAILABLE,UNAVAILABLE,UNAVAILABLE,UNAVAILABLE,KEEP,Unique rendered H1/primary query retained; monitor in Search Console.,/subjects/math/precalculus/conic-sections-and-implicit-relations/parabolas-from-focus-and-directrix/,0,CURRENT,self-canonical=true; sitemap=true; inboundInternalLinks=8,medium / pending search evidence,"GSC top queries, clicks, impressions, CTR, average position; backlinks before any consolidation"
/subjects/math/precalculus/conic-sections-and-implicit-relations/practice/,https://bettergrades.net/subjects/math/precalculus/conic-sections-and-implicit-relations/practice/,precalculus,unit.math.precalculus.precalculus-unit-13,,assessment,Conic Sections Practice Problems | Better Grades,Conic Sections Practice Problems,conic sections practice problems,Conic Sections Practice Problems | A 32-item mixed conic sections practice set with repair links. | Conic Sections and Implicit Relations,,,UNAVAILABLE,UNAVAILABLE,UNAVAILABLE,UNAVAILABLE,UNAVAILABLE,KEEP,Unique rendered H1/primary query retained; monitor in Search Console.,/subjects/math/precalculus/conic-sections-and-implicit-relations/practice/,0,CURRENT,self-canonical=true; sitemap=true; inboundInternalLinks=4,medium / pending search evidence,"GSC top queries, clicks, impressions, CTR, average position; backlinks before any consolidation"
/subjects/math/precalculus/conic-sections-and-implicit-relations/review/,https://bettergrades.net/subjects/math/precalculus/conic-sections-and-implicit-relations/review/,precalculus,unit.math.precalculus.precalculus-unit-13,,assessment,Conic Sections Review | Better Grades,Conic Sections Review,conic sections review,Conic Sections Review | A 40–50 item cumulative review of conic sections. | Conic Sections and Implicit Relations,,,UNAVAILABLE,UNAVAILABLE,UNAVAILABLE,UNAVAILABLE,UNAVAILABLE,KEEP,Unique rendered H1/primary query retained; monitor in Search Console.,/subjects/math/precalculus/conic-sections-and-implicit-relations/review/,0,CURRENT,self-canonical=true; sitemap=true; inboundInternalLinks=3,medium / pending search evidence,"GSC top queries, clicks, impressions, CTR, average position; backlinks before any consolidation"
/subjects/math/precalculus/conic-sections-and-implicit-relations/translated-conics-and-general-equations/,https://bettergrades.net/subjects/math/precalculus/conic-sections-and-implicit-relations/translated-conics-and-general-equations/,precalculus,unit.math.precalculus.precalculus-unit-13,textbook-lesson.math.precalculus.precalculus-u13-l6,textbook-lesson,Translated Conic Sections and General Equations | Better Grades,Translated Conic Sections and General Equations,translated conic sections and general equations,Translated Conic Sections and General Equations | Classify translated conics and recover all geometric features from standard form. | Conic Sections and Implicit Relations,,,UNAVAILABLE,UNAVAILABLE,UNAVAILABLE,UNAVAILABLE,UNAVAILABLE,KEEP,Unique rendered H1/primary query retained; monitor in Search Console.,/subjects/math/precalculus/conic-sections-and-implicit-relations/translated-conics-and-general-equations/,0,CURRENT,self-canonical=true; sitemap=true; inboundInternalLinks=9,medium / pending search evidence,"GSC top queries, clicks, impressions, CTR, average position; backlinks before any consolidation"
/subjects/math/precalculus/exponential-and-logarithmic-functions/,https://bettergrades.net/subjects/math/precalculus/exponential-and-logarithmic-functions/,precalculus,unit.math.precalculus.precalculus-unit-7,,unit-hub,Exponential and Logarithmic Functions | Better Grades,Exponential and Logarithmic Functions,exponential and logarithmic functions,Exponential and Logarithmic Functions | Constant first differences indicate additive linear change; constant ratios indicate multiplicative exponential change.,,,UNAVAILABLE,UNAVAILABLE,UNAVAILABLE,UNAVAILABLE,UNAVAILABLE,KEEP,Unique rendered H1/primary query retained; monitor in Search Console.,/subjects/math/precalculus/exponential-and-logarithmic-functions/,0,CURRENT,self-canonical=true; sitemap=true; inboundInternalLinks=19,medium / pending search evidence,"GSC top queries, clicks, impressions, CTR, average position; backlinks before any consolidation"
/subjects/math/precalculus/exponential-and-logarithmic-functions/additive-versus-multiplicative-change/,https://bettergrades.net/subjects/math/precalculus/exponential-and-logarithmic-functions/additive-versus-multiplicative-change/,precalculus,unit.math.precalculus.precalculus-unit-7,textbook-lesson.math.precalculus.precalculus-u7-l1,textbook-lesson,Additive vs. Multiplicative Change in Function Models | Better Grades,Additive vs. Multiplicative Change in Function Models,additive vs multiplicative change in function models,"Additive vs. Multiplicative Change in Function Models | Distinguish linear, exponential, and neither patterns by comparing equal-input differences, ratios, and percent changes. | Exponential and Logarithmic Functions",,,UNAVAILABLE,UNAVAILABLE,UNAVAILABLE,UNAVAILABLE,UNAVAILABLE,KEEP,Unique rendered H1/primary query retained; monitor in Search Console.,/subjects/math/precalculus/exponential-and-logarithmic-functions/additive-versus-multiplicative-change/,0,CURRENT,self-canonical=true; sitemap=true; inboundInternalLinks=10,medium / pending search evidence,"GSC top queries, clicks, impressions, CTR, average position; backlinks before any consolidation"
/subjects/math/precalculus/exponential-and-logarithmic-functions/compound-interest-and-effective-rate/,https://bettergrades.net/subjects/math/precalculus/exponential-and-logarithmic-functions/compound-interest-and-effective-rate/,precalculus,unit.math.precalculus.precalculus-unit-7,textbook-lesson.math.precalculus.precalculus-u7-l5,textbook-lesson,Compound interest and effective rate | Better Grades,Compound interest and effective rate,compound interest and effective rate,"Compound interest and effective rate | Use periodic compounding models and compare nominal rates, periodic rates, compounding frequency, and effective annual yield. | Exponential and Logarithmic Functions",,,UNAVAILABLE,UNAVAILABLE,UNAVAILABLE,UNAVAILABLE,UNAVAILABLE,KEEP,Unique rendered H1/primary query retained; monitor in Search Console.,/subjects/math/precalculus/exponential-and-logarithmic-functions/compound-interest-and-effective-rate/,0,CURRENT,self-canonical=true; sitemap=true; inboundInternalLinks=8,medium / pending search evidence,"GSC top queries, clicks, impressions, CTR, average position; backlinks before any consolidation"
/subjects/math/precalculus/exponential-and-logarithmic-functions/continuous-growth-and-the-number-e/,https://bettergrades.net/subjects/math/precalculus/exponential-and-logarithmic-functions/continuous-growth-and-the-number-e/,precalculus,unit.math.precalculus.precalculus-unit-7,textbook-lesson.math.precalculus.precalculus-u7-l6,textbook-lesson,Continuous growth and the number e | Better Grades,Continuous growth and the number e,continuous growth and the number e,Continuous growth and the number e | Use A(t)=A0e^(kt) for continuous proportional change and interpret the continuous rate parameter k. | Exponential and Logarithmic Functions,,,UNAVAILABLE,UNAVAILABLE,UNAVAILABLE,UNAVAILABLE,UNAVAILABLE,KEEP,Unique rendered H1/primary query retained; monitor in Search Console.,/subjects/math/precalculus/exponential-and-logarithmic-functions/continuous-growth-and-the-number-e/,0,CURRENT,self-canonical=true; sitemap=true; inboundInternalLinks=9,medium / pending search evidence,"GSC top queries, clicks, impressions, CTR, average position; backlinks before any consolidation"
/subjects/math/precalculus/exponential-and-logarithmic-functions/exponential-functions-and-parameters/,https://bettergrades.net/subjects/math/precalculus/exponential-and-logarithmic-functions/exponential-functions-and-parameters/,precalculus,unit.math.precalculus.precalculus-unit-7,textbook-lesson.math.precalculus.precalculus-u7-l2,textbook-lesson,Exponential functions and parameters | Better Grades,Exponential functions and parameters,exponential functions and parameters,"Exponential functions and parameters | Analyze f(x)=ab^x by interpreting initial value, base, multiplier, percent rate, domain, range, and asymptote. | Exponential and Logarithmic Functions",,,UNAVAILABLE,UNAVAILABLE,UNAVAILABLE,UNAVAILABLE,UNAVAILABLE,KEEP,Unique rendered H1/primary query retained; monitor in Search Console.,/subjects/math/precalculus/exponential-and-logarithmic-functions/exponential-functions-and-parameters/,0,CURRENT,self-canonical=true; sitemap=true; inboundInternalLinks=8,medium / pending search evidence,"GSC top queries, clicks, impressions, CTR, average position; backlinks before any consolidation"
/subjects/math/precalculus/exponential-and-logarithmic-functions/exponential-regression-and-residuals/,https://bettergrades.net/subjects/math/precalculus/exponential-and-logarithmic-functions/exponential-regression-and-residuals/,precalculus,unit.math.precalculus.precalculus-unit-7,textbook-lesson.math.precalculus.precalculus-u7-l7,textbook-lesson,Exponential regression and residuals | Better Grades,Exponential regression and residuals,exponential regression and residuals,"Exponential regression and residuals | Fit an exponential model to data, interpret parameters, inspect residuals, and evaluate interpolation and extrapolation. | Exponential and Logarithmic Functions",,,UNAVAILABLE,UNAVAILABLE,UNAVAILABLE,UNAVAILABLE,UNAVAILABLE,KEEP,Unique rendered H1/primary query retained; monitor in Search Console.,/subjects/math/precalculus/exponential-and-logarithmic-functions/exponential-regression-and-residuals/,0,CURRENT,self-canonical=true; sitemap=true; inboundInternalLinks=9,medium / pending search evidence,"GSC top queries, clicks, impressions, CTR, average position; backlinks before any consolidation"
/subjects/math/precalculus/exponential-and-logarithmic-functions/exponential-transformations/,https://bettergrades.net/subjects/math/precalculus/exponential-and-logarithmic-functions/exponential-transformations/,precalculus,unit.math.precalculus.precalculus-unit-7,textbook-lesson.math.precalculus.precalculus-u7-l3,textbook-lesson,Exponential transformations | Better Grades,Exponential transformations,exponential transformations,"Exponential transformations | Analyze transformed exponential functions and track asymptotes, domain, range, and feature points. | Exponential and Logarithmic Functions",,,UNAVAILABLE,UNAVAILABLE,UNAVAILABLE,UNAVAILABLE,UNAVAILABLE,KEEP,Unique rendered H1/primary query retained; monitor in Search Console.,/subjects/math/precalculus/exponential-and-logarithmic-functions/exponential-transformations/,0,CURRENT,self-canonical=true; sitemap=true; inboundInternalLinks=9,medium / pending search evidence,"GSC top queries, clicks, impressions, CTR, average position; backlinks before any consolidation"
/subjects/math/precalculus/exponential-and-logarithmic-functions/growth-and-decay-models/,https://bettergrades.net/subjects/math/precalculus/exponential-and-logarithmic-functions/growth-and-decay-models/,precalculus,unit.math.precalculus.precalculus-unit-7,textbook-lesson.math.precalculus.precalculus-u7-l4,textbook-lesson,Growth and decay models | Better Grades,Growth and decay models,growth and decay models,"Growth and decay models | Construct exponential models from an initial value, rate, multiplier, two points, or a known doubling or half-life. | Exponential and Logarithmic Functions",,,UNAVAILABLE,UNAVAILABLE,UNAVAILABLE,UNAVAILABLE,UNAVAILABLE,KEEP,Unique rendered H1/primary query retained; monitor in Search Console.,/subjects/math/precalculus/exponential-and-logarithmic-functions/growth-and-decay-models/,0,CURRENT,self-canonical=true; sitemap=true; inboundInternalLinks=9,medium / pending search evidence,"GSC top queries, clicks, impressions, CTR, average position; backlinks before any consolidation"
/subjects/math/precalculus/exponential-and-logarithmic-functions/investigation/,https://bettergrades.net/subjects/math/precalculus/exponential-and-logarithmic-functions/investigation/,precalculus,unit.math.precalculus.precalculus-unit-7,,assessment,Exponential and Logarithmic Functions Modeling Investigation | Better Grades,Exponential and Logarithmic Functions Modeling Investigation,exponential and logarithmic functions modeling investigation,Exponential and Logarithmic Functions Modeling Investigation | A multistage exponential and logarithmic functions representation and verification task. | Exponential and Logarithmic Functions,,,UNAVAILABLE,UNAVAILABLE,UNAVAILABLE,UNAVAILABLE,UNAVAILABLE,KEEP,Unique rendered H1/primary query retained; monitor in Search Console.,/subjects/math/precalculus/exponential-and-logarithmic-functions/investigation/,0,CURRENT,self-canonical=true; sitemap=true; inboundInternalLinks=3,medium / pending search evidence,"GSC top queries, clicks, impressions, CTR, average position; backlinks before any consolidation"
/subjects/math/precalculus/exponential-and-logarithmic-functions/logarithm-laws/,https://bettergrades.net/subjects/math/precalculus/exponential-and-logarithmic-functions/logarithm-laws/,precalculus,unit.math.precalculus.precalculus-unit-7,textbook-lesson.math.precalculus.precalculus-u7-l11,textbook-lesson,Logarithm laws | Better Grades,Logarithm laws,logarithm laws,"Logarithm laws | Derive and apply product, quotient, and power laws while preserving positive-argument domains. | Exponential and Logarithmic Functions",,,UNAVAILABLE,UNAVAILABLE,UNAVAILABLE,UNAVAILABLE,UNAVAILABLE,KEEP,Unique rendered H1/primary query retained; monitor in Search Console.,/subjects/math/precalculus/exponential-and-logarithmic-functions/logarithm-laws/,0,CURRENT,self-canonical=true; sitemap=true; inboundInternalLinks=8,medium / pending search evidence,"GSC top queries, clicks, impressions, CTR, average position; backlinks before any consolidation"
/subjects/math/precalculus/exponential-and-logarithmic-functions/logarithmic-graphs-and-transformations/,https://bettergrades.net/subjects/math/precalculus/exponential-and-logarithmic-functions/logarithmic-graphs-and-transformations/,precalculus,unit.math.precalculus.precalculus-unit-7,textbook-lesson.math.precalculus.precalculus-u7-l10,textbook-lesson,Logarithmic graphs and transformations | Better Grades,Logarithmic graphs and transformations,logarithmic graphs and transformations,"Logarithmic graphs and transformations | Analyze transformed logarithmic functions, including domain, range, vertical asymptote, intercepts, and base-dependent direction. | Exponential and Logarithmic Functions",,,UNAVAILABLE,UNAVAILABLE,UNAVAILABLE,UNAVAILABLE,UNAVAILABLE,KEEP,Unique rendered H1/primary query retained; monitor in Search Console.,/subjects/math/precalculus/exponential-and-logarithmic-functions/logarithmic-graphs-and-transformations/,0,CURRENT,self-canonical=true; sitemap=true; inboundInternalLinks=8,medium / pending search evidence,"GSC top queries, clicks, impressions, CTR, average position; backlinks before any consolidation"
/subjects/math/precalculus/exponential-and-logarithmic-functions/logarithms-as-inverse-functions/,https://bettergrades.net/subjects/math/precalculus/exponential-and-logarithmic-functions/logarithms-as-inverse-functions/,precalculus,unit.math.precalculus.precalculus-unit-7,textbook-lesson.math.precalculus.precalculus-u7-l9,textbook-lesson,Logarithms as inverse functions | Better Grades,Logarithms as inverse functions,logarithms as inverse functions,"Logarithms as inverse functions | Define log base b as the inverse of b^x, convert between forms, and interpret logarithms as exponents. | Exponential and Logarithmic Functions",,,UNAVAILABLE,UNAVAILABLE,UNAVAILABLE,UNAVAILABLE,UNAVAILABLE,KEEP,Unique rendered H1/primary query retained; monitor in Search Console.,/subjects/math/precalculus/exponential-and-logarithmic-functions/logarithms-as-inverse-functions/,0,CURRENT,self-canonical=true; sitemap=true; inboundInternalLinks=8,medium / pending search evidence,"GSC top queries, clicks, impressions, CTR, average position; backlinks before any consolidation"
/subjects/math/precalculus/exponential-and-logarithmic-functions/logistic-and-bounded-growth/,https://bettergrades.net/subjects/math/precalculus/exponential-and-logarithmic-functions/logistic-and-bounded-growth/,precalculus,unit.math.precalculus.precalculus-unit-7,textbook-lesson.math.precalculus.precalculus-u7-l8,textbook-lesson,Logistic and bounded growth | Better Grades,Logistic and bounded growth,logistic and bounded growth,"Logistic and bounded growth | Analyze logistic growth qualitatively and interpret initial value, carrying capacity, growth rate, and inflection behavior. | Exponential and Logarithmic Functions",,,UNAVAILABLE,UNAVAILABLE,UNAVAILABLE,UNAVAILABLE,UNAVAILABLE,KEEP,Unique rendered H1/primary query retained; monitor in Search Console.,/subjects/math/precalculus/exponential-and-logarithmic-functions/logistic-and-bounded-growth/,0,CURRENT,self-canonical=true; sitemap=true; inboundInternalLinks=9,medium / pending search evidence,"GSC top queries, clicks, impressions, CTR, average position; backlinks before any consolidation"
/subjects/math/precalculus/exponential-and-logarithmic-functions/mastery-check/,https://bettergrades.net/subjects/math/precalculus/exponential-and-logarithmic-functions/mastery-check/,precalculus,unit.math.precalculus.precalculus-unit-7,,assessment,Exponential and Logarithmic Functions Practice Test | Better Grades,Exponential and Logarithmic Functions Practice Test,exponential and logarithmic functions practice test,Exponential and Logarithmic Functions Practice Test | A 28–36 item exponential and logarithmic functions practice test spanning every unit lesson. | Exponential and Logarithmic Functions,,,UNAVAILABLE,UNAVAILABLE,UNAVAILABLE,UNAVAILABLE,UNAVAILABLE,KEEP,Unique rendered H1/primary query retained; monitor in Search Console.,/subjects/math/precalculus/exponential-and-logarithmic-functions/mastery-check/,0,CURRENT,self-canonical=true; sitemap=true; inboundInternalLinks=4,medium / pending search evidence,"GSC top queries, clicks, impressions, CTR, average position; backlinks before any consolidation"
/subjects/math/precalculus/exponential-and-logarithmic-functions/practice/,https://bettergrades.net/subjects/math/precalculus/exponential-and-logarithmic-functions/practice/,precalculus,unit.math.precalculus.precalculus-unit-7,,assessment,Exponential and Logarithmic Functions Practice Problems | Better Grades,Exponential and Logarithmic Functions Practice Problems,exponential and logarithmic functions practice problems,Exponential and Logarithmic Functions Practice Problems | A 32-item mixed exponential and logarithmic functions practice set with repair links. | Exponential and Logarithmic Functions,,,UNAVAILABLE,UNAVAILABLE,UNAVAILABLE,UNAVAILABLE,UNAVAILABLE,KEEP,Unique rendered H1/primary query retained; monitor in Search Console.,/subjects/math/precalculus/exponential-and-logarithmic-functions/practice/,0,CURRENT,self-canonical=true; sitemap=true; inboundInternalLinks=4,medium / pending search evidence,"GSC top queries, clicks, impressions, CTR, average position; backlinks before any consolidation"
/subjects/math/precalculus/exponential-and-logarithmic-functions/review/,https://bettergrades.net/subjects/math/precalculus/exponential-and-logarithmic-functions/review/,precalculus,unit.math.precalculus.precalculus-unit-7,,assessment,Exponential and Logarithmic Functions Review | Better Grades,Exponential and Logarithmic Functions Review,exponential and logarithmic functions review,Exponential and Logarithmic Functions Review | A 40–50 item cumulative review of exponential and logarithmic functions. | Exponential and Logarithmic Functions,,,UNAVAILABLE,UNAVAILABLE,UNAVAILABLE,UNAVAILABLE,UNAVAILABLE,KEEP,Unique rendered H1/primary query retained; monitor in Search Console.,/subjects/math/precalculus/exponential-and-logarithmic-functions/review/,0,CURRENT,self-canonical=true; sitemap=true; inboundInternalLinks=3,medium / pending search evidence,"GSC top queries, clicks, impressions, CTR, average position; backlinks before any consolidation"
/subjects/math/precalculus/exponential-and-logarithmic-functions/solving-exponential-equations/,https://bettergrades.net/subjects/math/precalculus/exponential-and-logarithmic-functions/solving-exponential-equations/,precalculus,unit.math.precalculus.precalculus-unit-7,textbook-lesson.math.precalculus.precalculus-u7-l12,textbook-lesson,Solving exponential equations | Better Grades,Solving exponential equations,solving exponential equations,"Solving exponential equations | Solve exponential equations using common bases, logarithms, and numerical methods, and interpret exact and approximate answers. | Exponential and Logarithmic Functions",,,UNAVAILABLE,UNAVAILABLE,UNAVAILABLE,UNAVAILABLE,UNAVAILABLE,KEEP,Unique rendered H1/primary query retained; monitor in Search Console.,/subjects/math/precalculus/exponential-and-logarithmic-functions/solving-exponential-equations/,0,CURRENT,self-canonical=true; sitemap=true; inboundInternalLinks=7,medium / pending search evidence,"GSC top queries, clicks, impressions, CTR, average position; backlinks before any consolidation"
/subjects/math/precalculus/exponential-and-logarithmic-functions/solving-logarithmic-equations-and-interpreting-inverse-models/,https://bettergrades.net/subjects/math/precalculus/exponential-and-logarithmic-functions/solving-logarithmic-equations-and-interpreting-inverse-models/,precalculus,unit.math.precalculus.precalculus-unit-7,textbook-lesson.math.precalculus.precalculus-u7-l13,textbook-lesson,Solving logarithmic equations and interpreting inverse models | Better Grades,Solving logarithmic equations and interpreting inverse models,solving logarithmic equations and interpreting inverse models,"Solving logarithmic equations and interpreting inverse models | Solve logarithmic equations, reject invalid arguments, and use logarithms to analyze doubling time, half-life, and logarithmic scales. | Exponential and Logarithmic Functions",,,UNAVAILABLE,UNAVAILABLE,UNAVAILABLE,UNAVAILABLE,UNAVAILABLE,KEEP,Unique rendered H1/primary query retained; monitor in Search Console.,/subjects/math/precalculus/exponential-and-logarithmic-functions/solving-logarithmic-equations-and-interpreting-inverse-models/,0,CURRENT,self-canonical=true; sitemap=true; inboundInternalLinks=7,medium / pending search evidence,"GSC top queries, clicks, impressions, CTR, average position; backlinks before any consolidation"
/subjects/math/precalculus/final-assessment/,https://bettergrades.net/subjects/math/precalculus/final-assessment/,precalculus,,,assessment,Precalculus Final Assessment | Better Grades,Precalculus Final Assessment,precalculus final assessment,Precalculus Final Assessment | A 64-item cumulative assessment spanning all sixteen Precalculus units. | Precalculus,,,UNAVAILABLE,UNAVAILABLE,UNAVAILABLE,UNAVAILABLE,UNAVAILABLE,KEEP,Unique rendered H1/primary query retained; monitor in Search Console.,/subjects/math/precalculus/final-assessment/,0,CURRENT,self-canonical=true; sitemap=true; inboundInternalLinks=2,medium / pending search evidence,"GSC top queries, clicks, impressions, CTR, average position; backlinks before any consolidation"
/subjects/math/precalculus/functions-and-multiple-representations/,https://bettergrades.net/subjects/math/precalculus/functions-and-multiple-representations/,precalculus,unit.math.precalculus.precalculus-unit-2,,unit-hub,Functions and Multiple Representations | Better Grades,Functions and Multiple Representations,functions and multiple representations,"Functions and Multiple Representations | An input is supplied to a relationship, an output is determined by it, and parameters remain fixed for one selected model.",,,UNAVAILABLE,UNAVAILABLE,UNAVAILABLE,UNAVAILABLE,UNAVAILABLE,KEEP,Unique rendered H1/primary query retained; monitor in Search Console.,/subjects/math/precalculus/functions-and-multiple-representations/,0,CURRENT,self-canonical=true; sitemap=true; inboundInternalLinks=16,medium / pending search evidence,"GSC top queries, clicks, impressions, CTR, average position; backlinks before any consolidation"
/subjects/math/precalculus/functions-and-multiple-representations/average-rate-of-change/,https://bettergrades.net/subjects/math/precalculus/functions-and-multiple-representations/average-rate-of-change/,precalculus,unit.math.precalculus.precalculus-unit-2,textbook-lesson.math.precalculus.precalculus-u2-l9,textbook-lesson,Average rate of change | Better Grades,Average rate of change,average rate of change,Average rate of change | Calculate and interpret average rate of change as output change per input change and as the slope of a secant line. | Functions and Multiple Representations,,,UNAVAILABLE,UNAVAILABLE,UNAVAILABLE,UNAVAILABLE,UNAVAILABLE,KEEP,Unique rendered H1/primary query retained; monitor in Search Console.,/subjects/math/precalculus/functions-and-multiple-representations/average-rate-of-change/,0,CURRENT,self-canonical=true; sitemap=true; inboundInternalLinks=8,medium / pending search evidence,"GSC top queries, clicks, impressions, CTR, average position; backlinks before any consolidation"
/subjects/math/precalculus/functions-and-multiple-representations/domain-from-context/,https://bettergrades.net/subjects/math/precalculus/functions-and-multiple-representations/domain-from-context/,precalculus,unit.math.precalculus.precalculus-unit-2,textbook-lesson.math.precalculus.precalculus-u2-l6,textbook-lesson,Domain from context | Better Grades,Domain from context,domain from context,Domain from context | Distinguish the algebraic domain of a formula from the inputs that are meaningful in a model. | Functions and Multiple Representations,,,UNAVAILABLE,UNAVAILABLE,UNAVAILABLE,UNAVAILABLE,UNAVAILABLE,KEEP,Unique rendered H1/primary query retained; monitor in Search Console.,/subjects/math/precalculus/functions-and-multiple-representations/domain-from-context/,0,CURRENT,self-canonical=true; sitemap=true; inboundInternalLinks=10,medium / pending search evidence,"GSC top queries, clicks, impressions, CTR, average position; backlinks before any consolidation"
/subjects/math/precalculus/functions-and-multiple-representations/domain-from-formulas/,https://bettergrades.net/subjects/math/precalculus/functions-and-multiple-representations/domain-from-formulas/,precalculus,unit.math.precalculus.precalculus-unit-2,textbook-lesson.math.precalculus.precalculus-u2-l5,textbook-lesson,Domain from formulas | Better Grades,Domain from formulas,domain from formulas,"Domain from formulas | Determine the real domain of a function by combining denominator, even-root, logarithm, and composition restrictions. | Functions and Multiple Representations",,,UNAVAILABLE,UNAVAILABLE,UNAVAILABLE,UNAVAILABLE,UNAVAILABLE,KEEP,Unique rendered H1/primary query retained; monitor in Search Console.,/subjects/math/precalculus/functions-and-multiple-representations/domain-from-formulas/,0,CURRENT,self-canonical=true; sitemap=true; inboundInternalLinks=8,medium / pending search evidence,"GSC top queries, clicks, impressions, CTR, average position; backlinks before any consolidation"
/subjects/math/precalculus/functions-and-multiple-representations/function-notation-evaluation-and-solving/,https://bettergrades.net/subjects/math/precalculus/functions-and-multiple-representations/function-notation-evaluation-and-solving/,precalculus,unit.math.precalculus.precalculus-unit-2,textbook-lesson.math.precalculus.precalculus-u2-l3,textbook-lesson,"Function notation, evaluation, and solving | Better Grades","Function notation, evaluation, and solving","function notation, evaluation, and solving","Function notation, evaluation, and solving | Use function notation accurately and distinguish finding an output from finding inputs that produce a chosen output. | Functions and Multiple Representations",,,UNAVAILABLE,UNAVAILABLE,UNAVAILABLE,UNAVAILABLE,UNAVAILABLE,KEEP,Unique rendered H1/primary query retained; monitor in Search Console.,/subjects/math/precalculus/functions-and-multiple-representations/function-notation-evaluation-and-solving/,0,CURRENT,self-canonical=true; sitemap=true; inboundInternalLinks=10,medium / pending search evidence,"GSC top queries, clicks, impressions, CTR, average position; backlinks before any consolidation"
/subjects/math/precalculus/functions-and-multiple-representations/function-representation-and-modeling-studio/,https://bettergrades.net/subjects/math/precalculus/functions-and-multiple-representations/function-representation-and-modeling-studio/,precalculus,unit.math.precalculus.precalculus-unit-2,textbook-lesson.math.precalculus.precalculus-u2-l10,textbook-lesson,Function representation and modeling studio | Better Grades,Function representation and modeling studio,function representation and modeling studio,"Function representation and modeling studio | Construct, compare, and defend function representations while stating assumptions, domain, units, and limitations. | Functions and Multiple Representations",,,UNAVAILABLE,UNAVAILABLE,UNAVAILABLE,UNAVAILABLE,UNAVAILABLE,KEEP,Unique rendered H1/primary query retained; monitor in Search Console.,/subjects/math/precalculus/functions-and-multiple-representations/function-representation-and-modeling-studio/,0,CURRENT,self-canonical=true; sitemap=true; inboundInternalLinks=7,medium / pending search evidence,"GSC top queries, clicks, impressions, CTR, average position; backlinks before any consolidation"
/subjects/math/precalculus/functions-and-multiple-representations/investigation/,https://bettergrades.net/subjects/math/precalculus/functions-and-multiple-representations/investigation/,precalculus,unit.math.precalculus.precalculus-unit-2,,assessment,Functions and Multiple Representations Modeling Investigation | Better Grades,Functions and Multiple Representations Modeling Investigation,functions and multiple representations modeling investigation,Functions and Multiple Representations Modeling Investigation | A multistage functions and multiple representations representation and verification task. | Functions and Multiple Representations,,,UNAVAILABLE,UNAVAILABLE,UNAVAILABLE,UNAVAILABLE,UNAVAILABLE,KEEP,Unique rendered H1/primary query retained; monitor in Search Console.,/subjects/math/precalculus/functions-and-multiple-representations/investigation/,0,CURRENT,self-canonical=true; sitemap=true; inboundInternalLinks=3,medium / pending search evidence,"GSC top queries, clicks, impressions, CTR, average position; backlinks before any consolidation"
/subjects/math/precalculus/functions-and-multiple-representations/mastery-check/,https://bettergrades.net/subjects/math/precalculus/functions-and-multiple-representations/mastery-check/,precalculus,unit.math.precalculus.precalculus-unit-2,,assessment,Functions and Multiple Representations Practice Test | Better Grades,Functions and Multiple Representations Practice Test,functions and multiple representations practice test,Functions and Multiple Representations Practice Test | A 28–36 item functions and multiple representations practice test spanning every unit lesson. | Functions and Multiple Representations,,,UNAVAILABLE,UNAVAILABLE,UNAVAILABLE,UNAVAILABLE,UNAVAILABLE,KEEP,Unique rendered H1/primary query retained; monitor in Search Console.,/subjects/math/precalculus/functions-and-multiple-representations/mastery-check/,0,CURRENT,self-canonical=true; sitemap=true; inboundInternalLinks=4,medium / pending search evidence,"GSC top queries, clicks, impressions, CTR, average position; backlinks before any consolidation"
/subjects/math/precalculus/functions-and-multiple-representations/piecewise-defined-functions/,https://bettergrades.net/subjects/math/precalculus/functions-and-multiple-representations/piecewise-defined-functions/,precalculus,unit.math.precalculus.precalculus-unit-2,textbook-lesson.math.precalculus.precalculus-u2-l8,textbook-lesson,Piecewise-defined functions | Better Grades,Piecewise-defined functions,piecewise-defined functions,"Piecewise-defined functions | Evaluate, graph, and interpret functions that use different rules on different parts of the domain. | Functions and Multiple Representations",,,UNAVAILABLE,UNAVAILABLE,UNAVAILABLE,UNAVAILABLE,UNAVAILABLE,KEEP,Unique rendered H1/primary query retained; monitor in Search Console.,/subjects/math/precalculus/functions-and-multiple-representations/piecewise-defined-functions/,0,CURRENT,self-canonical=true; sitemap=true; inboundInternalLinks=10,medium / pending search evidence,"GSC top queries, clicks, impressions, CTR, average position; backlinks before any consolidation"
/subjects/math/precalculus/functions-and-multiple-representations/practice/,https://bettergrades.net/subjects/math/precalculus/functions-and-multiple-representations/practice/,precalculus,unit.math.precalculus.precalculus-unit-2,,assessment,Functions and Multiple Representations Practice Problems | Better Grades,Functions and Multiple Representations Practice Problems,functions and multiple representations practice problems,Functions and Multiple Representations Practice Problems | A 32-item mixed functions and multiple representations practice set with repair links. | Functions and Multiple Representations,,,UNAVAILABLE,UNAVAILABLE,UNAVAILABLE,UNAVAILABLE,UNAVAILABLE,KEEP,Unique rendered H1/primary query retained; monitor in Search Console.,/subjects/math/precalculus/functions-and-multiple-representations/practice/,0,CURRENT,self-canonical=true; sitemap=true; inboundInternalLinks=4,medium / pending search evidence,"GSC top queries, clicks, impressions, CTR, average position; backlinks before any consolidation"
/subjects/math/precalculus/functions-and-multiple-representations/quantities-variables-and-dependency/,https://bettergrades.net/subjects/math/precalculus/functions-and-multiple-representations/quantities-variables-and-dependency/,precalculus,unit.math.precalculus.precalculus-unit-2,textbook-lesson.math.precalculus.precalculus-u2-l1,textbook-lesson,"Quantities, Variables, and Dependency in Functions | Better Grades","Quantities, Variables, and Dependency in Functions","quantities, variables, and dependency in functions","Quantities, Variables, and Dependency in Functions | Identify the input, output, parameters, and units in a quantitative relationship and explain how the quantities depend on one another. | Functions and Multiple Representations",,,UNAVAILABLE,UNAVAILABLE,UNAVAILABLE,UNAVAILABLE,UNAVAILABLE,KEEP,Unique rendered H1/primary query retained; monitor in Search Console.,/subjects/math/precalculus/functions-and-multiple-representations/quantities-variables-and-dependency/,0,CURRENT,self-canonical=true; sitemap=true; inboundInternalLinks=10,medium / pending search evidence,"GSC top queries, clicks, impressions, CTR, average position; backlinks before any consolidation"
/subjects/math/precalculus/functions-and-multiple-representations/range-and-global-graph-behavior/,https://bettergrades.net/subjects/math/precalculus/functions-and-multiple-representations/range-and-global-graph-behavior/,precalculus,unit.math.precalculus.precalculus-unit-2,textbook-lesson.math.precalculus.precalculus-u2-l7,textbook-lesson,Range and global graph behavior | Better Grades,Range and global graph behavior,range and global graph behavior,"Range and global graph behavior | Read range, intercepts, extrema, boundedness, symmetry, and intervals of increase or decrease from a graph. | Functions and Multiple Representations",,,UNAVAILABLE,UNAVAILABLE,UNAVAILABLE,UNAVAILABLE,UNAVAILABLE,KEEP,Unique rendered H1/primary query retained; monitor in Search Console.,/subjects/math/precalculus/functions-and-multiple-representations/range-and-global-graph-behavior/,0,CURRENT,self-canonical=true; sitemap=true; inboundInternalLinks=8,medium / pending search evidence,"GSC top queries, clicks, impressions, CTR, average position; backlinks before any consolidation"
/subjects/math/precalculus/functions-and-multiple-representations/relations-and-functions/,https://bettergrades.net/subjects/math/precalculus/functions-and-multiple-representations/relations-and-functions/,precalculus,unit.math.precalculus.precalculus-unit-2,textbook-lesson.math.precalculus.precalculus-u2-l2,textbook-lesson,Relations and functions | Better Grades,Relations and functions,relations and functions,Relations and functions | Determine whether a relation is a function by applying the rule that each allowed input has exactly one output. | Functions and Multiple Representations,,,UNAVAILABLE,UNAVAILABLE,UNAVAILABLE,UNAVAILABLE,UNAVAILABLE,KEEP,Unique rendered H1/primary query retained; monitor in Search Console.,/subjects/math/precalculus/functions-and-multiple-representations/relations-and-functions/,0,CURRENT,self-canonical=true; sitemap=true; inboundInternalLinks=8,medium / pending search evidence,"GSC top queries, clicks, impressions, CTR, average position; backlinks before any consolidation"
/subjects/math/precalculus/functions-and-multiple-representations/review/,https://bettergrades.net/subjects/math/precalculus/functions-and-multiple-representations/review/,precalculus,unit.math.precalculus.precalculus-unit-2,,assessment,Functions and Multiple Representations Review | Better Grades,Functions and Multiple Representations Review,functions and multiple representations review,Functions and Multiple Representations Review | A 40–50 item cumulative review of functions and multiple representations. | Functions and Multiple Representations,,,UNAVAILABLE,UNAVAILABLE,UNAVAILABLE,UNAVAILABLE,UNAVAILABLE,KEEP,Unique rendered H1/primary query retained; monitor in Search Console.,/subjects/math/precalculus/functions-and-multiple-representations/review/,0,CURRENT,self-canonical=true; sitemap=true; inboundInternalLinks=3,medium / pending search evidence,"GSC top queries, clicks, impressions, CTR, average position; backlinks before any consolidation"
/subjects/math/precalculus/functions-and-multiple-representations/words-tables-graphs-and-formulas/,https://bettergrades.net/subjects/math/precalculus/functions-and-multiple-representations/words-tables-graphs-and-formulas/,precalculus,unit.math.precalculus.precalculus-unit-2,textbook-lesson.math.precalculus.precalculus-u2-l4,textbook-lesson,"Representing Functions with Words, Tables, Graphs, and Formulas | Better Grades","Representing Functions with Words, Tables, Graphs, and Formulas","representing functions with words, tables, graphs, and formulas","Representing Functions with Words, Tables, Graphs, and Formulas | Translate a function relationship among verbal, tabular, graphical, and algebraic representations while preserving quantities, units, and domain. | Functions and Multiple Representations",,,UNAVAILABLE,UNAVAILABLE,UNAVAILABLE,UNAVAILABLE,UNAVAILABLE,KEEP,Unique rendered H1/primary query retained; monitor in Search Console.,/subjects/math/precalculus/functions-and-multiple-representations/words-tables-graphs-and-formulas/,0,CURRENT,self-canonical=true; sitemap=true; inboundInternalLinks=9,medium / pending search evidence,"GSC top queries, clicks, impressions, CTR, average position; backlinks before any consolidation"
/subjects/math/precalculus/parametric-polar-and-complex-representations/,https://bettergrades.net/subjects/math/precalculus/parametric-polar-and-complex-representations/,precalculus,unit.math.precalculus.precalculus-unit-14,,unit-hub,"Parametric, Polar, and Complex Representations | Better Grades","Parametric, Polar, and Complex Representations","parametric, polar, and complex representations","Parametric, Polar, and Complex Representations | For x=2t-1 and y=t^2, -2≤t≤3, find endpoints, direction, and the Cartesian curve.",,,UNAVAILABLE,UNAVAILABLE,UNAVAILABLE,UNAVAILABLE,UNAVAILABLE,KEEP,Unique rendered H1/primary query retained; monitor in Search Console.,/subjects/math/precalculus/parametric-polar-and-complex-representations/,0,CURRENT,self-canonical=true; sitemap=true; inboundInternalLinks=18,medium / pending search evidence,"GSC top queries, clicks, impressions, CTR, average position; backlinks before any consolidation"
/subjects/math/precalculus/parametric-polar-and-complex-representations/cartesian-and-polar-conversion/,https://bettergrades.net/subjects/math/precalculus/parametric-polar-and-complex-representations/cartesian-and-polar-conversion/,precalculus,unit.math.precalculus.precalculus-unit-14,textbook-lesson.math.precalculus.precalculus-u14-l6,textbook-lesson,Cartesian and polar conversion | Better Grades,Cartesian and polar conversion,cartesian and polar conversion,"Cartesian and polar conversion | Convert points and equations using x=r cos theta, y=r sin theta, and r^2=x^2+y^2. | Parametric, Polar, and Complex Representations",,,UNAVAILABLE,UNAVAILABLE,UNAVAILABLE,UNAVAILABLE,UNAVAILABLE,KEEP,Unique rendered H1/primary query retained; monitor in Search Console.,/subjects/math/precalculus/parametric-polar-and-complex-representations/cartesian-and-polar-conversion/,0,CURRENT,self-canonical=true; sitemap=true; inboundInternalLinks=8,medium / pending search evidence,"GSC top queries, clicks, impressions, CTR, average position; backlinks before any consolidation"
/subjects/math/precalculus/parametric-polar-and-complex-representations/common-polar-families-and-polar-conics/,https://bettergrades.net/subjects/math/precalculus/parametric-polar-and-complex-representations/common-polar-families-and-polar-conics/,precalculus,unit.math.precalculus.precalculus-unit-14,textbook-lesson.math.precalculus.precalculus-u14-l9,textbook-lesson,Common polar families and polar conics | Better Grades,Common polar families and polar conics,common polar families and polar conics,"Common polar families and polar conics | Analyze parameter effects in circles, cardioids, limacons, roses, lemniscates, spirals, and conics. | Parametric, Polar, and Complex Representations",,,UNAVAILABLE,UNAVAILABLE,UNAVAILABLE,UNAVAILABLE,UNAVAILABLE,KEEP,Unique rendered H1/primary query retained; monitor in Search Console.,/subjects/math/precalculus/parametric-polar-and-complex-representations/common-polar-families-and-polar-conics/,0,CURRENT,self-canonical=true; sitemap=true; inboundInternalLinks=8,medium / pending search evidence,"GSC top queries, clicks, impressions, CTR, average position; backlinks before any consolidation"
/subjects/math/precalculus/parametric-polar-and-complex-representations/complex-multiplication-division-and-powers/,https://bettergrades.net/subjects/math/precalculus/parametric-polar-and-complex-representations/complex-multiplication-division-and-powers/,precalculus,unit.math.precalculus.precalculus-unit-14,textbook-lesson.math.precalculus.precalculus-u14-l11,textbook-lesson,"Complex multiplication, division, and powers | Better Grades","Complex multiplication, division, and powers","complex multiplication, division, and powers","Complex multiplication, division, and powers | Multiply moduli, add arguments, divide moduli, subtract arguments, and apply De Moivre's theorem. | Parametric, Polar, and Complex Representations",,,UNAVAILABLE,UNAVAILABLE,UNAVAILABLE,UNAVAILABLE,UNAVAILABLE,KEEP,Unique rendered H1/primary query retained; monitor in Search Console.,/subjects/math/precalculus/parametric-polar-and-complex-representations/complex-multiplication-division-and-powers/,0,CURRENT,self-canonical=true; sitemap=true; inboundInternalLinks=7,medium / pending search evidence,"GSC top queries, clicks, impressions, CTR, average position; backlinks before any consolidation"
/subjects/math/precalculus/parametric-polar-and-complex-representations/complex-numbers-in-polar-form/,https://bettergrades.net/subjects/math/precalculus/parametric-polar-and-complex-representations/complex-numbers-in-polar-form/,precalculus,unit.math.precalculus.precalculus-unit-14,textbook-lesson.math.precalculus.precalculus-u14-l10,textbook-lesson,Complex numbers in polar form | Better Grades,Complex numbers in polar form,complex numbers in polar form,"Complex numbers in polar form | Represent complex numbers by modulus and argument and convert between rectangular and polar forms. | Parametric, Polar, and Complex Representations",,,UNAVAILABLE,UNAVAILABLE,UNAVAILABLE,UNAVAILABLE,UNAVAILABLE,KEEP,Unique rendered H1/primary query retained; monitor in Search Console.,/subjects/math/precalculus/parametric-polar-and-complex-representations/complex-numbers-in-polar-form/,0,CURRENT,self-canonical=true; sitemap=true; inboundInternalLinks=9,medium / pending search evidence,"GSC top queries, clicks, impressions, CTR, average position; backlinks before any consolidation"
/subjects/math/precalculus/parametric-polar-and-complex-representations/eliminating-a-parameter/,https://bettergrades.net/subjects/math/precalculus/parametric-polar-and-complex-representations/eliminating-a-parameter/,precalculus,unit.math.precalculus.precalculus-unit-14,textbook-lesson.math.precalculus.precalculus-u14-l2,textbook-lesson,Eliminating a parameter | Better Grades,Eliminating a parameter,eliminating a parameter,"Eliminating a parameter | Eliminate parameters while preserving interval restrictions and lost orientation information. | Parametric, Polar, and Complex Representations",,,UNAVAILABLE,UNAVAILABLE,UNAVAILABLE,UNAVAILABLE,UNAVAILABLE,KEEP,Unique rendered H1/primary query retained; monitor in Search Console.,/subjects/math/precalculus/parametric-polar-and-complex-representations/eliminating-a-parameter/,0,CURRENT,self-canonical=true; sitemap=true; inboundInternalLinks=8,medium / pending search evidence,"GSC top queries, clicks, impressions, CTR, average position; backlinks before any consolidation"
/subjects/math/precalculus/parametric-polar-and-complex-representations/graphing-polar-equations/,https://bettergrades.net/subjects/math/precalculus/parametric-polar-and-complex-representations/graphing-polar-equations/,precalculus,unit.math.precalculus.precalculus-unit-14,textbook-lesson.math.precalculus.precalculus-u14-l7,textbook-lesson,Graphing polar equations | Better Grades,Graphing polar equations,graphing polar equations,"Graphing polar equations | Trace r=f(theta) using tables, signed radius, and interval selection. | Parametric, Polar, and Complex Representations",,,UNAVAILABLE,UNAVAILABLE,UNAVAILABLE,UNAVAILABLE,UNAVAILABLE,KEEP,Unique rendered H1/primary query retained; monitor in Search Console.,/subjects/math/precalculus/parametric-polar-and-complex-representations/graphing-polar-equations/,0,CURRENT,self-canonical=true; sitemap=true; inboundInternalLinks=9,medium / pending search evidence,"GSC top queries, clicks, impressions, CTR, average position; backlinks before any consolidation"
/subjects/math/precalculus/parametric-polar-and-complex-representations/intersections-repeated-points-and-multiple-parameter-values/,https://bettergrades.net/subjects/math/precalculus/parametric-polar-and-complex-representations/intersections-repeated-points-and-multiple-parameter-values/,precalculus,unit.math.precalculus.precalculus-unit-14,textbook-lesson.math.precalculus.precalculus-u14-l4,textbook-lesson,"Intersections, repeated points, and multiple parameter values | Better Grades","Intersections, repeated points, and multiple parameter values","intersections, repeated points, and multiple parameter values","Intersections, repeated points, and multiple parameter values | Distinguish curve intersections from self-intersections and repeated positions. | Parametric, Polar, and Complex Representations",,,UNAVAILABLE,UNAVAILABLE,UNAVAILABLE,UNAVAILABLE,UNAVAILABLE,KEEP,Unique rendered H1/primary query retained; monitor in Search Console.,/subjects/math/precalculus/parametric-polar-and-complex-representations/intersections-repeated-points-and-multiple-parameter-values/,0,CURRENT,self-canonical=true; sitemap=true; inboundInternalLinks=9,medium / pending search evidence,"GSC top queries, clicks, impressions, CTR, average position; backlinks before any consolidation"
/subjects/math/precalculus/parametric-polar-and-complex-representations/investigation/,https://bettergrades.net/subjects/math/precalculus/parametric-polar-and-complex-representations/investigation/,precalculus,unit.math.precalculus.precalculus-unit-14,,assessment,"Parametric, Polar, and Complex Numbers Modeling Investigation | Better Grades","Parametric, Polar, and Complex Numbers Modeling Investigation","parametric, polar, and complex numbers modeling investigation","Parametric, Polar, and Complex Numbers Modeling Investigation | A multistage parametric, polar, and complex numbers representation and verification task. | Parametric, Polar, and Complex Representations",,,UNAVAILABLE,UNAVAILABLE,UNAVAILABLE,UNAVAILABLE,UNAVAILABLE,KEEP,Unique rendered H1/primary query retained; monitor in Search Console.,/subjects/math/precalculus/parametric-polar-and-complex-representations/investigation/,0,CURRENT,self-canonical=true; sitemap=true; inboundInternalLinks=3,medium / pending search evidence,"GSC top queries, clicks, impressions, CTR, average position; backlinks before any consolidation"
/subjects/math/precalculus/parametric-polar-and-complex-representations/mastery-check/,https://bettergrades.net/subjects/math/precalculus/parametric-polar-and-complex-representations/mastery-check/,precalculus,unit.math.precalculus.precalculus-unit-14,,assessment,"Parametric, Polar, and Complex Numbers Practice Test | Better Grades","Parametric, Polar, and Complex Numbers Practice Test","parametric, polar, and complex numbers practice test","Parametric, Polar, and Complex Numbers Practice Test | A 28–36 item parametric, polar, and complex numbers practice test spanning every unit lesson. | Parametric, Polar, and Complex Representations",,,UNAVAILABLE,UNAVAILABLE,UNAVAILABLE,UNAVAILABLE,UNAVAILABLE,KEEP,Unique rendered H1/primary query retained; monitor in Search Console.,/subjects/math/precalculus/parametric-polar-and-complex-representations/mastery-check/,0,CURRENT,self-canonical=true; sitemap=true; inboundInternalLinks=4,medium / pending search evidence,"GSC top queries, clicks, impressions, CTR, average position; backlinks before any consolidation"
/subjects/math/precalculus/parametric-polar-and-complex-representations/parametric-equations-and-orientation/,https://bettergrades.net/subjects/math/precalculus/parametric-polar-and-complex-representations/parametric-equations-and-orientation/,precalculus,unit.math.precalculus.precalculus-unit-14,textbook-lesson.math.precalculus.precalculus-u14-l1,textbook-lesson,Parametric equations and orientation | Better Grades,Parametric equations and orientation,parametric equations and orientation,"Parametric equations and orientation | Interpret x=f(t), y=g(t) as a directed path with a parameter interval. | Parametric, Polar, and Complex Representations",,,UNAVAILABLE,UNAVAILABLE,UNAVAILABLE,UNAVAILABLE,UNAVAILABLE,KEEP,Unique rendered H1/primary query retained; monitor in Search Console.,/subjects/math/precalculus/parametric-polar-and-complex-representations/parametric-equations-and-orientation/,0,CURRENT,self-canonical=true; sitemap=true; inboundInternalLinks=10,medium / pending search evidence,"GSC top queries, clicks, impressions, CTR, average position; backlinks before any consolidation"
/subjects/math/precalculus/parametric-polar-and-complex-representations/parametric-motion-and-vector-valued-position/,https://bettergrades.net/subjects/math/precalculus/parametric-polar-and-complex-representations/parametric-motion-and-vector-valued-position/,precalculus,unit.math.precalculus.precalculus-unit-14,textbook-lesson.math.precalculus.precalculus-u14-l3,textbook-lesson,Parametric motion and vector-valued position | Better Grades,Parametric motion and vector-valued position,parametric motion and vector-valued position,"Parametric motion and vector-valued position | Use r(t)=<x(t),y(t)> to describe position, displacement, and average velocity. | Parametric, Polar, and Complex Representations",,,UNAVAILABLE,UNAVAILABLE,UNAVAILABLE,UNAVAILABLE,UNAVAILABLE,KEEP,Unique rendered H1/primary query retained; monitor in Search Console.,/subjects/math/precalculus/parametric-polar-and-complex-representations/parametric-motion-and-vector-valued-position/,0,CURRENT,self-canonical=true; sitemap=true; inboundInternalLinks=9,medium / pending search evidence,"GSC top queries, clicks, impressions, CTR, average position; backlinks before any consolidation"
/subjects/math/precalculus/parametric-polar-and-complex-representations/polar-coordinates-and-nonuniqueness/,https://bettergrades.net/subjects/math/precalculus/parametric-polar-and-complex-representations/polar-coordinates-and-nonuniqueness/,precalculus,unit.math.precalculus.precalculus-unit-14,textbook-lesson.math.precalculus.precalculus-u14-l5,textbook-lesson,Polar coordinates and nonuniqueness | Better Grades,Polar coordinates and nonuniqueness,polar coordinates and nonuniqueness,"Polar coordinates and nonuniqueness | Represent points as (r,theta), use negative radius, and generate equivalent polar coordinates. | Parametric, Polar, and Complex Representations",,,UNAVAILABLE,UNAVAILABLE,UNAVAILABLE,UNAVAILABLE,UNAVAILABLE,KEEP,Unique rendered H1/primary query retained; monitor in Search Console.,/subjects/math/precalculus/parametric-polar-and-complex-representations/polar-coordinates-and-nonuniqueness/,0,CURRENT,self-canonical=true; sitemap=true; inboundInternalLinks=9,medium / pending search evidence,"GSC top queries, clicks, impressions, CTR, average position; backlinks before any consolidation"
/subjects/math/precalculus/parametric-polar-and-complex-representations/polar-symmetry-and-repeated-tracing/,https://bettergrades.net/subjects/math/precalculus/parametric-polar-and-complex-representations/polar-symmetry-and-repeated-tracing/,precalculus,unit.math.precalculus.precalculus-unit-14,textbook-lesson.math.precalculus.precalculus-u14-l8,textbook-lesson,Polar symmetry and repeated tracing | Better Grades,Polar symmetry and repeated tracing,polar symmetry and repeated tracing,"Polar symmetry and repeated tracing | Test symmetry and choose intervals that trace a polar curve exactly once. | Parametric, Polar, and Complex Representations",,,UNAVAILABLE,UNAVAILABLE,UNAVAILABLE,UNAVAILABLE,UNAVAILABLE,KEEP,Unique rendered H1/primary query retained; monitor in Search Console.,/subjects/math/precalculus/parametric-polar-and-complex-representations/polar-symmetry-and-repeated-tracing/,0,CURRENT,self-canonical=true; sitemap=true; inboundInternalLinks=9,medium / pending search evidence,"GSC top queries, clicks, impressions, CTR, average position; backlinks before any consolidation"
/subjects/math/precalculus/parametric-polar-and-complex-representations/practice/,https://bettergrades.net/subjects/math/precalculus/parametric-polar-and-complex-representations/practice/,precalculus,unit.math.precalculus.precalculus-unit-14,,assessment,"Parametric, Polar, and Complex Numbers Practice Problems | Better Grades","Parametric, Polar, and Complex Numbers Practice Problems","parametric, polar, and complex numbers practice problems","Parametric, Polar, and Complex Numbers Practice Problems | A 32-item mixed parametric, polar, and complex numbers practice set with repair links. | Parametric, Polar, and Complex Representations",,,UNAVAILABLE,UNAVAILABLE,UNAVAILABLE,UNAVAILABLE,UNAVAILABLE,KEEP,Unique rendered H1/primary query retained; monitor in Search Console.,/subjects/math/precalculus/parametric-polar-and-complex-representations/practice/,0,CURRENT,self-canonical=true; sitemap=true; inboundInternalLinks=4,medium / pending search evidence,"GSC top queries, clicks, impressions, CTR, average position; backlinks before any consolidation"
/subjects/math/precalculus/parametric-polar-and-complex-representations/review/,https://bettergrades.net/subjects/math/precalculus/parametric-polar-and-complex-representations/review/,precalculus,unit.math.precalculus.precalculus-unit-14,,assessment,"Parametric, Polar, and Complex Numbers Review | Better Grades","Parametric, Polar, and Complex Numbers Review","parametric, polar, and complex numbers review","Parametric, Polar, and Complex Numbers Review | A 40–50 item cumulative review of parametric, polar, and complex numbers. | Parametric, Polar, and Complex Representations",,,UNAVAILABLE,UNAVAILABLE,UNAVAILABLE,UNAVAILABLE,UNAVAILABLE,KEEP,Unique rendered H1/primary query retained; monitor in Search Console.,/subjects/math/precalculus/parametric-polar-and-complex-representations/review/,0,CURRENT,self-canonical=true; sitemap=true; inboundInternalLinks=3,medium / pending search evidence,"GSC top queries, clicks, impressions, CTR, average position; backlinks before any consolidation"
/subjects/math/precalculus/parametric-polar-and-complex-representations/roots-of-complex-numbers/,https://bettergrades.net/subjects/math/precalculus/parametric-polar-and-complex-representations/roots-of-complex-numbers/,precalculus,unit.math.precalculus.precalculus-unit-14,textbook-lesson.math.precalculus.precalculus-u14-l12,textbook-lesson,Roots of complex numbers | Better Grades,Roots of complex numbers,roots of complex numbers,"Roots of complex numbers | Find all nth roots of a complex number and interpret their equal angular spacing. | Parametric, Polar, and Complex Representations",,,UNAVAILABLE,UNAVAILABLE,UNAVAILABLE,UNAVAILABLE,UNAVAILABLE,KEEP,Unique rendered H1/primary query retained; monitor in Search Console.,/subjects/math/precalculus/parametric-polar-and-complex-representations/roots-of-complex-numbers/,0,CURRENT,self-canonical=true; sitemap=true; inboundInternalLinks=7,medium / pending search evidence,"GSC top queries, clicks, impressions, CTR, average position; backlinks before any consolidation"
/subjects/math/precalculus/polynomial-functions/,https://bettergrades.net/subjects/math/precalculus/polynomial-functions/,precalculus,unit.math.precalculus.precalculus-unit-5,,unit-hub,Polynomial Functions | Better Grades,Polynomial Functions,polynomial functions,"Polynomial Functions | Power functions f(x)=ax^p connect positive, negative, and fractional exponent behavior.",,,UNAVAILABLE,UNAVAILABLE,UNAVAILABLE,UNAVAILABLE,UNAVAILABLE,KEEP,Unique rendered H1/primary query retained; monitor in Search Console.,/subjects/math/precalculus/polynomial-functions/,0,CURRENT,self-canonical=true; sitemap=true; inboundInternalLinks=19,medium / pending search evidence,"GSC top queries, clicks, impressions, CTR, average position; backlinks before any consolidation"
/subjects/math/precalculus/polynomial-functions/building-polynomial-models-and-finding-numerical-roots/,https://bettergrades.net/subjects/math/precalculus/polynomial-functions/building-polynomial-models-and-finding-numerical-roots/,precalculus,unit.math.precalculus.precalculus-unit-5,textbook-lesson.math.precalculus.precalculus-u5-l13,textbook-lesson,Building polynomial models and finding numerical roots | Better Grades,Building polynomial models and finding numerical roots,building polynomial models and finding numerical roots,"Building polynomial models and finding numerical roots | Construct polynomial functions from conditions, fit vertical scale, and approximate roots that lack convenient exact forms. | Polynomial Functions",,,UNAVAILABLE,UNAVAILABLE,UNAVAILABLE,UNAVAILABLE,UNAVAILABLE,KEEP,Unique rendered H1/primary query retained; monitor in Search Console.,/subjects/math/precalculus/polynomial-functions/building-polynomial-models-and-finding-numerical-roots/,0,CURRENT,self-canonical=true; sitemap=true; inboundInternalLinks=7,medium / pending search evidence,"GSC top queries, clicks, impressions, CTR, average position; backlinks before any consolidation"
/subjects/math/precalculus/polynomial-functions/complex-zeros-and-the-fundamental-theorem-of-algebra/,https://bettergrades.net/subjects/math/precalculus/polynomial-functions/complex-zeros-and-the-fundamental-theorem-of-algebra/,precalculus,unit.math.precalculus.precalculus-unit-5,textbook-lesson.math.precalculus.precalculus-u5-l12,textbook-lesson,Complex zeros and the Fundamental Theorem of Algebra | Better Grades,Complex zeros and the Fundamental Theorem of Algebra,complex zeros and the fundamental theorem of algebra,"Complex zeros and the Fundamental Theorem of Algebra | Count polynomial zeros over the complex numbers, use conjugate pairs for real coefficients, and build real polynomials from complex roots. | Polynomial Functions",,,UNAVAILABLE,UNAVAILABLE,UNAVAILABLE,UNAVAILABLE,UNAVAILABLE,KEEP,Unique rendered H1/primary query retained; monitor in Search Console.,/subjects/math/precalculus/polynomial-functions/complex-zeros-and-the-fundamental-theorem-of-algebra/,0,CURRENT,self-canonical=true; sitemap=true; inboundInternalLinks=7,medium / pending search evidence,"GSC top queries, clicks, impressions, CTR, average position; backlinks before any consolidation"
/subjects/math/precalculus/polynomial-functions/end-behavior/,https://bettergrades.net/subjects/math/precalculus/polynomial-functions/end-behavior/,precalculus,unit.math.precalculus.precalculus-unit-5,textbook-lesson.math.precalculus.precalculus-u5-l3,textbook-lesson,End behavior | Better Grades,End behavior,end behavior,"End behavior | Determine polynomial end behavior from degree parity and leading coefficient and express it verbally, graphically, and with limit-style notation. | Polynomial Functions",,,UNAVAILABLE,UNAVAILABLE,UNAVAILABLE,UNAVAILABLE,UNAVAILABLE,KEEP,Unique rendered H1/primary query retained; monitor in Search Console.,/subjects/math/precalculus/polynomial-functions/end-behavior/,0,CURRENT,self-canonical=true; sitemap=true; inboundInternalLinks=9,medium / pending search evidence,"GSC top queries, clicks, impressions, CTR, average position; backlinks before any consolidation"
/subjects/math/precalculus/polynomial-functions/graph-construction-from-structure/,https://bettergrades.net/subjects/math/precalculus/polynomial-functions/graph-construction-from-structure/,precalculus,unit.math.precalculus.precalculus-unit-5,textbook-lesson.math.precalculus.precalculus-u5-l6,textbook-lesson,Graph construction from structure | Better Grades,Graph construction from structure,graph construction from structure,"Graph construction from structure | Construct a polynomial graph from degree, leading coefficient, zeros, multiplicities, sign intervals, and selected points. | Polynomial Functions",,,UNAVAILABLE,UNAVAILABLE,UNAVAILABLE,UNAVAILABLE,UNAVAILABLE,KEEP,Unique rendered H1/primary query retained; monitor in Search Console.,/subjects/math/precalculus/polynomial-functions/graph-construction-from-structure/,0,CURRENT,self-canonical=true; sitemap=true; inboundInternalLinks=9,medium / pending search evidence,"GSC top queries, clicks, impressions, CTR, average position; backlinks before any consolidation"
/subjects/math/precalculus/polynomial-functions/intermediate-value-reasoning-and-root-bounds/,https://bettergrades.net/subjects/math/precalculus/polynomial-functions/intermediate-value-reasoning-and-root-bounds/,precalculus,unit.math.precalculus.precalculus-unit-5,textbook-lesson.math.precalculus.precalculus-u5-l8,textbook-lesson,Intermediate Value reasoning and root bounds | Better Grades,Intermediate Value reasoning and root bounds,intermediate value reasoning and root bounds,Intermediate Value reasoning and root bounds | Use polynomial continuity and sign changes to guarantee roots and bracket them within intervals. | Polynomial Functions,,,UNAVAILABLE,UNAVAILABLE,UNAVAILABLE,UNAVAILABLE,UNAVAILABLE,KEEP,Unique rendered H1/primary query retained; monitor in Search Console.,/subjects/math/precalculus/polynomial-functions/intermediate-value-reasoning-and-root-bounds/,0,CURRENT,self-canonical=true; sitemap=true; inboundInternalLinks=9,medium / pending search evidence,"GSC top queries, clicks, impressions, CTR, average position; backlinks before any consolidation"
/subjects/math/precalculus/polynomial-functions/investigation/,https://bettergrades.net/subjects/math/precalculus/polynomial-functions/investigation/,precalculus,unit.math.precalculus.precalculus-unit-5,,assessment,Polynomial Functions Modeling Investigation | Better Grades,Polynomial Functions Modeling Investigation,polynomial functions modeling investigation,Polynomial Functions Modeling Investigation | A multistage polynomial functions representation and verification task. | Polynomial Functions,,,UNAVAILABLE,UNAVAILABLE,UNAVAILABLE,UNAVAILABLE,UNAVAILABLE,KEEP,Unique rendered H1/primary query retained; monitor in Search Console.,/subjects/math/precalculus/polynomial-functions/investigation/,0,CURRENT,self-canonical=true; sitemap=true; inboundInternalLinks=3,medium / pending search evidence,"GSC top queries, clicks, impressions, CTR, average position; backlinks before any consolidation"
/subjects/math/precalculus/polynomial-functions/mastery-check/,https://bettergrades.net/subjects/math/precalculus/polynomial-functions/mastery-check/,precalculus,unit.math.precalculus.precalculus-unit-5,,assessment,Polynomial Functions Practice Test | Better Grades,Polynomial Functions Practice Test,polynomial functions practice test,Polynomial Functions Practice Test | A 28–36 item polynomial functions practice test spanning every unit lesson. | Polynomial Functions,,,UNAVAILABLE,UNAVAILABLE,UNAVAILABLE,UNAVAILABLE,UNAVAILABLE,KEEP,Unique rendered H1/primary query retained; monitor in Search Console.,/subjects/math/precalculus/polynomial-functions/mastery-check/,0,CURRENT,self-canonical=true; sitemap=true; inboundInternalLinks=4,medium / pending search evidence,"GSC top queries, clicks, impressions, CTR, average position; backlinks before any consolidation"
/subjects/math/precalculus/polynomial-functions/multiplicity-and-sign-behavior/,https://bettergrades.net/subjects/math/precalculus/polynomial-functions/multiplicity-and-sign-behavior/,precalculus,unit.math.precalculus.precalculus-unit-5,textbook-lesson.math.precalculus.precalculus-u5-l5,textbook-lesson,Multiplicity and sign behavior | Better Grades,Multiplicity and sign behavior,multiplicity and sign behavior,"Multiplicity and sign behavior | Relate the multiplicity of a zero to sign changes, crossing or touching behavior, and local flattening. | Polynomial Functions",,,UNAVAILABLE,UNAVAILABLE,UNAVAILABLE,UNAVAILABLE,UNAVAILABLE,KEEP,Unique rendered H1/primary query retained; monitor in Search Console.,/subjects/math/precalculus/polynomial-functions/multiplicity-and-sign-behavior/,0,CURRENT,self-canonical=true; sitemap=true; inboundInternalLinks=8,medium / pending search evidence,"GSC top queries, clicks, impressions, CTR, average position; backlinks before any consolidation"
/subjects/math/precalculus/polynomial-functions/polynomial-division/,https://bettergrades.net/subjects/math/precalculus/polynomial-functions/polynomial-division/,precalculus,unit.math.precalculus.precalculus-unit-5,textbook-lesson.math.precalculus.precalculus-u5-l9,textbook-lesson,Polynomial division | Better Grades,Polynomial division,polynomial division,Polynomial division | Divide polynomials using long and synthetic division and verify the division algorithm P=DQ+R. | Polynomial Functions,,,UNAVAILABLE,UNAVAILABLE,UNAVAILABLE,UNAVAILABLE,UNAVAILABLE,KEEP,Unique rendered H1/primary query retained; monitor in Search Console.,/subjects/math/precalculus/polynomial-functions/polynomial-division/,0,CURRENT,self-canonical=true; sitemap=true; inboundInternalLinks=8,medium / pending search evidence,"GSC top queries, clicks, impressions, CTR, average position; backlinks before any consolidation"
/subjects/math/precalculus/polynomial-functions/polynomial-functions-degree-and-leading-term/,https://bettergrades.net/subjects/math/precalculus/polynomial-functions/polynomial-functions-degree-and-leading-term/,precalculus,unit.math.precalculus.precalculus-unit-5,textbook-lesson.math.precalculus.precalculus-u5-l2,textbook-lesson,"Polynomial functions, degree, and leading term | Better Grades","Polynomial functions, degree, and leading term","polynomial functions, degree, and leading term","Polynomial functions, degree, and leading term | Identify degree, leading term, coefficients, and standard form, and explain why the leading term governs large-input behavior. | Polynomial Functions",,,UNAVAILABLE,UNAVAILABLE,UNAVAILABLE,UNAVAILABLE,UNAVAILABLE,KEEP,Unique rendered H1/primary query retained; monitor in Search Console.,/subjects/math/precalculus/polynomial-functions/polynomial-functions-degree-and-leading-term/,0,CURRENT,self-canonical=true; sitemap=true; inboundInternalLinks=8,medium / pending search evidence,"GSC top queries, clicks, impressions, CTR, average position; backlinks before any consolidation"
/subjects/math/precalculus/polynomial-functions/power-functions-and-dominant-behavior/,https://bettergrades.net/subjects/math/precalculus/polynomial-functions/power-functions-and-dominant-behavior/,precalculus,unit.math.precalculus.precalculus-unit-5,textbook-lesson.math.precalculus.precalculus-u5-l1,textbook-lesson,Power functions and dominant behavior | Better Grades,Power functions and dominant behavior,power functions and dominant behavior,"Power functions and dominant behavior | Compare power functions f(x)=ax^p and explain how exponent and coefficient control domain, symmetry, end behavior, and growth. | Polynomial Functions",,,UNAVAILABLE,UNAVAILABLE,UNAVAILABLE,UNAVAILABLE,UNAVAILABLE,KEEP,Unique rendered H1/primary query retained; monitor in Search Console.,/subjects/math/precalculus/polynomial-functions/power-functions-and-dominant-behavior/,0,CURRENT,self-canonical=true; sitemap=true; inboundInternalLinks=10,medium / pending search evidence,"GSC top queries, clicks, impressions, CTR, average position; backlinks before any consolidation"
/subjects/math/precalculus/polynomial-functions/practice/,https://bettergrades.net/subjects/math/precalculus/polynomial-functions/practice/,precalculus,unit.math.precalculus.precalculus-unit-5,,assessment,Polynomial Functions Practice Problems | Better Grades,Polynomial Functions Practice Problems,polynomial functions practice problems,Polynomial Functions Practice Problems | A 32-item mixed polynomial functions practice set with repair links. | Polynomial Functions,,,UNAVAILABLE,UNAVAILABLE,UNAVAILABLE,UNAVAILABLE,UNAVAILABLE,KEEP,Unique rendered H1/primary query retained; monitor in Search Console.,/subjects/math/precalculus/polynomial-functions/practice/,0,CURRENT,self-canonical=true; sitemap=true; inboundInternalLinks=4,medium / pending search evidence,"GSC top queries, clicks, impressions, CTR, average position; backlinks before any consolidation"
/subjects/math/precalculus/polynomial-functions/rational-root-candidates-and-root-search/,https://bettergrades.net/subjects/math/precalculus/polynomial-functions/rational-root-candidates-and-root-search/,precalculus,unit.math.precalculus.precalculus-unit-5,textbook-lesson.math.precalculus.precalculus-u5-l11,textbook-lesson,Rational-root candidates and root search | Better Grades,Rational-root candidates and root search,rational-root candidates and root search,Rational-root candidates and root search | Generate all possible rational zeros of an integer-coefficient polynomial and organize an efficient exact-and-numerical search. | Polynomial Functions,,,UNAVAILABLE,UNAVAILABLE,UNAVAILABLE,UNAVAILABLE,UNAVAILABLE,KEEP,Unique rendered H1/primary query retained; monitor in Search Console.,/subjects/math/precalculus/polynomial-functions/rational-root-candidates-and-root-search/,0,CURRENT,self-canonical=true; sitemap=true; inboundInternalLinks=8,medium / pending search evidence,"GSC top queries, clicks, impressions, CTR, average position; backlinks before any consolidation"
/subjects/math/precalculus/polynomial-functions/remainder-and-factor-theorems/,https://bettergrades.net/subjects/math/precalculus/polynomial-functions/remainder-and-factor-theorems/,precalculus,unit.math.precalculus.precalculus-unit-5,textbook-lesson.math.precalculus.precalculus-u5-l10,textbook-lesson,Remainder and factor theorems | Better Grades,Remainder and factor theorems,remainder and factor theorems,Remainder and factor theorems | Use P(c) as the remainder on division by x-c and test whether x-c is a factor. | Polynomial Functions,,,UNAVAILABLE,UNAVAILABLE,UNAVAILABLE,UNAVAILABLE,UNAVAILABLE,KEEP,Unique rendered H1/primary query retained; monitor in Search Console.,/subjects/math/precalculus/polynomial-functions/remainder-and-factor-theorems/,0,CURRENT,self-canonical=true; sitemap=true; inboundInternalLinks=8,medium / pending search evidence,"GSC top queries, clicks, impressions, CTR, average position; backlinks before any consolidation"
/subjects/math/precalculus/polynomial-functions/review/,https://bettergrades.net/subjects/math/precalculus/polynomial-functions/review/,precalculus,unit.math.precalculus.precalculus-unit-5,,assessment,Polynomial Functions Review | Better Grades,Polynomial Functions Review,polynomial functions review,Polynomial Functions Review | A 40–50 item cumulative review of polynomial functions. | Polynomial Functions,,,UNAVAILABLE,UNAVAILABLE,UNAVAILABLE,UNAVAILABLE,UNAVAILABLE,KEEP,Unique rendered H1/primary query retained; monitor in Search Console.,/subjects/math/precalculus/polynomial-functions/review/,0,CURRENT,self-canonical=true; sitemap=true; inboundInternalLinks=3,medium / pending search evidence,"GSC top queries, clicks, impressions, CTR, average position; backlinks before any consolidation"
/subjects/math/precalculus/polynomial-functions/turning-points-and-local-versus-global-behavior/,https://bettergrades.net/subjects/math/precalculus/polynomial-functions/turning-points-and-local-versus-global-behavior/,precalculus,unit.math.precalculus.precalculus-unit-5,textbook-lesson.math.precalculus.precalculus-u5-l7,textbook-lesson,Turning points and local versus global behavior | Better Grades,Turning points and local versus global behavior,turning points and local versus global behavior,"Turning points and local versus global behavior | Use degree bounds, graph evidence, and function values to analyze turning points and extrema. | Polynomial Functions",,,UNAVAILABLE,UNAVAILABLE,UNAVAILABLE,UNAVAILABLE,UNAVAILABLE,KEEP,Unique rendered H1/primary query retained; monitor in Search Console.,/subjects/math/precalculus/polynomial-functions/turning-points-and-local-versus-global-behavior/,0,CURRENT,self-canonical=true; sitemap=true; inboundInternalLinks=9,medium / pending search evidence,"GSC top queries, clicks, impressions, CTR, average position; backlinks before any consolidation"
/subjects/math/precalculus/polynomial-functions/zeros-factors-and-intercepts/,https://bettergrades.net/subjects/math/precalculus/polynomial-functions/zeros-factors-and-intercepts/,precalculus,unit.math.precalculus.precalculus-unit-5,textbook-lesson.math.precalculus.precalculus-u5-l4,textbook-lesson,"Zeros, factors, and intercepts | Better Grades","Zeros, factors, and intercepts","zeros, factors, and intercepts","Zeros, factors, and intercepts | Connect polynomial zeros, linear factors, solutions, and x-intercepts, and distinguish exact from approximate zeros. | Polynomial Functions",,,UNAVAILABLE,UNAVAILABLE,UNAVAILABLE,UNAVAILABLE,UNAVAILABLE,KEEP,Unique rendered H1/primary query retained; monitor in Search Console.,/subjects/math/precalculus/polynomial-functions/zeros-factors-and-intercepts/,0,CURRENT,self-canonical=true; sitemap=true; inboundInternalLinks=9,medium / pending search evidence,"GSC top queries, clicks, impressions, CTR, average position; backlinks before any consolidation"
/subjects/math/precalculus/rational-functions/,https://bettergrades.net/subjects/math/precalculus/rational-functions/,precalculus,unit.math.precalculus.precalculus-unit-6,,unit-hub,Rational Functions | Better Grades,Rational Functions,rational functions,Rational Functions | A rational function P/Q excludes every real input where the original denominator Q is zero.,,,UNAVAILABLE,UNAVAILABLE,UNAVAILABLE,UNAVAILABLE,UNAVAILABLE,KEEP,Unique rendered H1/primary query retained; monitor in Search Console.,/subjects/math/precalculus/rational-functions/,0,CURRENT,self-canonical=true; sitemap=true; inboundInternalLinks=17,medium / pending search evidence,"GSC top queries, clicks, impressions, CTR, average position; backlinks before any consolidation"
/subjects/math/precalculus/rational-functions/complete-rational-graph-construction/,https://bettergrades.net/subjects/math/precalculus/rational-functions/complete-rational-graph-construction/,precalculus,unit.math.precalculus.precalculus-unit-6,textbook-lesson.math.precalculus.precalculus-u6-l7,textbook-lesson,Complete rational graph construction | Better Grades,Complete rational graph construction,complete rational graph construction,"Complete rational graph construction | Construct a complete rational graph using domain, discontinuities, asymptotes, intercepts, signs, and selected values. | Rational Functions",,,UNAVAILABLE,UNAVAILABLE,UNAVAILABLE,UNAVAILABLE,UNAVAILABLE,KEEP,Unique rendered H1/primary query retained; monitor in Search Console.,/subjects/math/precalculus/rational-functions/complete-rational-graph-construction/,0,CURRENT,self-canonical=true; sitemap=true; inboundInternalLinks=9,medium / pending search evidence,"GSC top queries, clicks, impressions, CTR, average position; backlinks before any consolidation"
/subjects/math/precalculus/rational-functions/equivalent-formulas-different-functions-and-holes/,https://bettergrades.net/subjects/math/precalculus/rational-functions/equivalent-formulas-different-functions-and-holes/,precalculus,unit.math.precalculus.precalculus-unit-6,textbook-lesson.math.precalculus.precalculus-u6-l2,textbook-lesson,"Equivalent Rational Formulas, Different Domains, and Holes | Better Grades","Equivalent Rational Formulas, Different Domains, and Holes","equivalent rational formulas, different domains, and holes","Equivalent Rational Formulas, Different Domains, and Holes | Identify removable discontinuities caused by common factors and distinguish formula equivalence from function equality. | Rational Functions",,,UNAVAILABLE,UNAVAILABLE,UNAVAILABLE,UNAVAILABLE,UNAVAILABLE,KEEP,Unique rendered H1/primary query retained; monitor in Search Console.,/subjects/math/precalculus/rational-functions/equivalent-formulas-different-functions-and-holes/,0,CURRENT,self-canonical=true; sitemap=true; inboundInternalLinks=8,medium / pending search evidence,"GSC top queries, clicks, impressions, CTR, average position; backlinks before any consolidation"
/subjects/math/precalculus/rational-functions/horizontal-asymptotes-and-end-behavior/,https://bettergrades.net/subjects/math/precalculus/rational-functions/horizontal-asymptotes-and-end-behavior/,precalculus,unit.math.precalculus.precalculus-unit-6,textbook-lesson.math.precalculus.precalculus-u6-l4,textbook-lesson,Horizontal asymptotes and end behavior | Better Grades,Horizontal asymptotes and end behavior,horizontal asymptotes and end behavior,Horizontal asymptotes and end behavior | Determine horizontal asymptotes from degree comparison and interpret them as long-run output behavior. | Rational Functions,,,UNAVAILABLE,UNAVAILABLE,UNAVAILABLE,UNAVAILABLE,UNAVAILABLE,KEEP,Unique rendered H1/primary query retained; monitor in Search Console.,/subjects/math/precalculus/rational-functions/horizontal-asymptotes-and-end-behavior/,0,CURRENT,self-canonical=true; sitemap=true; inboundInternalLinks=8,medium / pending search evidence,"GSC top queries, clicks, impressions, CTR, average position; backlinks before any consolidation"
/subjects/math/precalculus/rational-functions/intercepts-and-sign-charts/,https://bettergrades.net/subjects/math/precalculus/rational-functions/intercepts-and-sign-charts/,precalculus,unit.math.precalculus.precalculus-unit-6,textbook-lesson.math.precalculus.precalculus-u6-l6,textbook-lesson,Intercepts and sign charts | Better Grades,Intercepts and sign charts,intercepts and sign charts,Intercepts and sign charts | Find rational intercepts and determine positive and negative intervals using factored sign structure. | Rational Functions,,,UNAVAILABLE,UNAVAILABLE,UNAVAILABLE,UNAVAILABLE,UNAVAILABLE,KEEP,Unique rendered H1/primary query retained; monitor in Search Console.,/subjects/math/precalculus/rational-functions/intercepts-and-sign-charts/,0,CURRENT,self-canonical=true; sitemap=true; inboundInternalLinks=9,medium / pending search evidence,"GSC top queries, clicks, impressions, CTR, average position; backlinks before any consolidation"
/subjects/math/precalculus/rational-functions/investigation/,https://bettergrades.net/subjects/math/precalculus/rational-functions/investigation/,precalculus,unit.math.precalculus.precalculus-unit-6,,assessment,Rational Functions Modeling Investigation | Better Grades,Rational Functions Modeling Investigation,rational functions modeling investigation,Rational Functions Modeling Investigation | A multistage rational functions representation and verification task. | Rational Functions,,,UNAVAILABLE,UNAVAILABLE,UNAVAILABLE,UNAVAILABLE,UNAVAILABLE,KEEP,Unique rendered H1/primary query retained; monitor in Search Console.,/subjects/math/precalculus/rational-functions/investigation/,0,CURRENT,self-canonical=true; sitemap=true; inboundInternalLinks=3,medium / pending search evidence,"GSC top queries, clicks, impressions, CTR, average position; backlinks before any consolidation"
/subjects/math/precalculus/rational-functions/mastery-check/,https://bettergrades.net/subjects/math/precalculus/rational-functions/mastery-check/,precalculus,unit.math.precalculus.precalculus-unit-6,,assessment,Rational Functions Practice Test | Better Grades,Rational Functions Practice Test,rational functions practice test,Rational Functions Practice Test | A 28–36 item rational functions practice test spanning every unit lesson. | Rational Functions,,,UNAVAILABLE,UNAVAILABLE,UNAVAILABLE,UNAVAILABLE,UNAVAILABLE,KEEP,Unique rendered H1/primary query retained; monitor in Search Console.,/subjects/math/precalculus/rational-functions/mastery-check/,0,CURRENT,self-canonical=true; sitemap=true; inboundInternalLinks=4,medium / pending search evidence,"GSC top queries, clicks, impressions, CTR, average position; backlinks before any consolidation"
/subjects/math/precalculus/rational-functions/partial-fraction-structure/,https://bettergrades.net/subjects/math/precalculus/rational-functions/partial-fraction-structure/,precalculus,unit.math.precalculus.precalculus-unit-6,textbook-lesson.math.precalculus.precalculus-u6-l11,textbook-lesson,Partial-Fraction Structure in Rational Functions | Better Grades,Partial-Fraction Structure in Rational Functions,partial-fraction structure in rational functions,Partial-Fraction Structure in Rational Functions | Decompose proper rational functions with factorable denominators into simpler component fractions and verify recombination. | Rational Functions,,,UNAVAILABLE,UNAVAILABLE,UNAVAILABLE,UNAVAILABLE,UNAVAILABLE,KEEP,Unique rendered H1/primary query retained; monitor in Search Console.,/subjects/math/precalculus/rational-functions/partial-fraction-structure/,0,CURRENT,self-canonical=true; sitemap=true; inboundInternalLinks=7,medium / pending search evidence,"GSC top queries, clicks, impressions, CTR, average position; backlinks before any consolidation"
/subjects/math/precalculus/rational-functions/practice/,https://bettergrades.net/subjects/math/precalculus/rational-functions/practice/,precalculus,unit.math.precalculus.precalculus-unit-6,,assessment,Rational Functions Practice Problems | Better Grades,Rational Functions Practice Problems,rational functions practice problems,Rational Functions Practice Problems | A 32-item mixed rational functions practice set with repair links. | Rational Functions,,,UNAVAILABLE,UNAVAILABLE,UNAVAILABLE,UNAVAILABLE,UNAVAILABLE,KEEP,Unique rendered H1/primary query retained; monitor in Search Console.,/subjects/math/precalculus/rational-functions/practice/,0,CURRENT,self-canonical=true; sitemap=true; inboundInternalLinks=4,medium / pending search evidence,"GSC top queries, clicks, impressions, CTR, average position; backlinks before any consolidation"
/subjects/math/precalculus/rational-functions/rational-equations-and-function-intersections/,https://bettergrades.net/subjects/math/precalculus/rational-functions/rational-equations-and-function-intersections/,precalculus,unit.math.precalculus.precalculus-unit-6,textbook-lesson.math.precalculus.precalculus-u6-l8,textbook-lesson,Rational equations and function intersections | Better Grades,Rational equations and function intersections,rational equations and function intersections,Rational equations and function intersections | Solve rational equations and intersections exactly or numerically while rejecting excluded candidates. | Rational Functions,,,UNAVAILABLE,UNAVAILABLE,UNAVAILABLE,UNAVAILABLE,UNAVAILABLE,KEEP,Unique rendered H1/primary query retained; monitor in Search Console.,/subjects/math/precalculus/rational-functions/rational-equations-and-function-intersections/,0,CURRENT,self-canonical=true; sitemap=true; inboundInternalLinks=8,medium / pending search evidence,"GSC top queries, clicks, impressions, CTR, average position; backlinks before any consolidation"
/subjects/math/precalculus/rational-functions/rational-functions-and-their-domains/,https://bettergrades.net/subjects/math/precalculus/rational-functions/rational-functions-and-their-domains/,precalculus,unit.math.precalculus.precalculus-unit-6,textbook-lesson.math.precalculus.precalculus-u6-l1,textbook-lesson,Rational functions and their domains | Better Grades,Rational functions and their domains,rational functions and their domains,Rational functions and their domains | Identify rational functions and determine all excluded inputs from the original denominator before simplifying. | Rational Functions,,,UNAVAILABLE,UNAVAILABLE,UNAVAILABLE,UNAVAILABLE,UNAVAILABLE,KEEP,Unique rendered H1/primary query retained; monitor in Search Console.,/subjects/math/precalculus/rational-functions/rational-functions-and-their-domains/,0,CURRENT,self-canonical=true; sitemap=true; inboundInternalLinks=10,medium / pending search evidence,"GSC top queries, clicks, impressions, CTR, average position; backlinks before any consolidation"
/subjects/math/precalculus/rational-functions/rational-inequalities/,https://bettergrades.net/subjects/math/precalculus/rational-functions/rational-inequalities/,precalculus,unit.math.precalculus.precalculus-unit-6,textbook-lesson.math.precalculus.precalculus-u6-l9,textbook-lesson,Rational inequalities | Better Grades,Rational inequalities,rational inequalities,"Rational inequalities | Solve rational inequalities using critical values, sign intervals, and correct endpoint inclusion. | Rational Functions",,,UNAVAILABLE,UNAVAILABLE,UNAVAILABLE,UNAVAILABLE,UNAVAILABLE,KEEP,Unique rendered H1/primary query retained; monitor in Search Console.,/subjects/math/precalculus/rational-functions/rational-inequalities/,0,CURRENT,self-canonical=true; sitemap=true; inboundInternalLinks=10,medium / pending search evidence,"GSC top queries, clicks, impressions, CTR, average position; backlinks before any consolidation"
/subjects/math/precalculus/rational-functions/review/,https://bettergrades.net/subjects/math/precalculus/rational-functions/review/,precalculus,unit.math.precalculus.precalculus-unit-6,,assessment,Rational Functions Review | Better Grades,Rational Functions Review,rational functions review,Rational Functions Review | A 40–50 item cumulative review of rational functions. | Rational Functions,,,UNAVAILABLE,UNAVAILABLE,UNAVAILABLE,UNAVAILABLE,UNAVAILABLE,KEEP,Unique rendered H1/primary query retained; monitor in Search Console.,/subjects/math/precalculus/rational-functions/review/,0,CURRENT,self-canonical=true; sitemap=true; inboundInternalLinks=3,medium / pending search evidence,"GSC top queries, clicks, impressions, CTR, average position; backlinks before any consolidation"
/subjects/math/precalculus/rational-functions/slant-and-polynomial-asymptotes/,https://bettergrades.net/subjects/math/precalculus/rational-functions/slant-and-polynomial-asymptotes/,precalculus,unit.math.precalculus.precalculus-unit-6,textbook-lesson.math.precalculus.precalculus-u6-l5,textbook-lesson,Slant and polynomial asymptotes | Better Grades,Slant and polynomial asymptotes,slant and polynomial asymptotes,Slant and polynomial asymptotes | Use polynomial division to determine nonhorizontal asymptotes and describe the shrinking remainder term. | Rational Functions,,,UNAVAILABLE,UNAVAILABLE,UNAVAILABLE,UNAVAILABLE,UNAVAILABLE,KEEP,Unique rendered H1/primary query retained; monitor in Search Console.,/subjects/math/precalculus/rational-functions/slant-and-polynomial-asymptotes/,0,CURRENT,self-canonical=true; sitemap=true; inboundInternalLinks=9,medium / pending search evidence,"GSC top queries, clicks, impressions, CTR, average position; backlinks before any consolidation"
/subjects/math/precalculus/rational-functions/variation-and-rational-models/,https://bettergrades.net/subjects/math/precalculus/rational-functions/variation-and-rational-models/,precalculus,unit.math.precalculus.precalculus-unit-6,textbook-lesson.math.precalculus.precalculus-u6-l10,textbook-lesson,Variation and rational models | Better Grades,Variation and rational models,variation and rational models,"Variation and rational models | Build and interpret direct, inverse, joint, and combined variation models with meaningful parameters and domains. | Rational Functions",,,UNAVAILABLE,UNAVAILABLE,UNAVAILABLE,UNAVAILABLE,UNAVAILABLE,KEEP,Unique rendered H1/primary query retained; monitor in Search Console.,/subjects/math/precalculus/rational-functions/variation-and-rational-models/,0,CURRENT,self-canonical=true; sitemap=true; inboundInternalLinks=7,medium / pending search evidence,"GSC top queries, clicks, impressions, CTR, average position; backlinks before any consolidation"
/subjects/math/precalculus/rational-functions/vertical-asymptotes-and-local-behavior/,https://bettergrades.net/subjects/math/precalculus/rational-functions/vertical-asymptotes-and-local-behavior/,precalculus,unit.math.precalculus.precalculus-unit-6,textbook-lesson.math.precalculus.precalculus-u6-l3,textbook-lesson,Vertical asymptotes and local behavior | Better Grades,Vertical asymptotes and local behavior,vertical asymptotes and local behavior,Vertical asymptotes and local behavior | Determine vertical asymptotes and describe one-sided behavior from factor signs and multiplicity. | Rational Functions,,,UNAVAILABLE,UNAVAILABLE,UNAVAILABLE,UNAVAILABLE,UNAVAILABLE,KEEP,Unique rendered H1/primary query retained; monitor in Search Console.,/subjects/math/precalculus/rational-functions/vertical-asymptotes-and-local-behavior/,0,CURRENT,self-canonical=true; sitemap=true; inboundInternalLinks=10,medium / pending search evidence,"GSC top queries, clicks, impressions, CTR, average position; backlinks before any consolidation"
/subjects/math/precalculus/sequences-series-and-discrete-models/,https://bettergrades.net/subjects/math/precalculus/sequences-series-and-discrete-models/,precalculus,unit.math.precalculus.precalculus-unit-15,,unit-hub,"Sequences, Series, and Discrete Models | Better Grades","Sequences, Series, and Discrete Models","sequences, series, and discrete models","Sequences, Series, and Discrete Models | The first five terms are 4,7,12,19,28. Plot them as a discrete function and propose a formula.",,,UNAVAILABLE,UNAVAILABLE,UNAVAILABLE,UNAVAILABLE,UNAVAILABLE,KEEP,Unique rendered H1/primary query retained; monitor in Search Console.,/subjects/math/precalculus/sequences-series-and-discrete-models/,0,CURRENT,self-canonical=true; sitemap=true; inboundInternalLinks=18,medium / pending search evidence,"GSC top queries, clicks, impressions, CTR, average position; backlinks before any consolidation"
/subjects/math/precalculus/sequences-series-and-discrete-models/arithmetic-sequences/,https://bettergrades.net/subjects/math/precalculus/sequences-series-and-discrete-models/arithmetic-sequences/,precalculus,unit.math.precalculus.precalculus-unit-15,textbook-lesson.math.precalculus.precalculus-u15-l3,textbook-lesson,Arithmetic sequences | Better Grades,Arithmetic sequences,arithmetic sequences,"Arithmetic sequences | Derive and use a_n=a_1+(n-1)d and connect arithmetic sequences to sampled linear functions. | Sequences, Series, and Discrete Models",,,UNAVAILABLE,UNAVAILABLE,UNAVAILABLE,UNAVAILABLE,UNAVAILABLE,KEEP,Unique rendered H1/primary query retained; monitor in Search Console.,/subjects/math/precalculus/sequences-series-and-discrete-models/arithmetic-sequences/,0,CURRENT,self-canonical=true; sitemap=true; inboundInternalLinks=9,medium / pending search evidence,"GSC top queries, clicks, impressions, CTR, average position; backlinks before any consolidation"
/subjects/math/precalculus/sequences-series-and-discrete-models/arithmetic-series/,https://bettergrades.net/subjects/math/precalculus/sequences-series-and-discrete-models/arithmetic-series/,precalculus,unit.math.precalculus.precalculus-unit-15,textbook-lesson.math.precalculus.precalculus-u15-l7,textbook-lesson,Arithmetic series | Better Grades,Arithmetic series,arithmetic series,"Arithmetic series | Derive and use S_n=n(a_1+a_n)/2. | Sequences, Series, and Discrete Models",,,UNAVAILABLE,UNAVAILABLE,UNAVAILABLE,UNAVAILABLE,UNAVAILABLE,KEEP,Unique rendered H1/primary query retained; monitor in Search Console.,/subjects/math/precalculus/sequences-series-and-discrete-models/arithmetic-series/,0,CURRENT,self-canonical=true; sitemap=true; inboundInternalLinks=9,medium / pending search evidence,"GSC top queries, clicks, impressions, CTR, average position; backlinks before any consolidation"
/subjects/math/precalculus/sequences-series-and-discrete-models/explicit-and-recursive-descriptions/,https://bettergrades.net/subjects/math/precalculus/sequences-series-and-discrete-models/explicit-and-recursive-descriptions/,precalculus,unit.math.precalculus.precalculus-unit-15,textbook-lesson.math.precalculus.precalculus-u15-l2,textbook-lesson,Explicit vs. Recursive Sequence Definitions | Better Grades,Explicit vs. Recursive Sequence Definitions,explicit vs recursive sequence definitions,"Explicit vs. Recursive Sequence Definitions | Move among term lists, explicit formulas, recursive rules, tables, and plots. | Sequences, Series, and Discrete Models",,,UNAVAILABLE,UNAVAILABLE,UNAVAILABLE,UNAVAILABLE,UNAVAILABLE,KEEP,Unique rendered H1/primary query retained; monitor in Search Console.,/subjects/math/precalculus/sequences-series-and-discrete-models/explicit-and-recursive-descriptions/,0,CURRENT,self-canonical=true; sitemap=true; inboundInternalLinks=8,medium / pending search evidence,"GSC top queries, clicks, impressions, CTR, average position; backlinks before any consolidation"
/subjects/math/precalculus/sequences-series-and-discrete-models/finite-geometric-series/,https://bettergrades.net/subjects/math/precalculus/sequences-series-and-discrete-models/finite-geometric-series/,precalculus,unit.math.precalculus.precalculus-unit-15,textbook-lesson.math.precalculus.precalculus-u15-l8,textbook-lesson,Finite geometric series | Better Grades,Finite geometric series,finite geometric series,"Finite geometric series | Derive and use S_n=a_1(1-r^n)/(1-r). | Sequences, Series, and Discrete Models",,,UNAVAILABLE,UNAVAILABLE,UNAVAILABLE,UNAVAILABLE,UNAVAILABLE,KEEP,Unique rendered H1/primary query retained; monitor in Search Console.,/subjects/math/precalculus/sequences-series-and-discrete-models/finite-geometric-series/,0,CURRENT,self-canonical=true; sitemap=true; inboundInternalLinks=9,medium / pending search evidence,"GSC top queries, clicks, impressions, CTR, average position; backlinks before any consolidation"
/subjects/math/precalculus/sequences-series-and-discrete-models/geometric-sequences/,https://bettergrades.net/subjects/math/precalculus/sequences-series-and-discrete-models/geometric-sequences/,precalculus,unit.math.precalculus.precalculus-unit-15,textbook-lesson.math.precalculus.precalculus-u15-l4,textbook-lesson,Geometric sequences | Better Grades,Geometric sequences,geometric sequences,"Geometric sequences | Derive and use a_n=a_1r^{n-1} and connect geometric sequences to sampled exponential functions. | Sequences, Series, and Discrete Models",,,UNAVAILABLE,UNAVAILABLE,UNAVAILABLE,UNAVAILABLE,UNAVAILABLE,KEEP,Unique rendered H1/primary query retained; monitor in Search Console.,/subjects/math/precalculus/sequences-series-and-discrete-models/geometric-sequences/,0,CURRENT,self-canonical=true; sitemap=true; inboundInternalLinks=9,medium / pending search evidence,"GSC top queries, clicks, impressions, CTR, average position; backlinks before any consolidation"
/subjects/math/precalculus/sequences-series-and-discrete-models/infinite-geometric-series-and-convergence/,https://bettergrades.net/subjects/math/precalculus/sequences-series-and-discrete-models/infinite-geometric-series-and-convergence/,precalculus,unit.math.precalculus.precalculus-unit-15,textbook-lesson.math.precalculus.precalculus-u15-l9,textbook-lesson,Infinite geometric series and convergence | Better Grades,Infinite geometric series and convergence,infinite geometric series and convergence,"Infinite geometric series and convergence | Determine convergence and evaluate infinite geometric sums when |r|<1. | Sequences, Series, and Discrete Models",,,UNAVAILABLE,UNAVAILABLE,UNAVAILABLE,UNAVAILABLE,UNAVAILABLE,KEEP,Unique rendered H1/primary query retained; monitor in Search Console.,/subjects/math/precalculus/sequences-series-and-discrete-models/infinite-geometric-series-and-convergence/,0,CURRENT,self-canonical=true; sitemap=true; inboundInternalLinks=8,medium / pending search evidence,"GSC top queries, clicks, impressions, CTR, average position; backlinks before any consolidation"
/subjects/math/precalculus/sequences-series-and-discrete-models/investigation/,https://bettergrades.net/subjects/math/precalculus/sequences-series-and-discrete-models/investigation/,precalculus,unit.math.precalculus.precalculus-unit-15,,assessment,Sequences and Series Modeling Investigation | Better Grades,Sequences and Series Modeling Investigation,sequences and series modeling investigation,"Sequences and Series Modeling Investigation | A multistage sequences and series representation and verification task. | Sequences, Series, and Discrete Models",,,UNAVAILABLE,UNAVAILABLE,UNAVAILABLE,UNAVAILABLE,UNAVAILABLE,KEEP,Unique rendered H1/primary query retained; monitor in Search Console.,/subjects/math/precalculus/sequences-series-and-discrete-models/investigation/,0,CURRENT,self-canonical=true; sitemap=true; inboundInternalLinks=3,medium / pending search evidence,"GSC top queries, clicks, impressions, CTR, average position; backlinks before any consolidation"
/subjects/math/precalculus/sequences-series-and-discrete-models/mastery-check/,https://bettergrades.net/subjects/math/precalculus/sequences-series-and-discrete-models/mastery-check/,precalculus,unit.math.precalculus.precalculus-unit-15,,assessment,Sequences and Series Practice Test | Better Grades,Sequences and Series Practice Test,sequences and series practice test,"Sequences and Series Practice Test | A 28–36 item sequences and series practice test spanning every unit lesson. | Sequences, Series, and Discrete Models",,,UNAVAILABLE,UNAVAILABLE,UNAVAILABLE,UNAVAILABLE,UNAVAILABLE,KEEP,Unique rendered H1/primary query retained; monitor in Search Console.,/subjects/math/precalculus/sequences-series-and-discrete-models/mastery-check/,0,CURRENT,self-canonical=true; sitemap=true; inboundInternalLinks=4,medium / pending search evidence,"GSC top queries, clicks, impressions, CTR, average position; backlinks before any consolidation"
/subjects/math/precalculus/sequences-series-and-discrete-models/mathematical-induction/,https://bettergrades.net/subjects/math/precalculus/sequences-series-and-discrete-models/mathematical-induction/,precalculus,unit.math.precalculus.precalculus-unit-15,textbook-lesson.math.precalculus.precalculus-u15-l10,textbook-lesson,Mathematical induction | Better Grades,Mathematical induction,mathematical induction,"Mathematical induction | Prove statements for all integers in a domain using base case and inductive step. | Sequences, Series, and Discrete Models",,,UNAVAILABLE,UNAVAILABLE,UNAVAILABLE,UNAVAILABLE,UNAVAILABLE,KEEP,Unique rendered H1/primary query retained; monitor in Search Console.,/subjects/math/precalculus/sequences-series-and-discrete-models/mathematical-induction/,0,CURRENT,self-canonical=true; sitemap=true; inboundInternalLinks=9,medium / pending search evidence,"GSC top queries, clicks, impressions, CTR, average position; backlinks before any consolidation"
/subjects/math/precalculus/sequences-series-and-discrete-models/pascals-triangle-and-binomial-coefficients/,https://bettergrades.net/subjects/math/precalculus/sequences-series-and-discrete-models/pascals-triangle-and-binomial-coefficients/,precalculus,unit.math.precalculus.precalculus-unit-15,textbook-lesson.math.precalculus.precalculus-u15-l11,textbook-lesson,Pascal's triangle and binomial coefficients | Better Grades,Pascal's triangle and binomial coefficients,pascal's triangle and binomial coefficients,"Pascal's triangle and binomial coefficients | Connect combinations, recursive construction, symmetry, and polynomial coefficients. | Sequences, Series, and Discrete Models",,,UNAVAILABLE,UNAVAILABLE,UNAVAILABLE,UNAVAILABLE,UNAVAILABLE,KEEP,Unique rendered H1/primary query retained; monitor in Search Console.,/subjects/math/precalculus/sequences-series-and-discrete-models/pascals-triangle-and-binomial-coefficients/,0,CURRENT,self-canonical=true; sitemap=true; inboundInternalLinks=7,medium / pending search evidence,"GSC top queries, clicks, impressions, CTR, average position; backlinks before any consolidation"
/subjects/math/precalculus/sequences-series-and-discrete-models/practice/,https://bettergrades.net/subjects/math/precalculus/sequences-series-and-discrete-models/practice/,precalculus,unit.math.precalculus.precalculus-unit-15,,assessment,Sequences and Series Practice Problems | Better Grades,Sequences and Series Practice Problems,sequences and series practice problems,"Sequences and Series Practice Problems | A 32-item mixed sequences and series practice set with repair links. | Sequences, Series, and Discrete Models",,,UNAVAILABLE,UNAVAILABLE,UNAVAILABLE,UNAVAILABLE,UNAVAILABLE,KEEP,Unique rendered H1/primary query retained; monitor in Search Console.,/subjects/math/precalculus/sequences-series-and-discrete-models/practice/,0,CURRENT,self-canonical=true; sitemap=true; inboundInternalLinks=4,medium / pending search evidence,"GSC top queries, clicks, impressions, CTR, average position; backlinks before any consolidation"
/subjects/math/precalculus/sequences-series-and-discrete-models/recurrence-iteration-and-discrete-dynamical-models/,https://bettergrades.net/subjects/math/precalculus/sequences-series-and-discrete-models/recurrence-iteration-and-discrete-dynamical-models/,precalculus,unit.math.precalculus.precalculus-unit-15,textbook-lesson.math.precalculus.precalculus-u15-l5,textbook-lesson,"Recurrence, iteration, and discrete dynamical models | Better Grades","Recurrence, iteration, and discrete dynamical models","recurrence, iteration, and discrete dynamical models","Recurrence, iteration, and discrete dynamical models | Analyze repeated function application, fixed points, cycles, and qualitative long-run behavior. | Sequences, Series, and Discrete Models",,,UNAVAILABLE,UNAVAILABLE,UNAVAILABLE,UNAVAILABLE,UNAVAILABLE,KEEP,Unique rendered H1/primary query retained; monitor in Search Console.,/subjects/math/precalculus/sequences-series-and-discrete-models/recurrence-iteration-and-discrete-dynamical-models/,0,CURRENT,self-canonical=true; sitemap=true; inboundInternalLinks=9,medium / pending search evidence,"GSC top queries, clicks, impressions, CTR, average position; backlinks before any consolidation"
/subjects/math/precalculus/sequences-series-and-discrete-models/review/,https://bettergrades.net/subjects/math/precalculus/sequences-series-and-discrete-models/review/,precalculus,unit.math.precalculus.precalculus-unit-15,,assessment,Sequences and Series Review | Better Grades,Sequences and Series Review,sequences and series review,"Sequences and Series Review | A 40–50 item cumulative review of sequences and series. | Sequences, Series, and Discrete Models",,,UNAVAILABLE,UNAVAILABLE,UNAVAILABLE,UNAVAILABLE,UNAVAILABLE,KEEP,Unique rendered H1/primary query retained; monitor in Search Console.,/subjects/math/precalculus/sequences-series-and-discrete-models/review/,0,CURRENT,self-canonical=true; sitemap=true; inboundInternalLinks=3,medium / pending search evidence,"GSC top queries, clicks, impressions, CTR, average position; backlinks before any consolidation"
/subjects/math/precalculus/sequences-series-and-discrete-models/sequences-as-discrete-functions/,https://bettergrades.net/subjects/math/precalculus/sequences-series-and-discrete-models/sequences-as-discrete-functions/,precalculus,unit.math.precalculus.precalculus-unit-15,textbook-lesson.math.precalculus.precalculus-u15-l1,textbook-lesson,Sequences as discrete functions | Better Grades,Sequences as discrete functions,sequences as discrete functions,"Sequences as discrete functions | Interpret a sequence as a function on an integer index set. | Sequences, Series, and Discrete Models",,,UNAVAILABLE,UNAVAILABLE,UNAVAILABLE,UNAVAILABLE,UNAVAILABLE,KEEP,Unique rendered H1/primary query retained; monitor in Search Console.,/subjects/math/precalculus/sequences-series-and-discrete-models/sequences-as-discrete-functions/,0,CURRENT,self-canonical=true; sitemap=true; inboundInternalLinks=10,medium / pending search evidence,"GSC top queries, clicks, impressions, CTR, average position; backlinks before any consolidation"
/subjects/math/precalculus/sequences-series-and-discrete-models/sigma-notation-and-finite-sums/,https://bettergrades.net/subjects/math/precalculus/sequences-series-and-discrete-models/sigma-notation-and-finite-sums/,precalculus,unit.math.precalculus.precalculus-unit-15,textbook-lesson.math.precalculus.precalculus-u15-l6,textbook-lesson,Sigma notation and finite sums | Better Grades,Sigma notation and finite sums,sigma notation and finite sums,"Sigma notation and finite sums | Interpret summation notation, index bounds, summands, and term counts. | Sequences, Series, and Discrete Models",,,UNAVAILABLE,UNAVAILABLE,UNAVAILABLE,UNAVAILABLE,UNAVAILABLE,KEEP,Unique rendered H1/primary query retained; monitor in Search Console.,/subjects/math/precalculus/sequences-series-and-discrete-models/sigma-notation-and-finite-sums/,0,CURRENT,self-canonical=true; sitemap=true; inboundInternalLinks=8,medium / pending search evidence,"GSC top queries, clicks, impressions, CTR, average position; backlinks before any consolidation"
/subjects/math/precalculus/sequences-series-and-discrete-models/the-binomial-theorem-and-discrete-model-synthesis/,https://bettergrades.net/subjects/math/precalculus/sequences-series-and-discrete-models/the-binomial-theorem-and-discrete-model-synthesis/,precalculus,unit.math.precalculus.precalculus-unit-15,textbook-lesson.math.precalculus.precalculus-u15-l12,textbook-lesson,The binomial theorem and discrete-model synthesis | Better Grades,The binomial theorem and discrete-model synthesis,the binomial theorem and discrete-model synthesis,"The binomial theorem and discrete-model synthesis | Expand binomial powers and compare arithmetic, geometric, recursive, and accumulated models. | Sequences, Series, and Discrete Models",,,UNAVAILABLE,UNAVAILABLE,UNAVAILABLE,UNAVAILABLE,UNAVAILABLE,KEEP,Unique rendered H1/primary query retained; monitor in Search Console.,/subjects/math/precalculus/sequences-series-and-discrete-models/the-binomial-theorem-and-discrete-model-synthesis/,0,CURRENT,self-canonical=true; sitemap=true; inboundInternalLinks=7,medium / pending search evidence,"GSC top queries, clicks, impressions, CTR, average position; backlinks before any consolidation"
/subjects/math/precalculus/systems-matrices-and-multivariable-models/,https://bettergrades.net/subjects/math/precalculus/systems-matrices-and-multivariable-models/,precalculus,unit.math.precalculus.precalculus-unit-8,,unit-hub,"Systems, Matrices, and Multivariable Models | Better Grades","Systems, Matrices, and Multivariable Models","systems, matrices, and multivariable models","Systems, Matrices, and Multivariable Models | A system solution satisfies every equation simultaneously and appears graphically as a common intersection.",,,UNAVAILABLE,UNAVAILABLE,UNAVAILABLE,UNAVAILABLE,UNAVAILABLE,KEEP,Unique rendered H1/primary query retained; monitor in Search Console.,/subjects/math/precalculus/systems-matrices-and-multivariable-models/,0,CURRENT,self-canonical=true; sitemap=true; inboundInternalLinks=16,medium / pending search evidence,"GSC top queries, clicks, impressions, CTR, average position; backlinks before any consolidation"
/subjects/math/precalculus/systems-matrices-and-multivariable-models/augmented-matrices-and-row-operations/,https://bettergrades.net/subjects/math/precalculus/systems-matrices-and-multivariable-models/augmented-matrices-and-row-operations/,precalculus,unit.math.precalculus.precalculus-unit-8,textbook-lesson.math.precalculus.precalculus-u8-l6,textbook-lesson,Augmented matrices and row operations | Better Grades,Augmented matrices and row operations,augmented matrices and row operations,"Augmented matrices and row operations | Translate linear systems into augmented matrices and justify elementary row operations as equivalent-system transformations. | Systems, Matrices, and Multivariable Models",,,UNAVAILABLE,UNAVAILABLE,UNAVAILABLE,UNAVAILABLE,UNAVAILABLE,KEEP,Unique rendered H1/primary query retained; monitor in Search Console.,/subjects/math/precalculus/systems-matrices-and-multivariable-models/augmented-matrices-and-row-operations/,0,CURRENT,self-canonical=true; sitemap=true; inboundInternalLinks=9,medium / pending search evidence,"GSC top queries, clicks, impressions, CTR, average position; backlinks before any consolidation"
/subjects/math/precalculus/systems-matrices-and-multivariable-models/determinants-singularity-and-inverse-matrices/,https://bettergrades.net/subjects/math/precalculus/systems-matrices-and-multivariable-models/determinants-singularity-and-inverse-matrices/,precalculus,unit.math.precalculus.precalculus-unit-8,textbook-lesson.math.precalculus.precalculus-u8-l9,textbook-lesson,"Determinants, singularity, and inverse matrices | Better Grades","Determinants, singularity, and inverse matrices","determinants, singularity, and inverse matrices","Determinants, singularity, and inverse matrices | Compute and interpret determinants, identify singular matrices, and solve suitable systems with inverse matrices. | Systems, Matrices, and Multivariable Models",,,UNAVAILABLE,UNAVAILABLE,UNAVAILABLE,UNAVAILABLE,UNAVAILABLE,KEEP,Unique rendered H1/primary query retained; monitor in Search Console.,/subjects/math/precalculus/systems-matrices-and-multivariable-models/determinants-singularity-and-inverse-matrices/,0,CURRENT,self-canonical=true; sitemap=true; inboundInternalLinks=9,medium / pending search evidence,"GSC top queries, clicks, impressions, CTR, average position; backlinks before any consolidation"
/subjects/math/precalculus/systems-matrices-and-multivariable-models/gauss-jordan-elimination-and-reduced-row-echelon-form/,https://bettergrades.net/subjects/math/precalculus/systems-matrices-and-multivariable-models/gauss-jordan-elimination-and-reduced-row-echelon-form/,precalculus,unit.math.precalculus.precalculus-unit-8,textbook-lesson.math.precalculus.precalculus-u8-l8,textbook-lesson,Gauss-Jordan elimination and reduced row-echelon form | Better Grades,Gauss-Jordan elimination and reduced row-echelon form,gauss-jordan elimination and reduced row-echelon form,"Gauss-Jordan elimination and reduced row-echelon form | Reduce matrices to RREF and interpret pivots, free variables, rank, and consistency directly. | Systems, Matrices, and Multivariable Models",,,UNAVAILABLE,UNAVAILABLE,UNAVAILABLE,UNAVAILABLE,UNAVAILABLE,KEEP,Unique rendered H1/primary query retained; monitor in Search Console.,/subjects/math/precalculus/systems-matrices-and-multivariable-models/gauss-jordan-elimination-and-reduced-row-echelon-form/,0,CURRENT,self-canonical=true; sitemap=true; inboundInternalLinks=9,medium / pending search evidence,"GSC top queries, clicks, impressions, CTR, average position; backlinks before any consolidation"
/subjects/math/precalculus/systems-matrices-and-multivariable-models/gaussian-elimination-and-echelon-form/,https://bettergrades.net/subjects/math/precalculus/systems-matrices-and-multivariable-models/gaussian-elimination-and-echelon-form/,precalculus,unit.math.precalculus.precalculus-unit-8,textbook-lesson.math.precalculus.precalculus-u8-l7,textbook-lesson,Gaussian elimination and echelon form | Better Grades,Gaussian elimination and echelon form,gaussian elimination and echelon form,"Gaussian elimination and echelon form | Use forward elimination to reach row-echelon form and solve by back-substitution. | Systems, Matrices, and Multivariable Models",,,UNAVAILABLE,UNAVAILABLE,UNAVAILABLE,UNAVAILABLE,UNAVAILABLE,KEEP,Unique rendered H1/primary query retained; monitor in Search Console.,/subjects/math/precalculus/systems-matrices-and-multivariable-models/gaussian-elimination-and-echelon-form/,0,CURRENT,self-canonical=true; sitemap=true; inboundInternalLinks=9,medium / pending search evidence,"GSC top queries, clicks, impressions, CTR, average position; backlinks before any consolidation"
/subjects/math/precalculus/systems-matrices-and-multivariable-models/investigation/,https://bettergrades.net/subjects/math/precalculus/systems-matrices-and-multivariable-models/investigation/,precalculus,unit.math.precalculus.precalculus-unit-8,,assessment,Systems and Matrices Modeling Investigation | Better Grades,Systems and Matrices Modeling Investigation,systems and matrices modeling investigation,"Systems and Matrices Modeling Investigation | A multistage systems and matrices representation and verification task. | Systems, Matrices, and Multivariable Models",,,UNAVAILABLE,UNAVAILABLE,UNAVAILABLE,UNAVAILABLE,UNAVAILABLE,KEEP,Unique rendered H1/primary query retained; monitor in Search Console.,/subjects/math/precalculus/systems-matrices-and-multivariable-models/investigation/,0,CURRENT,self-canonical=true; sitemap=true; inboundInternalLinks=3,medium / pending search evidence,"GSC top queries, clicks, impressions, CTR, average position; backlinks before any consolidation"
/subjects/math/precalculus/systems-matrices-and-multivariable-models/linear-transformations-and-multivariable-modeling/,https://bettergrades.net/subjects/math/precalculus/systems-matrices-and-multivariable-models/linear-transformations-and-multivariable-modeling/,precalculus,unit.math.precalculus.precalculus-unit-8,textbook-lesson.math.precalculus.precalculus-u8-l10,textbook-lesson,Linear transformations and multivariable modeling | Better Grades,Linear transformations and multivariable modeling,linear transformations and multivariable modeling,"Linear transformations and multivariable modeling | Interpret matrices as transformations of vectors and construct a complete multivariable model using equations, inequalities, and matrices. | Systems, Matrices, and Multivariable Models",,,UNAVAILABLE,UNAVAILABLE,UNAVAILABLE,UNAVAILABLE,UNAVAILABLE,KEEP,Unique rendered H1/primary query retained; monitor in Search Console.,/subjects/math/precalculus/systems-matrices-and-multivariable-models/linear-transformations-and-multivariable-modeling/,0,CURRENT,self-canonical=true; sitemap=true; inboundInternalLinks=7,medium / pending search evidence,"GSC top queries, clicks, impressions, CTR, average position; backlinks before any consolidation"
/subjects/math/precalculus/systems-matrices-and-multivariable-models/mastery-check/,https://bettergrades.net/subjects/math/precalculus/systems-matrices-and-multivariable-models/mastery-check/,precalculus,unit.math.precalculus.precalculus-unit-8,,assessment,Systems and Matrices Practice Test | Better Grades,Systems and Matrices Practice Test,systems and matrices practice test,"Systems and Matrices Practice Test | A 28–36 item systems and matrices practice test spanning every unit lesson. | Systems, Matrices, and Multivariable Models",,,UNAVAILABLE,UNAVAILABLE,UNAVAILABLE,UNAVAILABLE,UNAVAILABLE,KEEP,Unique rendered H1/primary query retained; monitor in Search Console.,/subjects/math/precalculus/systems-matrices-and-multivariable-models/mastery-check/,0,CURRENT,self-canonical=true; sitemap=true; inboundInternalLinks=4,medium / pending search evidence,"GSC top queries, clicks, impressions, CTR, average position; backlinks before any consolidation"
/subjects/math/precalculus/systems-matrices-and-multivariable-models/matrix-notation-and-operations/,https://bettergrades.net/subjects/math/precalculus/systems-matrices-and-multivariable-models/matrix-notation-and-operations/,precalculus,unit.math.precalculus.precalculus-unit-8,textbook-lesson.math.precalculus.precalculus-u8-l5,textbook-lesson,Matrix notation and operations | Better Grades,Matrix notation and operations,matrix notation and operations,"Matrix notation and operations | Represent rectangular arrays with matrices and perform dimension-compatible addition, scalar multiplication, and matrix multiplication. | Systems, Matrices, and Multivariable Models",,,UNAVAILABLE,UNAVAILABLE,UNAVAILABLE,UNAVAILABLE,UNAVAILABLE,KEEP,Unique rendered H1/primary query retained; monitor in Search Console.,/subjects/math/precalculus/systems-matrices-and-multivariable-models/matrix-notation-and-operations/,0,CURRENT,self-canonical=true; sitemap=true; inboundInternalLinks=9,medium / pending search evidence,"GSC top queries, clicks, impressions, CTR, average position; backlinks before any consolidation"
/subjects/math/precalculus/systems-matrices-and-multivariable-models/nonlinear-systems/,https://bettergrades.net/subjects/math/precalculus/systems-matrices-and-multivariable-models/nonlinear-systems/,precalculus,unit.math.precalculus.precalculus-unit-8,textbook-lesson.math.precalculus.precalculus-u8-l2,textbook-lesson,Nonlinear systems | Better Grades,Nonlinear systems,nonlinear systems,"Nonlinear systems | Solve systems involving lines, quadratics, circles, rational, exponential, or other nonlinear functions and interpret all real intersections. | Systems, Matrices, and Multivariable Models",,,UNAVAILABLE,UNAVAILABLE,UNAVAILABLE,UNAVAILABLE,UNAVAILABLE,KEEP,Unique rendered H1/primary query retained; monitor in Search Console.,/subjects/math/precalculus/systems-matrices-and-multivariable-models/nonlinear-systems/,0,CURRENT,self-canonical=true; sitemap=true; inboundInternalLinks=8,medium / pending search evidence,"GSC top queries, clicks, impressions, CTR, average position; backlinks before any consolidation"
/subjects/math/precalculus/systems-matrices-and-multivariable-models/practice/,https://bettergrades.net/subjects/math/precalculus/systems-matrices-and-multivariable-models/practice/,precalculus,unit.math.precalculus.precalculus-unit-8,,assessment,Systems and Matrices Practice Problems | Better Grades,Systems and Matrices Practice Problems,systems and matrices practice problems,"Systems and Matrices Practice Problems | A 32-item mixed systems and matrices practice set with repair links. | Systems, Matrices, and Multivariable Models",,,UNAVAILABLE,UNAVAILABLE,UNAVAILABLE,UNAVAILABLE,UNAVAILABLE,KEEP,Unique rendered H1/primary query retained; monitor in Search Console.,/subjects/math/precalculus/systems-matrices-and-multivariable-models/practice/,0,CURRENT,self-canonical=true; sitemap=true; inboundInternalLinks=4,medium / pending search evidence,"GSC top queries, clicks, impressions, CTR, average position; backlinks before any consolidation"
/subjects/math/precalculus/systems-matrices-and-multivariable-models/review/,https://bettergrades.net/subjects/math/precalculus/systems-matrices-and-multivariable-models/review/,precalculus,unit.math.precalculus.precalculus-unit-8,,assessment,Systems and Matrices Review | Better Grades,Systems and Matrices Review,systems and matrices review,"Systems and Matrices Review | A 40–50 item cumulative review of systems and matrices. | Systems, Matrices, and Multivariable Models",,,UNAVAILABLE,UNAVAILABLE,UNAVAILABLE,UNAVAILABLE,UNAVAILABLE,KEEP,Unique rendered H1/primary query retained; monitor in Search Console.,/subjects/math/precalculus/systems-matrices-and-multivariable-models/review/,0,CURRENT,self-canonical=true; sitemap=true; inboundInternalLinks=3,medium / pending search evidence,"GSC top queries, clicks, impressions, CTR, average position; backlinks before any consolidation"
/subjects/math/precalculus/systems-matrices-and-multivariable-models/systems-as-intersections-and-models/,https://bettergrades.net/subjects/math/precalculus/systems-matrices-and-multivariable-models/systems-as-intersections-and-models/,precalculus,unit.math.precalculus.precalculus-unit-8,textbook-lesson.math.precalculus.precalculus-u8-l1,textbook-lesson,Systems as intersections and models | Better Grades,Systems as intersections and models,systems as intersections and models,"Systems as intersections and models | Interpret a system solution as an input-output point satisfying every equation and solve two-variable systems graphically and algebraically. | Systems, Matrices, and Multivariable Models",,,UNAVAILABLE,UNAVAILABLE,UNAVAILABLE,UNAVAILABLE,UNAVAILABLE,KEEP,Unique rendered H1/primary query retained; monitor in Search Console.,/subjects/math/precalculus/systems-matrices-and-multivariable-models/systems-as-intersections-and-models/,0,CURRENT,self-canonical=true; sitemap=true; inboundInternalLinks=10,medium / pending search evidence,"GSC top queries, clicks, impressions, CTR, average position; backlinks before any consolidation"
/subjects/math/precalculus/systems-matrices-and-multivariable-models/systems-in-three-variables/,https://bettergrades.net/subjects/math/precalculus/systems-matrices-and-multivariable-models/systems-in-three-variables/,precalculus,unit.math.precalculus.precalculus-unit-8,textbook-lesson.math.precalculus.precalculus-u8-l4,textbook-lesson,Systems in three variables | Better Grades,Systems in three variables,systems in three variables,"Systems in three variables | Solve and classify three-variable linear systems and interpret their solutions as intersections of planes. | Systems, Matrices, and Multivariable Models",,,UNAVAILABLE,UNAVAILABLE,UNAVAILABLE,UNAVAILABLE,UNAVAILABLE,KEEP,Unique rendered H1/primary query retained; monitor in Search Console.,/subjects/math/precalculus/systems-matrices-and-multivariable-models/systems-in-three-variables/,0,CURRENT,self-canonical=true; sitemap=true; inboundInternalLinks=8,medium / pending search evidence,"GSC top queries, clicks, impressions, CTR, average position; backlinks before any consolidation"
/subjects/math/precalculus/systems-matrices-and-multivariable-models/systems-of-inequalities-and-feasible-regions/,https://bettergrades.net/subjects/math/precalculus/systems-matrices-and-multivariable-models/systems-of-inequalities-and-feasible-regions/,precalculus,unit.math.precalculus.precalculus-unit-8,textbook-lesson.math.precalculus.precalculus-u8-l3,textbook-lesson,Systems of inequalities and feasible regions | Better Grades,Systems of inequalities and feasible regions,systems of inequalities and feasible regions,"Systems of inequalities and feasible regions | Graph simultaneous inequalities, identify feasible regions, and interpret boundaries and vertices. | Systems, Matrices, and Multivariable Models",,,UNAVAILABLE,UNAVAILABLE,UNAVAILABLE,UNAVAILABLE,UNAVAILABLE,KEEP,Unique rendered H1/primary query retained; monitor in Search Console.,/subjects/math/precalculus/systems-matrices-and-multivariable-models/systems-of-inequalities-and-feasible-regions/,0,CURRENT,self-canonical=true; sitemap=true; inboundInternalLinks=10,medium / pending search evidence,"GSC top queries, clicks, impressions, CTR, average position; backlinks before any consolidation"
/subjects/math/precalculus/transformations-and-function-operations/,https://bettergrades.net/subjects/math/precalculus/transformations-and-function-operations/,precalculus,unit.math.precalculus.precalculus-unit-3,,unit-hub,Transformations and Function Operations | Better Grades,Transformations and Function Operations,transformations and function operations,"Transformations and Function Operations | A parent function is a convenient reference member identified by domain, range, symmetry, endpoints, asymptotes, and rate patterns.",,,UNAVAILABLE,UNAVAILABLE,UNAVAILABLE,UNAVAILABLE,UNAVAILABLE,KEEP,Unique rendered H1/primary query retained; monitor in Search Console.,/subjects/math/precalculus/transformations-and-function-operations/,0,CURRENT,self-canonical=true; sitemap=true; inboundInternalLinks=16,medium / pending search evidence,"GSC top queries, clicks, impressions, CTR, average position; backlinks before any consolidation"
/subjects/math/precalculus/transformations-and-function-operations/combined-transformations/,https://bettergrades.net/subjects/math/precalculus/transformations-and-function-operations/combined-transformations/,precalculus,unit.math.precalculus.precalculus-unit-3,textbook-lesson.math.precalculus.precalculus-u3-l7,textbook-lesson,Combined transformations | Better Grades,Combined transformations,combined transformations,"Combined transformations | Analyze and graph functions with several transformations by tracking inputs, outputs, and key features. | Transformations and Function Operations",,,UNAVAILABLE,UNAVAILABLE,UNAVAILABLE,UNAVAILABLE,UNAVAILABLE,KEEP,Unique rendered H1/primary query retained; monitor in Search Console.,/subjects/math/precalculus/transformations-and-function-operations/combined-transformations/,0,CURRENT,self-canonical=true; sitemap=true; inboundInternalLinks=9,medium / pending search evidence,"GSC top queries, clicks, impressions, CTR, average position; backlinks before any consolidation"
/subjects/math/precalculus/transformations-and-function-operations/coordinate-mappings-and-transformation-logic/,https://bettergrades.net/subjects/math/precalculus/transformations-and-function-operations/coordinate-mappings-and-transformation-logic/,precalculus,unit.math.precalculus.precalculus-unit-3,textbook-lesson.math.precalculus.precalculus-u3-l2,textbook-lesson,Coordinate Mappings for Function Transformations | Better Grades,Coordinate Mappings for Function Transformations,coordinate mappings for function transformations,Coordinate Mappings for Function Transformations | Derive graph transformations by tracking how input-output pairs move. | Transformations and Function Operations,,,UNAVAILABLE,UNAVAILABLE,UNAVAILABLE,UNAVAILABLE,UNAVAILABLE,KEEP,Unique rendered H1/primary query retained; monitor in Search Console.,/subjects/math/precalculus/transformations-and-function-operations/coordinate-mappings-and-transformation-logic/,0,CURRENT,self-canonical=true; sitemap=true; inboundInternalLinks=9,medium / pending search evidence,"GSC top queries, clicks, impressions, CTR, average position; backlinks before any consolidation"
/subjects/math/precalculus/transformations-and-function-operations/horizontal-translations/,https://bettergrades.net/subjects/math/precalculus/transformations-and-function-operations/horizontal-translations/,precalculus,unit.math.precalculus.precalculus-unit-3,textbook-lesson.math.precalculus.precalculus-u3-l4,textbook-lesson,Horizontal translations | Better Grades,Horizontal translations,horizontal translations,"Horizontal translations | Analyze how replacing x by x-h changes input locations, domain, intercepts, extrema, and vertical asymptotes. | Transformations and Function Operations",,,UNAVAILABLE,UNAVAILABLE,UNAVAILABLE,UNAVAILABLE,UNAVAILABLE,KEEP,Unique rendered H1/primary query retained; monitor in Search Console.,/subjects/math/precalculus/transformations-and-function-operations/horizontal-translations/,0,CURRENT,self-canonical=true; sitemap=true; inboundInternalLinks=8,medium / pending search evidence,"GSC top queries, clicks, impressions, CTR, average position; backlinks before any consolidation"
/subjects/math/precalculus/transformations-and-function-operations/investigation/,https://bettergrades.net/subjects/math/precalculus/transformations-and-function-operations/investigation/,precalculus,unit.math.precalculus.precalculus-unit-3,,assessment,Function Transformations and Operations Modeling Investigation | Better Grades,Function Transformations and Operations Modeling Investigation,function transformations and operations modeling investigation,Function Transformations and Operations Modeling Investigation | A multistage function transformations and operations representation and verification task. | Transformations and Function Operations,,,UNAVAILABLE,UNAVAILABLE,UNAVAILABLE,UNAVAILABLE,UNAVAILABLE,KEEP,Unique rendered H1/primary query retained; monitor in Search Console.,/subjects/math/precalculus/transformations-and-function-operations/investigation/,0,CURRENT,self-canonical=true; sitemap=true; inboundInternalLinks=3,medium / pending search evidence,"GSC top queries, clicks, impressions, CTR, average position; backlinks before any consolidation"
/subjects/math/precalculus/transformations-and-function-operations/mastery-check/,https://bettergrades.net/subjects/math/precalculus/transformations-and-function-operations/mastery-check/,precalculus,unit.math.precalculus.precalculus-unit-3,,assessment,Function Transformations and Operations Practice Test | Better Grades,Function Transformations and Operations Practice Test,function transformations and operations practice test,Function Transformations and Operations Practice Test | A 28–36 item function transformations and operations practice test spanning every unit lesson. | Transformations and Function Operations,,,UNAVAILABLE,UNAVAILABLE,UNAVAILABLE,UNAVAILABLE,UNAVAILABLE,KEEP,Unique rendered H1/primary query retained; monitor in Search Console.,/subjects/math/precalculus/transformations-and-function-operations/mastery-check/,0,CURRENT,self-canonical=true; sitemap=true; inboundInternalLinks=4,medium / pending search evidence,"GSC top queries, clicks, impressions, CTR, average position; backlinks before any consolidation"
/subjects/math/precalculus/transformations-and-function-operations/parent-function-atlas/,https://bettergrades.net/subjects/math/precalculus/transformations-and-function-operations/parent-function-atlas/,precalculus,unit.math.precalculus.precalculus-unit-3,textbook-lesson.math.precalculus.precalculus-u3-l1,textbook-lesson,Parent-function atlas | Better Grades,Parent-function atlas,parent-function atlas,"Parent-function atlas | Recognize benchmark function families by domain, range, symmetry, intercepts, end behavior, and rate patterns. | Transformations and Function Operations",,,UNAVAILABLE,UNAVAILABLE,UNAVAILABLE,UNAVAILABLE,UNAVAILABLE,KEEP,Unique rendered H1/primary query retained; monitor in Search Console.,/subjects/math/precalculus/transformations-and-function-operations/parent-function-atlas/,0,CURRENT,self-canonical=true; sitemap=true; inboundInternalLinks=10,medium / pending search evidence,"GSC top queries, clicks, impressions, CTR, average position; backlinks before any consolidation"
/subjects/math/precalculus/transformations-and-function-operations/practice/,https://bettergrades.net/subjects/math/precalculus/transformations-and-function-operations/practice/,precalculus,unit.math.precalculus.precalculus-unit-3,,assessment,Function Transformations and Operations Practice Problems | Better Grades,Function Transformations and Operations Practice Problems,function transformations and operations practice problems,Function Transformations and Operations Practice Problems | A 32-item mixed function transformations and operations practice set with repair links. | Transformations and Function Operations,,,UNAVAILABLE,UNAVAILABLE,UNAVAILABLE,UNAVAILABLE,UNAVAILABLE,KEEP,Unique rendered H1/primary query retained; monitor in Search Console.,/subjects/math/precalculus/transformations-and-function-operations/practice/,0,CURRENT,self-canonical=true; sitemap=true; inboundInternalLinks=4,medium / pending search evidence,"GSC top queries, clicks, impressions, CTR, average position; backlinks before any consolidation"
/subjects/math/precalculus/transformations-and-function-operations/products-and-quotients-of-functions/,https://bettergrades.net/subjects/math/precalculus/transformations-and-function-operations/products-and-quotients-of-functions/,precalculus,unit.math.precalculus.precalculus-unit-3,textbook-lesson.math.precalculus.precalculus-u3-l9,textbook-lesson,Products and quotients of functions | Better Grades,Products and quotients of functions,products and quotients of functions,"Products and quotients of functions | Multiply and divide functions pointwise while analyzing zeros, restrictions, and combined graph behavior. | Transformations and Function Operations",,,UNAVAILABLE,UNAVAILABLE,UNAVAILABLE,UNAVAILABLE,UNAVAILABLE,KEEP,Unique rendered H1/primary query retained; monitor in Search Console.,/subjects/math/precalculus/transformations-and-function-operations/products-and-quotients-of-functions/,0,CURRENT,self-canonical=true; sitemap=true; inboundInternalLinks=9,medium / pending search evidence,"GSC top queries, clicks, impressions, CTR, average position; backlinks before any consolidation"
/subjects/math/precalculus/transformations-and-function-operations/reconstructing-formulas-from-transformed-graphs/,https://bettergrades.net/subjects/math/precalculus/transformations-and-function-operations/reconstructing-formulas-from-transformed-graphs/,precalculus,unit.math.precalculus.precalculus-unit-3,textbook-lesson.math.precalculus.precalculus-u3-l10,textbook-lesson,Reconstructing formulas from transformed graphs | Better Grades,Reconstructing formulas from transformed graphs,reconstructing formulas from transformed graphs,"Reconstructing formulas from transformed graphs | Use parent-family features, transformations, and one or more data points to construct and verify a function formula. | Transformations and Function Operations",,,UNAVAILABLE,UNAVAILABLE,UNAVAILABLE,UNAVAILABLE,UNAVAILABLE,KEEP,Unique rendered H1/primary query retained; monitor in Search Console.,/subjects/math/precalculus/transformations-and-function-operations/reconstructing-formulas-from-transformed-graphs/,0,CURRENT,self-canonical=true; sitemap=true; inboundInternalLinks=7,medium / pending search evidence,"GSC top queries, clicks, impressions, CTR, average position; backlinks before any consolidation"
/subjects/math/precalculus/transformations-and-function-operations/reflections-and-symmetry/,https://bettergrades.net/subjects/math/precalculus/transformations-and-function-operations/reflections-and-symmetry/,precalculus,unit.math.precalculus.precalculus-unit-3,textbook-lesson.math.precalculus.precalculus-u3-l5,textbook-lesson,Reflections and symmetry | Better Grades,Reflections and symmetry,reflections and symmetry,Reflections and symmetry | Reflect function graphs across coordinate axes and connect reflection rules with even and odd symmetry. | Transformations and Function Operations,,,UNAVAILABLE,UNAVAILABLE,UNAVAILABLE,UNAVAILABLE,UNAVAILABLE,KEEP,Unique rendered H1/primary query retained; monitor in Search Console.,/subjects/math/precalculus/transformations-and-function-operations/reflections-and-symmetry/,0,CURRENT,self-canonical=true; sitemap=true; inboundInternalLinks=9,medium / pending search evidence,"GSC top queries, clicks, impressions, CTR, average position; backlinks before any consolidation"
/subjects/math/precalculus/transformations-and-function-operations/review/,https://bettergrades.net/subjects/math/precalculus/transformations-and-function-operations/review/,precalculus,unit.math.precalculus.precalculus-unit-3,,assessment,Function Transformations and Operations Review | Better Grades,Function Transformations and Operations Review,function transformations and operations review,Function Transformations and Operations Review | A 40–50 item cumulative review of function transformations and operations. | Transformations and Function Operations,,,UNAVAILABLE,UNAVAILABLE,UNAVAILABLE,UNAVAILABLE,UNAVAILABLE,KEEP,Unique rendered H1/primary query retained; monitor in Search Console.,/subjects/math/precalculus/transformations-and-function-operations/review/,0,CURRENT,self-canonical=true; sitemap=true; inboundInternalLinks=3,medium / pending search evidence,"GSC top queries, clicks, impressions, CTR, average position; backlinks before any consolidation"
/subjects/math/precalculus/transformations-and-function-operations/sums-and-differences-of-functions/,https://bettergrades.net/subjects/math/precalculus/transformations-and-function-operations/sums-and-differences-of-functions/,precalculus,unit.math.precalculus.precalculus-unit-3,textbook-lesson.math.precalculus.precalculus-u3-l8,textbook-lesson,Sums and differences of functions | Better Grades,Sums and differences of functions,sums and differences of functions,"Sums and differences of functions | Add and subtract functions pointwise, determine the common domain, and interpret combined outputs. | Transformations and Function Operations",,,UNAVAILABLE,UNAVAILABLE,UNAVAILABLE,UNAVAILABLE,UNAVAILABLE,KEEP,Unique rendered H1/primary query retained; monitor in Search Console.,/subjects/math/precalculus/transformations-and-function-operations/sums-and-differences-of-functions/,0,CURRENT,self-canonical=true; sitemap=true; inboundInternalLinks=9,medium / pending search evidence,"GSC top queries, clicks, impressions, CTR, average position; backlinks before any consolidation"
/subjects/math/precalculus/transformations-and-function-operations/vertical-and-horizontal-scaling/,https://bettergrades.net/subjects/math/precalculus/transformations-and-function-operations/vertical-and-horizontal-scaling/,precalculus,unit.math.precalculus.precalculus-unit-3,textbook-lesson.math.precalculus.precalculus-u3-l6,textbook-lesson,Vertical and horizontal scaling | Better Grades,Vertical and horizontal scaling,vertical and horizontal scaling,"Vertical and horizontal scaling | Distinguish output scaling from input scaling and determine the resulting stretches, compressions, domains, and ranges. | Transformations and Function Operations",,,UNAVAILABLE,UNAVAILABLE,UNAVAILABLE,UNAVAILABLE,UNAVAILABLE,KEEP,Unique rendered H1/primary query retained; monitor in Search Console.,/subjects/math/precalculus/transformations-and-function-operations/vertical-and-horizontal-scaling/,0,CURRENT,self-canonical=true; sitemap=true; inboundInternalLinks=9,medium / pending search evidence,"GSC top queries, clicks, impressions, CTR, average position; backlinks before any consolidation"
/subjects/math/precalculus/transformations-and-function-operations/vertical-translations/,https://bettergrades.net/subjects/math/precalculus/transformations-and-function-operations/vertical-translations/,precalculus,unit.math.precalculus.precalculus-unit-3,textbook-lesson.math.precalculus.precalculus-u3-l3,textbook-lesson,Vertical translations | Better Grades,Vertical translations,vertical translations,"Vertical translations | Analyze how adding a constant outside a function changes outputs, range, intercepts, extrema, and asymptotes. | Transformations and Function Operations",,,UNAVAILABLE,UNAVAILABLE,UNAVAILABLE,UNAVAILABLE,UNAVAILABLE,KEEP,Unique rendered H1/primary query retained; monitor in Search Console.,/subjects/math/precalculus/transformations-and-function-operations/vertical-translations/,0,CURRENT,self-canonical=true; sitemap=true; inboundInternalLinks=9,medium / pending search evidence,"GSC top queries, clicks, impressions, CTR, average position; backlinks before any consolidation"
/subjects/math/precalculus/triangle-trigonometry-and-vectors/,https://bettergrades.net/subjects/math/precalculus/triangle-trigonometry-and-vectors/,precalculus,unit.math.precalculus.precalculus-unit-12,,unit-hub,Triangle Trigonometry and Vectors | Better Grades,Triangle Trigonometry and Vectors,triangle trigonometry and vectors,Triangle Trigonometry and Vectors | A ramp rises 0.84 meter over a horizontal run of 7.2 meters. Find its angle of inclination and length.,,,UNAVAILABLE,UNAVAILABLE,UNAVAILABLE,UNAVAILABLE,UNAVAILABLE,KEEP,Unique rendered H1/primary query retained; monitor in Search Console.,/subjects/math/precalculus/triangle-trigonometry-and-vectors/,0,CURRENT,self-canonical=true; sitemap=true; inboundInternalLinks=16,medium / pending search evidence,"GSC top queries, clicks, impressions, CTR, average position; backlinks before any consolidation"
/subjects/math/precalculus/triangle-trigonometry-and-vectors/bearings-and-navigation/,https://bettergrades.net/subjects/math/precalculus/triangle-trigonometry-and-vectors/bearings-and-navigation/,precalculus,unit.math.precalculus.precalculus-unit-12,textbook-lesson.math.precalculus.precalculus-u12-l7,textbook-lesson,Bearings and navigation | Better Grades,Bearings and navigation,bearings and navigation,"Bearings and navigation | Translate among standard angles, quadrant bearings, headings, and triangle or component models. | Triangle Trigonometry and Vectors",,,UNAVAILABLE,UNAVAILABLE,UNAVAILABLE,UNAVAILABLE,UNAVAILABLE,KEEP,Unique rendered H1/primary query retained; monitor in Search Console.,/subjects/math/precalculus/triangle-trigonometry-and-vectors/bearings-and-navigation/,0,CURRENT,self-canonical=true; sitemap=true; inboundInternalLinks=9,medium / pending search evidence,"GSC top queries, clicks, impressions, CTR, average position; backlinks before any consolidation"
/subjects/math/precalculus/triangle-trigonometry-and-vectors/dot-product-angles-and-projection/,https://bettergrades.net/subjects/math/precalculus/triangle-trigonometry-and-vectors/dot-product-angles-and-projection/,precalculus,unit.math.precalculus.precalculus-unit-12,textbook-lesson.math.precalculus.precalculus-u12-l10,textbook-lesson,"Dot product, angles, and projection | Better Grades","Dot product, angles, and projection","dot product, angles, and projection","Dot product, angles, and projection | Use the dot product to find angles, test orthogonality, and calculate projections. | Triangle Trigonometry and Vectors",,,UNAVAILABLE,UNAVAILABLE,UNAVAILABLE,UNAVAILABLE,UNAVAILABLE,KEEP,Unique rendered H1/primary query retained; monitor in Search Console.,/subjects/math/precalculus/triangle-trigonometry-and-vectors/dot-product-angles-and-projection/,0,CURRENT,self-canonical=true; sitemap=true; inboundInternalLinks=7,medium / pending search evidence,"GSC top queries, clicks, impressions, CTR, average position; backlinks before any consolidation"
/subjects/math/precalculus/triangle-trigonometry-and-vectors/investigation/,https://bettergrades.net/subjects/math/precalculus/triangle-trigonometry-and-vectors/investigation/,precalculus,unit.math.precalculus.precalculus-unit-12,,assessment,Triangle Trigonometry and Vectors Modeling Investigation | Better Grades,Triangle Trigonometry and Vectors Modeling Investigation,triangle trigonometry and vectors modeling investigation,Triangle Trigonometry and Vectors Modeling Investigation | A multistage triangle trigonometry and vectors representation and verification task. | Triangle Trigonometry and Vectors,,,UNAVAILABLE,UNAVAILABLE,UNAVAILABLE,UNAVAILABLE,UNAVAILABLE,KEEP,Unique rendered H1/primary query retained; monitor in Search Console.,/subjects/math/precalculus/triangle-trigonometry-and-vectors/investigation/,0,CURRENT,self-canonical=true; sitemap=true; inboundInternalLinks=3,medium / pending search evidence,"GSC top queries, clicks, impressions, CTR, average position; backlinks before any consolidation"
/subjects/math/precalculus/triangle-trigonometry-and-vectors/mastery-check/,https://bettergrades.net/subjects/math/precalculus/triangle-trigonometry-and-vectors/mastery-check/,precalculus,unit.math.precalculus.precalculus-unit-12,,assessment,Triangle Trigonometry and Vectors Practice Test | Better Grades,Triangle Trigonometry and Vectors Practice Test,triangle trigonometry and vectors practice test,Triangle Trigonometry and Vectors Practice Test | A 28–36 item triangle trigonometry and vectors practice test spanning every unit lesson. | Triangle Trigonometry and Vectors,,,UNAVAILABLE,UNAVAILABLE,UNAVAILABLE,UNAVAILABLE,UNAVAILABLE,KEEP,Unique rendered H1/primary query retained; monitor in Search Console.,/subjects/math/precalculus/triangle-trigonometry-and-vectors/mastery-check/,0,CURRENT,self-canonical=true; sitemap=true; inboundInternalLinks=4,medium / pending search evidence,"GSC top queries, clicks, impressions, CTR, average position; backlinks before any consolidation"
/subjects/math/precalculus/triangle-trigonometry-and-vectors/practice/,https://bettergrades.net/subjects/math/precalculus/triangle-trigonometry-and-vectors/practice/,precalculus,unit.math.precalculus.precalculus-unit-12,,assessment,Triangle Trigonometry and Vectors Practice Problems | Better Grades,Triangle Trigonometry and Vectors Practice Problems,triangle trigonometry and vectors practice problems,Triangle Trigonometry and Vectors Practice Problems | A 32-item mixed triangle trigonometry and vectors practice set with repair links. | Triangle Trigonometry and Vectors,,,UNAVAILABLE,UNAVAILABLE,UNAVAILABLE,UNAVAILABLE,UNAVAILABLE,KEEP,Unique rendered H1/primary query retained; monitor in Search Console.,/subjects/math/precalculus/triangle-trigonometry-and-vectors/practice/,0,CURRENT,self-canonical=true; sitemap=true; inboundInternalLinks=4,medium / pending search evidence,"GSC top queries, clicks, impressions, CTR, average position; backlinks before any consolidation"
/subjects/math/precalculus/triangle-trigonometry-and-vectors/review/,https://bettergrades.net/subjects/math/precalculus/triangle-trigonometry-and-vectors/review/,precalculus,unit.math.precalculus.precalculus-unit-12,,assessment,Triangle Trigonometry and Vectors Review | Better Grades,Triangle Trigonometry and Vectors Review,triangle trigonometry and vectors review,Triangle Trigonometry and Vectors Review | A 40–50 item cumulative review of triangle trigonometry and vectors. | Triangle Trigonometry and Vectors,,,UNAVAILABLE,UNAVAILABLE,UNAVAILABLE,UNAVAILABLE,UNAVAILABLE,KEEP,Unique rendered H1/primary query retained; monitor in Search Console.,/subjects/math/precalculus/triangle-trigonometry-and-vectors/review/,0,CURRENT,self-canonical=true; sitemap=true; inboundInternalLinks=3,medium / pending search evidence,"GSC top queries, clicks, impressions, CTR, average position; backlinks before any consolidation"
/subjects/math/precalculus/triangle-trigonometry-and-vectors/right-triangle-applications/,https://bettergrades.net/subjects/math/precalculus/triangle-trigonometry-and-vectors/right-triangle-applications/,precalculus,unit.math.precalculus.precalculus-unit-12,textbook-lesson.math.precalculus.precalculus-u12-l2,textbook-lesson,Right-triangle applications | Better Grades,Right-triangle applications,right-triangle applications,"Right-triangle applications | Model heights, distances, slopes, and angles of elevation or depression. | Triangle Trigonometry and Vectors",,,UNAVAILABLE,UNAVAILABLE,UNAVAILABLE,UNAVAILABLE,UNAVAILABLE,KEEP,Unique rendered H1/primary query retained; monitor in Search Console.,/subjects/math/precalculus/triangle-trigonometry-and-vectors/right-triangle-applications/,0,CURRENT,self-canonical=true; sitemap=true; inboundInternalLinks=8,medium / pending search evidence,"GSC top queries, clicks, impressions, CTR, average position; backlinks before any consolidation"
/subjects/math/precalculus/triangle-trigonometry-and-vectors/right-triangles-and-trigonometric-ratios/,https://bettergrades.net/subjects/math/precalculus/triangle-trigonometry-and-vectors/right-triangles-and-trigonometric-ratios/,precalculus,unit.math.precalculus.precalculus-unit-12,textbook-lesson.math.precalculus.precalculus-u12-l1,textbook-lesson,Right triangles and trigonometric ratios | Better Grades,Right triangles and trigonometric ratios,right triangles and trigonometric ratios,Right triangles and trigonometric ratios | Connect unit-circle trig definitions with ratios in similar right triangles. | Triangle Trigonometry and Vectors,,,UNAVAILABLE,UNAVAILABLE,UNAVAILABLE,UNAVAILABLE,UNAVAILABLE,KEEP,Unique rendered H1/primary query retained; monitor in Search Console.,/subjects/math/precalculus/triangle-trigonometry-and-vectors/right-triangles-and-trigonometric-ratios/,0,CURRENT,self-canonical=true; sitemap=true; inboundInternalLinks=10,medium / pending search evidence,"GSC top queries, clicks, impressions, CTR, average position; backlinks before any consolidation"
/subjects/math/precalculus/triangle-trigonometry-and-vectors/the-ambiguous-ssa-case/,https://bettergrades.net/subjects/math/precalculus/triangle-trigonometry-and-vectors/the-ambiguous-ssa-case/,precalculus,unit.math.precalculus.precalculus-unit-12,textbook-lesson.math.precalculus.precalculus-u12-l4,textbook-lesson,The ambiguous SSA case | Better Grades,The ambiguous SSA case,the ambiguous ssa case,"The ambiguous SSA case | Determine whether SSA data produce zero, one, or two triangles. | Triangle Trigonometry and Vectors",,,UNAVAILABLE,UNAVAILABLE,UNAVAILABLE,UNAVAILABLE,UNAVAILABLE,KEEP,Unique rendered H1/primary query retained; monitor in Search Console.,/subjects/math/precalculus/triangle-trigonometry-and-vectors/the-ambiguous-ssa-case/,0,CURRENT,self-canonical=true; sitemap=true; inboundInternalLinks=9,medium / pending search evidence,"GSC top queries, clicks, impressions, CTR, average position; backlinks before any consolidation"
/subjects/math/precalculus/triangle-trigonometry-and-vectors/the-law-of-cosines/,https://bettergrades.net/subjects/math/precalculus/triangle-trigonometry-and-vectors/the-law-of-cosines/,precalculus,unit.math.precalculus.precalculus-unit-12,textbook-lesson.math.precalculus.precalculus-u12-l5,textbook-lesson,The Law of Cosines | Better Grades,The Law of Cosines,the law of cosines,The Law of Cosines | Use the Law of Cosines for SAS and SSS data and connect it to the Pythagorean theorem. | Triangle Trigonometry and Vectors,,,UNAVAILABLE,UNAVAILABLE,UNAVAILABLE,UNAVAILABLE,UNAVAILABLE,KEEP,Unique rendered H1/primary query retained; monitor in Search Console.,/subjects/math/precalculus/triangle-trigonometry-and-vectors/the-law-of-cosines/,0,CURRENT,self-canonical=true; sitemap=true; inboundInternalLinks=8,medium / pending search evidence,"GSC top queries, clicks, impressions, CTR, average position; backlinks before any consolidation"
/subjects/math/precalculus/triangle-trigonometry-and-vectors/the-law-of-sines/,https://bettergrades.net/subjects/math/precalculus/triangle-trigonometry-and-vectors/the-law-of-sines/,precalculus,unit.math.precalculus.precalculus-unit-12,textbook-lesson.math.precalculus.precalculus-u12-l3,textbook-lesson,The Law of Sines | Better Grades,The Law of Sines,the law of sines,"The Law of Sines | Derive and apply the Law of Sines to ASA, AAS, and suitable SSA triangles. | Triangle Trigonometry and Vectors",,,UNAVAILABLE,UNAVAILABLE,UNAVAILABLE,UNAVAILABLE,UNAVAILABLE,KEEP,Unique rendered H1/primary query retained; monitor in Search Console.,/subjects/math/precalculus/triangle-trigonometry-and-vectors/the-law-of-sines/,0,CURRENT,self-canonical=true; sitemap=true; inboundInternalLinks=10,medium / pending search evidence,"GSC top queries, clicks, impressions, CTR, average position; backlinks before any consolidation"
/subjects/math/precalculus/triangle-trigonometry-and-vectors/triangle-area-formulas/,https://bettergrades.net/subjects/math/precalculus/triangle-trigonometry-and-vectors/triangle-area-formulas/,precalculus,unit.math.precalculus.precalculus-unit-12,textbook-lesson.math.precalculus.precalculus-u12-l6,textbook-lesson,Triangle area formulas | Better Grades,Triangle area formulas,triangle area formulas,Triangle area formulas | Use K=(1/2)ab sin C and compare with base-height and Heron forms. | Triangle Trigonometry and Vectors,,,UNAVAILABLE,UNAVAILABLE,UNAVAILABLE,UNAVAILABLE,UNAVAILABLE,KEEP,Unique rendered H1/primary query retained; monitor in Search Console.,/subjects/math/precalculus/triangle-trigonometry-and-vectors/triangle-area-formulas/,0,CURRENT,self-canonical=true; sitemap=true; inboundInternalLinks=9,medium / pending search evidence,"GSC top queries, clicks, impressions, CTR, average position; backlinks before any consolidation"
/subjects/math/precalculus/triangle-trigonometry-and-vectors/vector-operations-magnitude-direction-and-unit-vectors/,https://bettergrades.net/subjects/math/precalculus/triangle-trigonometry-and-vectors/vector-operations-magnitude-direction-and-unit-vectors/,precalculus,unit.math.precalculus.precalculus-unit-12,textbook-lesson.math.precalculus.precalculus-u12-l9,textbook-lesson,"Vector operations, magnitude, direction, and unit vectors | Better Grades","Vector operations, magnitude, direction, and unit vectors","vector operations, magnitude, direction, and unit vectors","Vector operations, magnitude, direction, and unit vectors | Use scalar multiplication, normalization, and component resolution. | Triangle Trigonometry and Vectors",,,UNAVAILABLE,UNAVAILABLE,UNAVAILABLE,UNAVAILABLE,UNAVAILABLE,KEEP,Unique rendered H1/primary query retained; monitor in Search Console.,/subjects/math/precalculus/triangle-trigonometry-and-vectors/vector-operations-magnitude-direction-and-unit-vectors/,0,CURRENT,self-canonical=true; sitemap=true; inboundInternalLinks=9,medium / pending search evidence,"GSC top queries, clicks, impressions, CTR, average position; backlinks before any consolidation"
/subjects/math/precalculus/triangle-trigonometry-and-vectors/vectors-geometrically-and-in-components/,https://bettergrades.net/subjects/math/precalculus/triangle-trigonometry-and-vectors/vectors-geometrically-and-in-components/,precalculus,unit.math.precalculus.precalculus-unit-12,textbook-lesson.math.precalculus.precalculus-u12-l8,textbook-lesson,Vectors geometrically and in components | Better Grades,Vectors geometrically and in components,vectors geometrically and in components,"Vectors geometrically and in components | Represent vectors by magnitude and direction, add them geometrically, and convert to components. | Triangle Trigonometry and Vectors",,,UNAVAILABLE,UNAVAILABLE,UNAVAILABLE,UNAVAILABLE,UNAVAILABLE,KEEP,Unique rendered H1/primary query retained; monitor in Search Console.,/subjects/math/precalculus/triangle-trigonometry-and-vectors/vectors-geometrically-and-in-components/,0,CURRENT,self-canonical=true; sitemap=true; inboundInternalLinks=9,medium / pending search evidence,"GSC top queries, clicks, impressions, CTR, average position; backlinks before any consolidation"
/subjects/math/precalculus/trigonometric-functions-and-periodic-models/,https://bettergrades.net/subjects/math/precalculus/trigonometric-functions-and-periodic-models/,precalculus,unit.math.precalculus.precalculus-unit-10,,unit-hub,Trigonometric Functions and Periodic Models | Better Grades,Trigonometric Functions and Periodic Models,trigonometric functions and periodic models,"Trigonometric Functions and Periodic Models | A point starts at (1,0) and rotates counterclockwise one revolution in 8 seconds. Sketch its vertical coordinate against time and label zeros, extrema, and period.",,,UNAVAILABLE,UNAVAILABLE,UNAVAILABLE,UNAVAILABLE,UNAVAILABLE,KEEP,Unique rendered H1/primary query retained; monitor in Search Console.,/subjects/math/precalculus/trigonometric-functions-and-periodic-models/,0,CURRENT,self-canonical=true; sitemap=true; inboundInternalLinks=18,medium / pending search evidence,"GSC top queries, clicks, impressions, CTR, average position; backlinks before any consolidation"
/subjects/math/precalculus/trigonometric-functions-and-periodic-models/amplitude-reflection-and-midline/,https://bettergrades.net/subjects/math/precalculus/trigonometric-functions-and-periodic-models/amplitude-reflection-and-midline/,precalculus,unit.math.precalculus.precalculus-unit-10,textbook-lesson.math.precalculus.precalculus-u10-l3,textbook-lesson,"Amplitude, Reflection, and Midline in Sinusoidal Graphs | Better Grades","Amplitude, Reflection, and Midline in Sinusoidal Graphs","amplitude, reflection, and midline in sinusoidal graphs","Amplitude, Reflection, and Midline in Sinusoidal Graphs | Interpret A and D in y=A sin x+D or y=A cos x+D. | Trigonometric Functions and Periodic Models",,,UNAVAILABLE,UNAVAILABLE,UNAVAILABLE,UNAVAILABLE,UNAVAILABLE,KEEP,Unique rendered H1/primary query retained; monitor in Search Console.,/subjects/math/precalculus/trigonometric-functions-and-periodic-models/amplitude-reflection-and-midline/,0,CURRENT,self-canonical=true; sitemap=true; inboundInternalLinks=9,medium / pending search evidence,"GSC top queries, clicks, impressions, CTR, average position; backlinks before any consolidation"
/subjects/math/precalculus/trigonometric-functions-and-periodic-models/basic-trigonometric-equations/,https://bettergrades.net/subjects/math/precalculus/trigonometric-functions-and-periodic-models/basic-trigonometric-equations/,precalculus,unit.math.precalculus.precalculus-unit-10,textbook-lesson.math.precalculus.precalculus-u10-l11,textbook-lesson,Basic trigonometric equations | Better Grades,Basic trigonometric equations,basic trigonometric equations,"Basic trigonometric equations | Solve sin x=k, cos x=k, and tan x=k using exact values, inverse functions, periodicity, and interval restrictions. | Trigonometric Functions and Periodic Models",,,UNAVAILABLE,UNAVAILABLE,UNAVAILABLE,UNAVAILABLE,UNAVAILABLE,KEEP,Unique rendered H1/primary query retained; monitor in Search Console.,/subjects/math/precalculus/trigonometric-functions-and-periodic-models/basic-trigonometric-equations/,0,CURRENT,self-canonical=true; sitemap=true; inboundInternalLinks=7,medium / pending search evidence,"GSC top queries, clicks, impressions, CTR, average position; backlinks before any consolidation"
/subjects/math/precalculus/trigonometric-functions-and-periodic-models/building-the-cosine-graph-from-circular-motion/,https://bettergrades.net/subjects/math/precalculus/trigonometric-functions-and-periodic-models/building-the-cosine-graph-from-circular-motion/,precalculus,unit.math.precalculus.precalculus-unit-10,textbook-lesson.math.precalculus.precalculus-u10-l2,textbook-lesson,Building the cosine graph from circular motion | Better Grades,Building the cosine graph from circular motion,building the cosine graph from circular motion,Building the cosine graph from circular motion | Construct y=cos t from the horizontal coordinate of circular motion and compare it with sine. | Trigonometric Functions and Periodic Models,,,UNAVAILABLE,UNAVAILABLE,UNAVAILABLE,UNAVAILABLE,UNAVAILABLE,KEEP,Unique rendered H1/primary query retained; monitor in Search Console.,/subjects/math/precalculus/trigonometric-functions-and-periodic-models/building-the-cosine-graph-from-circular-motion/,0,CURRENT,self-canonical=true; sitemap=true; inboundInternalLinks=8,medium / pending search evidence,"GSC top queries, clicks, impressions, CTR, average position; backlinks before any consolidation"
/subjects/math/precalculus/trigonometric-functions-and-periodic-models/building-the-sine-graph-from-circular-motion/,https://bettergrades.net/subjects/math/precalculus/trigonometric-functions-and-periodic-models/building-the-sine-graph-from-circular-motion/,precalculus,unit.math.precalculus.precalculus-unit-10,textbook-lesson.math.precalculus.precalculus-u10-l1,textbook-lesson,Building the sine graph from circular motion | Better Grades,Building the sine graph from circular motion,building the sine graph from circular motion,Building the sine graph from circular motion | Construct y=sin t from the vertical coordinate of a rotating unit-circle point. | Trigonometric Functions and Periodic Models,,,UNAVAILABLE,UNAVAILABLE,UNAVAILABLE,UNAVAILABLE,UNAVAILABLE,KEEP,Unique rendered H1/primary query retained; monitor in Search Console.,/subjects/math/precalculus/trigonometric-functions-and-periodic-models/building-the-sine-graph-from-circular-motion/,0,CURRENT,self-canonical=true; sitemap=true; inboundInternalLinks=10,medium / pending search evidence,"GSC top queries, clicks, impressions, CTR, average position; backlinks before any consolidation"
/subjects/math/precalculus/trigonometric-functions-and-periodic-models/inverse-trigonometric-functions-and-branch-restrictions/,https://bettergrades.net/subjects/math/precalculus/trigonometric-functions-and-periodic-models/inverse-trigonometric-functions-and-branch-restrictions/,precalculus,unit.math.precalculus.precalculus-unit-10,textbook-lesson.math.precalculus.precalculus-u10-l10,textbook-lesson,Inverse trigonometric functions and branch restrictions | Better Grades,Inverse trigonometric functions and branch restrictions,inverse trigonometric functions and branch restrictions,"Inverse trigonometric functions and branch restrictions | Define inverse sine, cosine, and tangent using one-to-one branches and principal-value ranges. | Trigonometric Functions and Periodic Models",,,UNAVAILABLE,UNAVAILABLE,UNAVAILABLE,UNAVAILABLE,UNAVAILABLE,KEEP,Unique rendered H1/primary query retained; monitor in Search Console.,/subjects/math/precalculus/trigonometric-functions-and-periodic-models/inverse-trigonometric-functions-and-branch-restrictions/,0,CURRENT,self-canonical=true; sitemap=true; inboundInternalLinks=9,medium / pending search evidence,"GSC top queries, clicks, impressions, CTR, average position; backlinks before any consolidation"
/subjects/math/precalculus/trigonometric-functions-and-periodic-models/investigation/,https://bettergrades.net/subjects/math/precalculus/trigonometric-functions-and-periodic-models/investigation/,precalculus,unit.math.precalculus.precalculus-unit-10,,assessment,Trigonometric Functions and Periodic Models Modeling Investigation | Better Grades,Trigonometric Functions and Periodic Models Modeling Investigation,trigonometric functions and periodic models modeling investigation,Trigonometric Functions and Periodic Models Modeling Investigation | A multistage trigonometric functions and periodic models representation and verification task. | Trigonometric Functions and Periodic Models,,,UNAVAILABLE,UNAVAILABLE,UNAVAILABLE,UNAVAILABLE,UNAVAILABLE,KEEP,Unique rendered H1/primary query retained; monitor in Search Console.,/subjects/math/precalculus/trigonometric-functions-and-periodic-models/investigation/,0,CURRENT,self-canonical=true; sitemap=true; inboundInternalLinks=3,medium / pending search evidence,"GSC top queries, clicks, impressions, CTR, average position; backlinks before any consolidation"
/subjects/math/precalculus/trigonometric-functions-and-periodic-models/mastery-check/,https://bettergrades.net/subjects/math/precalculus/trigonometric-functions-and-periodic-models/mastery-check/,precalculus,unit.math.precalculus.precalculus-unit-10,,assessment,Trigonometric Functions and Periodic Models Practice Test | Better Grades,Trigonometric Functions and Periodic Models Practice Test,trigonometric functions and periodic models practice test,Trigonometric Functions and Periodic Models Practice Test | A 28–36 item trigonometric functions and periodic models practice test spanning every unit lesson. | Trigonometric Functions and Periodic Models,,,UNAVAILABLE,UNAVAILABLE,UNAVAILABLE,UNAVAILABLE,UNAVAILABLE,KEEP,Unique rendered H1/primary query retained; monitor in Search Console.,/subjects/math/precalculus/trigonometric-functions-and-periodic-models/mastery-check/,0,CURRENT,self-canonical=true; sitemap=true; inboundInternalLinks=4,medium / pending search evidence,"GSC top queries, clicks, impressions, CTR, average position; backlinks before any consolidation"
/subjects/math/precalculus/trigonometric-functions-and-periodic-models/period-frequency-and-angular-frequency/,https://bettergrades.net/subjects/math/precalculus/trigonometric-functions-and-periodic-models/period-frequency-and-angular-frequency/,precalculus,unit.math.precalculus.precalculus-unit-10,textbook-lesson.math.precalculus.precalculus-u10-l4,textbook-lesson,"Period, frequency, and angular frequency | Better Grades","Period, frequency, and angular frequency","period, frequency, and angular frequency","Period, frequency, and angular frequency | Relate inside scale B to period, ordinary frequency, and angular frequency. | Trigonometric Functions and Periodic Models",,,UNAVAILABLE,UNAVAILABLE,UNAVAILABLE,UNAVAILABLE,UNAVAILABLE,KEEP,Unique rendered H1/primary query retained; monitor in Search Console.,/subjects/math/precalculus/trigonometric-functions-and-periodic-models/period-frequency-and-angular-frequency/,0,CURRENT,self-canonical=true; sitemap=true; inboundInternalLinks=9,medium / pending search evidence,"GSC top queries, clicks, impressions, CTR, average position; backlinks before any consolidation"
/subjects/math/precalculus/trigonometric-functions-and-periodic-models/phase-shift-and-timing/,https://bettergrades.net/subjects/math/precalculus/trigonometric-functions-and-periodic-models/phase-shift-and-timing/,precalculus,unit.math.precalculus.precalculus-unit-10,textbook-lesson.math.precalculus.precalculus-u10-l5,textbook-lesson,Phase shift and timing | Better Grades,Phase shift and timing,phase shift and timing,Phase shift and timing | Interpret B(x-C) as a horizontal timing shift and recover C from graph or context. | Trigonometric Functions and Periodic Models,,,UNAVAILABLE,UNAVAILABLE,UNAVAILABLE,UNAVAILABLE,UNAVAILABLE,KEEP,Unique rendered H1/primary query retained; monitor in Search Console.,/subjects/math/precalculus/trigonometric-functions-and-periodic-models/phase-shift-and-timing/,0,CURRENT,self-canonical=true; sitemap=true; inboundInternalLinks=9,medium / pending search evidence,"GSC top queries, clicks, impressions, CTR, average position; backlinks before any consolidation"
/subjects/math/precalculus/trigonometric-functions-and-periodic-models/practice/,https://bettergrades.net/subjects/math/precalculus/trigonometric-functions-and-periodic-models/practice/,precalculus,unit.math.precalculus.precalculus-unit-10,,assessment,Trigonometric Functions and Periodic Models Practice Problems | Better Grades,Trigonometric Functions and Periodic Models Practice Problems,trigonometric functions and periodic models practice problems,Trigonometric Functions and Periodic Models Practice Problems | A 32-item mixed trigonometric functions and periodic models practice set with repair links. | Trigonometric Functions and Periodic Models,,,UNAVAILABLE,UNAVAILABLE,UNAVAILABLE,UNAVAILABLE,UNAVAILABLE,KEEP,Unique rendered H1/primary query retained; monitor in Search Console.,/subjects/math/precalculus/trigonometric-functions-and-periodic-models/practice/,0,CURRENT,self-canonical=true; sitemap=true; inboundInternalLinks=4,medium / pending search evidence,"GSC top queries, clicks, impressions, CTR, average position; backlinks before any consolidation"
/subjects/math/precalculus/trigonometric-functions-and-periodic-models/review/,https://bettergrades.net/subjects/math/precalculus/trigonometric-functions-and-periodic-models/review/,precalculus,unit.math.precalculus.precalculus-unit-10,,assessment,Trigonometric Functions and Periodic Models Review | Better Grades,Trigonometric Functions and Periodic Models Review,trigonometric functions and periodic models review,Trigonometric Functions and Periodic Models Review | A 40–50 item cumulative review of trigonometric functions and periodic models. | Trigonometric Functions and Periodic Models,,,UNAVAILABLE,UNAVAILABLE,UNAVAILABLE,UNAVAILABLE,UNAVAILABLE,KEEP,Unique rendered H1/primary query retained; monitor in Search Console.,/subjects/math/precalculus/trigonometric-functions-and-periodic-models/review/,0,CURRENT,self-canonical=true; sitemap=true; inboundInternalLinks=3,medium / pending search evidence,"GSC top queries, clicks, impressions, CTR, average position; backlinks before any consolidation"
/subjects/math/precalculus/trigonometric-functions-and-periodic-models/secant-and-cosecant-graphs/,https://bettergrades.net/subjects/math/precalculus/trigonometric-functions-and-periodic-models/secant-and-cosecant-graphs/,precalculus,unit.math.precalculus.precalculus-unit-10,textbook-lesson.math.precalculus.precalculus-u10-l8,textbook-lesson,Secant and cosecant graphs | Better Grades,Secant and cosecant graphs,secant and cosecant graphs,Secant and cosecant graphs | Construct secant and cosecant graphs as reciprocals of cosine and sine. | Trigonometric Functions and Periodic Models,,,UNAVAILABLE,UNAVAILABLE,UNAVAILABLE,UNAVAILABLE,UNAVAILABLE,KEEP,Unique rendered H1/primary query retained; monitor in Search Console.,/subjects/math/precalculus/trigonometric-functions-and-periodic-models/secant-and-cosecant-graphs/,0,CURRENT,self-canonical=true; sitemap=true; inboundInternalLinks=9,medium / pending search evidence,"GSC top queries, clicks, impressions, CTR, average position; backlinks before any consolidation"
/subjects/math/precalculus/trigonometric-functions-and-periodic-models/sinusoidal-modeling-and-regression/,https://bettergrades.net/subjects/math/precalculus/trigonometric-functions-and-periodic-models/sinusoidal-modeling-and-regression/,precalculus,unit.math.precalculus.precalculus-unit-10,textbook-lesson.math.precalculus.precalculus-u10-l12,textbook-lesson,Sinusoidal modeling and regression | Better Grades,Sinusoidal modeling and regression,sinusoidal modeling and regression,"Sinusoidal modeling and regression | Fit and critique sinusoidal models using amplitude, midline, period, phase, residuals, and domain. | Trigonometric Functions and Periodic Models",,,UNAVAILABLE,UNAVAILABLE,UNAVAILABLE,UNAVAILABLE,UNAVAILABLE,KEEP,Unique rendered H1/primary query retained; monitor in Search Console.,/subjects/math/precalculus/trigonometric-functions-and-periodic-models/sinusoidal-modeling-and-regression/,0,CURRENT,self-canonical=true; sitemap=true; inboundInternalLinks=7,medium / pending search evidence,"GSC top queries, clicks, impressions, CTR, average position; backlinks before any consolidation"
/subjects/math/precalculus/trigonometric-functions-and-periodic-models/symmetry-periodicity-and-the-six-function-family/,https://bettergrades.net/subjects/math/precalculus/trigonometric-functions-and-periodic-models/symmetry-periodicity-and-the-six-function-family/,precalculus,unit.math.precalculus.precalculus-unit-10,textbook-lesson.math.precalculus.precalculus-u10-l9,textbook-lesson,Symmetry and Periodicity Across the Six Trigonometric Functions | Better Grades,Symmetry and Periodicity Across the Six Trigonometric Functions,symmetry and periodicity across the six trigonometric functions,"Symmetry and Periodicity Across the Six Trigonometric Functions | Compare domains, ranges, parity, periods, zeros, and asymptotes of all six trig functions. | Trigonometric Functions and Periodic Models",,,UNAVAILABLE,UNAVAILABLE,UNAVAILABLE,UNAVAILABLE,UNAVAILABLE,KEEP,Unique rendered H1/primary query retained; monitor in Search Console.,/subjects/math/precalculus/trigonometric-functions-and-periodic-models/symmetry-periodicity-and-the-six-function-family/,0,CURRENT,self-canonical=true; sitemap=true; inboundInternalLinks=8,medium / pending search evidence,"GSC top queries, clicks, impressions, CTR, average position; backlinks before any consolidation"
/subjects/math/precalculus/trigonometric-functions-and-periodic-models/tangent-and-cotangent-graphs/,https://bettergrades.net/subjects/math/precalculus/trigonometric-functions-and-periodic-models/tangent-and-cotangent-graphs/,precalculus,unit.math.precalculus.precalculus-unit-10,textbook-lesson.math.precalculus.precalculus-u10-l7,textbook-lesson,Tangent and cotangent graphs | Better Grades,Tangent and cotangent graphs,tangent and cotangent graphs,"Tangent and cotangent graphs | Derive tangent and cotangent graphs from quotient definitions, zeros, asymptotes, and period pi. | Trigonometric Functions and Periodic Models",,,UNAVAILABLE,UNAVAILABLE,UNAVAILABLE,UNAVAILABLE,UNAVAILABLE,KEEP,Unique rendered H1/primary query retained; monitor in Search Console.,/subjects/math/precalculus/trigonometric-functions-and-periodic-models/tangent-and-cotangent-graphs/,0,CURRENT,self-canonical=true; sitemap=true; inboundInternalLinks=9,medium / pending search evidence,"GSC top queries, clicks, impressions, CTR, average position; backlinks before any consolidation"
/subjects/math/precalculus/trigonometric-functions-and-periodic-models/the-general-sinusoidal-function/,https://bettergrades.net/subjects/math/precalculus/trigonometric-functions-and-periodic-models/the-general-sinusoidal-function/,precalculus,unit.math.precalculus.precalculus-unit-10,textbook-lesson.math.precalculus.precalculus-u10-l6,textbook-lesson,The General Sinusoidal Function and Its Parameters | Better Grades,The General Sinusoidal Function and Its Parameters,the general sinusoidal function and its parameters,The General Sinusoidal Function and Its Parameters | Build and analyze y=A sin(B(x-C))+D and equivalent cosine forms. | Trigonometric Functions and Periodic Models,,,UNAVAILABLE,UNAVAILABLE,UNAVAILABLE,UNAVAILABLE,UNAVAILABLE,KEEP,Unique rendered H1/primary query retained; monitor in Search Console.,/subjects/math/precalculus/trigonometric-functions-and-periodic-models/the-general-sinusoidal-function/,0,CURRENT,self-canonical=true; sitemap=true; inboundInternalLinks=8,medium / pending search evidence,"GSC top queries, clicks, impressions, CTR, average position; backlinks before any consolidation"
/subjects/math/precalculus/trigonometric-identities-and-equations/,https://bettergrades.net/subjects/math/precalculus/trigonometric-identities-and-equations/,precalculus,unit.math.precalculus.precalculus-unit-11,,unit-hub,Trigonometric Identities and Equations | Better Grades,Trigonometric Identities and Equations,trigonometric identities and equations,Trigonometric Identities and Equations | Is (1-cos^2 x)/sin x=sin x an identity? State the exact common domain on which the equality is valid.,,,UNAVAILABLE,UNAVAILABLE,UNAVAILABLE,UNAVAILABLE,UNAVAILABLE,KEEP,Unique rendered H1/primary query retained; monitor in Search Console.,/subjects/math/precalculus/trigonometric-identities-and-equations/,0,CURRENT,self-canonical=true; sitemap=true; inboundInternalLinks=18,medium / pending search evidence,"GSC top queries, clicks, impressions, CTR, average position; backlinks before any consolidation"
/subjects/math/precalculus/trigonometric-identities-and-equations/double-angle-formulas/,https://bettergrades.net/subjects/math/precalculus/trigonometric-identities-and-equations/double-angle-formulas/,precalculus,unit.math.precalculus.precalculus-unit-11,textbook-lesson.math.precalculus.precalculus-u11-l5,textbook-lesson,Double-angle formulas | Better Grades,Double-angle formulas,double-angle formulas,"Double-angle formulas | Derive and use double-angle identities, including three equivalent cosine forms. | Trigonometric Identities and Equations",,,UNAVAILABLE,UNAVAILABLE,UNAVAILABLE,UNAVAILABLE,UNAVAILABLE,KEEP,Unique rendered H1/primary query retained; monitor in Search Console.,/subjects/math/precalculus/trigonometric-identities-and-equations/double-angle-formulas/,0,CURRENT,self-canonical=true; sitemap=true; inboundInternalLinks=9,medium / pending search evidence,"GSC top queries, clicks, impressions, CTR, average position; backlinks before any consolidation"
/subjects/math/precalculus/trigonometric-identities-and-equations/equations-using-fundamental-identities/,https://bettergrades.net/subjects/math/precalculus/trigonometric-identities-and-equations/equations-using-fundamental-identities/,precalculus,unit.math.precalculus.precalculus-unit-11,textbook-lesson.math.precalculus.precalculus-u11-l8,textbook-lesson,Solving Trigonometric Equations with Fundamental Identities | Better Grades,Solving Trigonometric Equations with Fundamental Identities,solving trigonometric equations with fundamental identities,"Solving Trigonometric Equations with Fundamental Identities | Solve trig equations by converting functions, factoring, and applying fundamental identities. | Trigonometric Identities and Equations",,,UNAVAILABLE,UNAVAILABLE,UNAVAILABLE,UNAVAILABLE,UNAVAILABLE,KEEP,Unique rendered H1/primary query retained; monitor in Search Console.,/subjects/math/precalculus/trigonometric-identities-and-equations/equations-using-fundamental-identities/,0,CURRENT,self-canonical=true; sitemap=true; inboundInternalLinks=9,medium / pending search evidence,"GSC top queries, clicks, impressions, CTR, average position; backlinks before any consolidation"
/subjects/math/precalculus/trigonometric-identities-and-equations/exact-and-numerical-trigonometric-equation-solving/,https://bettergrades.net/subjects/math/precalculus/trigonometric-identities-and-equations/exact-and-numerical-trigonometric-equation-solving/,precalculus,unit.math.precalculus.precalculus-unit-11,textbook-lesson.math.precalculus.precalculus-u11-l12,textbook-lesson,Exact and numerical trigonometric equation solving | Better Grades,Exact and numerical trigonometric equation solving,exact and numerical trigonometric equation solving,"Exact and numerical trigonometric equation solving | Use graphing, bracketing, and numerical methods for trig equations without convenient exact solutions. | Trigonometric Identities and Equations",,,UNAVAILABLE,UNAVAILABLE,UNAVAILABLE,UNAVAILABLE,UNAVAILABLE,KEEP,Unique rendered H1/primary query retained; monitor in Search Console.,/subjects/math/precalculus/trigonometric-identities-and-equations/exact-and-numerical-trigonometric-equation-solving/,0,CURRENT,self-canonical=true; sitemap=true; inboundInternalLinks=7,medium / pending search evidence,"GSC top queries, clicks, impressions, CTR, average position; backlinks before any consolidation"
/subjects/math/precalculus/trigonometric-identities-and-equations/general-solutions-and-interval-restrictions/,https://bettergrades.net/subjects/math/precalculus/trigonometric-identities-and-equations/general-solutions-and-interval-restrictions/,precalculus,unit.math.precalculus.precalculus-unit-11,textbook-lesson.math.precalculus.precalculus-u11-l11,textbook-lesson,General solutions and interval restrictions | Better Grades,General solutions and interval restrictions,general solutions and interval restrictions,General solutions and interval restrictions | Write complete periodic solution families and extract all solutions from specified intervals. | Trigonometric Identities and Equations,,,UNAVAILABLE,UNAVAILABLE,UNAVAILABLE,UNAVAILABLE,UNAVAILABLE,KEEP,Unique rendered H1/primary query retained; monitor in Search Console.,/subjects/math/precalculus/trigonometric-identities-and-equations/general-solutions-and-interval-restrictions/,0,CURRENT,self-canonical=true; sitemap=true; inboundInternalLinks=7,medium / pending search evidence,"GSC top queries, clicks, impressions, CTR, average position; backlinks before any consolidation"
/subjects/math/precalculus/trigonometric-identities-and-equations/half-angle-and-power-reduction-formulas/,https://bettergrades.net/subjects/math/precalculus/trigonometric-identities-and-equations/half-angle-and-power-reduction-formulas/,precalculus,unit.math.precalculus.precalculus-unit-11,textbook-lesson.math.precalculus.precalculus-u11-l6,textbook-lesson,Half-angle and power-reduction formulas | Better Grades,Half-angle and power-reduction formulas,half-angle and power-reduction formulas,Half-angle and power-reduction formulas | Derive half-angle and power-reduction identities and select signs using quadrant information. | Trigonometric Identities and Equations,,,UNAVAILABLE,UNAVAILABLE,UNAVAILABLE,UNAVAILABLE,UNAVAILABLE,KEEP,Unique rendered H1/primary query retained; monitor in Search Console.,/subjects/math/precalculus/trigonometric-identities-and-equations/half-angle-and-power-reduction-formulas/,0,CURRENT,self-canonical=true; sitemap=true; inboundInternalLinks=8,medium / pending search evidence,"GSC top queries, clicks, impressions, CTR, average position; backlinks before any consolidation"
/subjects/math/precalculus/trigonometric-identities-and-equations/identities-equations-and-proof-strategy/,https://bettergrades.net/subjects/math/precalculus/trigonometric-identities-and-equations/identities-equations-and-proof-strategy/,precalculus,unit.math.precalculus.precalculus-unit-11,textbook-lesson.math.precalculus.precalculus-u11-l1,textbook-lesson,"Trigonometric Identities, Equations, and Proof Strategy | Better Grades","Trigonometric Identities, Equations, and Proof Strategy","trigonometric identities, equations, and proof strategy","Trigonometric Identities, Equations, and Proof Strategy | Distinguish identities from conditional equations and use valid one-sided transformation strategies. | Trigonometric Identities and Equations",,,UNAVAILABLE,UNAVAILABLE,UNAVAILABLE,UNAVAILABLE,UNAVAILABLE,KEEP,Unique rendered H1/primary query retained; monitor in Search Console.,/subjects/math/precalculus/trigonometric-identities-and-equations/identities-equations-and-proof-strategy/,0,CURRENT,self-canonical=true; sitemap=true; inboundInternalLinks=10,medium / pending search evidence,"GSC top queries, clicks, impressions, CTR, average position; backlinks before any consolidation"
/subjects/math/precalculus/trigonometric-identities-and-equations/investigation/,https://bettergrades.net/subjects/math/precalculus/trigonometric-identities-and-equations/investigation/,precalculus,unit.math.precalculus.precalculus-unit-11,,assessment,Trigonometric Identities and Equations Modeling Investigation | Better Grades,Trigonometric Identities and Equations Modeling Investigation,trigonometric identities and equations modeling investigation,Trigonometric Identities and Equations Modeling Investigation | A multistage trigonometric identities and equations representation and verification task. | Trigonometric Identities and Equations,,,UNAVAILABLE,UNAVAILABLE,UNAVAILABLE,UNAVAILABLE,UNAVAILABLE,KEEP,Unique rendered H1/primary query retained; monitor in Search Console.,/subjects/math/precalculus/trigonometric-identities-and-equations/investigation/,0,CURRENT,self-canonical=true; sitemap=true; inboundInternalLinks=3,medium / pending search evidence,"GSC top queries, clicks, impressions, CTR, average position; backlinks before any consolidation"
/subjects/math/precalculus/trigonometric-identities-and-equations/mastery-check/,https://bettergrades.net/subjects/math/precalculus/trigonometric-identities-and-equations/mastery-check/,precalculus,unit.math.precalculus.precalculus-unit-11,,assessment,Trigonometric Identities and Equations Practice Test | Better Grades,Trigonometric Identities and Equations Practice Test,trigonometric identities and equations practice test,Trigonometric Identities and Equations Practice Test | A 28–36 item trigonometric identities and equations practice test spanning every unit lesson. | Trigonometric Identities and Equations,,,UNAVAILABLE,UNAVAILABLE,UNAVAILABLE,UNAVAILABLE,UNAVAILABLE,KEEP,Unique rendered H1/primary query retained; monitor in Search Console.,/subjects/math/precalculus/trigonometric-identities-and-equations/mastery-check/,0,CURRENT,self-canonical=true; sitemap=true; inboundInternalLinks=4,medium / pending search evidence,"GSC top queries, clicks, impressions, CTR, average position; backlinks before any consolidation"
/subjects/math/precalculus/trigonometric-identities-and-equations/multiple-angle-equations/,https://bettergrades.net/subjects/math/precalculus/trigonometric-identities-and-equations/multiple-angle-equations/,precalculus,unit.math.precalculus.precalculus-unit-11,textbook-lesson.math.precalculus.precalculus-u11-l10,textbook-lesson,Multiple-angle equations | Better Grades,Multiple-angle equations,multiple-angle equations,"Multiple-angle equations | Solve equations involving sin(nx), cos(nx), or tan(nx) and translate solution families back to x. | Trigonometric Identities and Equations",,,UNAVAILABLE,UNAVAILABLE,UNAVAILABLE,UNAVAILABLE,UNAVAILABLE,KEEP,Unique rendered H1/primary query retained; monitor in Search Console.,/subjects/math/precalculus/trigonometric-identities-and-equations/multiple-angle-equations/,0,CURRENT,self-canonical=true; sitemap=true; inboundInternalLinks=9,medium / pending search evidence,"GSC top queries, clicks, impressions, CTR, average position; backlinks before any consolidation"
/subjects/math/precalculus/trigonometric-identities-and-equations/practice/,https://bettergrades.net/subjects/math/precalculus/trigonometric-identities-and-equations/practice/,precalculus,unit.math.precalculus.precalculus-unit-11,,assessment,Trigonometric Identities and Equations Practice Problems | Better Grades,Trigonometric Identities and Equations Practice Problems,trigonometric identities and equations practice problems,Trigonometric Identities and Equations Practice Problems | A 32-item mixed trigonometric identities and equations practice set with repair links. | Trigonometric Identities and Equations,,,UNAVAILABLE,UNAVAILABLE,UNAVAILABLE,UNAVAILABLE,UNAVAILABLE,KEEP,Unique rendered H1/primary query retained; monitor in Search Console.,/subjects/math/precalculus/trigonometric-identities-and-equations/practice/,0,CURRENT,self-canonical=true; sitemap=true; inboundInternalLinks=4,medium / pending search evidence,"GSC top queries, clicks, impressions, CTR, average position; backlinks before any consolidation"
/subjects/math/precalculus/trigonometric-identities-and-equations/product-to-sum-and-sum-to-product-formulas/,https://bettergrades.net/subjects/math/precalculus/trigonometric-identities-and-equations/product-to-sum-and-sum-to-product-formulas/,precalculus,unit.math.precalculus.precalculus-unit-11,textbook-lesson.math.precalculus.precalculus-u11-l7,textbook-lesson,Product-to-sum and sum-to-product formulas | Better Grades,Product-to-sum and sum-to-product formulas,product-to-sum and sum-to-product formulas,Product-to-sum and sum-to-product formulas | Convert products and sums of trig functions to alternate forms and interpret signal combinations. | Trigonometric Identities and Equations,,,UNAVAILABLE,UNAVAILABLE,UNAVAILABLE,UNAVAILABLE,UNAVAILABLE,KEEP,Unique rendered H1/primary query retained; monitor in Search Console.,/subjects/math/precalculus/trigonometric-identities-and-equations/product-to-sum-and-sum-to-product-formulas/,0,CURRENT,self-canonical=true; sitemap=true; inboundInternalLinks=9,medium / pending search evidence,"GSC top queries, clicks, impressions, CTR, average position; backlinks before any consolidation"
/subjects/math/precalculus/trigonometric-identities-and-equations/quadratic-form-trigonometric-equations/,https://bettergrades.net/subjects/math/precalculus/trigonometric-identities-and-equations/quadratic-form-trigonometric-equations/,precalculus,unit.math.precalculus.precalculus-unit-11,textbook-lesson.math.precalculus.precalculus-u11-l9,textbook-lesson,Quadratic-form trigonometric equations | Better Grades,Quadratic-form trigonometric equations,quadratic-form trigonometric equations,Quadratic-form trigonometric equations | Use substitution and algebraic solving for equations quadratic in a trig function. | Trigonometric Identities and Equations,,,UNAVAILABLE,UNAVAILABLE,UNAVAILABLE,UNAVAILABLE,UNAVAILABLE,KEEP,Unique rendered H1/primary query retained; monitor in Search Console.,/subjects/math/precalculus/trigonometric-identities-and-equations/quadratic-form-trigonometric-equations/,0,CURRENT,self-canonical=true; sitemap=true; inboundInternalLinks=8,medium / pending search evidence,"GSC top queries, clicks, impressions, CTR, average position; backlinks before any consolidation"
/subjects/math/precalculus/trigonometric-identities-and-equations/reciprocal-quotient-and-pythagorean-identities/,https://bettergrades.net/subjects/math/precalculus/trigonometric-identities-and-equations/reciprocal-quotient-and-pythagorean-identities/,precalculus,unit.math.precalculus.precalculus-unit-11,textbook-lesson.math.precalculus.precalculus-u11-l2,textbook-lesson,"Reciprocal, quotient, and Pythagorean identities | Better Grades","Reciprocal, quotient, and Pythagorean identities","reciprocal, quotient, and pythagorean identities","Reciprocal, quotient, and Pythagorean identities | Derive and apply the fundamental trig identities from unit-circle coordinates. | Trigonometric Identities and Equations",,,UNAVAILABLE,UNAVAILABLE,UNAVAILABLE,UNAVAILABLE,UNAVAILABLE,KEEP,Unique rendered H1/primary query retained; monitor in Search Console.,/subjects/math/precalculus/trigonometric-identities-and-equations/reciprocal-quotient-and-pythagorean-identities/,0,CURRENT,self-canonical=true; sitemap=true; inboundInternalLinks=8,medium / pending search evidence,"GSC top queries, clicks, impressions, CTR, average position; backlinks before any consolidation"
/subjects/math/precalculus/trigonometric-identities-and-equations/review/,https://bettergrades.net/subjects/math/precalculus/trigonometric-identities-and-equations/review/,precalculus,unit.math.precalculus.precalculus-unit-11,,assessment,Trigonometric Identities and Equations Review | Better Grades,Trigonometric Identities and Equations Review,trigonometric identities and equations review,Trigonometric Identities and Equations Review | A 40–50 item cumulative review of trigonometric identities and equations. | Trigonometric Identities and Equations,,,UNAVAILABLE,UNAVAILABLE,UNAVAILABLE,UNAVAILABLE,UNAVAILABLE,KEEP,Unique rendered H1/primary query retained; monitor in Search Console.,/subjects/math/precalculus/trigonometric-identities-and-equations/review/,0,CURRENT,self-canonical=true; sitemap=true; inboundInternalLinks=3,medium / pending search evidence,"GSC top queries, clicks, impressions, CTR, average position; backlinks before any consolidation"
/subjects/math/precalculus/trigonometric-identities-and-equations/sum-and-difference-formulas/,https://bettergrades.net/subjects/math/precalculus/trigonometric-identities-and-equations/sum-and-difference-formulas/,precalculus,unit.math.precalculus.precalculus-unit-11,textbook-lesson.math.precalculus.precalculus-u11-l4,textbook-lesson,Trigonometric Sum and Difference Formulas | Better Grades,Trigonometric Sum and Difference Formulas,trigonometric sum and difference formulas,"Trigonometric Sum and Difference Formulas | Derive and apply sine, cosine, and tangent sum and difference formulas. | Trigonometric Identities and Equations",,,UNAVAILABLE,UNAVAILABLE,UNAVAILABLE,UNAVAILABLE,UNAVAILABLE,KEEP,Unique rendered H1/primary query retained; monitor in Search Console.,/subjects/math/precalculus/trigonometric-identities-and-equations/sum-and-difference-formulas/,0,CURRENT,self-canonical=true; sitemap=true; inboundInternalLinks=9,medium / pending search evidence,"GSC top queries, clicks, impressions, CTR, average position; backlinks before any consolidation"
/subjects/math/precalculus/trigonometric-identities-and-equations/verifying-identities-strategically/,https://bettergrades.net/subjects/math/precalculus/trigonometric-identities-and-equations/verifying-identities-strategically/,precalculus,unit.math.precalculus.precalculus-unit-11,textbook-lesson.math.precalculus.precalculus-u11-l3,textbook-lesson,Verifying identities strategically | Better Grades,Verifying identities strategically,verifying identities strategically,"Verifying identities strategically | Select factoring, common denominators, conjugates, or sine-cosine conversion to verify identities. | Trigonometric Identities and Equations",,,UNAVAILABLE,UNAVAILABLE,UNAVAILABLE,UNAVAILABLE,UNAVAILABLE,KEEP,Unique rendered H1/primary query retained; monitor in Search Console.,/subjects/math/precalculus/trigonometric-identities-and-equations/verifying-identities-strategically/,0,CURRENT,self-canonical=true; sitemap=true; inboundInternalLinks=9,medium / pending search evidence,"GSC top queries, clicks, impressions, CTR, average position; backlinks before any consolidation"
/tools/math/algebra/expression-checker/,https://bettergrades.net/tools/math/algebra/expression-checker/,algebra,,,tool,Algebra Expression Checker | Better Grades,Type it messy. See it clearly.,type it messy see it clearly,/calculators/algebra-expression-checker/ | calculator | checker | solve | simplify | evaluate | expression checker,,,UNAVAILABLE,UNAVAILABLE,UNAVAILABLE,UNAVAILABLE,UNAVAILABLE,KEEP,Unique rendered H1/primary query retained; monitor in Search Console.,/tools/math/algebra/expression-checker/,0,CURRENT,self-canonical=true; sitemap=true; inboundInternalLinks=41,medium / pending search evidence,"GSC top queries, clicks, impressions, CTR, average position; backlinks before any consolidation"
/tools/math/calculus/integration-method-finder/,https://bettergrades.net/tools/math/calculus/integration-method-finder/,calculus,,,tool,Integration Method Finder | Better Grades,Integration Method Finder,integration method finder,/calculators/integration-method-finder/ | calculator | checker | solve | simplify | evaluate | integration method finder,,,UNAVAILABLE,UNAVAILABLE,UNAVAILABLE,UNAVAILABLE,UNAVAILABLE,KEEP,Unique rendered H1/primary query retained; monitor in Search Console.,/tools/math/calculus/integration-method-finder/,0,CURRENT,self-canonical=true; sitemap=true; inboundInternalLinks=8,medium / pending search evidence,"GSC top queries, clicks, impressions, CTR, average position; backlinks before any consolidation"
