lesson_id,unit,exercise_set,purpose,recommended_count,canonical_lesson_path,answer_boundary,grading_policy
A0.1,A0,A0.1-P1,Plot and compare signed values.,2-5,/subjects/math/algebra/arithmetic-readiness/number-lines-and-signed-quantities/,canonical answer and worked solution server-only; public page receives attempt-gated reveal ID,deterministic where mathematically provable; open explanation may return uncertain and expose rubric after attempt
A0.1,A0,A0.1-P2,Describe multi-step changes.,2-5,/subjects/math/algebra/arithmetic-readiness/number-lines-and-signed-quantities/,canonical answer and worked solution server-only; public page receives attempt-gated reveal ID,deterministic where mathematically provable; open explanation may return uncertain and expose rubric after attempt
A0.1,A0,A0.1-P3,Translate subtraction into adding an opposite.,2-5,/subjects/math/algebra/arithmetic-readiness/number-lines-and-signed-quantities/,canonical answer and worked solution server-only; public page receives attempt-gated reveal ID,deterministic where mathematically provable; open explanation may return uncertain and expose rubric after attempt
A0.1,A0,A0.1-P4,Diagnose comparison errors involving absolute value.,2-5,/subjects/math/algebra/arithmetic-readiness/number-lines-and-signed-quantities/,canonical answer and worked solution server-only; public page receives attempt-gated reveal ID,deterministic where mathematically provable; open explanation may return uncertain and expose rubric after attempt
A0.1,A0,A0.1-EXIT,Two-item exit check: one direct and one mixed/transfer item.,2,/subjects/math/algebra/arithmetic-readiness/number-lines-and-signed-quantities/,canonical answer and worked solution server-only; public page receives attempt-gated reveal ID,deterministic where mathematically provable; open explanation may return uncertain and expose rubric after attempt
A0.2,A0,A0.2-P1,Mental estimation.,2-5,/subjects/math/algebra/arithmetic-readiness/whole-number-operations-and-estimation/,canonical answer and worked solution server-only; public page receives attempt-gated reveal ID,deterministic where mathematically provable; open explanation may return uncertain and expose rubric after attempt
A0.2,A0,A0.2-P2,Exact computation.,2-5,/subjects/math/algebra/arithmetic-readiness/whole-number-operations-and-estimation/,canonical answer and worked solution server-only; public page receives attempt-gated reveal ID,deterministic where mathematically provable; open explanation may return uncertain and expose rubric after attempt
A0.2,A0,A0.2-P3,Choose a plausible interval for the answer.,2-5,/subjects/math/algebra/arithmetic-readiness/whole-number-operations-and-estimation/,canonical answer and worked solution server-only; public page receives attempt-gated reveal ID,deterministic where mathematically provable; open explanation may return uncertain and expose rubric after attempt
A0.2,A0,A0.2-P4,Identify a mistyped or misplaced-decimal result.,2-5,/subjects/math/algebra/arithmetic-readiness/whole-number-operations-and-estimation/,canonical answer and worked solution server-only; public page receives attempt-gated reveal ID,deterministic where mathematically provable; open explanation may return uncertain and expose rubric after attempt
A0.2,A0,A0.2-EXIT,Two-item exit check: one direct and one mixed/transfer item.,2,/subjects/math/algebra/arithmetic-readiness/whole-number-operations-and-estimation/,canonical answer and worked solution server-only; public page receives attempt-gated reveal ID,deterministic where mathematically provable; open explanation may return uncertain and expose rubric after attempt
A0.3,A0,A0.3-P1,Prime factorization.,2-5,/subjects/math/algebra/arithmetic-readiness/factors-primes-gcf-and-lcm/,canonical answer and worked solution server-only; public page receives attempt-gated reveal ID,deterministic where mathematically provable; open explanation may return uncertain and expose rubric after attempt
A0.3,A0,A0.3-P2,GCF and LCM calculations.,2-5,/subjects/math/algebra/arithmetic-readiness/factors-primes-gcf-and-lcm/,canonical answer and worked solution server-only; public page receives attempt-gated reveal ID,deterministic where mathematically provable; open explanation may return uncertain and expose rubric after attempt
A0.3,A0,A0.3-P3,Choose GCF versus LCM from context.,2-5,/subjects/math/algebra/arithmetic-readiness/factors-primes-gcf-and-lcm/,canonical answer and worked solution server-only; public page receives attempt-gated reveal ID,deterministic where mathematically provable; open explanation may return uncertain and expose rubric after attempt
A0.3,A0,A0.3-P4,Connect common factors to fraction reduction.,2-5,/subjects/math/algebra/arithmetic-readiness/factors-primes-gcf-and-lcm/,canonical answer and worked solution server-only; public page receives attempt-gated reveal ID,deterministic where mathematically provable; open explanation may return uncertain and expose rubric after attempt
A0.3,A0,A0.3-EXIT,Two-item exit check: one direct and one mixed/transfer item.,2,/subjects/math/algebra/arithmetic-readiness/factors-primes-gcf-and-lcm/,canonical answer and worked solution server-only; public page receives attempt-gated reveal ID,deterministic where mathematically provable; open explanation may return uncertain and expose rubric after attempt
A0.4,A0,A0.4-P1,Locate and compare fractions.,2-5,/subjects/math/algebra/arithmetic-readiness/fractions-as-numbers/,canonical answer and worked solution server-only; public page receives attempt-gated reveal ID,deterministic where mathematically provable; open explanation may return uncertain and expose rubric after attempt
A0.4,A0,A0.4-P2,Generate equivalent fractions.,2-5,/subjects/math/algebra/arithmetic-readiness/fractions-as-numbers/,canonical answer and worked solution server-only; public page receives attempt-gated reveal ID,deterministic where mathematically provable; open explanation may return uncertain and expose rubric after attempt
A0.4,A0,A0.4-P3,Interpret a fraction of a quantity.,2-5,/subjects/math/algebra/arithmetic-readiness/fractions-as-numbers/,canonical answer and worked solution server-only; public page receives attempt-gated reveal ID,deterministic where mathematically provable; open explanation may return uncertain and expose rubric after attempt
A0.4,A0,A0.4-P4,Explain why the denominator cannot be zero.,2-5,/subjects/math/algebra/arithmetic-readiness/fractions-as-numbers/,canonical answer and worked solution server-only; public page receives attempt-gated reveal ID,deterministic where mathematically provable; open explanation may return uncertain and expose rubric after attempt
A0.4,A0,A0.4-EXIT,Two-item exit check: one direct and one mixed/transfer item.,2,/subjects/math/algebra/arithmetic-readiness/fractions-as-numbers/,canonical answer and worked solution server-only; public page receives attempt-gated reveal ID,deterministic where mathematically provable; open explanation may return uncertain and expose rubric after attempt
A0.5,A0,A0.5-P1,Compute products and quotients.,2-5,/subjects/math/algebra/arithmetic-readiness/multiplying-and-dividing-fractions/,canonical answer and worked solution server-only; public page receives attempt-gated reveal ID,deterministic where mathematically provable; open explanation may return uncertain and expose rubric after attempt
A0.5,A0,A0.5-P2,Predict whether a result grows or shrinks.,2-5,/subjects/math/algebra/arithmetic-readiness/multiplying-and-dividing-fractions/,canonical answer and worked solution server-only; public page receives attempt-gated reveal ID,deterministic where mathematically provable; open explanation may return uncertain and expose rubric after attempt
A0.5,A0,A0.5-P3,Explain reciprocal division.,2-5,/subjects/math/algebra/arithmetic-readiness/multiplying-and-dividing-fractions/,canonical answer and worked solution server-only; public page receives attempt-gated reveal ID,deterministic where mathematically provable; open explanation may return uncertain and expose rubric after attempt
A0.5,A0,A0.5-P4,Recipe and measurement transfer problems.,2-5,/subjects/math/algebra/arithmetic-readiness/multiplying-and-dividing-fractions/,canonical answer and worked solution server-only; public page receives attempt-gated reveal ID,deterministic where mathematically provable; open explanation may return uncertain and expose rubric after attempt
A0.5,A0,A0.5-EXIT,Two-item exit check: one direct and one mixed/transfer item.,2,/subjects/math/algebra/arithmetic-readiness/multiplying-and-dividing-fractions/,canonical answer and worked solution server-only; public page receives attempt-gated reveal ID,deterministic where mathematically provable; open explanation may return uncertain and expose rubric after attempt
A0.6,A0,A0.6-P1,Add and subtract like and unlike denominators.,2-5,/subjects/math/algebra/arithmetic-readiness/adding-subtracting-and-complex-fractions/,canonical answer and worked solution server-only; public page receives attempt-gated reveal ID,deterministic where mathematically provable; open explanation may return uncertain and expose rubric after attempt
A0.6,A0,A0.6-P2,Handle signed fractions.,2-5,/subjects/math/algebra/arithmetic-readiness/adding-subtracting-and-complex-fractions/,canonical answer and worked solution server-only; public page receives attempt-gated reveal ID,deterministic where mathematically provable; open explanation may return uncertain and expose rubric after attempt
A0.6,A0,A0.6-P3,Simplify complex fractions.,2-5,/subjects/math/algebra/arithmetic-readiness/adding-subtracting-and-complex-fractions/,canonical answer and worked solution server-only; public page receives attempt-gated reveal ID,deterministic where mathematically provable; open explanation may return uncertain and expose rubric after attempt
A0.6,A0,A0.6-P4,Repair illegal numerator-and-denominator addition.,2-5,/subjects/math/algebra/arithmetic-readiness/adding-subtracting-and-complex-fractions/,canonical answer and worked solution server-only; public page receives attempt-gated reveal ID,deterministic where mathematically provable; open explanation may return uncertain and expose rubric after attempt
A0.6,A0,A0.6-EXIT,Two-item exit check: one direct and one mixed/transfer item.,2,/subjects/math/algebra/arithmetic-readiness/adding-subtracting-and-complex-fractions/,canonical answer and worked solution server-only; public page receives attempt-gated reveal ID,deterministic where mathematically provable; open explanation may return uncertain and expose rubric after attempt
A0.7,A0,A0.7-P1,Convert among forms.,2-5,/subjects/math/algebra/arithmetic-readiness/fractions-decimals-and-percents/,canonical answer and worked solution server-only; public page receives attempt-gated reveal ID,deterministic where mathematically provable; open explanation may return uncertain and expose rubric after attempt
A0.7,A0,A0.7-P2,Order mixed forms.,2-5,/subjects/math/algebra/arithmetic-readiness/fractions-decimals-and-percents/,canonical answer and worked solution server-only; public page receives attempt-gated reveal ID,deterministic where mathematically provable; open explanation may return uncertain and expose rubric after attempt
A0.7,A0,A0.7-P3,Find a percent of a quantity.,2-5,/subjects/math/algebra/arithmetic-readiness/fractions-decimals-and-percents/,canonical answer and worked solution server-only; public page receives attempt-gated reveal ID,deterministic where mathematically provable; open explanation may return uncertain and expose rubric after attempt
A0.7,A0,A0.7-P4,Select the useful representation for a context.,2-5,/subjects/math/algebra/arithmetic-readiness/fractions-decimals-and-percents/,canonical answer and worked solution server-only; public page receives attempt-gated reveal ID,deterministic where mathematically provable; open explanation may return uncertain and expose rubric after attempt
A0.7,A0,A0.7-EXIT,Two-item exit check: one direct and one mixed/transfer item.,2,/subjects/math/algebra/arithmetic-readiness/fractions-decimals-and-percents/,canonical answer and worked solution server-only; public page receives attempt-gated reveal ID,deterministic where mathematically provable; open explanation may return uncertain and expose rubric after attempt
A0.8,A0,A0.8-P1,Unit rates.,2-5,/subjects/math/algebra/arithmetic-readiness/ratios-rates-proportions-and-percent-change/,canonical answer and worked solution server-only; public page receives attempt-gated reveal ID,deterministic where mathematically provable; open explanation may return uncertain and expose rubric after attempt
A0.8,A0,A0.8-P2,Equivalent ratios and proportions.,2-5,/subjects/math/algebra/arithmetic-readiness/ratios-rates-proportions-and-percent-change/,canonical answer and worked solution server-only; public page receives attempt-gated reveal ID,deterministic where mathematically provable; open explanation may return uncertain and expose rubric after attempt
A0.8,A0,A0.8-P3,Percent increase/decrease.,2-5,/subjects/math/algebra/arithmetic-readiness/ratios-rates-proportions-and-percent-change/,canonical answer and worked solution server-only; public page receives attempt-gated reveal ID,deterministic where mathematically provable; open explanation may return uncertain and expose rubric after attempt
A0.8,A0,A0.8-P4,Explain why cross-products are equal in a true proportion.,2-5,/subjects/math/algebra/arithmetic-readiness/ratios-rates-proportions-and-percent-change/,canonical answer and worked solution server-only; public page receives attempt-gated reveal ID,deterministic where mathematically provable; open explanation may return uncertain and expose rubric after attempt
A0.8,A0,A0.8-EXIT,Two-item exit check: one direct and one mixed/transfer item.,2,/subjects/math/algebra/arithmetic-readiness/ratios-rates-proportions-and-percent-change/,canonical answer and worked solution server-only; public page receives attempt-gated reveal ID,deterministic where mathematically provable; open explanation may return uncertain and expose rubric after attempt
A0.9,A0,A0.9-P1,Single- and multi-stage conversions.,2-5,/subjects/math/algebra/arithmetic-readiness/units-and-dimensional-reasoning/,canonical answer and worked solution server-only; public page receives attempt-gated reveal ID,deterministic where mathematically provable; open explanation may return uncertain and expose rubric after attempt
A0.9,A0,A0.9-P2,Derived units.,2-5,/subjects/math/algebra/arithmetic-readiness/units-and-dimensional-reasoning/,canonical answer and worked solution server-only; public page receives attempt-gated reveal ID,deterministic where mathematically provable; open explanation may return uncertain and expose rubric after attempt
A0.9,A0,A0.9-P3,Choose formulas by dimensional consistency.,2-5,/subjects/math/algebra/arithmetic-readiness/units-and-dimensional-reasoning/,canonical answer and worked solution server-only; public page receives attempt-gated reveal ID,deterministic where mathematically provable; open explanation may return uncertain and expose rubric after attempt
A0.9,A0,A0.9-P4,Diagnose missing or incompatible units.,2-5,/subjects/math/algebra/arithmetic-readiness/units-and-dimensional-reasoning/,canonical answer and worked solution server-only; public page receives attempt-gated reveal ID,deterministic where mathematically provable; open explanation may return uncertain and expose rubric after attempt
A0.9,A0,A0.9-EXIT,Two-item exit check: one direct and one mixed/transfer item.,2,/subjects/math/algebra/arithmetic-readiness/units-and-dimensional-reasoning/,canonical answer and worked solution server-only; public page receives attempt-gated reveal ID,deterministic where mathematically provable; open explanation may return uncertain and expose rubric after attempt
A0.10,A0,A0.10-P1,Evaluate powers and roots.,2-5,/subjects/math/algebra/arithmetic-readiness/powers-roots-and-scientific-notation/,canonical answer and worked solution server-only; public page receives attempt-gated reveal ID,deterministic where mathematically provable; open explanation may return uncertain and expose rubric after attempt
A0.10,A0,A0.10-P2,Convert scientific notation.,2-5,/subjects/math/algebra/arithmetic-readiness/powers-roots-and-scientific-notation/,canonical answer and worked solution server-only; public page receives attempt-gated reveal ID,deterministic where mathematically provable; open explanation may return uncertain and expose rubric after attempt
A0.10,A0,A0.10-P3,Compare orders of magnitude.,2-5,/subjects/math/algebra/arithmetic-readiness/powers-roots-and-scientific-notation/,canonical answer and worked solution server-only; public page receives attempt-gated reveal ID,deterministic where mathematically provable; open explanation may return uncertain and expose rubric after attempt
A0.10,A0,A0.10-P4,Distinguish -3^2 from (-3)^2.,2-5,/subjects/math/algebra/arithmetic-readiness/powers-roots-and-scientific-notation/,canonical answer and worked solution server-only; public page receives attempt-gated reveal ID,deterministic where mathematically provable; open explanation may return uncertain and expose rubric after attempt
A0.10,A0,A0.10-EXIT,Two-item exit check: one direct and one mixed/transfer item.,2,/subjects/math/algebra/arithmetic-readiness/powers-roots-and-scientific-notation/,canonical answer and worked solution server-only; public page receives attempt-gated reveal ID,deterministic where mathematically provable; open explanation may return uncertain and expose rubric after attempt
A1.1,A1,A1.1-P1,Name variables with units.,2-5,/subjects/math/algebra/quantities-variables/variables-and-changing-quantities/,canonical answer and worked solution server-only; public page receives attempt-gated reveal ID,deterministic where mathematically provable; open explanation may return uncertain and expose rubric after attempt
A1.1,A1,A1.1-P2,Classify fixed and changing quantities.,2-5,/subjects/math/algebra/quantities-variables/variables-and-changing-quantities/,canonical answer and worked solution server-only; public page receives attempt-gated reveal ID,deterministic where mathematically provable; open explanation may return uncertain and expose rubric after attempt
A1.1,A1,A1.1-P3,Build a table.,2-5,/subjects/math/algebra/quantities-variables/variables-and-changing-quantities/,canonical answer and worked solution server-only; public page receives attempt-gated reveal ID,deterministic where mathematically provable; open explanation may return uncertain and expose rubric after attempt
A1.1,A1,A1.1-P4,Explain dependent and independent quantities informally.,2-5,/subjects/math/algebra/quantities-variables/variables-and-changing-quantities/,canonical answer and worked solution server-only; public page receives attempt-gated reveal ID,deterministic where mathematically provable; open explanation may return uncertain and expose rubric after attempt
A1.1,A1,A1.1-EXIT,Two-item exit check: one direct and one mixed/transfer item.,2,/subjects/math/algebra/quantities-variables/variables-and-changing-quantities/,canonical answer and worked solution server-only; public page receives attempt-gated reveal ID,deterministic where mathematically provable; open explanation may return uncertain and expose rubric after attempt
A1.2,A1,A1.2-P1,Classify mixed objects.,2-5,/subjects/math/algebra/quantities-variables/expressions-equations-and-inequalities/,canonical answer and worked solution server-only; public page receives attempt-gated reveal ID,deterministic where mathematically provable; open explanation may return uncertain and expose rubric after attempt
A1.2,A1,A1.2-P2,Evaluate truth for candidate values.,2-5,/subjects/math/algebra/quantities-variables/expressions-equations-and-inequalities/,canonical answer and worked solution server-only; public page receives attempt-gated reveal ID,deterministic where mathematically provable; open explanation may return uncertain and expose rubric after attempt
A1.2,A1,A1.2-P3,Turn expressions into equations.,2-5,/subjects/math/algebra/quantities-variables/expressions-equations-and-inequalities/,canonical answer and worked solution server-only; public page receives attempt-gated reveal ID,deterministic where mathematically provable; open explanation may return uncertain and expose rubric after attempt
A1.2,A1,A1.2-P4,Identify malformed notation.,2-5,/subjects/math/algebra/quantities-variables/expressions-equations-and-inequalities/,canonical answer and worked solution server-only; public page receives attempt-gated reveal ID,deterministic where mathematically provable; open explanation may return uncertain and expose rubric after attempt
A1.2,A1,A1.2-EXIT,Two-item exit check: one direct and one mixed/transfer item.,2,/subjects/math/algebra/quantities-variables/expressions-equations-and-inequalities/,canonical answer and worked solution server-only; public page receives attempt-gated reveal ID,deterministic where mathematically provable; open explanation may return uncertain and expose rubric after attempt
A1.3,A1,A1.3-P1,Identify terms and factors.,2-5,/subjects/math/algebra/quantities-variables/terms-factors-coefficients-and-structure/,canonical answer and worked solution server-only; public page receives attempt-gated reveal ID,deterministic where mathematically provable; open explanation may return uncertain and expose rubric after attempt
A1.3,A1,A1.3-P2,Count operations at each level.,2-5,/subjects/math/algebra/quantities-variables/terms-factors-coefficients-and-structure/,canonical answer and worked solution server-only; public page receives attempt-gated reveal ID,deterministic where mathematically provable; open explanation may return uncertain and expose rubric after attempt
A1.3,A1,A1.3-P3,Parse coefficients.,2-5,/subjects/math/algebra/quantities-variables/terms-factors-coefficients-and-structure/,canonical answer and worked solution server-only; public page receives attempt-gated reveal ID,deterministic where mathematically provable; open explanation may return uncertain and expose rubric after attempt
A1.3,A1,A1.3-P4,Repair hidden-grouping errors.,2-5,/subjects/math/algebra/quantities-variables/terms-factors-coefficients-and-structure/,canonical answer and worked solution server-only; public page receives attempt-gated reveal ID,deterministic where mathematically provable; open explanation may return uncertain and expose rubric after attempt
A1.3,A1,A1.3-EXIT,Two-item exit check: one direct and one mixed/transfer item.,2,/subjects/math/algebra/quantities-variables/terms-factors-coefficients-and-structure/,canonical answer and worked solution server-only; public page receives attempt-gated reveal ID,deterministic where mathematically provable; open explanation may return uncertain and expose rubric after attempt
A1.4,A1,A1.4-P1,Numerical substitution.,2-5,/subjects/math/algebra/quantities-variables/substitution-and-evaluation/,canonical answer and worked solution server-only; public page receives attempt-gated reveal ID,deterministic where mathematically provable; open explanation may return uncertain and expose rubric after attempt
A1.4,A1,A1.4-P2,Negative and fractional inputs.,2-5,/subjects/math/algebra/quantities-variables/substitution-and-evaluation/,canonical answer and worked solution server-only; public page receives attempt-gated reveal ID,deterministic where mathematically provable; open explanation may return uncertain and expose rubric after attempt
A1.4,A1,A1.4-P3,Substitute expressions for variables.,2-5,/subjects/math/algebra/quantities-variables/substitution-and-evaluation/,canonical answer and worked solution server-only; public page receives attempt-gated reveal ID,deterministic where mathematically provable; open explanation may return uncertain and expose rubric after attempt
A1.4,A1,A1.4-P4,Diagnose missing-parentheses errors.,2-5,/subjects/math/algebra/quantities-variables/substitution-and-evaluation/,canonical answer and worked solution server-only; public page receives attempt-gated reveal ID,deterministic where mathematically provable; open explanation may return uncertain and expose rubric after attempt
A1.4,A1,A1.4-EXIT,Two-item exit check: one direct and one mixed/transfer item.,2,/subjects/math/algebra/quantities-variables/substitution-and-evaluation/,canonical answer and worked solution server-only; public page receives attempt-gated reveal ID,deterministic where mathematically provable; open explanation may return uncertain and expose rubric after attempt
A1.5,A1,A1.5-P1,Evaluate expressions.,2-5,/subjects/math/algebra/quantities-variables/grouping-and-order-of-operations/,canonical answer and worked solution server-only; public page receives attempt-gated reveal ID,deterministic where mathematically provable; open explanation may return uncertain and expose rubric after attempt
A1.5,A1,A1.5-P2,Insert grouping for a target value.,2-5,/subjects/math/algebra/quantities-variables/grouping-and-order-of-operations/,canonical answer and worked solution server-only; public page receives attempt-gated reveal ID,deterministic where mathematically provable; open explanation may return uncertain and expose rubric after attempt
A1.5,A1,A1.5-P3,Translate paper notation to typed syntax.,2-5,/subjects/math/algebra/quantities-variables/grouping-and-order-of-operations/,canonical answer and worked solution server-only; public page receives attempt-gated reveal ID,deterministic where mathematically provable; open explanation may return uncertain and expose rubric after attempt
A1.5,A1,A1.5-P4,Explain conflicting answers.,2-5,/subjects/math/algebra/quantities-variables/grouping-and-order-of-operations/,canonical answer and worked solution server-only; public page receives attempt-gated reveal ID,deterministic where mathematically provable; open explanation may return uncertain and expose rubric after attempt
A1.5,A1,A1.5-EXIT,Two-item exit check: one direct and one mixed/transfer item.,2,/subjects/math/algebra/quantities-variables/grouping-and-order-of-operations/,canonical answer and worked solution server-only; public page receives attempt-gated reveal ID,deterministic where mathematically provable; open explanation may return uncertain and expose rubric after attempt
A1.6,A1,A1.6-P1,Name and use properties.,2-5,/subjects/math/algebra/quantities-variables/properties-of-real-number-operations/,canonical answer and worked solution server-only; public page receives attempt-gated reveal ID,deterministic where mathematically provable; open explanation may return uncertain and expose rubric after attempt
A1.6,A1,A1.6-P2,Decide which operations commute.,2-5,/subjects/math/algebra/quantities-variables/properties-of-real-number-operations/,canonical answer and worked solution server-only; public page receives attempt-gated reveal ID,deterministic where mathematically provable; open explanation may return uncertain and expose rubric after attempt
A1.6,A1,A1.6-P3,Expand and factor simple expressions.,2-5,/subjects/math/algebra/quantities-variables/properties-of-real-number-operations/,canonical answer and worked solution server-only; public page receives attempt-gated reveal ID,deterministic where mathematically provable; open explanation may return uncertain and expose rubric after attempt
A1.6,A1,A1.6-P4,Justify every step.,2-5,/subjects/math/algebra/quantities-variables/properties-of-real-number-operations/,canonical answer and worked solution server-only; public page receives attempt-gated reveal ID,deterministic where mathematically provable; open explanation may return uncertain and expose rubric after attempt
A1.6,A1,A1.6-EXIT,Two-item exit check: one direct and one mixed/transfer item.,2,/subjects/math/algebra/quantities-variables/properties-of-real-number-operations/,canonical answer and worked solution server-only; public page receives attempt-gated reveal ID,deterministic where mathematically provable; open explanation may return uncertain and expose rubric after attempt
A1.7,A1,A1.7-P1,Combine like terms.,2-5,/subjects/math/algebra/quantities-variables/equivalent-expressions-and-like-terms/,canonical answer and worked solution server-only; public page receives attempt-gated reveal ID,deterministic where mathematically provable; open explanation may return uncertain and expose rubric after attempt
A1.7,A1,A1.7-P2,Compare expressions.,2-5,/subjects/math/algebra/quantities-variables/equivalent-expressions-and-like-terms/,canonical answer and worked solution server-only; public page receives attempt-gated reveal ID,deterministic where mathematically provable; open explanation may return uncertain and expose rubric after attempt
A1.7,A1,A1.7-P3,Produce counterexamples to false identities.,2-5,/subjects/math/algebra/quantities-variables/equivalent-expressions-and-like-terms/,canonical answer and worked solution server-only; public page receives attempt-gated reveal ID,deterministic where mathematically provable; open explanation may return uncertain and expose rubric after attempt
A1.7,A1,A1.7-P4,Explain x+x=2x but x+x^2 does not combine.,2-5,/subjects/math/algebra/quantities-variables/equivalent-expressions-and-like-terms/,canonical answer and worked solution server-only; public page receives attempt-gated reveal ID,deterministic where mathematically provable; open explanation may return uncertain and expose rubric after attempt
A1.7,A1,A1.7-EXIT,Two-item exit check: one direct and one mixed/transfer item.,2,/subjects/math/algebra/quantities-variables/equivalent-expressions-and-like-terms/,canonical answer and worked solution server-only; public page receives attempt-gated reveal ID,deterministic where mathematically provable; open explanation may return uncertain and expose rubric after attempt
A1.8,A1,A1.8-P1,Evaluate formulas.,2-5,/subjects/math/algebra/quantities-variables/formulas-units-and-mathematical-communication/,canonical answer and worked solution server-only; public page receives attempt-gated reveal ID,deterministic where mathematically provable; open explanation may return uncertain and expose rubric after attempt
A1.8,A1,A1.8-P2,Write formulas from words.,2-5,/subjects/math/algebra/quantities-variables/formulas-units-and-mathematical-communication/,canonical answer and worked solution server-only; public page receives attempt-gated reveal ID,deterministic where mathematically provable; open explanation may return uncertain and expose rubric after attempt
A1.8,A1,A1.8-P3,Interpret variables and units.,2-5,/subjects/math/algebra/quantities-variables/formulas-units-and-mathematical-communication/,canonical answer and worked solution server-only; public page receives attempt-gated reveal ID,deterministic where mathematically provable; open explanation may return uncertain and expose rubric after attempt
A1.8,A1,A1.8-P4,Repair poor formatting and chained-equality errors.,2-5,/subjects/math/algebra/quantities-variables/formulas-units-and-mathematical-communication/,canonical answer and worked solution server-only; public page receives attempt-gated reveal ID,deterministic where mathematically provable; open explanation may return uncertain and expose rubric after attempt
A1.8,A1,A1.8-EXIT,Two-item exit check: one direct and one mixed/transfer item.,2,/subjects/math/algebra/quantities-variables/formulas-units-and-mathematical-communication/,canonical answer and worked solution server-only; public page receives attempt-gated reveal ID,deterministic where mathematically provable; open explanation may return uncertain and expose rubric after attempt
A2.1,A2,A2.1-P1,Test candidates.,2-5,/subjects/math/algebra/linear-equations/solutions-solution-sets-and-checking/,canonical answer and worked solution server-only; public page receives attempt-gated reveal ID,deterministic where mathematically provable; open explanation may return uncertain and expose rubric after attempt
A2.1,A2,A2.1-P2,List solution sets.,2-5,/subjects/math/algebra/linear-equations/solutions-solution-sets-and-checking/,canonical answer and worked solution server-only; public page receives attempt-gated reveal ID,deterministic where mathematically provable; open explanation may return uncertain and expose rubric after attempt
A2.1,A2,A2.1-P3,Explain why the original equation is used for checking.,2-5,/subjects/math/algebra/linear-equations/solutions-solution-sets-and-checking/,canonical answer and worked solution server-only; public page receives attempt-gated reveal ID,deterministic where mathematically provable; open explanation may return uncertain and expose rubric after attempt
A2.1,A2,A2.1-P4,Distinguish solve from simplify.,2-5,/subjects/math/algebra/linear-equations/solutions-solution-sets-and-checking/,canonical answer and worked solution server-only; public page receives attempt-gated reveal ID,deterministic where mathematically provable; open explanation may return uncertain and expose rubric after attempt
A2.1,A2,A2.1-EXIT,Two-item exit check: one direct and one mixed/transfer item.,2,/subjects/math/algebra/linear-equations/solutions-solution-sets-and-checking/,canonical answer and worked solution server-only; public page receives attempt-gated reveal ID,deterministic where mathematically provable; open explanation may return uncertain and expose rubric after attempt
A2.2,A2,A2.2-P1,One-step equations.,2-5,/subjects/math/algebra/linear-equations/addition-and-subtraction-equations/,canonical answer and worked solution server-only; public page receives attempt-gated reveal ID,deterministic where mathematically provable; open explanation may return uncertain and expose rubric after attempt
A2.2,A2,A2.2-P2,Signed values.,2-5,/subjects/math/algebra/linear-equations/addition-and-subtraction-equations/,canonical answer and worked solution server-only; public page receives attempt-gated reveal ID,deterministic where mathematically provable; open explanation may return uncertain and expose rubric after attempt
A2.2,A2,A2.2-P3,Write inverse operations.,2-5,/subjects/math/algebra/linear-equations/addition-and-subtraction-equations/,canonical answer and worked solution server-only; public page receives attempt-gated reveal ID,deterministic where mathematically provable; open explanation may return uncertain and expose rubric after attempt
A2.2,A2,A2.2-P4,Model net-change contexts.,2-5,/subjects/math/algebra/linear-equations/addition-and-subtraction-equations/,canonical answer and worked solution server-only; public page receives attempt-gated reveal ID,deterministic where mathematically provable; open explanation may return uncertain and expose rubric after attempt
A2.2,A2,A2.2-EXIT,Two-item exit check: one direct and one mixed/transfer item.,2,/subjects/math/algebra/linear-equations/addition-and-subtraction-equations/,canonical answer and worked solution server-only; public page receives attempt-gated reveal ID,deterministic where mathematically provable; open explanation may return uncertain and expose rubric after attempt
A2.3,A2,A2.3-P1,Solve ax=b and x/a=b.,2-5,/subjects/math/algebra/linear-equations/multiplication-and-division-equations/,canonical answer and worked solution server-only; public page receives attempt-gated reveal ID,deterministic where mathematically provable; open explanation may return uncertain and expose rubric after attempt
A2.3,A2,A2.3-P2,Fractional coefficients.,2-5,/subjects/math/algebra/linear-equations/multiplication-and-division-equations/,canonical answer and worked solution server-only; public page receives attempt-gated reveal ID,deterministic where mathematically provable; open explanation may return uncertain and expose rubric after attempt
A2.3,A2,A2.3-P3,Interpret units.,2-5,/subjects/math/algebra/linear-equations/multiplication-and-division-equations/,canonical answer and worked solution server-only; public page receives attempt-gated reveal ID,deterministic where mathematically provable; open explanation may return uncertain and expose rubric after attempt
A2.3,A2,A2.3-P4,Explain zero restrictions.,2-5,/subjects/math/algebra/linear-equations/multiplication-and-division-equations/,canonical answer and worked solution server-only; public page receives attempt-gated reveal ID,deterministic where mathematically provable; open explanation may return uncertain and expose rubric after attempt
A2.3,A2,A2.3-EXIT,Two-item exit check: one direct and one mixed/transfer item.,2,/subjects/math/algebra/linear-equations/multiplication-and-division-equations/,canonical answer and worked solution server-only; public page receives attempt-gated reveal ID,deterministic where mathematically provable; open explanation may return uncertain and expose rubric after attempt
A2.4,A2,A2.4-P1,Parentheses and like terms.,2-5,/subjects/math/algebra/linear-equations/simplifying-before-solving/,canonical answer and worked solution server-only; public page receives attempt-gated reveal ID,deterministic where mathematically provable; open explanation may return uncertain and expose rubric after attempt
A2.4,A2,A2.4-P2,Nested negatives.,2-5,/subjects/math/algebra/linear-equations/simplifying-before-solving/,canonical answer and worked solution server-only; public page receives attempt-gated reveal ID,deterministic where mathematically provable; open explanation may return uncertain and expose rubric after attempt
A2.4,A2,A2.4-P3,Choose a productive first step.,2-5,/subjects/math/algebra/linear-equations/simplifying-before-solving/,canonical answer and worked solution server-only; public page receives attempt-gated reveal ID,deterministic where mathematically provable; open explanation may return uncertain and expose rubric after attempt
A2.4,A2,A2.4-P4,Explain why simplification helps.,2-5,/subjects/math/algebra/linear-equations/simplifying-before-solving/,canonical answer and worked solution server-only; public page receives attempt-gated reveal ID,deterministic where mathematically provable; open explanation may return uncertain and expose rubric after attempt
A2.4,A2,A2.4-EXIT,Two-item exit check: one direct and one mixed/transfer item.,2,/subjects/math/algebra/linear-equations/simplifying-before-solving/,canonical answer and worked solution server-only; public page receives attempt-gated reveal ID,deterministic where mathematically provable; open explanation may return uncertain and expose rubric after attempt
A2.5,A2,A2.5-P1,Mixed equations.,2-5,/subjects/math/algebra/linear-equations/multistep-linear-equations/,canonical answer and worked solution server-only; public page receives attempt-gated reveal ID,deterministic where mathematically provable; open explanation may return uncertain and expose rubric after attempt
A2.5,A2,A2.5-P2,Choose first moves.,2-5,/subjects/math/algebra/linear-equations/multistep-linear-equations/,canonical answer and worked solution server-only; public page receives attempt-gated reveal ID,deterministic where mathematically provable; open explanation may return uncertain and expose rubric after attempt
A2.5,A2,A2.5-P3,Compare valid solution paths.,2-5,/subjects/math/algebra/linear-equations/multistep-linear-equations/,canonical answer and worked solution server-only; public page receives attempt-gated reveal ID,deterministic where mathematically provable; open explanation may return uncertain and expose rubric after attempt
A2.5,A2,A2.5-P4,Transfer with units.,2-5,/subjects/math/algebra/linear-equations/multistep-linear-equations/,canonical answer and worked solution server-only; public page receives attempt-gated reveal ID,deterministic where mathematically provable; open explanation may return uncertain and expose rubric after attempt
A2.5,A2,A2.5-EXIT,Two-item exit check: one direct and one mixed/transfer item.,2,/subjects/math/algebra/linear-equations/multistep-linear-equations/,canonical answer and worked solution server-only; public page receives attempt-gated reveal ID,deterministic where mathematically provable; open explanation may return uncertain and expose rubric after attempt
A2.6,A2,A2.6-P1,Fraction equations.,2-5,/subjects/math/algebra/linear-equations/equations-with-fractions-and-decimals/,canonical answer and worked solution server-only; public page receives attempt-gated reveal ID,deterministic where mathematically provable; open explanation may return uncertain and expose rubric after attempt
A2.6,A2,A2.6-P2,Decimal equations.,2-5,/subjects/math/algebra/linear-equations/equations-with-fractions-and-decimals/,canonical answer and worked solution server-only; public page receives attempt-gated reveal ID,deterministic where mathematically provable; open explanation may return uncertain and expose rubric after attempt
A2.6,A2,A2.6-P3,Clear denominators.,2-5,/subjects/math/algebra/linear-equations/equations-with-fractions-and-decimals/,canonical answer and worked solution server-only; public page receives attempt-gated reveal ID,deterministic where mathematically provable; open explanation may return uncertain and expose rubric after attempt
A2.6,A2,A2.6-P4,Repair partial multiplication.,2-5,/subjects/math/algebra/linear-equations/equations-with-fractions-and-decimals/,canonical answer and worked solution server-only; public page receives attempt-gated reveal ID,deterministic where mathematically provable; open explanation may return uncertain and expose rubric after attempt
A2.6,A2,A2.6-EXIT,Two-item exit check: one direct and one mixed/transfer item.,2,/subjects/math/algebra/linear-equations/equations-with-fractions-and-decimals/,canonical answer and worked solution server-only; public page receives attempt-gated reveal ID,deterministic where mathematically provable; open explanation may return uncertain and expose rubric after attempt
A2.7,A2,A2.7-P1,Mixed equations.,2-5,/subjects/math/algebra/linear-equations/variables-on-both-sides/,canonical answer and worked solution server-only; public page receives attempt-gated reveal ID,deterministic where mathematically provable; open explanation may return uncertain and expose rubric after attempt
A2.7,A2,A2.7-P2,Negative coefficients.,2-5,/subjects/math/algebra/linear-equations/variables-on-both-sides/,canonical answer and worked solution server-only; public page receives attempt-gated reveal ID,deterministic where mathematically provable; open explanation may return uncertain and expose rubric after attempt
A2.7,A2,A2.7-P3,Choose efficient collection.,2-5,/subjects/math/algebra/linear-equations/variables-on-both-sides/,canonical answer and worked solution server-only; public page receives attempt-gated reveal ID,deterministic where mathematically provable; open explanation may return uncertain and expose rubric after attempt
A2.7,A2,A2.7-P4,Contextual break-even preview.,2-5,/subjects/math/algebra/linear-equations/variables-on-both-sides/,canonical answer and worked solution server-only; public page receives attempt-gated reveal ID,deterministic where mathematically provable; open explanation may return uncertain and expose rubric after attempt
A2.7,A2,A2.7-EXIT,Two-item exit check: one direct and one mixed/transfer item.,2,/subjects/math/algebra/linear-equations/variables-on-both-sides/,canonical answer and worked solution server-only; public page receives attempt-gated reveal ID,deterministic where mathematically provable; open explanation may return uncertain and expose rubric after attempt
A2.8,A2,A2.8-P1,Classify solution count.,2-5,/subjects/math/algebra/linear-equations/one-solution-no-solution-or-infinitely-many/,canonical answer and worked solution server-only; public page receives attempt-gated reveal ID,deterministic where mathematically provable; open explanation may return uncertain and expose rubric after attempt
A2.8,A2,A2.8-P2,Create identities and contradictions.,2-5,/subjects/math/algebra/linear-equations/one-solution-no-solution-or-infinitely-many/,canonical answer and worked solution server-only; public page receives attempt-gated reveal ID,deterministic where mathematically provable; open explanation may return uncertain and expose rubric after attempt
A2.8,A2,A2.8-P3,Repair conclusions from 0x=0.,2-5,/subjects/math/algebra/linear-equations/one-solution-no-solution-or-infinitely-many/,canonical answer and worked solution server-only; public page receives attempt-gated reveal ID,deterministic where mathematically provable; open explanation may return uncertain and expose rubric after attempt
A2.8,A2,A2.8-P4,Connect coefficients to outcomes.,2-5,/subjects/math/algebra/linear-equations/one-solution-no-solution-or-infinitely-many/,canonical answer and worked solution server-only; public page receives attempt-gated reveal ID,deterministic where mathematically provable; open explanation may return uncertain and expose rubric after attempt
A2.8,A2,A2.8-EXIT,Two-item exit check: one direct and one mixed/transfer item.,2,/subjects/math/algebra/linear-equations/one-solution-no-solution-or-infinitely-many/,canonical answer and worked solution server-only; public page receives attempt-gated reveal ID,deterministic where mathematically provable; open explanation may return uncertain and expose rubric after attempt
A2.9,A2,A2.9-P1,Consecutive quantities.,2-5,/subjects/math/algebra/linear-equations/translating-one-variable-models/,canonical answer and worked solution server-only; public page receives attempt-gated reveal ID,deterministic where mathematically provable; open explanation may return uncertain and expose rubric after attempt
A2.9,A2,A2.9-P2,Geometry and cost.,2-5,/subjects/math/algebra/linear-equations/translating-one-variable-models/,canonical answer and worked solution server-only; public page receives attempt-gated reveal ID,deterministic where mathematically provable; open explanation may return uncertain and expose rubric after attempt
A2.9,A2,A2.9-P3,Simple rate problems.,2-5,/subjects/math/algebra/linear-equations/translating-one-variable-models/,canonical answer and worked solution server-only; public page receives attempt-gated reveal ID,deterministic where mathematically provable; open explanation may return uncertain and expose rubric after attempt
A2.9,A2,A2.9-P4,Interpret and check solutions.,2-5,/subjects/math/algebra/linear-equations/translating-one-variable-models/,canonical answer and worked solution server-only; public page receives attempt-gated reveal ID,deterministic where mathematically provable; open explanation may return uncertain and expose rubric after attempt
A2.9,A2,A2.9-EXIT,Two-item exit check: one direct and one mixed/transfer item.,2,/subjects/math/algebra/linear-equations/translating-one-variable-models/,canonical answer and worked solution server-only; public page receives attempt-gated reveal ID,deterministic where mathematically provable; open explanation may return uncertain and expose rubric after attempt
A2.10,A2,A2.10-P1,Ten mixed equations.,2-5,/subjects/math/algebra/linear-equations/linear-equation-strategy-studio/,canonical answer and worked solution server-only; public page receives attempt-gated reveal ID,deterministic where mathematically provable; open explanation may return uncertain and expose rubric after attempt
A2.10,A2,A2.10-P2,Rank first steps.,2-5,/subjects/math/algebra/linear-equations/linear-equation-strategy-studio/,canonical answer and worked solution server-only; public page receives attempt-gated reveal ID,deterministic where mathematically provable; open explanation may return uncertain and expose rubric after attempt
A2.10,A2,A2.10-P3,Error analysis.,2-5,/subjects/math/algebra/linear-equations/linear-equation-strategy-studio/,canonical answer and worked solution server-only; public page receives attempt-gated reveal ID,deterministic where mathematically provable; open explanation may return uncertain and expose rubric after attempt
A2.10,A2,A2.10-P4,One unfamiliar modeling transfer.,2-5,/subjects/math/algebra/linear-equations/linear-equation-strategy-studio/,canonical answer and worked solution server-only; public page receives attempt-gated reveal ID,deterministic where mathematically provable; open explanation may return uncertain and expose rubric after attempt
A2.10,A2,A2.10-EXIT,Two-item exit check: one direct and one mixed/transfer item.,2,/subjects/math/algebra/linear-equations/linear-equation-strategy-studio/,canonical answer and worked solution server-only; public page receives attempt-gated reveal ID,deterministic where mathematically provable; open explanation may return uncertain and expose rubric after attempt
A3.1,A3,A3.1-P1,Test values.,2-5,/subjects/math/algebra/inequalities-absolute-value/inequalities-and-truth-sets/,canonical answer and worked solution server-only; public page receives attempt-gated reveal ID,deterministic where mathematically provable; open explanation may return uncertain and expose rubric after attempt
A3.1,A3,A3.1-P2,Write verbal and graphical solution sets.,2-5,/subjects/math/algebra/inequalities-absolute-value/inequalities-and-truth-sets/,canonical answer and worked solution server-only; public page receives attempt-gated reveal ID,deterministic where mathematically provable; open explanation may return uncertain and expose rubric after attempt
A3.1,A3,A3.1-P3,Distinguish strict and inclusive bounds.,2-5,/subjects/math/algebra/inequalities-absolute-value/inequalities-and-truth-sets/,canonical answer and worked solution server-only; public page receives attempt-gated reveal ID,deterministic where mathematically provable; open explanation may return uncertain and expose rubric after attempt
A3.1,A3,A3.1-P4,Interpret contextual restrictions.,2-5,/subjects/math/algebra/inequalities-absolute-value/inequalities-and-truth-sets/,canonical answer and worked solution server-only; public page receives attempt-gated reveal ID,deterministic where mathematically provable; open explanation may return uncertain and expose rubric after attempt
A3.1,A3,A3.1-EXIT,Two-item exit check: one direct and one mixed/transfer item.,2,/subjects/math/algebra/inequalities-absolute-value/inequalities-and-truth-sets/,canonical answer and worked solution server-only; public page receives attempt-gated reveal ID,deterministic where mathematically provable; open explanation may return uncertain and expose rubric after attempt
A3.2,A3,A3.2-P1,One- and multistep inequalities.,2-5,/subjects/math/algebra/inequalities-absolute-value/solving-linear-inequalities/,canonical answer and worked solution server-only; public page receives attempt-gated reveal ID,deterministic where mathematically provable; open explanation may return uncertain and expose rubric after attempt
A3.2,A3,A3.2-P2,Fractional coefficients.,2-5,/subjects/math/algebra/inequalities-absolute-value/solving-linear-inequalities/,canonical answer and worked solution server-only; public page receives attempt-gated reveal ID,deterministic where mathematically provable; open explanation may return uncertain and expose rubric after attempt
A3.2,A3,A3.2-P3,Contextual bounds.,2-5,/subjects/math/algebra/inequalities-absolute-value/solving-linear-inequalities/,canonical answer and worked solution server-only; public page receives attempt-gated reveal ID,deterministic where mathematically provable; open explanation may return uncertain and expose rubric after attempt
A3.2,A3,A3.2-P4,Graph solutions.,2-5,/subjects/math/algebra/inequalities-absolute-value/solving-linear-inequalities/,canonical answer and worked solution server-only; public page receives attempt-gated reveal ID,deterministic where mathematically provable; open explanation may return uncertain and expose rubric after attempt
A3.2,A3,A3.2-EXIT,Two-item exit check: one direct and one mixed/transfer item.,2,/subjects/math/algebra/inequalities-absolute-value/solving-linear-inequalities/,canonical answer and worked solution server-only; public page receives attempt-gated reveal ID,deterministic where mathematically provable; open explanation may return uncertain and expose rubric after attempt
A3.3,A3,A3.3-P1,Predict reversal.,2-5,/subjects/math/algebra/inequalities-absolute-value/why-negative-scaling-reverses-order/,canonical answer and worked solution server-only; public page receives attempt-gated reveal ID,deterministic where mathematically provable; open explanation may return uncertain and expose rubric after attempt
A3.3,A3,A3.3-P2,Give counterexamples.,2-5,/subjects/math/algebra/inequalities-absolute-value/why-negative-scaling-reverses-order/,canonical answer and worked solution server-only; public page receives attempt-gated reveal ID,deterministic where mathematically provable; open explanation may return uncertain and expose rubric after attempt
A3.3,A3,A3.3-P3,Solve negative-coefficient cases.,2-5,/subjects/math/algebra/inequalities-absolute-value/why-negative-scaling-reverses-order/,canonical answer and worked solution server-only; public page receives attempt-gated reveal ID,deterministic where mathematically provable; open explanation may return uncertain and expose rubric after attempt
A3.3,A3,A3.3-P4,Explain the mechanism in words.,2-5,/subjects/math/algebra/inequalities-absolute-value/why-negative-scaling-reverses-order/,canonical answer and worked solution server-only; public page receives attempt-gated reveal ID,deterministic where mathematically provable; open explanation may return uncertain and expose rubric after attempt
A3.3,A3,A3.3-EXIT,Two-item exit check: one direct and one mixed/transfer item.,2,/subjects/math/algebra/inequalities-absolute-value/why-negative-scaling-reverses-order/,canonical answer and worked solution server-only; public page receives attempt-gated reveal ID,deterministic where mathematically provable; open explanation may return uncertain and expose rubric after attempt
A3.4,A3,A3.4-P1,Translate all directions.,2-5,/subjects/math/algebra/inequalities-absolute-value/interval-notation-and-endpoint-meaning/,canonical answer and worked solution server-only; public page receives attempt-gated reveal ID,deterministic where mathematically provable; open explanation may return uncertain and expose rubric after attempt
A3.4,A3,A3.4-P2,Use unions.,2-5,/subjects/math/algebra/inequalities-absolute-value/interval-notation-and-endpoint-meaning/,canonical answer and worked solution server-only; public page receives attempt-gated reveal ID,deterministic where mathematically provable; open explanation may return uncertain and expose rubric after attempt
A3.4,A3,A3.4-P3,Interpret endpoints.,2-5,/subjects/math/algebra/inequalities-absolute-value/interval-notation-and-endpoint-meaning/,canonical answer and worked solution server-only; public page receives attempt-gated reveal ID,deterministic where mathematically provable; open explanation may return uncertain and expose rubric after attempt
A3.4,A3,A3.4-P4,Repair invalid interval notation.,2-5,/subjects/math/algebra/inequalities-absolute-value/interval-notation-and-endpoint-meaning/,canonical answer and worked solution server-only; public page receives attempt-gated reveal ID,deterministic where mathematically provable; open explanation may return uncertain and expose rubric after attempt
A3.4,A3,A3.4-EXIT,Two-item exit check: one direct and one mixed/transfer item.,2,/subjects/math/algebra/inequalities-absolute-value/interval-notation-and-endpoint-meaning/,canonical answer and worked solution server-only; public page receives attempt-gated reveal ID,deterministic where mathematically provable; open explanation may return uncertain and expose rubric after attempt
A3.5,A3,A3.5-P1,Solve and graph compounds.,2-5,/subjects/math/algebra/inequalities-absolute-value/compound-inequalities/,canonical answer and worked solution server-only; public page receives attempt-gated reveal ID,deterministic where mathematically provable; open explanation may return uncertain and expose rubric after attempt
A3.5,A3,A3.5-P2,Distinguish conjunction and disjunction.,2-5,/subjects/math/algebra/inequalities-absolute-value/compound-inequalities/,canonical answer and worked solution server-only; public page receives attempt-gated reveal ID,deterministic where mathematically provable; open explanation may return uncertain and expose rubric after attempt
A3.5,A3,A3.5-P3,Use interval notation.,2-5,/subjects/math/algebra/inequalities-absolute-value/compound-inequalities/,canonical answer and worked solution server-only; public page receives attempt-gated reveal ID,deterministic where mathematically provable; open explanation may return uncertain and expose rubric after attempt
A3.5,A3,A3.5-P4,Model range conditions.,2-5,/subjects/math/algebra/inequalities-absolute-value/compound-inequalities/,canonical answer and worked solution server-only; public page receives attempt-gated reveal ID,deterministic where mathematically provable; open explanation may return uncertain and expose rubric after attempt
A3.5,A3,A3.5-EXIT,Two-item exit check: one direct and one mixed/transfer item.,2,/subjects/math/algebra/inequalities-absolute-value/compound-inequalities/,canonical answer and worked solution server-only; public page receives attempt-gated reveal ID,deterministic where mathematically provable; open explanation may return uncertain and expose rubric after attempt
A3.6,A3,A3.6-P1,Evaluate distances.,2-5,/subjects/math/algebra/inequalities-absolute-value/absolute-value-as-distance/,canonical answer and worked solution server-only; public page receives attempt-gated reveal ID,deterministic where mathematically provable; open explanation may return uncertain and expose rubric after attempt
A3.6,A3,A3.6-P2,Write absolute-value expressions from diagrams.,2-5,/subjects/math/algebra/inequalities-absolute-value/absolute-value-as-distance/,canonical answer and worked solution server-only; public page receives attempt-gated reveal ID,deterministic where mathematically provable; open explanation may return uncertain and expose rubric after attempt
A3.6,A3,A3.6-P3,Solve simple distance equations.,2-5,/subjects/math/algebra/inequalities-absolute-value/absolute-value-as-distance/,canonical answer and worked solution server-only; public page receives attempt-gated reveal ID,deterministic where mathematically provable; open explanation may return uncertain and expose rubric after attempt
A3.6,A3,A3.6-P4,Interpret tolerances.,2-5,/subjects/math/algebra/inequalities-absolute-value/absolute-value-as-distance/,canonical answer and worked solution server-only; public page receives attempt-gated reveal ID,deterministic where mathematically provable; open explanation may return uncertain and expose rubric after attempt
A3.6,A3,A3.6-EXIT,Two-item exit check: one direct and one mixed/transfer item.,2,/subjects/math/algebra/inequalities-absolute-value/absolute-value-as-distance/,canonical answer and worked solution server-only; public page receives attempt-gated reveal ID,deterministic where mathematically provable; open explanation may return uncertain and expose rubric after attempt
A3.7,A3,A3.7-P1,Equations and all four inequality types.,2-5,/subjects/math/algebra/inequalities-absolute-value/absolute-value-equations-and-inequalities/,canonical answer and worked solution server-only; public page receives attempt-gated reveal ID,deterministic where mathematically provable; open explanation may return uncertain and expose rubric after attempt
A3.7,A3,A3.7-P2,Empty/all-real edge cases.,2-5,/subjects/math/algebra/inequalities-absolute-value/absolute-value-equations-and-inequalities/,canonical answer and worked solution server-only; public page receives attempt-gated reveal ID,deterministic where mathematically provable; open explanation may return uncertain and expose rubric after attempt
A3.7,A3,A3.7-P3,Tolerance models.,2-5,/subjects/math/algebra/inequalities-absolute-value/absolute-value-equations-and-inequalities/,canonical answer and worked solution server-only; public page receives attempt-gated reveal ID,deterministic where mathematically provable; open explanation may return uncertain and expose rubric after attempt
A3.7,A3,A3.7-P4,Error analysis.,2-5,/subjects/math/algebra/inequalities-absolute-value/absolute-value-equations-and-inequalities/,canonical answer and worked solution server-only; public page receives attempt-gated reveal ID,deterministic where mathematically provable; open explanation may return uncertain and expose rubric after attempt
A3.7,A3,A3.7-EXIT,Two-item exit check: one direct and one mixed/transfer item.,2,/subjects/math/algebra/inequalities-absolute-value/absolute-value-equations-and-inequalities/,canonical answer and worked solution server-only; public page receives attempt-gated reveal ID,deterministic where mathematically provable; open explanation may return uncertain and expose rubric after attempt
A3.8,A3,A3.8-P1,Solve formulas for different variables.,2-5,/subjects/math/algebra/inequalities-absolute-value/literal-equations-and-formulas/,canonical answer and worked solution server-only; public page receives attempt-gated reveal ID,deterministic where mathematically provable; open explanation may return uncertain and expose rubric after attempt
A3.8,A3,A3.8-P2,State restrictions.,2-5,/subjects/math/algebra/inequalities-absolute-value/literal-equations-and-formulas/,canonical answer and worked solution server-only; public page receives attempt-gated reveal ID,deterministic where mathematically provable; open explanation may return uncertain and expose rubric after attempt
A3.8,A3,A3.8-P3,Verify by substitution.,2-5,/subjects/math/algebra/inequalities-absolute-value/literal-equations-and-formulas/,canonical answer and worked solution server-only; public page receives attempt-gated reveal ID,deterministic where mathematically provable; open explanation may return uncertain and expose rubric after attempt
A3.8,A3,A3.8-P4,Interpret the rearranged form.,2-5,/subjects/math/algebra/inequalities-absolute-value/literal-equations-and-formulas/,canonical answer and worked solution server-only; public page receives attempt-gated reveal ID,deterministic where mathematically provable; open explanation may return uncertain and expose rubric after attempt
A3.8,A3,A3.8-EXIT,Two-item exit check: one direct and one mixed/transfer item.,2,/subjects/math/algebra/inequalities-absolute-value/literal-equations-and-formulas/,canonical answer and worked solution server-only; public page receives attempt-gated reveal ID,deterministic where mathematically provable; open explanation may return uncertain and expose rubric after attempt
A4.1,A4,A4.1-P1,Build and simplify ratios.,2-5,/subjects/math/algebra/linear-relationships/ratios-and-equivalent-ratios/,canonical answer and worked solution server-only; public page receives attempt-gated reveal ID,deterministic where mathematically provable; open explanation may return uncertain and expose rubric after attempt
A4.1,A4,A4.1-P2,Part-part versus part-whole.,2-5,/subjects/math/algebra/linear-relationships/ratios-and-equivalent-ratios/,canonical answer and worked solution server-only; public page receives attempt-gated reveal ID,deterministic where mathematically provable; open explanation may return uncertain and expose rubric after attempt
A4.1,A4,A4.1-P3,Scale drawings.,2-5,/subjects/math/algebra/linear-relationships/ratios-and-equivalent-ratios/,canonical answer and worked solution server-only; public page receives attempt-gated reveal ID,deterministic where mathematically provable; open explanation may return uncertain and expose rubric after attempt
A4.1,A4,A4.1-P4,Interpret units.,2-5,/subjects/math/algebra/linear-relationships/ratios-and-equivalent-ratios/,canonical answer and worked solution server-only; public page receives attempt-gated reveal ID,deterministic where mathematically provable; open explanation may return uncertain and expose rubric after attempt
A4.1,A4,A4.1-EXIT,Two-item exit check: one direct and one mixed/transfer item.,2,/subjects/math/algebra/linear-relationships/ratios-and-equivalent-ratios/,canonical answer and worked solution server-only; public page receives attempt-gated reveal ID,deterministic where mathematically provable; open explanation may return uncertain and expose rubric after attempt
A4.2,A4,A4.2-P1,Compute unit rates.,2-5,/subjects/math/algebra/linear-relationships/unit-rates/,canonical answer and worked solution server-only; public page receives attempt-gated reveal ID,deterministic where mathematically provable; open explanation may return uncertain and expose rubric after attempt
A4.2,A4,A4.2-P2,Choose better value.,2-5,/subjects/math/algebra/linear-relationships/unit-rates/,canonical answer and worked solution server-only; public page receives attempt-gated reveal ID,deterministic where mathematically provable; open explanation may return uncertain and expose rubric after attempt
A4.2,A4,A4.2-P3,Convert compound units.,2-5,/subjects/math/algebra/linear-relationships/unit-rates/,canonical answer and worked solution server-only; public page receives attempt-gated reveal ID,deterministic where mathematically provable; open explanation may return uncertain and expose rubric after attempt
A4.2,A4,A4.2-P4,Explain rate units.,2-5,/subjects/math/algebra/linear-relationships/unit-rates/,canonical answer and worked solution server-only; public page receives attempt-gated reveal ID,deterministic where mathematically provable; open explanation may return uncertain and expose rubric after attempt
A4.2,A4,A4.2-EXIT,Two-item exit check: one direct and one mixed/transfer item.,2,/subjects/math/algebra/linear-relationships/unit-rates/,canonical answer and worked solution server-only; public page receives attempt-gated reveal ID,deterministic where mathematically provable; open explanation may return uncertain and expose rubric after attempt
A4.3,A4,A4.3-P1,Find k.,2-5,/subjects/math/algebra/linear-relationships/proportional-relationships/,canonical answer and worked solution server-only; public page receives attempt-gated reveal ID,deterministic where mathematically provable; open explanation may return uncertain and expose rubric after attempt
A4.3,A4,A4.3-P2,Construct formulas.,2-5,/subjects/math/algebra/linear-relationships/proportional-relationships/,canonical answer and worked solution server-only; public page receives attempt-gated reveal ID,deterministic where mathematically provable; open explanation may return uncertain and expose rubric after attempt
A4.3,A4,A4.3-P3,Detect proportionality.,2-5,/subjects/math/algebra/linear-relationships/proportional-relationships/,canonical answer and worked solution server-only; public page receives attempt-gated reveal ID,deterministic where mathematically provable; open explanation may return uncertain and expose rubric after attempt
A4.3,A4,A4.3-P4,Explain the role of the origin.,2-5,/subjects/math/algebra/linear-relationships/proportional-relationships/,canonical answer and worked solution server-only; public page receives attempt-gated reveal ID,deterministic where mathematically provable; open explanation may return uncertain and expose rubric after attempt
A4.3,A4,A4.3-EXIT,Two-item exit check: one direct and one mixed/transfer item.,2,/subjects/math/algebra/linear-relationships/proportional-relationships/,canonical answer and worked solution server-only; public page receives attempt-gated reveal ID,deterministic where mathematically provable; open explanation may return uncertain and expose rubric after attempt
A4.4,A4,A4.4-P1,Discounts and tax.,2-5,/subjects/math/algebra/linear-relationships/percent-as-a-multiplier/,canonical answer and worked solution server-only; public page receives attempt-gated reveal ID,deterministic where mathematically provable; open explanation may return uncertain and expose rubric after attempt
A4.4,A4,A4.4-P2,Reverse-percent problems.,2-5,/subjects/math/algebra/linear-relationships/percent-as-a-multiplier/,canonical answer and worked solution server-only; public page receives attempt-gated reveal ID,deterministic where mathematically provable; open explanation may return uncertain and expose rubric after attempt
A4.4,A4,A4.4-P3,Successive changes.,2-5,/subjects/math/algebra/linear-relationships/percent-as-a-multiplier/,canonical answer and worked solution server-only; public page receives attempt-gated reveal ID,deterministic where mathematically provable; open explanation may return uncertain and expose rubric after attempt
A4.4,A4,A4.4-P4,Percentage-point error analysis.,2-5,/subjects/math/algebra/linear-relationships/percent-as-a-multiplier/,canonical answer and worked solution server-only; public page receives attempt-gated reveal ID,deterministic where mathematically provable; open explanation may return uncertain and expose rubric after attempt
A4.4,A4,A4.4-EXIT,Two-item exit check: one direct and one mixed/transfer item.,2,/subjects/math/algebra/linear-relationships/percent-as-a-multiplier/,canonical answer and worked solution server-only; public page receives attempt-gated reveal ID,deterministic where mathematically provable; open explanation may return uncertain and expose rubric after attempt
A4.5,A4,A4.5-P1,Plot and read points.,2-5,/subjects/math/algebra/linear-relationships/coordinate-plane-and-equation-solutions/,canonical answer and worked solution server-only; public page receives attempt-gated reveal ID,deterministic where mathematically provable; open explanation may return uncertain and expose rubric after attempt
A4.5,A4,A4.5-P2,Test equation solutions.,2-5,/subjects/math/algebra/linear-relationships/coordinate-plane-and-equation-solutions/,canonical answer and worked solution server-only; public page receives attempt-gated reveal ID,deterministic where mathematically provable; open explanation may return uncertain and expose rubric after attempt
A4.5,A4,A4.5-P3,Construct tables.,2-5,/subjects/math/algebra/linear-relationships/coordinate-plane-and-equation-solutions/,canonical answer and worked solution server-only; public page receives attempt-gated reveal ID,deterministic where mathematically provable; open explanation may return uncertain and expose rubric after attempt
A4.5,A4,A4.5-P4,Interpret axes and scale.,2-5,/subjects/math/algebra/linear-relationships/coordinate-plane-and-equation-solutions/,canonical answer and worked solution server-only; public page receives attempt-gated reveal ID,deterministic where mathematically provable; open explanation may return uncertain and expose rubric after attempt
A4.5,A4,A4.5-EXIT,Two-item exit check: one direct and one mixed/transfer item.,2,/subjects/math/algebra/linear-relationships/coordinate-plane-and-equation-solutions/,canonical answer and worked solution server-only; public page receives attempt-gated reveal ID,deterministic where mathematically provable; open explanation may return uncertain and expose rubric after attempt
A4.6,A4,A4.6-P1,Find intercepts.,2-5,/subjects/math/algebra/linear-relationships/intercepts/,canonical answer and worked solution server-only; public page receives attempt-gated reveal ID,deterministic where mathematically provable; open explanation may return uncertain and expose rubric after attempt
A4.6,A4,A4.6-P2,Graph by intercepts.,2-5,/subjects/math/algebra/linear-relationships/intercepts/,canonical answer and worked solution server-only; public page receives attempt-gated reveal ID,deterministic where mathematically provable; open explanation may return uncertain and expose rubric after attempt
A4.6,A4,A4.6-P3,Interpret context.,2-5,/subjects/math/algebra/linear-relationships/intercepts/,canonical answer and worked solution server-only; public page receives attempt-gated reveal ID,deterministic where mathematically provable; open explanation may return uncertain and expose rubric after attempt
A4.6,A4,A4.6-P4,Reject meaningless intercepts.,2-5,/subjects/math/algebra/linear-relationships/intercepts/,canonical answer and worked solution server-only; public page receives attempt-gated reveal ID,deterministic where mathematically provable; open explanation may return uncertain and expose rubric after attempt
A4.6,A4,A4.6-EXIT,Two-item exit check: one direct and one mixed/transfer item.,2,/subjects/math/algebra/linear-relationships/intercepts/,canonical answer and worked solution server-only; public page receives attempt-gated reveal ID,deterministic where mathematically provable; open explanation may return uncertain and expose rubric after attempt
A4.7,A4,A4.7-P1,Calculate slope.,2-5,/subjects/math/algebra/linear-relationships/slope-from-graphs-and-tables/,canonical answer and worked solution server-only; public page receives attempt-gated reveal ID,deterministic where mathematically provable; open explanation may return uncertain and expose rubric after attempt
A4.7,A4,A4.7-P2,Compare steepness.,2-5,/subjects/math/algebra/linear-relationships/slope-from-graphs-and-tables/,canonical answer and worked solution server-only; public page receives attempt-gated reveal ID,deterministic where mathematically provable; open explanation may return uncertain and expose rubric after attempt
A4.7,A4,A4.7-P3,Interpret signs and zero.,2-5,/subjects/math/algebra/linear-relationships/slope-from-graphs-and-tables/,canonical answer and worked solution server-only; public page receives attempt-gated reveal ID,deterministic where mathematically provable; open explanation may return uncertain and expose rubric after attempt
A4.7,A4,A4.7-P4,Explain undefined slope.,2-5,/subjects/math/algebra/linear-relationships/slope-from-graphs-and-tables/,canonical answer and worked solution server-only; public page receives attempt-gated reveal ID,deterministic where mathematically provable; open explanation may return uncertain and expose rubric after attempt
A4.7,A4,A4.7-EXIT,Two-item exit check: one direct and one mixed/transfer item.,2,/subjects/math/algebra/linear-relationships/slope-from-graphs-and-tables/,canonical answer and worked solution server-only; public page receives attempt-gated reveal ID,deterministic where mathematically provable; open explanation may return uncertain and expose rubric after attempt
A4.8,A4,A4.8-P1,Symbolic and numerical slope.,2-5,/subjects/math/algebra/linear-relationships/slope-from-two-points/,canonical answer and worked solution server-only; public page receives attempt-gated reveal ID,deterministic where mathematically provable; open explanation may return uncertain and expose rubric after attempt
A4.8,A4,A4.8-P2,Missing coordinates.,2-5,/subjects/math/algebra/linear-relationships/slope-from-two-points/,canonical answer and worked solution server-only; public page receives attempt-gated reveal ID,deterministic where mathematically provable; open explanation may return uncertain and expose rubric after attempt
A4.8,A4,A4.8-P3,Error analysis.,2-5,/subjects/math/algebra/linear-relationships/slope-from-two-points/,canonical answer and worked solution server-only; public page receives attempt-gated reveal ID,deterministic where mathematically provable; open explanation may return uncertain and expose rubric after attempt
A4.8,A4,A4.8-P4,Distinguish slope from distance.,2-5,/subjects/math/algebra/linear-relationships/slope-from-two-points/,canonical answer and worked solution server-only; public page receives attempt-gated reveal ID,deterministic where mathematically provable; open explanation may return uncertain and expose rubric after attempt
A4.8,A4,A4.8-EXIT,Two-item exit check: one direct and one mixed/transfer item.,2,/subjects/math/algebra/linear-relationships/slope-from-two-points/,canonical answer and worked solution server-only; public page receives attempt-gated reveal ID,deterministic where mathematically provable; open explanation may return uncertain and expose rubric after attempt
A4.9,A4,A4.9-P1,Write equations from varied data.,2-5,/subjects/math/algebra/linear-relationships/equations-of-lines/,canonical answer and worked solution server-only; public page receives attempt-gated reveal ID,deterministic where mathematically provable; open explanation may return uncertain and expose rubric after attempt
A4.9,A4,A4.9-P2,Convert forms.,2-5,/subjects/math/algebra/linear-relationships/equations-of-lines/,canonical answer and worked solution server-only; public page receives attempt-gated reveal ID,deterministic where mathematically provable; open explanation may return uncertain and expose rubric after attempt
A4.9,A4,A4.9-P3,Choose the useful form.,2-5,/subjects/math/algebra/linear-relationships/equations-of-lines/,canonical answer and worked solution server-only; public page receives attempt-gated reveal ID,deterministic where mathematically provable; open explanation may return uncertain and expose rubric after attempt
A4.9,A4,A4.9-P4,Interpret coefficients.,2-5,/subjects/math/algebra/linear-relationships/equations-of-lines/,canonical answer and worked solution server-only; public page receives attempt-gated reveal ID,deterministic where mathematically provable; open explanation may return uncertain and expose rubric after attempt
A4.9,A4,A4.9-EXIT,Two-item exit check: one direct and one mixed/transfer item.,2,/subjects/math/algebra/linear-relationships/equations-of-lines/,canonical answer and worked solution server-only; public page receives attempt-gated reveal ID,deterministic where mathematically provable; open explanation may return uncertain and expose rubric after attempt
A4.10,A4,A4.10-P1,Construct equations.,2-5,/subjects/math/algebra/linear-relationships/parallel-and-perpendicular-lines/,canonical answer and worked solution server-only; public page receives attempt-gated reveal ID,deterministic where mathematically provable; open explanation may return uncertain and expose rubric after attempt
A4.10,A4,A4.10-P2,Determine relationships.,2-5,/subjects/math/algebra/linear-relationships/parallel-and-perpendicular-lines/,canonical answer and worked solution server-only; public page receives attempt-gated reveal ID,deterministic where mathematically provable; open explanation may return uncertain and expose rubric after attempt
A4.10,A4,A4.10-P3,Use coordinate geometry.,2-5,/subjects/math/algebra/linear-relationships/parallel-and-perpendicular-lines/,canonical answer and worked solution server-only; public page receives attempt-gated reveal ID,deterministic where mathematically provable; open explanation may return uncertain and expose rubric after attempt
A4.10,A4,A4.10-P4,Diagnose reciprocal-sign errors.,2-5,/subjects/math/algebra/linear-relationships/parallel-and-perpendicular-lines/,canonical answer and worked solution server-only; public page receives attempt-gated reveal ID,deterministic where mathematically provable; open explanation may return uncertain and expose rubric after attempt
A4.10,A4,A4.10-EXIT,Two-item exit check: one direct and one mixed/transfer item.,2,/subjects/math/algebra/linear-relationships/parallel-and-perpendicular-lines/,canonical answer and worked solution server-only; public page receives attempt-gated reveal ID,deterministic where mathematically provable; open explanation may return uncertain and expose rubric after attempt
A4.11,A4,A4.11-P1,Fit simple data.,2-5,/subjects/math/algebra/linear-relationships/linear-models-fit-and-residuals/,canonical answer and worked solution server-only; public page receives attempt-gated reveal ID,deterministic where mathematically provable; open explanation may return uncertain and expose rubric after attempt
A4.11,A4,A4.11-P2,Interpret slope and intercept.,2-5,/subjects/math/algebra/linear-relationships/linear-models-fit-and-residuals/,canonical answer and worked solution server-only; public page receives attempt-gated reveal ID,deterministic where mathematically provable; open explanation may return uncertain and expose rubric after attempt
A4.11,A4,A4.11-P3,Calculate residuals.,2-5,/subjects/math/algebra/linear-relationships/linear-models-fit-and-residuals/,canonical answer and worked solution server-only; public page receives attempt-gated reveal ID,deterministic where mathematically provable; open explanation may return uncertain and expose rubric after attempt
A4.11,A4,A4.11-P4,Critique extrapolation and causal claims.,2-5,/subjects/math/algebra/linear-relationships/linear-models-fit-and-residuals/,canonical answer and worked solution server-only; public page receives attempt-gated reveal ID,deterministic where mathematically provable; open explanation may return uncertain and expose rubric after attempt
A4.11,A4,A4.11-EXIT,Two-item exit check: one direct and one mixed/transfer item.,2,/subjects/math/algebra/linear-relationships/linear-models-fit-and-residuals/,canonical answer and worked solution server-only; public page receives attempt-gated reveal ID,deterministic where mathematically provable; open explanation may return uncertain and expose rubric after attempt
A5.1,A5,A5.1-P1,Test candidates.,2-5,/subjects/math/algebra/systems/systems-as-simultaneous-conditions/,canonical answer and worked solution server-only; public page receives attempt-gated reveal ID,deterministic where mathematically provable; open explanation may return uncertain and expose rubric after attempt
A5.1,A5,A5.1-P2,Write systems from conditions.,2-5,/subjects/math/algebra/systems/systems-as-simultaneous-conditions/,canonical answer and worked solution server-only; public page receives attempt-gated reveal ID,deterministic where mathematically provable; open explanation may return uncertain and expose rubric after attempt
A5.1,A5,A5.1-P3,Interpret ordered pairs.,2-5,/subjects/math/algebra/systems/systems-as-simultaneous-conditions/,canonical answer and worked solution server-only; public page receives attempt-gated reveal ID,deterministic where mathematically provable; open explanation may return uncertain and expose rubric after attempt
A5.1,A5,A5.1-P4,Explain why one equation is insufficient.,2-5,/subjects/math/algebra/systems/systems-as-simultaneous-conditions/,canonical answer and worked solution server-only; public page receives attempt-gated reveal ID,deterministic where mathematically provable; open explanation may return uncertain and expose rubric after attempt
A5.1,A5,A5.1-EXIT,Two-item exit check: one direct and one mixed/transfer item.,2,/subjects/math/algebra/systems/systems-as-simultaneous-conditions/,canonical answer and worked solution server-only; public page receives attempt-gated reveal ID,deterministic where mathematically provable; open explanation may return uncertain and expose rubric after attempt
A5.2,A5,A5.2-P1,Graph and solve.,2-5,/subjects/math/algebra/systems/graphical-solutions/,canonical answer and worked solution server-only; public page receives attempt-gated reveal ID,deterministic where mathematically provable; open explanation may return uncertain and expose rubric after attempt
A5.2,A5,A5.2-P2,Estimate noninteger solutions.,2-5,/subjects/math/algebra/systems/graphical-solutions/,canonical answer and worked solution server-only; public page receives attempt-gated reveal ID,deterministic where mathematically provable; open explanation may return uncertain and expose rubric after attempt
A5.2,A5,A5.2-P3,Classify count.,2-5,/subjects/math/algebra/systems/graphical-solutions/,canonical answer and worked solution server-only; public page receives attempt-gated reveal ID,deterministic where mathematically provable; open explanation may return uncertain and expose rubric after attempt
A5.2,A5,A5.2-P4,Interpret context.,2-5,/subjects/math/algebra/systems/graphical-solutions/,canonical answer and worked solution server-only; public page receives attempt-gated reveal ID,deterministic where mathematically provable; open explanation may return uncertain and expose rubric after attempt
A5.2,A5,A5.2-EXIT,Two-item exit check: one direct and one mixed/transfer item.,2,/subjects/math/algebra/systems/graphical-solutions/,canonical answer and worked solution server-only; public page receives attempt-gated reveal ID,deterministic where mathematically provable; open explanation may return uncertain and expose rubric after attempt
A5.3,A5,A5.3-P1,Solve systems.,2-5,/subjects/math/algebra/systems/substitution/,canonical answer and worked solution server-only; public page receives attempt-gated reveal ID,deterministic where mathematically provable; open explanation may return uncertain and expose rubric after attempt
A5.3,A5,A5.3-P2,Choose convenient isolation.,2-5,/subjects/math/algebra/systems/substitution/,canonical answer and worked solution server-only; public page receives attempt-gated reveal ID,deterministic where mathematically provable; open explanation may return uncertain and expose rubric after attempt
A5.3,A5,A5.3-P3,Context problems.,2-5,/subjects/math/algebra/systems/substitution/,canonical answer and worked solution server-only; public page receives attempt-gated reveal ID,deterministic where mathematically provable; open explanation may return uncertain and expose rubric after attempt
A5.3,A5,A5.3-P4,Repair substitution errors.,2-5,/subjects/math/algebra/systems/substitution/,canonical answer and worked solution server-only; public page receives attempt-gated reveal ID,deterministic where mathematically provable; open explanation may return uncertain and expose rubric after attempt
A5.3,A5,A5.3-EXIT,Two-item exit check: one direct and one mixed/transfer item.,2,/subjects/math/algebra/systems/substitution/,canonical answer and worked solution server-only; public page receives attempt-gated reveal ID,deterministic where mathematically provable; open explanation may return uncertain and expose rubric after attempt
A5.4,A5,A5.4-P1,Direct elimination.,2-5,/subjects/math/algebra/systems/elimination/,canonical answer and worked solution server-only; public page receives attempt-gated reveal ID,deterministic where mathematically provable; open explanation may return uncertain and expose rubric after attempt
A5.4,A5,A5.4-P2,Scale one or both equations.,2-5,/subjects/math/algebra/systems/elimination/,canonical answer and worked solution server-only; public page receives attempt-gated reveal ID,deterministic where mathematically provable; open explanation may return uncertain and expose rubric after attempt
A5.4,A5,A5.4-P3,Fractions.,2-5,/subjects/math/algebra/systems/elimination/,canonical answer and worked solution server-only; public page receives attempt-gated reveal ID,deterministic where mathematically provable; open explanation may return uncertain and expose rubric after attempt
A5.4,A5,A5.4-P4,Interpret the eliminated variable.,2-5,/subjects/math/algebra/systems/elimination/,canonical answer and worked solution server-only; public page receives attempt-gated reveal ID,deterministic where mathematically provable; open explanation may return uncertain and expose rubric after attempt
A5.4,A5,A5.4-EXIT,Two-item exit check: one direct and one mixed/transfer item.,2,/subjects/math/algebra/systems/elimination/,canonical answer and worked solution server-only; public page receives attempt-gated reveal ID,deterministic where mathematically provable; open explanation may return uncertain and expose rubric after attempt
A5.5,A5,A5.5-P1,Classify without full solving.,2-5,/subjects/math/algebra/systems/dependent-and-inconsistent-systems/,canonical answer and worked solution server-only; public page receives attempt-gated reveal ID,deterministic where mathematically provable; open explanation may return uncertain and expose rubric after attempt
A5.5,A5,A5.5-P2,Create examples.,2-5,/subjects/math/algebra/systems/dependent-and-inconsistent-systems/,canonical answer and worked solution server-only; public page receives attempt-gated reveal ID,deterministic where mathematically provable; open explanation may return uncertain and expose rubric after attempt
A5.5,A5,A5.5-P3,Explain algebra-geometry connection.,2-5,/subjects/math/algebra/systems/dependent-and-inconsistent-systems/,canonical answer and worked solution server-only; public page receives attempt-gated reveal ID,deterministic where mathematically provable; open explanation may return uncertain and expose rubric after attempt
A5.5,A5,A5.5-P4,Identify redundant constraints.,2-5,/subjects/math/algebra/systems/dependent-and-inconsistent-systems/,canonical answer and worked solution server-only; public page receives attempt-gated reveal ID,deterministic where mathematically provable; open explanation may return uncertain and expose rubric after attempt
A5.5,A5,A5.5-EXIT,Two-item exit check: one direct and one mixed/transfer item.,2,/subjects/math/algebra/systems/dependent-and-inconsistent-systems/,canonical answer and worked solution server-only; public page receives attempt-gated reveal ID,deterministic where mathematically provable; open explanation may return uncertain and expose rubric after attempt
A5.6,A5,A5.6-P1,Ticket totals.,2-5,/subjects/math/algebra/systems/applications-of-systems/,canonical answer and worked solution server-only; public page receives attempt-gated reveal ID,deterministic where mathematically provable; open explanation may return uncertain and expose rubric after attempt
A5.6,A5,A5.6-P2,Concentration.,2-5,/subjects/math/algebra/systems/applications-of-systems/,canonical answer and worked solution server-only; public page receives attempt-gated reveal ID,deterministic where mathematically provable; open explanation may return uncertain and expose rubric after attempt
A5.6,A5,A5.6-P3,Motion.,2-5,/subjects/math/algebra/systems/applications-of-systems/,canonical answer and worked solution server-only; public page receives attempt-gated reveal ID,deterministic where mathematically provable; open explanation may return uncertain and expose rubric after attempt
A5.6,A5,A5.6-P4,Define variables and interpret both coordinates.,2-5,/subjects/math/algebra/systems/applications-of-systems/,canonical answer and worked solution server-only; public page receives attempt-gated reveal ID,deterministic where mathematically provable; open explanation may return uncertain and expose rubric after attempt
A5.6,A5,A5.6-EXIT,Two-item exit check: one direct and one mixed/transfer item.,2,/subjects/math/algebra/systems/applications-of-systems/,canonical answer and worked solution server-only; public page receives attempt-gated reveal ID,deterministic where mathematically provable; open explanation may return uncertain and expose rubric after attempt
A5.7,A5,A5.7-P1,Graph feasible regions.,2-5,/subjects/math/algebra/systems/systems-of-inequalities/,canonical answer and worked solution server-only; public page receives attempt-gated reveal ID,deterministic where mathematically provable; open explanation may return uncertain and expose rubric after attempt
A5.7,A5,A5.7-P2,Test points.,2-5,/subjects/math/algebra/systems/systems-of-inequalities/,canonical answer and worked solution server-only; public page receives attempt-gated reveal ID,deterministic where mathematically provable; open explanation may return uncertain and expose rubric after attempt
A5.7,A5,A5.7-P3,Write systems from shading.,2-5,/subjects/math/algebra/systems/systems-of-inequalities/,canonical answer and worked solution server-only; public page receives attempt-gated reveal ID,deterministic where mathematically provable; open explanation may return uncertain and expose rubric after attempt
A5.7,A5,A5.7-P4,Introductory optimization by inspection.,2-5,/subjects/math/algebra/systems/systems-of-inequalities/,canonical answer and worked solution server-only; public page receives attempt-gated reveal ID,deterministic where mathematically provable; open explanation may return uncertain and expose rubric after attempt
A5.7,A5,A5.7-EXIT,Two-item exit check: one direct and one mixed/transfer item.,2,/subjects/math/algebra/systems/systems-of-inequalities/,canonical answer and worked solution server-only; public page receives attempt-gated reveal ID,deterministic where mathematically provable; open explanation may return uncertain and expose rubric after attempt
A5.8,A5,A5.8-P1,Mixed unlabeled systems.,2-5,/subjects/math/algebra/systems/systems-strategy-studio/,canonical answer and worked solution server-only; public page receives attempt-gated reveal ID,deterministic where mathematically provable; open explanation may return uncertain and expose rubric after attempt
A5.8,A5,A5.8-P2,Compare methods.,2-5,/subjects/math/algebra/systems/systems-strategy-studio/,canonical answer and worked solution server-only; public page receives attempt-gated reveal ID,deterministic where mathematically provable; open explanation may return uncertain and expose rubric after attempt
A5.8,A5,A5.8-P3,Optional three-variable case.,2-5,/subjects/math/algebra/systems/systems-strategy-studio/,canonical answer and worked solution server-only; public page receives attempt-gated reveal ID,deterministic where mathematically provable; open explanation may return uncertain and expose rubric after attempt
A5.8,A5,A5.8-P4,Full modeling transfer.,2-5,/subjects/math/algebra/systems/systems-strategy-studio/,canonical answer and worked solution server-only; public page receives attempt-gated reveal ID,deterministic where mathematically provable; open explanation may return uncertain and expose rubric after attempt
A5.8,A5,A5.8-EXIT,Two-item exit check: one direct and one mixed/transfer item.,2,/subjects/math/algebra/systems/systems-strategy-studio/,canonical answer and worked solution server-only; public page receives attempt-gated reveal ID,deterministic where mathematically provable; open explanation may return uncertain and expose rubric after attempt
A6.1,A6,A6.1-P1,Expand and compress.,2-5,/subjects/math/algebra/exponents-roots/exponents-as-repeated-multiplication/,canonical answer and worked solution server-only; public page receives attempt-gated reveal ID,deterministic where mathematically provable; open explanation may return uncertain and expose rubric after attempt
A6.1,A6,A6.1-P2,Evaluate.,2-5,/subjects/math/algebra/exponents-roots/exponents-as-repeated-multiplication/,canonical answer and worked solution server-only; public page receives attempt-gated reveal ID,deterministic where mathematically provable; open explanation may return uncertain and expose rubric after attempt
A6.1,A6,A6.1-P3,Identify bases under parentheses.,2-5,/subjects/math/algebra/exponents-roots/exponents-as-repeated-multiplication/,canonical answer and worked solution server-only; public page receives attempt-gated reveal ID,deterministic where mathematically provable; open explanation may return uncertain and expose rubric after attempt
A6.1,A6,A6.1-P4,Area and volume contexts.,2-5,/subjects/math/algebra/exponents-roots/exponents-as-repeated-multiplication/,canonical answer and worked solution server-only; public page receives attempt-gated reveal ID,deterministic where mathematically provable; open explanation may return uncertain and expose rubric after attempt
A6.1,A6,A6.1-EXIT,Two-item exit check: one direct and one mixed/transfer item.,2,/subjects/math/algebra/exponents-roots/exponents-as-repeated-multiplication/,canonical answer and worked solution server-only; public page receives attempt-gated reveal ID,deterministic where mathematically provable; open explanation may return uncertain and expose rubric after attempt
A6.2,A6,A6.2-P1,Evaluate mixed expressions.,2-5,/subjects/math/algebra/exponents-roots/negative-bases-and-grouping/,canonical answer and worked solution server-only; public page receives attempt-gated reveal ID,deterministic where mathematically provable; open explanation may return uncertain and expose rubric after attempt
A6.2,A6,A6.2-P2,Insert parentheses.,2-5,/subjects/math/algebra/exponents-roots/negative-bases-and-grouping/,canonical answer and worked solution server-only; public page receives attempt-gated reveal ID,deterministic where mathematically provable; open explanation may return uncertain and expose rubric after attempt
A6.2,A6,A6.2-P3,Predict sign by parity.,2-5,/subjects/math/algebra/exponents-roots/negative-bases-and-grouping/,canonical answer and worked solution server-only; public page receives attempt-gated reveal ID,deterministic where mathematically provable; open explanation may return uncertain and expose rubric after attempt
A6.2,A6,A6.2-P4,Translate calculator syntax.,2-5,/subjects/math/algebra/exponents-roots/negative-bases-and-grouping/,canonical answer and worked solution server-only; public page receives attempt-gated reveal ID,deterministic where mathematically provable; open explanation may return uncertain and expose rubric after attempt
A6.2,A6,A6.2-EXIT,Two-item exit check: one direct and one mixed/transfer item.,2,/subjects/math/algebra/exponents-roots/negative-bases-and-grouping/,canonical answer and worked solution server-only; public page receives attempt-gated reveal ID,deterministic where mathematically provable; open explanation may return uncertain and expose rubric after attempt
A6.3,A6,A6.3-P1,Simplify symbolic powers.,2-5,/subjects/math/algebra/exponents-roots/product-and-quotient-laws/,canonical answer and worked solution server-only; public page receives attempt-gated reveal ID,deterministic where mathematically provable; open explanation may return uncertain and expose rubric after attempt
A6.3,A6,A6.3-P2,Verify numerically.,2-5,/subjects/math/algebra/exponents-roots/product-and-quotient-laws/,canonical answer and worked solution server-only; public page receives attempt-gated reveal ID,deterministic where mathematically provable; open explanation may return uncertain and expose rubric after attempt
A6.3,A6,A6.3-P3,State nonzero conditions.,2-5,/subjects/math/algebra/exponents-roots/product-and-quotient-laws/,canonical answer and worked solution server-only; public page receives attempt-gated reveal ID,deterministic where mathematically provable; open explanation may return uncertain and expose rubric after attempt
A6.3,A6,A6.3-P4,Repair rule misuse.,2-5,/subjects/math/algebra/exponents-roots/product-and-quotient-laws/,canonical answer and worked solution server-only; public page receives attempt-gated reveal ID,deterministic where mathematically provable; open explanation may return uncertain and expose rubric after attempt
A6.3,A6,A6.3-EXIT,Two-item exit check: one direct and one mixed/transfer item.,2,/subjects/math/algebra/exponents-roots/product-and-quotient-laws/,canonical answer and worked solution server-only; public page receives attempt-gated reveal ID,deterministic where mathematically provable; open explanation may return uncertain and expose rubric after attempt
A6.4,A6,A6.4-P1,Simplify.,2-5,/subjects/math/algebra/exponents-roots/power-of-a-power-product-and-quotient/,canonical answer and worked solution server-only; public page receives attempt-gated reveal ID,deterministic where mathematically provable; open explanation may return uncertain and expose rubric after attempt
A6.4,A6,A6.4-P2,Contrast with powers of sums.,2-5,/subjects/math/algebra/exponents-roots/power-of-a-power-product-and-quotient/,canonical answer and worked solution server-only; public page receives attempt-gated reveal ID,deterministic where mathematically provable; open explanation may return uncertain and expose rubric after attempt
A6.4,A6,A6.4-P3,Multivariable expressions.,2-5,/subjects/math/algebra/exponents-roots/power-of-a-power-product-and-quotient/,canonical answer and worked solution server-only; public page receives attempt-gated reveal ID,deterministic where mathematically provable; open explanation may return uncertain and expose rubric after attempt
A6.4,A6,A6.4-P4,Explain each law.,2-5,/subjects/math/algebra/exponents-roots/power-of-a-power-product-and-quotient/,canonical answer and worked solution server-only; public page receives attempt-gated reveal ID,deterministic where mathematically provable; open explanation may return uncertain and expose rubric after attempt
A6.4,A6,A6.4-EXIT,Two-item exit check: one direct and one mixed/transfer item.,2,/subjects/math/algebra/exponents-roots/power-of-a-power-product-and-quotient/,canonical answer and worked solution server-only; public page receives attempt-gated reveal ID,deterministic where mathematically provable; open explanation may return uncertain and expose rubric after attempt
A6.5,A6,A6.5-P1,Rewrite positive/negative forms.,2-5,/subjects/math/algebra/exponents-roots/zero-and-negative-exponents/,canonical answer and worked solution server-only; public page receives attempt-gated reveal ID,deterministic where mathematically provable; open explanation may return uncertain and expose rubric after attempt
A6.5,A6,A6.5-P2,Solve missing-exponent questions.,2-5,/subjects/math/algebra/exponents-roots/zero-and-negative-exponents/,canonical answer and worked solution server-only; public page receives attempt-gated reveal ID,deterministic where mathematically provable; open explanation may return uncertain and expose rubric after attempt
A6.5,A6,A6.5-P3,Explain a^0=1 for a nonzero.,2-5,/subjects/math/algebra/exponents-roots/zero-and-negative-exponents/,canonical answer and worked solution server-only; public page receives attempt-gated reveal ID,deterministic where mathematically provable; open explanation may return uncertain and expose rubric after attempt
A6.5,A6,A6.5-P4,Mixed simplification.,2-5,/subjects/math/algebra/exponents-roots/zero-and-negative-exponents/,canonical answer and worked solution server-only; public page receives attempt-gated reveal ID,deterministic where mathematically provable; open explanation may return uncertain and expose rubric after attempt
A6.5,A6,A6.5-EXIT,Two-item exit check: one direct and one mixed/transfer item.,2,/subjects/math/algebra/exponents-roots/zero-and-negative-exponents/,canonical answer and worked solution server-only; public page receives attempt-gated reveal ID,deterministic where mathematically provable; open explanation may return uncertain and expose rubric after attempt
A6.6,A6,A6.6-P1,Convert.,2-5,/subjects/math/algebra/exponents-roots/scientific-notation/,canonical answer and worked solution server-only; public page receives attempt-gated reveal ID,deterministic where mathematically provable; open explanation may return uncertain and expose rubric after attempt
A6.6,A6,A6.6-P2,Compare magnitudes.,2-5,/subjects/math/algebra/exponents-roots/scientific-notation/,canonical answer and worked solution server-only; public page receives attempt-gated reveal ID,deterministic where mathematically provable; open explanation may return uncertain and expose rubric after attempt
A6.6,A6,A6.6-P3,Perform arithmetic.,2-5,/subjects/math/algebra/exponents-roots/scientific-notation/,canonical answer and worked solution server-only; public page receives attempt-gated reveal ID,deterministic where mathematically provable; open explanation may return uncertain and expose rubric after attempt
A6.6,A6,A6.6-P4,Use science units.,2-5,/subjects/math/algebra/exponents-roots/scientific-notation/,canonical answer and worked solution server-only; public page receives attempt-gated reveal ID,deterministic where mathematically provable; open explanation may return uncertain and expose rubric after attempt
A6.6,A6,A6.6-EXIT,Two-item exit check: one direct and one mixed/transfer item.,2,/subjects/math/algebra/exponents-roots/scientific-notation/,canonical answer and worked solution server-only; public page receives attempt-gated reveal ID,deterministic where mathematically provable; open explanation may return uncertain and expose rubric after attempt
A6.7,A6,A6.7-P1,Evaluate exact roots.,2-5,/subjects/math/algebra/exponents-roots/square-roots-and-nth-roots/,canonical answer and worked solution server-only; public page receives attempt-gated reveal ID,deterministic where mathematically provable; open explanation may return uncertain and expose rubric after attempt
A6.7,A6,A6.7-P2,Estimate.,2-5,/subjects/math/algebra/exponents-roots/square-roots-and-nth-roots/,canonical answer and worked solution server-only; public page receives attempt-gated reveal ID,deterministic where mathematically provable; open explanation may return uncertain and expose rubric after attempt
A6.7,A6,A6.7-P3,Distinguish sqrt(x^2) from x.,2-5,/subjects/math/algebra/exponents-roots/square-roots-and-nth-roots/,canonical answer and worked solution server-only; public page receives attempt-gated reveal ID,deterministic where mathematically provable; open explanation may return uncertain and expose rubric after attempt
A6.7,A6,A6.7-P4,Preview domain.,2-5,/subjects/math/algebra/exponents-roots/square-roots-and-nth-roots/,canonical answer and worked solution server-only; public page receives attempt-gated reveal ID,deterministic where mathematically provable; open explanation may return uncertain and expose rubric after attempt
A6.7,A6,A6.7-EXIT,Two-item exit check: one direct and one mixed/transfer item.,2,/subjects/math/algebra/exponents-roots/square-roots-and-nth-roots/,canonical answer and worked solution server-only; public page receives attempt-gated reveal ID,deterministic where mathematically provable; open explanation may return uncertain and expose rubric after attempt
A6.8,A6,A6.8-P1,Even and odd powers.,2-5,/subjects/math/algebra/exponents-roots/simple-power-and-root-equations/,canonical answer and worked solution server-only; public page receives attempt-gated reveal ID,deterministic where mathematically provable; open explanation may return uncertain and expose rubric after attempt
A6.8,A6,A6.8-P2,Exact radicals.,2-5,/subjects/math/algebra/exponents-roots/simple-power-and-root-equations/,canonical answer and worked solution server-only; public page receives attempt-gated reveal ID,deterministic where mathematically provable; open explanation may return uncertain and expose rubric after attempt
A6.8,A6,A6.8-P3,No-real-solution preview.,2-5,/subjects/math/algebra/exponents-roots/simple-power-and-root-equations/,canonical answer and worked solution server-only; public page receives attempt-gated reveal ID,deterministic where mathematically provable; open explanation may return uncertain and expose rubric after attempt
A6.8,A6,A6.8-P4,Geometry contexts.,2-5,/subjects/math/algebra/exponents-roots/simple-power-and-root-equations/,canonical answer and worked solution server-only; public page receives attempt-gated reveal ID,deterministic where mathematically provable; open explanation may return uncertain and expose rubric after attempt
A6.8,A6,A6.8-EXIT,Two-item exit check: one direct and one mixed/transfer item.,2,/subjects/math/algebra/exponents-roots/simple-power-and-root-equations/,canonical answer and worked solution server-only; public page receives attempt-gated reveal ID,deterministic where mathematically provable; open explanation may return uncertain and expose rubric after attempt
A6.9,A6,A6.9-P1,Match representations.,2-5,/subjects/math/algebra/exponents-roots/power-function-preview/,canonical answer and worked solution server-only; public page receives attempt-gated reveal ID,deterministic where mathematically provable; open explanation may return uncertain and expose rubric after attempt
A6.9,A6,A6.9-P2,Compare growth.,2-5,/subjects/math/algebra/exponents-roots/power-function-preview/,canonical answer and worked solution server-only; public page receives attempt-gated reveal ID,deterministic where mathematically provable; open explanation may return uncertain and expose rubric after attempt
A6.9,A6,A6.9-P3,Interpret domains/ranges informally.,2-5,/subjects/math/algebra/exponents-roots/power-function-preview/,canonical answer and worked solution server-only; public page receives attempt-gated reveal ID,deterministic where mathematically provable; open explanation may return uncertain and expose rubric after attempt
A6.9,A6,A6.9-P4,Describe shape in words.,2-5,/subjects/math/algebra/exponents-roots/power-function-preview/,canonical answer and worked solution server-only; public page receives attempt-gated reveal ID,deterministic where mathematically provable; open explanation may return uncertain and expose rubric after attempt
A6.9,A6,A6.9-EXIT,Two-item exit check: one direct and one mixed/transfer item.,2,/subjects/math/algebra/exponents-roots/power-function-preview/,canonical answer and worked solution server-only; public page receives attempt-gated reveal ID,deterministic where mathematically provable; open explanation may return uncertain and expose rubric after attempt
A7.1,A7,A7.1-P1,Classify.,2-5,/subjects/math/algebra/polynomial-operations/polynomial-vocabulary-and-evaluation/,canonical answer and worked solution server-only; public page receives attempt-gated reveal ID,deterministic where mathematically provable; open explanation may return uncertain and expose rubric after attempt
A7.1,A7,A7.1-P2,Reorder.,2-5,/subjects/math/algebra/polynomial-operations/polynomial-vocabulary-and-evaluation/,canonical answer and worked solution server-only; public page receives attempt-gated reveal ID,deterministic where mathematically provable; open explanation may return uncertain and expose rubric after attempt
A7.1,A7,A7.1-P3,Evaluate.,2-5,/subjects/math/algebra/polynomial-operations/polynomial-vocabulary-and-evaluation/,canonical answer and worked solution server-only; public page receives attempt-gated reveal ID,deterministic where mathematically provable; open explanation may return uncertain and expose rubric after attempt
A7.1,A7,A7.1-P4,Distinguish nonpolynomial expressions.,2-5,/subjects/math/algebra/polynomial-operations/polynomial-vocabulary-and-evaluation/,canonical answer and worked solution server-only; public page receives attempt-gated reveal ID,deterministic where mathematically provable; open explanation may return uncertain and expose rubric after attempt
A7.1,A7,A7.1-EXIT,Two-item exit check: one direct and one mixed/transfer item.,2,/subjects/math/algebra/polynomial-operations/polynomial-vocabulary-and-evaluation/,canonical answer and worked solution server-only; public page receives attempt-gated reveal ID,deterministic where mathematically provable; open explanation may return uncertain and expose rubric after attempt
A7.2,A7,A7.2-P1,Add and subtract.,2-5,/subjects/math/algebra/polynomial-operations/adding-and-subtracting-polynomials/,canonical answer and worked solution server-only; public page receives attempt-gated reveal ID,deterministic where mathematically provable; open explanation may return uncertain and expose rubric after attempt
A7.2,A7,A7.2-P2,Use placeholders.,2-5,/subjects/math/algebra/polynomial-operations/adding-and-subtracting-polynomials/,canonical answer and worked solution server-only; public page receives attempt-gated reveal ID,deterministic where mathematically provable; open explanation may return uncertain and expose rubric after attempt
A7.2,A7,A7.2-P3,Multivariable cases.,2-5,/subjects/math/algebra/polynomial-operations/adding-and-subtracting-polynomials/,canonical answer and worked solution server-only; public page receives attempt-gated reveal ID,deterministic where mathematically provable; open explanation may return uncertain and expose rubric after attempt
A7.2,A7,A7.2-P4,Correct sign errors.,2-5,/subjects/math/algebra/polynomial-operations/adding-and-subtracting-polynomials/,canonical answer and worked solution server-only; public page receives attempt-gated reveal ID,deterministic where mathematically provable; open explanation may return uncertain and expose rubric after attempt
A7.2,A7,A7.2-EXIT,Two-item exit check: one direct and one mixed/transfer item.,2,/subjects/math/algebra/polynomial-operations/adding-and-subtracting-polynomials/,canonical answer and worked solution server-only; public page receives attempt-gated reveal ID,deterministic where mathematically provable; open explanation may return uncertain and expose rubric after attempt
A7.3,A7,A7.3-P1,Products and quotients.,2-5,/subjects/math/algebra/polynomial-operations/multiplying-monomials/,canonical answer and worked solution server-only; public page receives attempt-gated reveal ID,deterministic where mathematically provable; open explanation may return uncertain and expose rubric after attempt
A7.3,A7,A7.3-P2,Unit applications.,2-5,/subjects/math/algebra/polynomial-operations/multiplying-monomials/,canonical answer and worked solution server-only; public page receives attempt-gated reveal ID,deterministic where mathematically provable; open explanation may return uncertain and expose rubric after attempt
A7.3,A7,A7.3-P3,Negative exponent review.,2-5,/subjects/math/algebra/polynomial-operations/multiplying-monomials/,canonical answer and worked solution server-only; public page receives attempt-gated reveal ID,deterministic where mathematically provable; open explanation may return uncertain and expose rubric after attempt
A7.3,A7,A7.3-P4,Error analysis.,2-5,/subjects/math/algebra/polynomial-operations/multiplying-monomials/,canonical answer and worked solution server-only; public page receives attempt-gated reveal ID,deterministic where mathematically provable; open explanation may return uncertain and expose rubric after attempt
A7.3,A7,A7.3-EXIT,Two-item exit check: one direct and one mixed/transfer item.,2,/subjects/math/algebra/polynomial-operations/multiplying-monomials/,canonical answer and worked solution server-only; public page receives attempt-gated reveal ID,deterministic where mathematically provable; open explanation may return uncertain and expose rubric after attempt
A7.4,A7,A7.4-P1,Expand.,2-5,/subjects/math/algebra/polynomial-operations/monomial-times-polynomial/,canonical answer and worked solution server-only; public page receives attempt-gated reveal ID,deterministic where mathematically provable; open explanation may return uncertain and expose rubric after attempt
A7.4,A7,A7.4-P2,Factor to check.,2-5,/subjects/math/algebra/polynomial-operations/monomial-times-polynomial/,canonical answer and worked solution server-only; public page receives attempt-gated reveal ID,deterministic where mathematically provable; open explanation may return uncertain and expose rubric after attempt
A7.4,A7,A7.4-P3,Negative monomials.,2-5,/subjects/math/algebra/polynomial-operations/monomial-times-polynomial/,canonical answer and worked solution server-only; public page receives attempt-gated reveal ID,deterministic where mathematically provable; open explanation may return uncertain and expose rubric after attempt
A7.4,A7,A7.4-P4,Area contexts.,2-5,/subjects/math/algebra/polynomial-operations/monomial-times-polynomial/,canonical answer and worked solution server-only; public page receives attempt-gated reveal ID,deterministic where mathematically provable; open explanation may return uncertain and expose rubric after attempt
A7.4,A7,A7.4-EXIT,Two-item exit check: one direct and one mixed/transfer item.,2,/subjects/math/algebra/polynomial-operations/monomial-times-polynomial/,canonical answer and worked solution server-only; public page receives attempt-gated reveal ID,deterministic where mathematically provable; open explanation may return uncertain and expose rubric after attempt
A7.5,A7,A7.5-P1,Binomial and larger products.,2-5,/subjects/math/algebra/polynomial-operations/polynomial-times-polynomial/,canonical answer and worked solution server-only; public page receives attempt-gated reveal ID,deterministic where mathematically provable; open explanation may return uncertain and expose rubric after attempt
A7.5,A7,A7.5-P2,Coefficient tables.,2-5,/subjects/math/algebra/polynomial-operations/polynomial-times-polynomial/,canonical answer and worked solution server-only; public page receives attempt-gated reveal ID,deterministic where mathematically provable; open explanation may return uncertain and expose rubric after attempt
A7.5,A7,A7.5-P3,Missing terms.,2-5,/subjects/math/algebra/polynomial-operations/polynomial-times-polynomial/,canonical answer and worked solution server-only; public page receives attempt-gated reveal ID,deterministic where mathematically provable; open explanation may return uncertain and expose rubric after attempt
A7.5,A7,A7.5-P4,Check by substitution.,2-5,/subjects/math/algebra/polynomial-operations/polynomial-times-polynomial/,canonical answer and worked solution server-only; public page receives attempt-gated reveal ID,deterministic where mathematically provable; open explanation may return uncertain and expose rubric after attempt
A7.5,A7,A7.5-EXIT,Two-item exit check: one direct and one mixed/transfer item.,2,/subjects/math/algebra/polynomial-operations/polynomial-times-polynomial/,canonical answer and worked solution server-only; public page receives attempt-gated reveal ID,deterministic where mathematically provable; open explanation may return uncertain and expose rubric after attempt
A7.6,A7,A7.6-P1,Expand.,2-5,/subjects/math/algebra/polynomial-operations/special-products/,canonical answer and worked solution server-only; public page receives attempt-gated reveal ID,deterministic where mathematically provable; open explanation may return uncertain and expose rubric after attempt
A7.6,A7,A7.6-P2,Fill missing terms.,2-5,/subjects/math/algebra/polynomial-operations/special-products/,canonical answer and worked solution server-only; public page receives attempt-gated reveal ID,deterministic where mathematically provable; open explanation may return uncertain and expose rubric after attempt
A7.6,A7,A7.6-P3,Identify invalid pattern use.,2-5,/subjects/math/algebra/polynomial-operations/special-products/,canonical answer and worked solution server-only; public page receives attempt-gated reveal ID,deterministic where mathematically provable; open explanation may return uncertain and expose rubric after attempt
A7.6,A7,A7.6-P4,Derive identities.,2-5,/subjects/math/algebra/polynomial-operations/special-products/,canonical answer and worked solution server-only; public page receives attempt-gated reveal ID,deterministic where mathematically provable; open explanation may return uncertain and expose rubric after attempt
A7.6,A7,A7.6-EXIT,Two-item exit check: one direct and one mixed/transfer item.,2,/subjects/math/algebra/polynomial-operations/special-products/,canonical answer and worked solution server-only; public page receives attempt-gated reveal ID,deterministic where mathematically provable; open explanation may return uncertain and expose rubric after attempt
A7.7,A7,A7.7-P1,Simplify.,2-5,/subjects/math/algebra/polynomial-operations/division-by-a-monomial/,canonical answer and worked solution server-only; public page receives attempt-gated reveal ID,deterministic where mathematically provable; open explanation may return uncertain and expose rubric after attempt
A7.7,A7,A7.7-P2,Mixed exponents.,2-5,/subjects/math/algebra/polynomial-operations/division-by-a-monomial/,canonical answer and worked solution server-only; public page receives attempt-gated reveal ID,deterministic where mathematically provable; open explanation may return uncertain and expose rubric after attempt
A7.7,A7,A7.7-P3,Explain every-term division.,2-5,/subjects/math/algebra/polynomial-operations/division-by-a-monomial/,canonical answer and worked solution server-only; public page receives attempt-gated reveal ID,deterministic where mathematically provable; open explanation may return uncertain and expose rubric after attempt
A7.7,A7,A7.7-P4,State restrictions.,2-5,/subjects/math/algebra/polynomial-operations/division-by-a-monomial/,canonical answer and worked solution server-only; public page receives attempt-gated reveal ID,deterministic where mathematically provable; open explanation may return uncertain and expose rubric after attempt
A7.7,A7,A7.7-EXIT,Two-item exit check: one direct and one mixed/transfer item.,2,/subjects/math/algebra/polynomial-operations/division-by-a-monomial/,canonical answer and worked solution server-only; public page receives attempt-gated reveal ID,deterministic where mathematically provable; open explanation may return uncertain and expose rubric after attempt
A7.8,A7,A7.8-P1,Exact division.,2-5,/subjects/math/algebra/polynomial-operations/polynomial-long-division/,canonical answer and worked solution server-only; public page receives attempt-gated reveal ID,deterministic where mathematically provable; open explanation may return uncertain and expose rubric after attempt
A7.8,A7,A7.8-P2,Remainders.,2-5,/subjects/math/algebra/polynomial-operations/polynomial-long-division/,canonical answer and worked solution server-only; public page receives attempt-gated reveal ID,deterministic where mathematically provable; open explanation may return uncertain and expose rubric after attempt
A7.8,A7,A7.8-P3,Interpret P=DQ+R.,2-5,/subjects/math/algebra/polynomial-operations/polynomial-long-division/,canonical answer and worked solution server-only; public page receives attempt-gated reveal ID,deterministic where mathematically provable; open explanation may return uncertain and expose rubric after attempt
A7.8,A7,A7.8-P4,Repair alignment errors.,2-5,/subjects/math/algebra/polynomial-operations/polynomial-long-division/,canonical answer and worked solution server-only; public page receives attempt-gated reveal ID,deterministic where mathematically provable; open explanation may return uncertain and expose rubric after attempt
A7.8,A7,A7.8-EXIT,Two-item exit check: one direct and one mixed/transfer item.,2,/subjects/math/algebra/polynomial-operations/polynomial-long-division/,canonical answer and worked solution server-only; public page receives attempt-gated reveal ID,deterministic where mathematically provable; open explanation may return uncertain and expose rubric after attempt
A7.9,A7,A7.9-P1,Mixed operations.,2-5,/subjects/math/algebra/polynomial-operations/polynomial-structure-clinic/,canonical answer and worked solution server-only; public page receives attempt-gated reveal ID,deterministic where mathematically provable; open explanation may return uncertain and expose rubric after attempt
A7.9,A7,A7.9-P2,Critique (a+b)^2=a^2+b^2.,2-5,/subjects/math/algebra/polynomial-operations/polynomial-structure-clinic/,canonical answer and worked solution server-only; public page receives attempt-gated reveal ID,deterministic where mathematically provable; open explanation may return uncertain and expose rubric after attempt
A7.9,A7,A7.9-P3,Explain choices.,2-5,/subjects/math/algebra/polynomial-operations/polynomial-structure-clinic/,canonical answer and worked solution server-only; public page receives attempt-gated reveal ID,deterministic where mathematically provable; open explanation may return uncertain and expose rubric after attempt
A7.9,A7,A7.9-P4,Cumulative transfer.,2-5,/subjects/math/algebra/polynomial-operations/polynomial-structure-clinic/,canonical answer and worked solution server-only; public page receives attempt-gated reveal ID,deterministic where mathematically provable; open explanation may return uncertain and expose rubric after attempt
A7.9,A7,A7.9-EXIT,Two-item exit check: one direct and one mixed/transfer item.,2,/subjects/math/algebra/polynomial-operations/polynomial-structure-clinic/,canonical answer and worked solution server-only; public page receives attempt-gated reveal ID,deterministic where mathematically provable; open explanation may return uncertain and expose rubric after attempt
A8.1,A8,A8.1-P1,Numerical and polynomial GCF.,2-5,/subjects/math/algebra/factoring-quadratics/factoring-as-reverse-distribution-and-gcf/,canonical answer and worked solution server-only; public page receives attempt-gated reveal ID,deterministic where mathematically provable; open explanation may return uncertain and expose rubric after attempt
A8.1,A8,A8.1-P2,Negative GCF.,2-5,/subjects/math/algebra/factoring-quadratics/factoring-as-reverse-distribution-and-gcf/,canonical answer and worked solution server-only; public page receives attempt-gated reveal ID,deterministic where mathematically provable; open explanation may return uncertain and expose rubric after attempt
A8.1,A8,A8.1-P3,Multivariable terms.,2-5,/subjects/math/algebra/factoring-quadratics/factoring-as-reverse-distribution-and-gcf/,canonical answer and worked solution server-only; public page receives attempt-gated reveal ID,deterministic where mathematically provable; open explanation may return uncertain and expose rubric after attempt
A8.1,A8,A8.1-P4,Incomplete factoring errors.,2-5,/subjects/math/algebra/factoring-quadratics/factoring-as-reverse-distribution-and-gcf/,canonical answer and worked solution server-only; public page receives attempt-gated reveal ID,deterministic where mathematically provable; open explanation may return uncertain and expose rubric after attempt
A8.1,A8,A8.1-EXIT,Two-item exit check: one direct and one mixed/transfer item.,2,/subjects/math/algebra/factoring-quadratics/factoring-as-reverse-distribution-and-gcf/,canonical answer and worked solution server-only; public page receives attempt-gated reveal ID,deterministic where mathematically provable; open explanation may return uncertain and expose rubric after attempt
A8.2,A8,A8.2-P1,Four-term factoring.,2-5,/subjects/math/algebra/factoring-quadratics/factoring-by-grouping/,canonical answer and worked solution server-only; public page receives attempt-gated reveal ID,deterministic where mathematically provable; open explanation may return uncertain and expose rubric after attempt
A8.2,A8,A8.2-P2,Negative groups.,2-5,/subjects/math/algebra/factoring-quadratics/factoring-by-grouping/,canonical answer and worked solution server-only; public page receives attempt-gated reveal ID,deterministic where mathematically provable; open explanation may return uncertain and expose rubric after attempt
A8.2,A8,A8.2-P3,Regrouping.,2-5,/subjects/math/algebra/factoring-quadratics/factoring-by-grouping/,canonical answer and worked solution server-only; public page receives attempt-gated reveal ID,deterministic where mathematically provable; open explanation may return uncertain and expose rubric after attempt
A8.2,A8,A8.2-P4,Identify when grouping does not help.,2-5,/subjects/math/algebra/factoring-quadratics/factoring-by-grouping/,canonical answer and worked solution server-only; public page receives attempt-gated reveal ID,deterministic where mathematically provable; open explanation may return uncertain and expose rubric after attempt
A8.2,A8,A8.2-EXIT,Two-item exit check: one direct and one mixed/transfer item.,2,/subjects/math/algebra/factoring-quadratics/factoring-by-grouping/,canonical answer and worked solution server-only; public page receives attempt-gated reveal ID,deterministic where mathematically provable; open explanation may return uncertain and expose rubric after attempt
A8.3,A8,A8.3-P1,"Positive and negative b,c.",2-5,/subjects/math/algebra/factoring-quadratics/factoring-x-2-bx-c/,canonical answer and worked solution server-only; public page receives attempt-gated reveal ID,deterministic where mathematically provable; open explanation may return uncertain and expose rubric after attempt
A8.3,A8,A8.3-P2,Prime cases.,2-5,/subjects/math/algebra/factoring-quadratics/factoring-x-2-bx-c/,canonical answer and worked solution server-only; public page receives attempt-gated reveal ID,deterministic where mathematically provable; open explanation may return uncertain and expose rubric after attempt
A8.3,A8,A8.3-P3,Expand to check.,2-5,/subjects/math/algebra/factoring-quadratics/factoring-x-2-bx-c/,canonical answer and worked solution server-only; public page receives attempt-gated reveal ID,deterministic where mathematically provable; open explanation may return uncertain and expose rubric after attempt
A8.3,A8,A8.3-P4,Area contexts.,2-5,/subjects/math/algebra/factoring-quadratics/factoring-x-2-bx-c/,canonical answer and worked solution server-only; public page receives attempt-gated reveal ID,deterministic where mathematically provable; open explanation may return uncertain and expose rubric after attempt
A8.3,A8,A8.3-EXIT,Two-item exit check: one direct and one mixed/transfer item.,2,/subjects/math/algebra/factoring-quadratics/factoring-x-2-bx-c/,canonical answer and worked solution server-only; public page receives attempt-gated reveal ID,deterministic where mathematically provable; open explanation may return uncertain and expose rubric after attempt
A8.4,A8,A8.4-P1,General trinomials.,2-5,/subjects/math/algebra/factoring-quadratics/factoring-ax-2-bx-c/,canonical answer and worked solution server-only; public page receives attempt-gated reveal ID,deterministic where mathematically provable; open explanation may return uncertain and expose rubric after attempt
A8.4,A8,A8.4-P2,GCF first.,2-5,/subjects/math/algebra/factoring-quadratics/factoring-ax-2-bx-c/,canonical answer and worked solution server-only; public page receives attempt-gated reveal ID,deterministic where mathematically provable; open explanation may return uncertain and expose rubric after attempt
A8.4,A8,A8.4-P3,Compare methods.,2-5,/subjects/math/algebra/factoring-quadratics/factoring-ax-2-bx-c/,canonical answer and worked solution server-only; public page receives attempt-gated reveal ID,deterministic where mathematically provable; open explanation may return uncertain and expose rubric after attempt
A8.4,A8,A8.4-P4,Error analysis.,2-5,/subjects/math/algebra/factoring-quadratics/factoring-ax-2-bx-c/,canonical answer and worked solution server-only; public page receives attempt-gated reveal ID,deterministic where mathematically provable; open explanation may return uncertain and expose rubric after attempt
A8.4,A8,A8.4-EXIT,Two-item exit check: one direct and one mixed/transfer item.,2,/subjects/math/algebra/factoring-quadratics/factoring-ax-2-bx-c/,canonical answer and worked solution server-only; public page receives attempt-gated reveal ID,deterministic where mathematically provable; open explanation may return uncertain and expose rubric after attempt
A8.5,A8,A8.5-P1,Factor special forms.,2-5,/subjects/math/algebra/factoring-quadratics/special-factoring-patterns/,canonical answer and worked solution server-only; public page receives attempt-gated reveal ID,deterministic where mathematically provable; open explanation may return uncertain and expose rubric after attempt
A8.5,A8,A8.5-P2,Mixed powers.,2-5,/subjects/math/algebra/factoring-quadratics/special-factoring-patterns/,canonical answer and worked solution server-only; public page receives attempt-gated reveal ID,deterministic where mathematically provable; open explanation may return uncertain and expose rubric after attempt
A8.5,A8,A8.5-P3,Distinguish sum of squares over reals.,2-5,/subjects/math/algebra/factoring-quadratics/special-factoring-patterns/,canonical answer and worked solution server-only; public page receives attempt-gated reveal ID,deterministic where mathematically provable; open explanation may return uncertain and expose rubric after attempt
A8.5,A8,A8.5-P4,Complete patterns.,2-5,/subjects/math/algebra/factoring-quadratics/special-factoring-patterns/,canonical answer and worked solution server-only; public page receives attempt-gated reveal ID,deterministic where mathematically provable; open explanation may return uncertain and expose rubric after attempt
A8.5,A8,A8.5-EXIT,Two-item exit check: one direct and one mixed/transfer item.,2,/subjects/math/algebra/factoring-quadratics/special-factoring-patterns/,canonical answer and worked solution server-only; public page receives attempt-gated reveal ID,deterministic where mathematically provable; open explanation may return uncertain and expose rubric after attempt
A8.6,A8,A8.6-P1,Mixed factoring.,2-5,/subjects/math/algebra/factoring-quadratics/general-factoring-strategy-and-irreducibility/,canonical answer and worked solution server-only; public page receives attempt-gated reveal ID,deterministic where mathematically provable; open explanation may return uncertain and expose rubric after attempt
A8.6,A8,A8.6-P2,Quadratic-in-form substitutions.,2-5,/subjects/math/algebra/factoring-quadratics/general-factoring-strategy-and-irreducibility/,canonical answer and worked solution server-only; public page receives attempt-gated reveal ID,deterministic where mathematically provable; open explanation may return uncertain and expose rubric after attempt
A8.6,A8,A8.6-P3,Stop conditions.,2-5,/subjects/math/algebra/factoring-quadratics/general-factoring-strategy-and-irreducibility/,canonical answer and worked solution server-only; public page receives attempt-gated reveal ID,deterministic where mathematically provable; open explanation may return uncertain and expose rubric after attempt
A8.6,A8,A8.6-P4,Explain completeness.,2-5,/subjects/math/algebra/factoring-quadratics/general-factoring-strategy-and-irreducibility/,canonical answer and worked solution server-only; public page receives attempt-gated reveal ID,deterministic where mathematically provable; open explanation may return uncertain and expose rubric after attempt
A8.6,A8,A8.6-EXIT,Two-item exit check: one direct and one mixed/transfer item.,2,/subjects/math/algebra/factoring-quadratics/general-factoring-strategy-and-irreducibility/,canonical answer and worked solution server-only; public page receives attempt-gated reveal ID,deterministic where mathematically provable; open explanation may return uncertain and expose rubric after attempt
A8.7,A8,A8.7-P1,Solve factored equations.,2-5,/subjects/math/algebra/factoring-quadratics/zero-product-property/,canonical answer and worked solution server-only; public page receives attempt-gated reveal ID,deterministic where mathematically provable; open explanation may return uncertain and expose rubric after attempt
A8.7,A8,A8.7-P2,Identify misuse.,2-5,/subjects/math/algebra/factoring-quadratics/zero-product-property/,canonical answer and worked solution server-only; public page receives attempt-gated reveal ID,deterministic where mathematically provable; open explanation may return uncertain and expose rubric after attempt
A8.7,A8,A8.7-P3,Construct equations from roots.,2-5,/subjects/math/algebra/factoring-quadratics/zero-product-property/,canonical answer and worked solution server-only; public page receives attempt-gated reveal ID,deterministic where mathematically provable; open explanation may return uncertain and expose rubric after attempt
A8.7,A8,A8.7-P4,Repeated factors.,2-5,/subjects/math/algebra/factoring-quadratics/zero-product-property/,canonical answer and worked solution server-only; public page receives attempt-gated reveal ID,deterministic where mathematically provable; open explanation may return uncertain and expose rubric after attempt
A8.7,A8,A8.7-EXIT,Two-item exit check: one direct and one mixed/transfer item.,2,/subjects/math/algebra/factoring-quadratics/zero-product-property/,canonical answer and worked solution server-only; public page receives attempt-gated reveal ID,deterministic where mathematically provable; open explanation may return uncertain and expose rubric after attempt
A8.8,A8,A8.8-P1,Standard and disguised quadratics.,2-5,/subjects/math/algebra/factoring-quadratics/solving-quadratics-by-factoring/,canonical answer and worked solution server-only; public page receives attempt-gated reveal ID,deterministic where mathematically provable; open explanation may return uncertain and expose rubric after attempt
A8.8,A8,A8.8-P2,Repeated roots.,2-5,/subjects/math/algebra/factoring-quadratics/solving-quadratics-by-factoring/,canonical answer and worked solution server-only; public page receives attempt-gated reveal ID,deterministic where mathematically provable; open explanation may return uncertain and expose rubric after attempt
A8.8,A8,A8.8-P3,Applications.,2-5,/subjects/math/algebra/factoring-quadratics/solving-quadratics-by-factoring/,canonical answer and worked solution server-only; public page receives attempt-gated reveal ID,deterministic where mathematically provable; open explanation may return uncertain and expose rubric after attempt
A8.8,A8,A8.8-P4,Assess method suitability.,2-5,/subjects/math/algebra/factoring-quadratics/solving-quadratics-by-factoring/,canonical answer and worked solution server-only; public page receives attempt-gated reveal ID,deterministic where mathematically provable; open explanation may return uncertain and expose rubric after attempt
A8.8,A8,A8.8-EXIT,Two-item exit check: one direct and one mixed/transfer item.,2,/subjects/math/algebra/factoring-quadratics/solving-quadratics-by-factoring/,canonical answer and worked solution server-only; public page receives attempt-gated reveal ID,deterministic where mathematically provable; open explanation may return uncertain and expose rubric after attempt
A8.9,A8,A8.9-P1,(x-h)^2=k.,2-5,/subjects/math/algebra/factoring-quadratics/square-root-method/,canonical answer and worked solution server-only; public page receives attempt-gated reveal ID,deterministic where mathematically provable; open explanation may return uncertain and expose rubric after attempt
A8.9,A8,A8.9-P2,Exact radicals.,2-5,/subjects/math/algebra/factoring-quadratics/square-root-method/,canonical answer and worked solution server-only; public page receives attempt-gated reveal ID,deterministic where mathematically provable; open explanation may return uncertain and expose rubric after attempt
A8.9,A8,A8.9-P3,No-real-solution preview.,2-5,/subjects/math/algebra/factoring-quadratics/square-root-method/,canonical answer and worked solution server-only; public page receives attempt-gated reveal ID,deterministic where mathematically provable; open explanation may return uncertain and expose rubric after attempt
A8.9,A8,A8.9-P4,Geometry contexts.,2-5,/subjects/math/algebra/factoring-quadratics/square-root-method/,canonical answer and worked solution server-only; public page receives attempt-gated reveal ID,deterministic where mathematically provable; open explanation may return uncertain and expose rubric after attempt
A8.9,A8,A8.9-EXIT,Two-item exit check: one direct and one mixed/transfer item.,2,/subjects/math/algebra/factoring-quadratics/square-root-method/,canonical answer and worked solution server-only; public page receives attempt-gated reveal ID,deterministic where mathematically provable; open explanation may return uncertain and expose rubric after attempt
A8.10,A8,A8.10-P1,Build perfect-square trinomials.,2-5,/subjects/math/algebra/factoring-quadratics/completing-the-square-geometrically/,canonical answer and worked solution server-only; public page receives attempt-gated reveal ID,deterministic where mathematically provable; open explanation may return uncertain and expose rubric after attempt
A8.10,A8,A8.10-P2,Find missing constants.,2-5,/subjects/math/algebra/factoring-quadratics/completing-the-square-geometrically/,canonical answer and worked solution server-only; public page receives attempt-gated reveal ID,deterministic where mathematically provable; open explanation may return uncertain and expose rubric after attempt
A8.10,A8,A8.10-P3,Explain (b/2)^2.,2-5,/subjects/math/algebra/factoring-quadratics/completing-the-square-geometrically/,canonical answer and worked solution server-only; public page receives attempt-gated reveal ID,deterministic where mathematically provable; open explanation may return uncertain and expose rubric after attempt
A8.10,A8,A8.10-P4,Connect to vertex form.,2-5,/subjects/math/algebra/factoring-quadratics/completing-the-square-geometrically/,canonical answer and worked solution server-only; public page receives attempt-gated reveal ID,deterministic where mathematically provable; open explanation may return uncertain and expose rubric after attempt
A8.10,A8,A8.10-EXIT,Two-item exit check: one direct and one mixed/transfer item.,2,/subjects/math/algebra/factoring-quadratics/completing-the-square-geometrically/,canonical answer and worked solution server-only; public page receives attempt-gated reveal ID,deterministic where mathematically provable; open explanation may return uncertain and expose rubric after attempt
A8.11,A8,A8.11-P1,Monic and nonmonic equations.,2-5,/subjects/math/algebra/factoring-quadratics/completing-the-square-algebraically/,canonical answer and worked solution server-only; public page receives attempt-gated reveal ID,deterministic where mathematically provable; open explanation may return uncertain and expose rubric after attempt
A8.11,A8,A8.11-P2,Exact solutions.,2-5,/subjects/math/algebra/factoring-quadratics/completing-the-square-algebraically/,canonical answer and worked solution server-only; public page receives attempt-gated reveal ID,deterministic where mathematically provable; open explanation may return uncertain and expose rubric after attempt
A8.11,A8,A8.11-P3,Compare with factoring.,2-5,/subjects/math/algebra/factoring-quadratics/completing-the-square-algebraically/,canonical answer and worked solution server-only; public page receives attempt-gated reveal ID,deterministic where mathematically provable; open explanation may return uncertain and expose rubric after attempt
A8.11,A8,A8.11-P4,Check.,2-5,/subjects/math/algebra/factoring-quadratics/completing-the-square-algebraically/,canonical answer and worked solution server-only; public page receives attempt-gated reveal ID,deterministic where mathematically provable; open explanation may return uncertain and expose rubric after attempt
A8.11,A8,A8.11-EXIT,Two-item exit check: one direct and one mixed/transfer item.,2,/subjects/math/algebra/factoring-quadratics/completing-the-square-algebraically/,canonical answer and worked solution server-only; public page receives attempt-gated reveal ID,deterministic where mathematically provable; open explanation may return uncertain and expose rubric after attempt
A8.12,A8,A8.12-P1,Substitute carefully.,2-5,/subjects/math/algebra/factoring-quadratics/quadratic-formula-and-discriminant/,canonical answer and worked solution server-only; public page receives attempt-gated reveal ID,deterministic where mathematically provable; open explanation may return uncertain and expose rubric after attempt
A8.12,A8,A8.12-P2,Simplify radicals.,2-5,/subjects/math/algebra/factoring-quadratics/quadratic-formula-and-discriminant/,canonical answer and worked solution server-only; public page receives attempt-gated reveal ID,deterministic where mathematically provable; open explanation may return uncertain and expose rubric after attempt
A8.12,A8,A8.12-P3,Classify roots.,2-5,/subjects/math/algebra/factoring-quadratics/quadratic-formula-and-discriminant/,canonical answer and worked solution server-only; public page receives attempt-gated reveal ID,deterministic where mathematically provable; open explanation may return uncertain and expose rubric after attempt
A8.12,A8,A8.12-P4,Choose among methods.,2-5,/subjects/math/algebra/factoring-quadratics/quadratic-formula-and-discriminant/,canonical answer and worked solution server-only; public page receives attempt-gated reveal ID,deterministic where mathematically provable; open explanation may return uncertain and expose rubric after attempt
A8.12,A8,A8.12-EXIT,Two-item exit check: one direct and one mixed/transfer item.,2,/subjects/math/algebra/factoring-quadratics/quadratic-formula-and-discriminant/,canonical answer and worked solution server-only; public page receives attempt-gated reveal ID,deterministic where mathematically provable; open explanation may return uncertain and expose rubric after attempt
A9.1,A9,A9.1-P1,Match forms and graphs.,2-5,/subjects/math/algebra/quadratic-functions/quadratic-relations-and-three-useful-forms/,canonical answer and worked solution server-only; public page receives attempt-gated reveal ID,deterministic where mathematically provable; open explanation may return uncertain and expose rubric after attempt
A9.1,A9,A9.1-P2,Identify exposed information.,2-5,/subjects/math/algebra/quadratic-functions/quadratic-relations-and-three-useful-forms/,canonical answer and worked solution server-only; public page receives attempt-gated reveal ID,deterministic where mathematically provable; open explanation may return uncertain and expose rubric after attempt
A9.1,A9,A9.1-P3,Choose best form.,2-5,/subjects/math/algebra/quadratic-functions/quadratic-relations-and-three-useful-forms/,canonical answer and worked solution server-only; public page receives attempt-gated reveal ID,deterministic where mathematically provable; open explanation may return uncertain and expose rubric after attempt
A9.1,A9,A9.1-P4,Explain equivalence.,2-5,/subjects/math/algebra/quadratic-functions/quadratic-relations-and-three-useful-forms/,canonical answer and worked solution server-only; public page receives attempt-gated reveal ID,deterministic where mathematically provable; open explanation may return uncertain and expose rubric after attempt
A9.1,A9,A9.1-EXIT,Two-item exit check: one direct and one mixed/transfer item.,2,/subjects/math/algebra/quadratic-functions/quadratic-relations-and-three-useful-forms/,canonical answer and worked solution server-only; public page receives attempt-gated reveal ID,deterministic where mathematically provable; open explanation may return uncertain and expose rubric after attempt
A9.2,A9,A9.2-P1,Sketch.,2-5,/subjects/math/algebra/quadratic-functions/graphing-parabolas/,canonical answer and worked solution server-only; public page receives attempt-gated reveal ID,deterministic where mathematically provable; open explanation may return uncertain and expose rubric after attempt
A9.2,A9,A9.2-P2,Find axis and vertex.,2-5,/subjects/math/algebra/quadratic-functions/graphing-parabolas/,canonical answer and worked solution server-only; public page receives attempt-gated reveal ID,deterministic where mathematically provable; open explanation may return uncertain and expose rubric after attempt
A9.2,A9,A9.2-P3,Compare a-values.,2-5,/subjects/math/algebra/quadratic-functions/graphing-parabolas/,canonical answer and worked solution server-only; public page receives attempt-gated reveal ID,deterministic where mathematically provable; open explanation may return uncertain and expose rubric after attempt
A9.2,A9,A9.2-P4,Interpret direction.,2-5,/subjects/math/algebra/quadratic-functions/graphing-parabolas/,canonical answer and worked solution server-only; public page receives attempt-gated reveal ID,deterministic where mathematically provable; open explanation may return uncertain and expose rubric after attempt
A9.2,A9,A9.2-EXIT,Two-item exit check: one direct and one mixed/transfer item.,2,/subjects/math/algebra/quadratic-functions/graphing-parabolas/,canonical answer and worked solution server-only; public page receives attempt-gated reveal ID,deterministic where mathematically provable; open explanation may return uncertain and expose rubric after attempt
A9.3,A9,A9.3-P1,Graph from factors.,2-5,/subjects/math/algebra/quadratic-functions/factored-form-and-zeros/,canonical answer and worked solution server-only; public page receives attempt-gated reveal ID,deterministic where mathematically provable; open explanation may return uncertain and expose rubric after attempt
A9.3,A9,A9.3-P2,Construct from zeros.,2-5,/subjects/math/algebra/quadratic-functions/factored-form-and-zeros/,canonical answer and worked solution server-only; public page receives attempt-gated reveal ID,deterministic where mathematically provable; open explanation may return uncertain and expose rubric after attempt
A9.3,A9,A9.3-P3,Interpret repeated roots.,2-5,/subjects/math/algebra/quadratic-functions/factored-form-and-zeros/,canonical answer and worked solution server-only; public page receives attempt-gated reveal ID,deterministic where mathematically provable; open explanation may return uncertain and expose rubric after attempt
A9.3,A9,A9.3-P4,Sign intervals.,2-5,/subjects/math/algebra/quadratic-functions/factored-form-and-zeros/,canonical answer and worked solution server-only; public page receives attempt-gated reveal ID,deterministic where mathematically provable; open explanation may return uncertain and expose rubric after attempt
A9.3,A9,A9.3-EXIT,Two-item exit check: one direct and one mixed/transfer item.,2,/subjects/math/algebra/quadratic-functions/factored-form-and-zeros/,canonical answer and worked solution server-only; public page receives attempt-gated reveal ID,deterministic where mathematically provable; open explanation may return uncertain and expose rubric after attempt
A9.4,A9,A9.4-P1,Graph transformations.,2-5,/subjects/math/algebra/quadratic-functions/vertex-form-and-transformations/,canonical answer and worked solution server-only; public page receives attempt-gated reveal ID,deterministic where mathematically provable; open explanation may return uncertain and expose rubric after attempt
A9.4,A9,A9.4-P2,Find equation from vertex and point.,2-5,/subjects/math/algebra/quadratic-functions/vertex-form-and-transformations/,canonical answer and worked solution server-only; public page receives attempt-gated reveal ID,deterministic where mathematically provable; open explanation may return uncertain and expose rubric after attempt
A9.4,A9,A9.4-P3,Interpret parameters.,2-5,/subjects/math/algebra/quadratic-functions/vertex-form-and-transformations/,canonical answer and worked solution server-only; public page receives attempt-gated reveal ID,deterministic where mathematically provable; open explanation may return uncertain and expose rubric after attempt
A9.4,A9,A9.4-P4,Error analysis.,2-5,/subjects/math/algebra/quadratic-functions/vertex-form-and-transformations/,canonical answer and worked solution server-only; public page receives attempt-gated reveal ID,deterministic where mathematically provable; open explanation may return uncertain and expose rubric after attempt
A9.4,A9,A9.4-EXIT,Two-item exit check: one direct and one mixed/transfer item.,2,/subjects/math/algebra/quadratic-functions/vertex-form-and-transformations/,canonical answer and worked solution server-only; public page receives attempt-gated reveal ID,deterministic where mathematically provable; open explanation may return uncertain and expose rubric after attempt
A9.5,A9,A9.5-P1,Convert all directions.,2-5,/subjects/math/algebra/quadratic-functions/moving-among-forms/,canonical answer and worked solution server-only; public page receives attempt-gated reveal ID,deterministic where mathematically provable; open explanation may return uncertain and expose rubric after attempt
A9.5,A9,A9.5-P2,Select method.,2-5,/subjects/math/algebra/quadratic-functions/moving-among-forms/,canonical answer and worked solution server-only; public page receives attempt-gated reveal ID,deterministic where mathematically provable; open explanation may return uncertain and expose rubric after attempt
A9.5,A9,A9.5-P3,Explain visible/hidden information.,2-5,/subjects/math/algebra/quadratic-functions/moving-among-forms/,canonical answer and worked solution server-only; public page receives attempt-gated reveal ID,deterministic where mathematically provable; open explanation may return uncertain and expose rubric after attempt
A9.5,A9,A9.5-P4,Mixed exact work.,2-5,/subjects/math/algebra/quadratic-functions/moving-among-forms/,canonical answer and worked solution server-only; public page receives attempt-gated reveal ID,deterministic where mathematically provable; open explanation may return uncertain and expose rubric after attempt
A9.5,A9,A9.5-EXIT,Two-item exit check: one direct and one mixed/transfer item.,2,/subjects/math/algebra/quadratic-functions/moving-among-forms/,canonical answer and worked solution server-only; public page receives attempt-gated reveal ID,deterministic where mathematically provable; open explanation may return uncertain and expose rubric after attempt
A9.6,A9,A9.6-P1,Maximum area.,2-5,/subjects/math/algebra/quadratic-functions/quadratic-models-and-extrema/,canonical answer and worked solution server-only; public page receives attempt-gated reveal ID,deterministic where mathematically provable; open explanation may return uncertain and expose rubric after attempt
A9.6,A9,A9.6-P2,Revenue.,2-5,/subjects/math/algebra/quadratic-functions/quadratic-models-and-extrema/,canonical answer and worked solution server-only; public page receives attempt-gated reveal ID,deterministic where mathematically provable; open explanation may return uncertain and expose rubric after attempt
A9.6,A9,A9.6-P3,Projectile height.,2-5,/subjects/math/algebra/quadratic-functions/quadratic-models-and-extrema/,canonical answer and worked solution server-only; public page receives attempt-gated reveal ID,deterministic where mathematically provable; open explanation may return uncertain and expose rubric after attempt
A9.6,A9,A9.6-P4,Reject nonphysical roots.,2-5,/subjects/math/algebra/quadratic-functions/quadratic-models-and-extrema/,canonical answer and worked solution server-only; public page receives attempt-gated reveal ID,deterministic where mathematically provable; open explanation may return uncertain and expose rubric after attempt
A9.6,A9,A9.6-EXIT,Two-item exit check: one direct and one mixed/transfer item.,2,/subjects/math/algebra/quadratic-functions/quadratic-models-and-extrema/,canonical answer and worked solution server-only; public page receives attempt-gated reveal ID,deterministic where mathematically provable; open explanation may return uncertain and expose rubric after attempt
A9.7,A9,A9.7-P1,Solve algebraically and graphically.,2-5,/subjects/math/algebra/quadratic-functions/quadratic-inequalities/,canonical answer and worked solution server-only; public page receives attempt-gated reveal ID,deterministic where mathematically provable; open explanation may return uncertain and expose rubric after attempt
A9.7,A9,A9.7-P2,Interval notation.,2-5,/subjects/math/algebra/quadratic-functions/quadratic-inequalities/,canonical answer and worked solution server-only; public page receives attempt-gated reveal ID,deterministic where mathematically provable; open explanation may return uncertain and expose rubric after attempt
A9.7,A9,A9.7-P3,Application bounds.,2-5,/subjects/math/algebra/quadratic-functions/quadratic-inequalities/,canonical answer and worked solution server-only; public page receives attempt-gated reveal ID,deterministic where mathematically provable; open explanation may return uncertain and expose rubric after attempt
A9.7,A9,A9.7-P4,Compare methods.,2-5,/subjects/math/algebra/quadratic-functions/quadratic-inequalities/,canonical answer and worked solution server-only; public page receives attempt-gated reveal ID,deterministic where mathematically provable; open explanation may return uncertain and expose rubric after attempt
A9.7,A9,A9.7-EXIT,Two-item exit check: one direct and one mixed/transfer item.,2,/subjects/math/algebra/quadratic-functions/quadratic-inequalities/,canonical answer and worked solution server-only; public page receives attempt-gated reveal ID,deterministic where mathematically provable; open explanation may return uncertain and expose rubric after attempt
A9.8,A9,A9.8-P1,Fit small data.,2-5,/subjects/math/algebra/quadratic-functions/quadratic-regression-and-model-limitations/,canonical answer and worked solution server-only; public page receives attempt-gated reveal ID,deterministic where mathematically provable; open explanation may return uncertain and expose rubric after attempt
A9.8,A9,A9.8-P2,Compare residuals.,2-5,/subjects/math/algebra/quadratic-functions/quadratic-regression-and-model-limitations/,canonical answer and worked solution server-only; public page receives attempt-gated reveal ID,deterministic where mathematically provable; open explanation may return uncertain and expose rubric after attempt
A9.8,A9,A9.8-P3,Interpret coefficients cautiously.,2-5,/subjects/math/algebra/quadratic-functions/quadratic-regression-and-model-limitations/,canonical answer and worked solution server-only; public page receives attempt-gated reveal ID,deterministic where mathematically provable; open explanation may return uncertain and expose rubric after attempt
A9.8,A9,A9.8-P4,Identify overreach.,2-5,/subjects/math/algebra/quadratic-functions/quadratic-regression-and-model-limitations/,canonical answer and worked solution server-only; public page receives attempt-gated reveal ID,deterministic where mathematically provable; open explanation may return uncertain and expose rubric after attempt
A9.8,A9,A9.8-EXIT,Two-item exit check: one direct and one mixed/transfer item.,2,/subjects/math/algebra/quadratic-functions/quadratic-regression-and-model-limitations/,canonical answer and worked solution server-only; public page receives attempt-gated reveal ID,deterministic where mathematically provable; open explanation may return uncertain and expose rubric after attempt
A10.1,A10,A10.1-P1,Find restrictions.,2-5,/subjects/math/algebra/rational-expressions/rational-expressions-and-restrictions/,canonical answer and worked solution server-only; public page receives attempt-gated reveal ID,deterministic where mathematically provable; open explanation may return uncertain and expose rubric after attempt
A10.1,A10,A10.1-P2,Explain zero denominator.,2-5,/subjects/math/algebra/rational-expressions/rational-expressions-and-restrictions/,canonical answer and worked solution server-only; public page receives attempt-gated reveal ID,deterministic where mathematically provable; open explanation may return uncertain and expose rubric after attempt
A10.1,A10,A10.1-P3,Compare context/formula domains.,2-5,/subjects/math/algebra/rational-expressions/rational-expressions-and-restrictions/,canonical answer and worked solution server-only; public page receives attempt-gated reveal ID,deterministic where mathematically provable; open explanation may return uncertain and expose rubric after attempt
A10.1,A10,A10.1-P4,Preview discontinuities.,2-5,/subjects/math/algebra/rational-expressions/rational-expressions-and-restrictions/,canonical answer and worked solution server-only; public page receives attempt-gated reveal ID,deterministic where mathematically provable; open explanation may return uncertain and expose rubric after attempt
A10.1,A10,A10.1-EXIT,Two-item exit check: one direct and one mixed/transfer item.,2,/subjects/math/algebra/rational-expressions/rational-expressions-and-restrictions/,canonical answer and worked solution server-only; public page receives attempt-gated reveal ID,deterministic where mathematically provable; open explanation may return uncertain and expose rubric after attempt
A10.2,A10,A10.2-P1,Simplify with restrictions.,2-5,/subjects/math/algebra/rational-expressions/simplifying-rational-expressions/,canonical answer and worked solution server-only; public page receives attempt-gated reveal ID,deterministic where mathematically provable; open explanation may return uncertain and expose rubric after attempt
A10.2,A10,A10.2-P2,Negative factors.,2-5,/subjects/math/algebra/rational-expressions/simplifying-rational-expressions/,canonical answer and worked solution server-only; public page receives attempt-gated reveal ID,deterministic where mathematically provable; open explanation may return uncertain and expose rubric after attempt
A10.2,A10,A10.2-P3,Equivalent forms.,2-5,/subjects/math/algebra/rational-expressions/simplifying-rational-expressions/,canonical answer and worked solution server-only; public page receives attempt-gated reveal ID,deterministic where mathematically provable; open explanation may return uncertain and expose rubric after attempt
A10.2,A10,A10.2-P4,Error analysis.,2-5,/subjects/math/algebra/rational-expressions/simplifying-rational-expressions/,canonical answer and worked solution server-only; public page receives attempt-gated reveal ID,deterministic where mathematically provable; open explanation may return uncertain and expose rubric after attempt
A10.2,A10,A10.2-EXIT,Two-item exit check: one direct and one mixed/transfer item.,2,/subjects/math/algebra/rational-expressions/simplifying-rational-expressions/,canonical answer and worked solution server-only; public page receives attempt-gated reveal ID,deterministic where mathematically provable; open explanation may return uncertain and expose rubric after attempt
A10.3,A10,A10.3-P1,Multiply.,2-5,/subjects/math/algebra/rational-expressions/multiplication-of-rational-expressions/,canonical answer and worked solution server-only; public page receives attempt-gated reveal ID,deterministic where mathematically provable; open explanation may return uncertain and expose rubric after attempt
A10.3,A10,A10.3-P2,Track all original restrictions.,2-5,/subjects/math/algebra/rational-expressions/multiplication-of-rational-expressions/,canonical answer and worked solution server-only; public page receives attempt-gated reveal ID,deterministic where mathematically provable; open explanation may return uncertain and expose rubric after attempt
A10.3,A10,A10.3-P3,Multivariable extension.,2-5,/subjects/math/algebra/rational-expressions/multiplication-of-rational-expressions/,canonical answer and worked solution server-only; public page receives attempt-gated reveal ID,deterministic where mathematically provable; open explanation may return uncertain and expose rubric after attempt
A10.3,A10,A10.3-P4,Simplify fully.,2-5,/subjects/math/algebra/rational-expressions/multiplication-of-rational-expressions/,canonical answer and worked solution server-only; public page receives attempt-gated reveal ID,deterministic where mathematically provable; open explanation may return uncertain and expose rubric after attempt
A10.3,A10,A10.3-EXIT,Two-item exit check: one direct and one mixed/transfer item.,2,/subjects/math/algebra/rational-expressions/multiplication-of-rational-expressions/,canonical answer and worked solution server-only; public page receives attempt-gated reveal ID,deterministic where mathematically provable; open explanation may return uncertain and expose rubric after attempt
A10.4,A10,A10.4-P1,Divide.,2-5,/subjects/math/algebra/rational-expressions/division-of-rational-expressions/,canonical answer and worked solution server-only; public page receives attempt-gated reveal ID,deterministic where mathematically provable; open explanation may return uncertain and expose rubric after attempt
A10.4,A10,A10.4-P2,Compound expressions.,2-5,/subjects/math/algebra/rational-expressions/division-of-rational-expressions/,canonical answer and worked solution server-only; public page receives attempt-gated reveal ID,deterministic where mathematically provable; open explanation may return uncertain and expose rubric after attempt
A10.4,A10,A10.4-P3,Explain new restrictions.,2-5,/subjects/math/algebra/rational-expressions/division-of-rational-expressions/,canonical answer and worked solution server-only; public page receives attempt-gated reveal ID,deterministic where mathematically provable; open explanation may return uncertain and expose rubric after attempt
A10.4,A10,A10.4-P4,Check with values.,2-5,/subjects/math/algebra/rational-expressions/division-of-rational-expressions/,canonical answer and worked solution server-only; public page receives attempt-gated reveal ID,deterministic where mathematically provable; open explanation may return uncertain and expose rubric after attempt
A10.4,A10,A10.4-EXIT,Two-item exit check: one direct and one mixed/transfer item.,2,/subjects/math/algebra/rational-expressions/division-of-rational-expressions/,canonical answer and worked solution server-only; public page receives attempt-gated reveal ID,deterministic where mathematically provable; open explanation may return uncertain and expose rubric after attempt
A10.5,A10,A10.5-P1,Find LCDs.,2-5,/subjects/math/algebra/rational-expressions/least-common-denominators/,canonical answer and worked solution server-only; public page receives attempt-gated reveal ID,deterministic where mathematically provable; open explanation may return uncertain and expose rubric after attempt
A10.5,A10,A10.5-P2,Rewrite fractions.,2-5,/subjects/math/algebra/rational-expressions/least-common-denominators/,canonical answer and worked solution server-only; public page receives attempt-gated reveal ID,deterministic where mathematically provable; open explanation may return uncertain and expose rubric after attempt
A10.5,A10,A10.5-P3,Distinguish GCF and LCD.,2-5,/subjects/math/algebra/rational-expressions/least-common-denominators/,canonical answer and worked solution server-only; public page receives attempt-gated reveal ID,deterministic where mathematically provable; open explanation may return uncertain and expose rubric after attempt
A10.5,A10,A10.5-P4,Verify equivalence.,2-5,/subjects/math/algebra/rational-expressions/least-common-denominators/,canonical answer and worked solution server-only; public page receives attempt-gated reveal ID,deterministic where mathematically provable; open explanation may return uncertain and expose rubric after attempt
A10.5,A10,A10.5-EXIT,Two-item exit check: one direct and one mixed/transfer item.,2,/subjects/math/algebra/rational-expressions/least-common-denominators/,canonical answer and worked solution server-only; public page receives attempt-gated reveal ID,deterministic where mathematically provable; open explanation may return uncertain and expose rubric after attempt
A10.6,A10,A10.6-P1,Add/subtract.,2-5,/subjects/math/algebra/rational-expressions/addition-and-subtraction/,canonical answer and worked solution server-only; public page receives attempt-gated reveal ID,deterministic where mathematically provable; open explanation may return uncertain and expose rubric after attempt
A10.6,A10,A10.6-P2,Factor final numerator.,2-5,/subjects/math/algebra/rational-expressions/addition-and-subtraction/,canonical answer and worked solution server-only; public page receives attempt-gated reveal ID,deterministic where mathematically provable; open explanation may return uncertain and expose rubric after attempt
A10.6,A10,A10.6-P3,Preserve restrictions.,2-5,/subjects/math/algebra/rational-expressions/addition-and-subtraction/,canonical answer and worked solution server-only; public page receives attempt-gated reveal ID,deterministic where mathematically provable; open explanation may return uncertain and expose rubric after attempt
A10.6,A10,A10.6-P4,Handle complex signs.,2-5,/subjects/math/algebra/rational-expressions/addition-and-subtraction/,canonical answer and worked solution server-only; public page receives attempt-gated reveal ID,deterministic where mathematically provable; open explanation may return uncertain and expose rubric after attempt
A10.6,A10,A10.6-EXIT,Two-item exit check: one direct and one mixed/transfer item.,2,/subjects/math/algebra/rational-expressions/addition-and-subtraction/,canonical answer and worked solution server-only; public page receives attempt-gated reveal ID,deterministic where mathematically provable; open explanation may return uncertain and expose rubric after attempt
A10.7,A10,A10.7-P1,Simplify.,2-5,/subjects/math/algebra/rational-expressions/complex-rational-expressions/,canonical answer and worked solution server-only; public page receives attempt-gated reveal ID,deterministic where mathematically provable; open explanation may return uncertain and expose rubric after attempt
A10.7,A10,A10.7-P2,Compare methods.,2-5,/subjects/math/algebra/rational-expressions/complex-rational-expressions/,canonical answer and worked solution server-only; public page receives attempt-gated reveal ID,deterministic where mathematically provable; open explanation may return uncertain and expose rubric after attempt
A10.7,A10,A10.7-P3,Translate typed notation.,2-5,/subjects/math/algebra/rational-expressions/complex-rational-expressions/,canonical answer and worked solution server-only; public page receives attempt-gated reveal ID,deterministic where mathematically provable; open explanation may return uncertain and expose rubric after attempt
A10.7,A10,A10.7-P4,Error analysis.,2-5,/subjects/math/algebra/rational-expressions/complex-rational-expressions/,canonical answer and worked solution server-only; public page receives attempt-gated reveal ID,deterministic where mathematically provable; open explanation may return uncertain and expose rubric after attempt
A10.7,A10,A10.7-EXIT,Two-item exit check: one direct and one mixed/transfer item.,2,/subjects/math/algebra/rational-expressions/complex-rational-expressions/,canonical answer and worked solution server-only; public page receives attempt-gated reveal ID,deterministic where mathematically provable; open explanation may return uncertain and expose rubric after attempt
A10.8,A10,A10.8-P1,Solve.,2-5,/subjects/math/algebra/rational-expressions/rational-equations/,canonical answer and worked solution server-only; public page receives attempt-gated reveal ID,deterministic where mathematically provable; open explanation may return uncertain and expose rubric after attempt
A10.8,A10,A10.8-P2,Identify excluded candidates.,2-5,/subjects/math/algebra/rational-expressions/rational-equations/,canonical answer and worked solution server-only; public page receives attempt-gated reveal ID,deterministic where mathematically provable; open explanation may return uncertain and expose rubric after attempt
A10.8,A10,A10.8-P3,Proportions.,2-5,/subjects/math/algebra/rational-expressions/rational-equations/,canonical answer and worked solution server-only; public page receives attempt-gated reveal ID,deterministic where mathematically provable; open explanation may return uncertain and expose rubric after attempt
A10.8,A10,A10.8-P4,Rate equations.,2-5,/subjects/math/algebra/rational-expressions/rational-equations/,canonical answer and worked solution server-only; public page receives attempt-gated reveal ID,deterministic where mathematically provable; open explanation may return uncertain and expose rubric after attempt
A10.8,A10,A10.8-EXIT,Two-item exit check: one direct and one mixed/transfer item.,2,/subjects/math/algebra/rational-expressions/rational-equations/,canonical answer and worked solution server-only; public page receives attempt-gated reveal ID,deterministic where mathematically provable; open explanation may return uncertain and expose rubric after attempt
A10.9,A10,A10.9-P1,Find constants.,2-5,/subjects/math/algebra/rational-expressions/direct-inverse-and-joint-variation/,canonical answer and worked solution server-only; public page receives attempt-gated reveal ID,deterministic where mathematically provable; open explanation may return uncertain and expose rubric after attempt
A10.9,A10,A10.9-P2,Write formulas.,2-5,/subjects/math/algebra/rational-expressions/direct-inverse-and-joint-variation/,canonical answer and worked solution server-only; public page receives attempt-gated reveal ID,deterministic where mathematically provable; open explanation may return uncertain and expose rubric after attempt
A10.9,A10,A10.9-P3,Solve applications.,2-5,/subjects/math/algebra/rational-expressions/direct-inverse-and-joint-variation/,canonical answer and worked solution server-only; public page receives attempt-gated reveal ID,deterministic where mathematically provable; open explanation may return uncertain and expose rubric after attempt
A10.9,A10,A10.9-P4,Interpret units.,2-5,/subjects/math/algebra/rational-expressions/direct-inverse-and-joint-variation/,canonical answer and worked solution server-only; public page receives attempt-gated reveal ID,deterministic where mathematically provable; open explanation may return uncertain and expose rubric after attempt
A10.9,A10,A10.9-EXIT,Two-item exit check: one direct and one mixed/transfer item.,2,/subjects/math/algebra/rational-expressions/direct-inverse-and-joint-variation/,canonical answer and worked solution server-only; public page receives attempt-gated reveal ID,deterministic where mathematically provable; open explanation may return uncertain and expose rubric after attempt
A10.10,A10,A10.10-P1,Solve inequalities.,2-5,/subjects/math/algebra/rational-expressions/rational-inequalities-and-introductory-graphs/,canonical answer and worked solution server-only; public page receives attempt-gated reveal ID,deterministic where mathematically provable; open explanation may return uncertain and expose rubric after attempt
A10.10,A10,A10.10-P2,Identify discontinuity type.,2-5,/subjects/math/algebra/rational-expressions/rational-inequalities-and-introductory-graphs/,canonical answer and worked solution server-only; public page receives attempt-gated reveal ID,deterministic where mathematically provable; open explanation may return uncertain and expose rubric after attempt
A10.10,A10,A10.10-P3,Match basic graphs.,2-5,/subjects/math/algebra/rational-expressions/rational-inequalities-and-introductory-graphs/,canonical answer and worked solution server-only; public page receives attempt-gated reveal ID,deterministic where mathematically provable; open explanation may return uncertain and expose rubric after attempt
A10.10,A10,A10.10-P4,Interpret regions.,2-5,/subjects/math/algebra/rational-expressions/rational-inequalities-and-introductory-graphs/,canonical answer and worked solution server-only; public page receives attempt-gated reveal ID,deterministic where mathematically provable; open explanation may return uncertain and expose rubric after attempt
A10.10,A10,A10.10-EXIT,Two-item exit check: one direct and one mixed/transfer item.,2,/subjects/math/algebra/rational-expressions/rational-inequalities-and-introductory-graphs/,canonical answer and worked solution server-only; public page receives attempt-gated reveal ID,deterministic where mathematically provable; open explanation may return uncertain and expose rubric after attempt
A11.1,A11,A11.1-P1,Evaluate roots.,2-5,/subjects/math/algebra/radicals-complex-numbers/general-nth-roots-and-principal-roots/,canonical answer and worked solution server-only; public page receives attempt-gated reveal ID,deterministic where mathematically provable; open explanation may return uncertain and expose rubric after attempt
A11.1,A11,A11.1-P2,Classify real roots.,2-5,/subjects/math/algebra/radicals-complex-numbers/general-nth-roots-and-principal-roots/,canonical answer and worked solution server-only; public page receives attempt-gated reveal ID,deterministic where mathematically provable; open explanation may return uncertain and expose rubric after attempt
A11.1,A11,A11.1-P3,Distinguish notation.,2-5,/subjects/math/algebra/radicals-complex-numbers/general-nth-roots-and-principal-roots/,canonical answer and worked solution server-only; public page receives attempt-gated reveal ID,deterministic where mathematically provable; open explanation may return uncertain and expose rubric after attempt
A11.1,A11,A11.1-P4,Estimate irrational roots.,2-5,/subjects/math/algebra/radicals-complex-numbers/general-nth-roots-and-principal-roots/,canonical answer and worked solution server-only; public page receives attempt-gated reveal ID,deterministic where mathematically provable; open explanation may return uncertain and expose rubric after attempt
A11.1,A11,A11.1-EXIT,Two-item exit check: one direct and one mixed/transfer item.,2,/subjects/math/algebra/radicals-complex-numbers/general-nth-roots-and-principal-roots/,canonical answer and worked solution server-only; public page receives attempt-gated reveal ID,deterministic where mathematically provable; open explanation may return uncertain and expose rubric after attempt
A11.2,A11,A11.2-P1,Square and higher roots.,2-5,/subjects/math/algebra/radicals-complex-numbers/simplifying-radicals/,canonical answer and worked solution server-only; public page receives attempt-gated reveal ID,deterministic where mathematically provable; open explanation may return uncertain and expose rubric after attempt
A11.2,A11,A11.2-P2,Variables with conditions.,2-5,/subjects/math/algebra/radicals-complex-numbers/simplifying-radicals/,canonical answer and worked solution server-only; public page receives attempt-gated reveal ID,deterministic where mathematically provable; open explanation may return uncertain and expose rubric after attempt
A11.2,A11,A11.2-P3,Exact-form practice.,2-5,/subjects/math/algebra/radicals-complex-numbers/simplifying-radicals/,canonical answer and worked solution server-only; public page receives attempt-gated reveal ID,deterministic where mathematically provable; open explanation may return uncertain and expose rubric after attempt
A11.2,A11,A11.2-P4,Verify by squaring.,2-5,/subjects/math/algebra/radicals-complex-numbers/simplifying-radicals/,canonical answer and worked solution server-only; public page receives attempt-gated reveal ID,deterministic where mathematically provable; open explanation may return uncertain and expose rubric after attempt
A11.2,A11,A11.2-EXIT,Two-item exit check: one direct and one mixed/transfer item.,2,/subjects/math/algebra/radicals-complex-numbers/simplifying-radicals/,canonical answer and worked solution server-only; public page receives attempt-gated reveal ID,deterministic where mathematically provable; open explanation may return uncertain and expose rubric after attempt
A11.3,A11,A11.3-P1,Multiply/divide.,2-5,/subjects/math/algebra/radicals-complex-numbers/products-and-quotients-of-radicals/,canonical answer and worked solution server-only; public page receives attempt-gated reveal ID,deterministic where mathematically provable; open explanation may return uncertain and expose rubric after attempt
A11.3,A11,A11.3-P2,Simplify.,2-5,/subjects/math/algebra/radicals-complex-numbers/products-and-quotients-of-radicals/,canonical answer and worked solution server-only; public page receives attempt-gated reveal ID,deterministic where mathematically provable; open explanation may return uncertain and expose rubric after attempt
A11.3,A11,A11.3-P3,Test conditions.,2-5,/subjects/math/algebra/radicals-complex-numbers/products-and-quotients-of-radicals/,canonical answer and worked solution server-only; public page receives attempt-gated reveal ID,deterministic where mathematically provable; open explanation may return uncertain and expose rubric after attempt
A11.3,A11,A11.3-P4,Identify invalid negative-radicand uses.,2-5,/subjects/math/algebra/radicals-complex-numbers/products-and-quotients-of-radicals/,canonical answer and worked solution server-only; public page receives attempt-gated reveal ID,deterministic where mathematically provable; open explanation may return uncertain and expose rubric after attempt
A11.3,A11,A11.3-EXIT,Two-item exit check: one direct and one mixed/transfer item.,2,/subjects/math/algebra/radicals-complex-numbers/products-and-quotients-of-radicals/,canonical answer and worked solution server-only; public page receives attempt-gated reveal ID,deterministic where mathematically provable; open explanation may return uncertain and expose rubric after attempt
A11.4,A11,A11.4-P1,Simplify and combine.,2-5,/subjects/math/algebra/radicals-complex-numbers/adding-and-subtracting-radicals/,canonical answer and worked solution server-only; public page receives attempt-gated reveal ID,deterministic where mathematically provable; open explanation may return uncertain and expose rubric after attempt
A11.4,A11,A11.4-P2,Use coefficients.,2-5,/subjects/math/algebra/radicals-complex-numbers/adding-and-subtracting-radicals/,canonical answer and worked solution server-only; public page receives attempt-gated reveal ID,deterministic where mathematically provable; open explanation may return uncertain and expose rubric after attempt
A11.4,A11,A11.4-P3,Geometry contexts.,2-5,/subjects/math/algebra/radicals-complex-numbers/adding-and-subtracting-radicals/,canonical answer and worked solution server-only; public page receives attempt-gated reveal ID,deterministic where mathematically provable; open explanation may return uncertain and expose rubric after attempt
A11.4,A11,A11.4-P4,Error analysis.,2-5,/subjects/math/algebra/radicals-complex-numbers/adding-and-subtracting-radicals/,canonical answer and worked solution server-only; public page receives attempt-gated reveal ID,deterministic where mathematically provable; open explanation may return uncertain and expose rubric after attempt
A11.4,A11,A11.4-EXIT,Two-item exit check: one direct and one mixed/transfer item.,2,/subjects/math/algebra/radicals-complex-numbers/adding-and-subtracting-radicals/,canonical answer and worked solution server-only; public page receives attempt-gated reveal ID,deterministic where mathematically provable; open explanation may return uncertain and expose rubric after attempt
A11.5,A11,A11.5-P1,Single radicals.,2-5,/subjects/math/algebra/radicals-complex-numbers/rationalizing-monomial-denominators/,canonical answer and worked solution server-only; public page receives attempt-gated reveal ID,deterministic where mathematically provable; open explanation may return uncertain and expose rubric after attempt
A11.5,A11,A11.5-P2,Higher roots extension.,2-5,/subjects/math/algebra/radicals-complex-numbers/rationalizing-monomial-denominators/,canonical answer and worked solution server-only; public page receives attempt-gated reveal ID,deterministic where mathematically provable; open explanation may return uncertain and expose rubric after attempt
A11.5,A11,A11.5-P3,Explain equivalence.,2-5,/subjects/math/algebra/radicals-complex-numbers/rationalizing-monomial-denominators/,canonical answer and worked solution server-only; public page receives attempt-gated reveal ID,deterministic where mathematically provable; open explanation may return uncertain and expose rubric after attempt
A11.5,A11,A11.5-P4,Simplify fully.,2-5,/subjects/math/algebra/radicals-complex-numbers/rationalizing-monomial-denominators/,canonical answer and worked solution server-only; public page receives attempt-gated reveal ID,deterministic where mathematically provable; open explanation may return uncertain and expose rubric after attempt
A11.5,A11,A11.5-EXIT,Two-item exit check: one direct and one mixed/transfer item.,2,/subjects/math/algebra/radicals-complex-numbers/rationalizing-monomial-denominators/,canonical answer and worked solution server-only; public page receives attempt-gated reveal ID,deterministic where mathematically provable; open explanation may return uncertain and expose rubric after attempt
A11.6,A11,A11.6-P1,Rationalize.,2-5,/subjects/math/algebra/radicals-complex-numbers/conjugates-and-binomial-denominators/,canonical answer and worked solution server-only; public page receives attempt-gated reveal ID,deterministic where mathematically provable; open explanation may return uncertain and expose rubric after attempt
A11.6,A11,A11.6-P2,Multiply radical binomials.,2-5,/subjects/math/algebra/radicals-complex-numbers/conjugates-and-binomial-denominators/,canonical answer and worked solution server-only; public page receives attempt-gated reveal ID,deterministic where mathematically provable; open explanation may return uncertain and expose rubric after attempt
A11.6,A11,A11.6-P3,Identify conjugates.,2-5,/subjects/math/algebra/radicals-complex-numbers/conjugates-and-binomial-denominators/,canonical answer and worked solution server-only; public page receives attempt-gated reveal ID,deterministic where mathematically provable; open explanation may return uncertain and expose rubric after attempt
A11.6,A11,A11.6-P4,Connect to difference of squares.,2-5,/subjects/math/algebra/radicals-complex-numbers/conjugates-and-binomial-denominators/,canonical answer and worked solution server-only; public page receives attempt-gated reveal ID,deterministic where mathematically provable; open explanation may return uncertain and expose rubric after attempt
A11.6,A11,A11.6-EXIT,Two-item exit check: one direct and one mixed/transfer item.,2,/subjects/math/algebra/radicals-complex-numbers/conjugates-and-binomial-denominators/,canonical answer and worked solution server-only; public page receives attempt-gated reveal ID,deterministic where mathematically provable; open explanation may return uncertain and expose rubric after attempt
A11.7,A11,A11.7-P1,Convert forms.,2-5,/subjects/math/algebra/radicals-complex-numbers/rational-exponents/,canonical answer and worked solution server-only; public page receives attempt-gated reveal ID,deterministic where mathematically provable; open explanation may return uncertain and expose rubric after attempt
A11.7,A11,A11.7-P2,Simplify.,2-5,/subjects/math/algebra/radicals-complex-numbers/rational-exponents/,canonical answer and worked solution server-only; public page receives attempt-gated reveal ID,deterministic where mathematically provable; open explanation may return uncertain and expose rubric after attempt
A11.7,A11,A11.7-P3,Negative rational exponents.,2-5,/subjects/math/algebra/radicals-complex-numbers/rational-exponents/,canonical answer and worked solution server-only; public page receives attempt-gated reveal ID,deterministic where mathematically provable; open explanation may return uncertain and expose rubric after attempt
A11.7,A11,A11.7-P4,Evaluate exact values.,2-5,/subjects/math/algebra/radicals-complex-numbers/rational-exponents/,canonical answer and worked solution server-only; public page receives attempt-gated reveal ID,deterministic where mathematically provable; open explanation may return uncertain and expose rubric after attempt
A11.7,A11,A11.7-EXIT,Two-item exit check: one direct and one mixed/transfer item.,2,/subjects/math/algebra/radicals-complex-numbers/rational-exponents/,canonical answer and worked solution server-only; public page receives attempt-gated reveal ID,deterministic where mathematically provable; open explanation may return uncertain and expose rubric after attempt
A11.8,A11,A11.8-P1,One- and two-radical equations.,2-5,/subjects/math/algebra/radicals-complex-numbers/solving-radical-equations/,canonical answer and worked solution server-only; public page receives attempt-gated reveal ID,deterministic where mathematically provable; open explanation may return uncertain and expose rubric after attempt
A11.8,A11,A11.8-P2,Exact/approximate.,2-5,/subjects/math/algebra/radicals-complex-numbers/solving-radical-equations/,canonical answer and worked solution server-only; public page receives attempt-gated reveal ID,deterministic where mathematically provable; open explanation may return uncertain and expose rubric after attempt
A11.8,A11,A11.8-P3,Model distance.,2-5,/subjects/math/algebra/radicals-complex-numbers/solving-radical-equations/,canonical answer and worked solution server-only; public page receives attempt-gated reveal ID,deterministic where mathematically provable; open explanation may return uncertain and expose rubric after attempt
A11.8,A11,A11.8-P4,Track candidates.,2-5,/subjects/math/algebra/radicals-complex-numbers/solving-radical-equations/,canonical answer and worked solution server-only; public page receives attempt-gated reveal ID,deterministic where mathematically provable; open explanation may return uncertain and expose rubric after attempt
A11.8,A11,A11.8-EXIT,Two-item exit check: one direct and one mixed/transfer item.,2,/subjects/math/algebra/radicals-complex-numbers/solving-radical-equations/,canonical answer and worked solution server-only; public page receives attempt-gated reveal ID,deterministic where mathematically provable; open explanation may return uncertain and expose rubric after attempt
A11.9,A11,A11.9-P1,Identify extraneous roots.,2-5,/subjects/math/algebra/radicals-complex-numbers/extraneous-solutions-and-domain/,canonical answer and worked solution server-only; public page receives attempt-gated reveal ID,deterministic where mathematically provable; open explanation may return uncertain and expose rubric after attempt
A11.9,A11,A11.9-P2,Predict candidates.,2-5,/subjects/math/algebra/radicals-complex-numbers/extraneous-solutions-and-domain/,canonical answer and worked solution server-only; public page receives attempt-gated reveal ID,deterministic where mathematically provable; open explanation may return uncertain and expose rubric after attempt
A11.9,A11,A11.9-P3,Label reversible steps.,2-5,/subjects/math/algebra/radicals-complex-numbers/extraneous-solutions-and-domain/,canonical answer and worked solution server-only; public page receives attempt-gated reveal ID,deterministic where mathematically provable; open explanation may return uncertain and expose rubric after attempt
A11.9,A11,A11.9-P4,Compare methods.,2-5,/subjects/math/algebra/radicals-complex-numbers/extraneous-solutions-and-domain/,canonical answer and worked solution server-only; public page receives attempt-gated reveal ID,deterministic where mathematically provable; open explanation may return uncertain and expose rubric after attempt
A11.9,A11,A11.9-EXIT,Two-item exit check: one direct and one mixed/transfer item.,2,/subjects/math/algebra/radicals-complex-numbers/extraneous-solutions-and-domain/,canonical answer and worked solution server-only; public page receives attempt-gated reveal ID,deterministic where mathematically provable; open explanation may return uncertain and expose rubric after attempt
A11.10,A11,A11.10-P1,Add/subtract/multiply/divide.,2-5,/subjects/math/algebra/radicals-complex-numbers/complex-numbers-and-conjugates/,canonical answer and worked solution server-only; public page receives attempt-gated reveal ID,deterministic where mathematically provable; open explanation may return uncertain and expose rubric after attempt
A11.10,A11,A11.10-P2,Use conjugates.,2-5,/subjects/math/algebra/radicals-complex-numbers/complex-numbers-and-conjugates/,canonical answer and worked solution server-only; public page receives attempt-gated reveal ID,deterministic where mathematically provable; open explanation may return uncertain and expose rubric after attempt
A11.10,A11,A11.10-P3,Quadratic roots.,2-5,/subjects/math/algebra/radicals-complex-numbers/complex-numbers-and-conjugates/,canonical answer and worked solution server-only; public page receives attempt-gated reveal ID,deterministic where mathematically provable; open explanation may return uncertain and expose rubric after attempt
A11.10,A11,A11.10-P4,Identify real and imaginary parts.,2-5,/subjects/math/algebra/radicals-complex-numbers/complex-numbers-and-conjugates/,canonical answer and worked solution server-only; public page receives attempt-gated reveal ID,deterministic where mathematically provable; open explanation may return uncertain and expose rubric after attempt
A11.10,A11,A11.10-EXIT,Two-item exit check: one direct and one mixed/transfer item.,2,/subjects/math/algebra/radicals-complex-numbers/complex-numbers-and-conjugates/,canonical answer and worked solution server-only; public page receives attempt-gated reveal ID,deterministic where mathematically provable; open explanation may return uncertain and expose rubric after attempt
A12.1,A12,A12.1-P1,Classify relations.,2-5,/subjects/math/algebra/functions/relations-and-functions/,canonical answer and worked solution server-only; public page receives attempt-gated reveal ID,deterministic where mathematically provable; open explanation may return uncertain and expose rubric after attempt
A12.1,A12,A12.1-P2,Use vertical-line test.,2-5,/subjects/math/algebra/functions/relations-and-functions/,canonical answer and worked solution server-only; public page receives attempt-gated reveal ID,deterministic where mathematically provable; open explanation may return uncertain and expose rubric after attempt
A12.1,A12,A12.1-P3,Create examples and nonexamples.,2-5,/subjects/math/algebra/functions/relations-and-functions/,canonical answer and worked solution server-only; public page receives attempt-gated reveal ID,deterministic where mathematically provable; open explanation may return uncertain and expose rubric after attempt
A12.1,A12,A12.1-P4,Interpret contexts.,2-5,/subjects/math/algebra/functions/relations-and-functions/,canonical answer and worked solution server-only; public page receives attempt-gated reveal ID,deterministic where mathematically provable; open explanation may return uncertain and expose rubric after attempt
A12.1,A12,A12.1-EXIT,Two-item exit check: one direct and one mixed/transfer item.,2,/subjects/math/algebra/functions/relations-and-functions/,canonical answer and worked solution server-only; public page receives attempt-gated reveal ID,deterministic where mathematically provable; open explanation may return uncertain and expose rubric after attempt
A12.2,A12,A12.2-P1,Evaluate numerically and symbolically.,2-5,/subjects/math/algebra/functions/function-notation-and-evaluation/,canonical answer and worked solution server-only; public page receives attempt-gated reveal ID,deterministic where mathematically provable; open explanation may return uncertain and expose rubric after attempt
A12.2,A12,A12.2-P2,Read from graph/table.,2-5,/subjects/math/algebra/functions/function-notation-and-evaluation/,canonical answer and worked solution server-only; public page receives attempt-gated reveal ID,deterministic where mathematically provable; open explanation may return uncertain and expose rubric after attempt
A12.2,A12,A12.2-P3,Use units.,2-5,/subjects/math/algebra/functions/function-notation-and-evaluation/,canonical answer and worked solution server-only; public page receives attempt-gated reveal ID,deterministic where mathematically provable; open explanation may return uncertain and expose rubric after attempt
A12.2,A12,A12.2-P4,Substitute expressions.,2-5,/subjects/math/algebra/functions/function-notation-and-evaluation/,canonical answer and worked solution server-only; public page receives attempt-gated reveal ID,deterministic where mathematically provable; open explanation may return uncertain and expose rubric after attempt
A12.2,A12,A12.2-EXIT,Two-item exit check: one direct and one mixed/transfer item.,2,/subjects/math/algebra/functions/function-notation-and-evaluation/,canonical answer and worked solution server-only; public page receives attempt-gated reveal ID,deterministic where mathematically provable; open explanation may return uncertain and expose rubric after attempt
A12.3,A12,A12.3-P1,Solve from formulas and graphs.,2-5,/subjects/math/algebra/functions/solving-f-x-k/,canonical answer and worked solution server-only; public page receives attempt-gated reveal ID,deterministic where mathematically provable; open explanation may return uncertain and expose rubric after attempt
A12.3,A12,A12.3-P2,Count solutions.,2-5,/subjects/math/algebra/functions/solving-f-x-k/,canonical answer and worked solution server-only; public page receives attempt-gated reveal ID,deterministic where mathematically provable; open explanation may return uncertain and expose rubric after attempt
A12.3,A12,A12.3-P3,Explain difference from f(k).,2-5,/subjects/math/algebra/functions/solving-f-x-k/,canonical answer and worked solution server-only; public page receives attempt-gated reveal ID,deterministic where mathematically provable; open explanation may return uncertain and expose rubric after attempt
A12.3,A12,A12.3-P4,Context interpretation.,2-5,/subjects/math/algebra/functions/solving-f-x-k/,canonical answer and worked solution server-only; public page receives attempt-gated reveal ID,deterministic where mathematically provable; open explanation may return uncertain and expose rubric after attempt
A12.3,A12,A12.3-EXIT,Two-item exit check: one direct and one mixed/transfer item.,2,/subjects/math/algebra/functions/solving-f-x-k/,canonical answer and worked solution server-only; public page receives attempt-gated reveal ID,deterministic where mathematically provable; open explanation may return uncertain and expose rubric after attempt
A12.4,A12,A12.4-P1,State domains.,2-5,/subjects/math/algebra/functions/domain/,canonical answer and worked solution server-only; public page receives attempt-gated reveal ID,deterministic where mathematically provable; open explanation may return uncertain and expose rubric after attempt
A12.4,A12,A12.4-P2,Use interval notation.,2-5,/subjects/math/algebra/functions/domain/,canonical answer and worked solution server-only; public page receives attempt-gated reveal ID,deterministic where mathematically provable; open explanation may return uncertain and expose rubric after attempt
A12.4,A12,A12.4-P3,Compare formula/context domain.,2-5,/subjects/math/algebra/functions/domain/,canonical answer and worked solution server-only; public page receives attempt-gated reveal ID,deterministic where mathematically provable; open explanation may return uncertain and expose rubric after attempt
A12.4,A12,A12.4-P4,Mixed rational/radical rules.,2-5,/subjects/math/algebra/functions/domain/,canonical answer and worked solution server-only; public page receives attempt-gated reveal ID,deterministic where mathematically provable; open explanation may return uncertain and expose rubric after attempt
A12.4,A12,A12.4-EXIT,Two-item exit check: one direct and one mixed/transfer item.,2,/subjects/math/algebra/functions/domain/,canonical answer and worked solution server-only; public page receives attempt-gated reveal ID,deterministic where mathematically provable; open explanation may return uncertain and expose rubric after attempt
A12.5,A12,A12.5-P1,Read range.,2-5,/subjects/math/algebra/functions/range-and-graph-behavior/,canonical answer and worked solution server-only; public page receives attempt-gated reveal ID,deterministic where mathematically provable; open explanation may return uncertain and expose rubric after attempt
A12.5,A12,A12.5-P2,Increasing/decreasing.,2-5,/subjects/math/algebra/functions/range-and-graph-behavior/,canonical answer and worked solution server-only; public page receives attempt-gated reveal ID,deterministic where mathematically provable; open explanation may return uncertain and expose rubric after attempt
A12.5,A12,A12.5-P3,Extrema and intercepts.,2-5,/subjects/math/algebra/functions/range-and-graph-behavior/,canonical answer and worked solution server-only; public page receives attempt-gated reveal ID,deterministic where mathematically provable; open explanation may return uncertain and expose rubric after attempt
A12.5,A12,A12.5-P4,Describe behavior.,2-5,/subjects/math/algebra/functions/range-and-graph-behavior/,canonical answer and worked solution server-only; public page receives attempt-gated reveal ID,deterministic where mathematically provable; open explanation may return uncertain and expose rubric after attempt
A12.5,A12,A12.5-EXIT,Two-item exit check: one direct and one mixed/transfer item.,2,/subjects/math/algebra/functions/range-and-graph-behavior/,canonical answer and worked solution server-only; public page receives attempt-gated reveal ID,deterministic where mathematically provable; open explanation may return uncertain and expose rubric after attempt
A12.6,A12,A12.6-P1,Evaluate.,2-5,/subjects/math/algebra/functions/piecewise-defined-functions/,canonical answer and worked solution server-only; public page receives attempt-gated reveal ID,deterministic where mathematically provable; open explanation may return uncertain and expose rubric after attempt
A12.6,A12,A12.6-P2,Graph.,2-5,/subjects/math/algebra/functions/piecewise-defined-functions/,canonical answer and worked solution server-only; public page receives attempt-gated reveal ID,deterministic where mathematically provable; open explanation may return uncertain and expose rubric after attempt
A12.6,A12,A12.6-P3,Write rules from graphs.,2-5,/subjects/math/algebra/functions/piecewise-defined-functions/,canonical answer and worked solution server-only; public page receives attempt-gated reveal ID,deterministic where mathematically provable; open explanation may return uncertain and expose rubric after attempt
A12.6,A12,A12.6-P4,Repair endpoint mistakes.,2-5,/subjects/math/algebra/functions/piecewise-defined-functions/,canonical answer and worked solution server-only; public page receives attempt-gated reveal ID,deterministic where mathematically provable; open explanation may return uncertain and expose rubric after attempt
A12.6,A12,A12.6-EXIT,Two-item exit check: one direct and one mixed/transfer item.,2,/subjects/math/algebra/functions/piecewise-defined-functions/,canonical answer and worked solution server-only; public page receives attempt-gated reveal ID,deterministic where mathematically provable; open explanation may return uncertain and expose rubric after attempt
A12.7,A12,A12.7-P1,Compute operations.,2-5,/subjects/math/algebra/functions/arithmetic-with-functions/,canonical answer and worked solution server-only; public page receives attempt-gated reveal ID,deterministic where mathematically provable; open explanation may return uncertain and expose rubric after attempt
A12.7,A12,A12.7-P2,Evaluate combined functions.,2-5,/subjects/math/algebra/functions/arithmetic-with-functions/,canonical answer and worked solution server-only; public page receives attempt-gated reveal ID,deterministic where mathematically provable; open explanation may return uncertain and expose rubric after attempt
A12.7,A12,A12.7-P3,Determine domain.,2-5,/subjects/math/algebra/functions/arithmetic-with-functions/,canonical answer and worked solution server-only; public page receives attempt-gated reveal ID,deterministic where mathematically provable; open explanation may return uncertain and expose rubric after attempt
A12.7,A12,A12.7-P4,Interpret models.,2-5,/subjects/math/algebra/functions/arithmetic-with-functions/,canonical answer and worked solution server-only; public page receives attempt-gated reveal ID,deterministic where mathematically provable; open explanation may return uncertain and expose rubric after attempt
A12.7,A12,A12.7-EXIT,Two-item exit check: one direct and one mixed/transfer item.,2,/subjects/math/algebra/functions/arithmetic-with-functions/,canonical answer and worked solution server-only; public page receives attempt-gated reveal ID,deterministic where mathematically provable; open explanation may return uncertain and expose rubric after attempt
A12.8,A12,A12.8-P1,Match representations.,2-5,/subjects/math/algebra/functions/comparing-algebraic-families/,canonical answer and worked solution server-only; public page receives attempt-gated reveal ID,deterministic where mathematically provable; open explanation may return uncertain and expose rubric after attempt
A12.8,A12,A12.8-P2,Choose models.,2-5,/subjects/math/algebra/functions/comparing-algebraic-families/,canonical answer and worked solution server-only; public page receives attempt-gated reveal ID,deterministic where mathematically provable; open explanation may return uncertain and expose rubric after attempt
A12.8,A12,A12.8-P3,Explain restrictions.,2-5,/subjects/math/algebra/functions/comparing-algebraic-families/,canonical answer and worked solution server-only; public page receives attempt-gated reveal ID,deterministic where mathematically provable; open explanation may return uncertain and expose rubric after attempt
A12.8,A12,A12.8-P4,Compare long-run behavior informally.,2-5,/subjects/math/algebra/functions/comparing-algebraic-families/,canonical answer and worked solution server-only; public page receives attempt-gated reveal ID,deterministic where mathematically provable; open explanation may return uncertain and expose rubric after attempt
A12.8,A12,A12.8-EXIT,Two-item exit check: one direct and one mixed/transfer item.,2,/subjects/math/algebra/functions/comparing-algebraic-families/,canonical answer and worked solution server-only; public page receives attempt-gated reveal ID,deterministic where mathematically provable; open explanation may return uncertain and expose rubric after attempt
A13.1,A13,A13.1-P1,Classify patterns.,2-5,/subjects/math/algebra/exponential-logarithmic/additive-versus-multiplicative-patterns/,canonical answer and worked solution server-only; public page receives attempt-gated reveal ID,deterministic where mathematically provable; open explanation may return uncertain and expose rubric after attempt
A13.1,A13,A13.1-P2,Complete tables.,2-5,/subjects/math/algebra/exponential-logarithmic/additive-versus-multiplicative-patterns/,canonical answer and worked solution server-only; public page receives attempt-gated reveal ID,deterministic where mathematically provable; open explanation may return uncertain and expose rubric after attempt
A13.1,A13,A13.1-P3,Construct formulas.,2-5,/subjects/math/algebra/exponential-logarithmic/additive-versus-multiplicative-patterns/,canonical answer and worked solution server-only; public page receives attempt-gated reveal ID,deterministic where mathematically provable; open explanation may return uncertain and expose rubric after attempt
A13.1,A13,A13.1-P4,Explain multiplicative percent growth.,2-5,/subjects/math/algebra/exponential-logarithmic/additive-versus-multiplicative-patterns/,canonical answer and worked solution server-only; public page receives attempt-gated reveal ID,deterministic where mathematically provable; open explanation may return uncertain and expose rubric after attempt
A13.1,A13,A13.1-EXIT,Two-item exit check: one direct and one mixed/transfer item.,2,/subjects/math/algebra/exponential-logarithmic/additive-versus-multiplicative-patterns/,canonical answer and worked solution server-only; public page receives attempt-gated reveal ID,deterministic where mathematically provable; open explanation may return uncertain and expose rubric after attempt
A13.2,A13,A13.2-P1,Find ratio.,2-5,/subjects/math/algebra/exponential-logarithmic/geometric-sequences-and-repeated-percent-change/,canonical answer and worked solution server-only; public page receives attempt-gated reveal ID,deterministic where mathematically provable; open explanation may return uncertain and expose rubric after attempt
A13.2,A13,A13.2-P2,Write formulas.,2-5,/subjects/math/algebra/exponential-logarithmic/geometric-sequences-and-repeated-percent-change/,canonical answer and worked solution server-only; public page receives attempt-gated reveal ID,deterministic where mathematically provable; open explanation may return uncertain and expose rubric after attempt
A13.2,A13,A13.2-P3,Repeated discounts/increases.,2-5,/subjects/math/algebra/exponential-logarithmic/geometric-sequences-and-repeated-percent-change/,canonical answer and worked solution server-only; public page receives attempt-gated reveal ID,deterministic where mathematically provable; open explanation may return uncertain and expose rubric after attempt
A13.2,A13,A13.2-P4,Compare sequential percentages.,2-5,/subjects/math/algebra/exponential-logarithmic/geometric-sequences-and-repeated-percent-change/,canonical answer and worked solution server-only; public page receives attempt-gated reveal ID,deterministic where mathematically provable; open explanation may return uncertain and expose rubric after attempt
A13.2,A13,A13.2-EXIT,Two-item exit check: one direct and one mixed/transfer item.,2,/subjects/math/algebra/exponential-logarithmic/geometric-sequences-and-repeated-percent-change/,canonical answer and worked solution server-only; public page receives attempt-gated reveal ID,deterministic where mathematically provable; open explanation may return uncertain and expose rubric after attempt
A13.3,A13,A13.3-P1,Evaluate.,2-5,/subjects/math/algebra/exponential-logarithmic/exponential-functions/,canonical answer and worked solution server-only; public page receives attempt-gated reveal ID,deterministic where mathematically provable; open explanation may return uncertain and expose rubric after attempt
A13.3,A13,A13.3-P2,Solve matching-base equations.,2-5,/subjects/math/algebra/exponential-logarithmic/exponential-functions/,canonical answer and worked solution server-only; public page receives attempt-gated reveal ID,deterministic where mathematically provable; open explanation may return uncertain and expose rubric after attempt
A13.3,A13,A13.3-P3,Identify growth/decay.,2-5,/subjects/math/algebra/exponential-logarithmic/exponential-functions/,canonical answer and worked solution server-only; public page receives attempt-gated reveal ID,deterministic where mathematically provable; open explanation may return uncertain and expose rubric after attempt
A13.3,A13,A13.3-P4,Interpret parameters.,2-5,/subjects/math/algebra/exponential-logarithmic/exponential-functions/,canonical answer and worked solution server-only; public page receives attempt-gated reveal ID,deterministic where mathematically provable; open explanation may return uncertain and expose rubric after attempt
A13.3,A13,A13.3-EXIT,Two-item exit check: one direct and one mixed/transfer item.,2,/subjects/math/algebra/exponential-logarithmic/exponential-functions/,canonical answer and worked solution server-only; public page receives attempt-gated reveal ID,deterministic where mathematically provable; open explanation may return uncertain and expose rubric after attempt
A13.4,A13,A13.4-P1,Sketch.,2-5,/subjects/math/algebra/exponential-logarithmic/graphs-and-transformations-of-exponentials/,canonical answer and worked solution server-only; public page receives attempt-gated reveal ID,deterministic where mathematically provable; open explanation may return uncertain and expose rubric after attempt
A13.4,A13,A13.4-P2,Identify asymptote.,2-5,/subjects/math/algebra/exponential-logarithmic/graphs-and-transformations-of-exponentials/,canonical answer and worked solution server-only; public page receives attempt-gated reveal ID,deterministic where mathematically provable; open explanation may return uncertain and expose rubric after attempt
A13.4,A13,A13.4-P3,Infer formulas from features.,2-5,/subjects/math/algebra/exponential-logarithmic/graphs-and-transformations-of-exponentials/,canonical answer and worked solution server-only; public page receives attempt-gated reveal ID,deterministic where mathematically provable; open explanation may return uncertain and expose rubric after attempt
A13.4,A13,A13.4-P4,Compare bases.,2-5,/subjects/math/algebra/exponential-logarithmic/graphs-and-transformations-of-exponentials/,canonical answer and worked solution server-only; public page receives attempt-gated reveal ID,deterministic where mathematically provable; open explanation may return uncertain and expose rubric after attempt
A13.4,A13,A13.4-EXIT,Two-item exit check: one direct and one mixed/transfer item.,2,/subjects/math/algebra/exponential-logarithmic/graphs-and-transformations-of-exponentials/,canonical answer and worked solution server-only; public page receives attempt-gated reveal ID,deterministic where mathematically provable; open explanation may return uncertain and expose rubric after attempt
A13.5,A13,A13.5-P1,Build models.,2-5,/subjects/math/algebra/exponential-logarithmic/growth-and-decay-models/,canonical answer and worked solution server-only; public page receives attempt-gated reveal ID,deterministic where mathematically provable; open explanation may return uncertain and expose rubric after attempt
A13.5,A13,A13.5-P2,Predict future values.,2-5,/subjects/math/algebra/exponential-logarithmic/growth-and-decay-models/,canonical answer and worked solution server-only; public page receives attempt-gated reveal ID,deterministic where mathematically provable; open explanation may return uncertain and expose rubric after attempt
A13.5,A13,A13.5-P3,Interpret parameters.,2-5,/subjects/math/algebra/exponential-logarithmic/growth-and-decay-models/,canonical answer and worked solution server-only; public page receives attempt-gated reveal ID,deterministic where mathematically provable; open explanation may return uncertain and expose rubric after attempt
A13.5,A13,A13.5-P4,State limitations.,2-5,/subjects/math/algebra/exponential-logarithmic/growth-and-decay-models/,canonical answer and worked solution server-only; public page receives attempt-gated reveal ID,deterministic where mathematically provable; open explanation may return uncertain and expose rubric after attempt
A13.5,A13,A13.5-EXIT,Two-item exit check: one direct and one mixed/transfer item.,2,/subjects/math/algebra/exponential-logarithmic/growth-and-decay-models/,canonical answer and worked solution server-only; public page receives attempt-gated reveal ID,deterministic where mathematically provable; open explanation may return uncertain and expose rubric after attempt
A13.6,A13,A13.6-P1,Periodic compounding.,2-5,/subjects/math/algebra/exponential-logarithmic/compound-interest/,canonical answer and worked solution server-only; public page receives attempt-gated reveal ID,deterministic where mathematically provable; open explanation may return uncertain and expose rubric after attempt
A13.6,A13,A13.6-P2,Solve simple balance/rate cases.,2-5,/subjects/math/algebra/exponential-logarithmic/compound-interest/,canonical answer and worked solution server-only; public page receives attempt-gated reveal ID,deterministic where mathematically provable; open explanation may return uncertain and expose rubric after attempt
A13.6,A13,A13.6-P3,Interpret units.,2-5,/subjects/math/algebra/exponential-logarithmic/compound-interest/,canonical answer and worked solution server-only; public page receives attempt-gated reveal ID,deterministic where mathematically provable; open explanation may return uncertain and expose rubric after attempt
A13.6,A13,A13.6-P4,Compare frequencies.,2-5,/subjects/math/algebra/exponential-logarithmic/compound-interest/,canonical answer and worked solution server-only; public page receives attempt-gated reveal ID,deterministic where mathematically provable; open explanation may return uncertain and expose rubric after attempt
A13.6,A13,A13.6-EXIT,Two-item exit check: one direct and one mixed/transfer item.,2,/subjects/math/algebra/exponential-logarithmic/compound-interest/,canonical answer and worked solution server-only; public page receives attempt-gated reveal ID,deterministic where mathematically provable; open explanation may return uncertain and expose rubric after attempt
A13.7,A13,A13.7-P1,Evaluate.,2-5,/subjects/math/algebra/exponential-logarithmic/continuous-growth-and-e/,canonical answer and worked solution server-only; public page receives attempt-gated reveal ID,deterministic where mathematically provable; open explanation may return uncertain and expose rubric after attempt
A13.7,A13,A13.7-P2,Compare discrete/continuous.,2-5,/subjects/math/algebra/exponential-logarithmic/continuous-growth-and-e/,canonical answer and worked solution server-only; public page receives attempt-gated reveal ID,deterministic where mathematically provable; open explanation may return uncertain and expose rubric after attempt
A13.7,A13,A13.7-P3,Doubling/half-life numerically.,2-5,/subjects/math/algebra/exponential-logarithmic/continuous-growth-and-e/,canonical answer and worked solution server-only; public page receives attempt-gated reveal ID,deterministic where mathematically provable; open explanation may return uncertain and expose rubric after attempt
A13.7,A13,A13.7-P4,Interpret e.,2-5,/subjects/math/algebra/exponential-logarithmic/continuous-growth-and-e/,canonical answer and worked solution server-only; public page receives attempt-gated reveal ID,deterministic where mathematically provable; open explanation may return uncertain and expose rubric after attempt
A13.7,A13,A13.7-EXIT,Two-item exit check: one direct and one mixed/transfer item.,2,/subjects/math/algebra/exponential-logarithmic/continuous-growth-and-e/,canonical answer and worked solution server-only; public page receives attempt-gated reveal ID,deterministic where mathematically provable; open explanation may return uncertain and expose rubric after attempt
A13.8,A13,A13.8-P1,Convert forms.,2-5,/subjects/math/algebra/exponential-logarithmic/logarithms-as-inverse-operations/,canonical answer and worked solution server-only; public page receives attempt-gated reveal ID,deterministic where mathematically provable; open explanation may return uncertain and expose rubric after attempt
A13.8,A13,A13.8-P2,Evaluate exact logs.,2-5,/subjects/math/algebra/exponential-logarithmic/logarithms-as-inverse-operations/,canonical answer and worked solution server-only; public page receives attempt-gated reveal ID,deterministic where mathematically provable; open explanation may return uncertain and expose rubric after attempt
A13.8,A13,A13.8-P3,State restrictions.,2-5,/subjects/math/algebra/exponential-logarithmic/logarithms-as-inverse-operations/,canonical answer and worked solution server-only; public page receives attempt-gated reveal ID,deterministic where mathematically provable; open explanation may return uncertain and expose rubric after attempt
A13.8,A13,A13.8-P4,Solve simple equations.,2-5,/subjects/math/algebra/exponential-logarithmic/logarithms-as-inverse-operations/,canonical answer and worked solution server-only; public page receives attempt-gated reveal ID,deterministic where mathematically provable; open explanation may return uncertain and expose rubric after attempt
A13.8,A13,A13.8-EXIT,Two-item exit check: one direct and one mixed/transfer item.,2,/subjects/math/algebra/exponential-logarithmic/logarithms-as-inverse-operations/,canonical answer and worked solution server-only; public page receives attempt-gated reveal ID,deterministic where mathematically provable; open explanation may return uncertain and expose rubric after attempt
A13.9,A13,A13.9-P1,Expand and condense.,2-5,/subjects/math/algebra/exponential-logarithmic/logarithm-laws/,canonical answer and worked solution server-only; public page receives attempt-gated reveal ID,deterministic where mathematically provable; open explanation may return uncertain and expose rubric after attempt
A13.9,A13,A13.9-P2,Derive laws.,2-5,/subjects/math/algebra/exponential-logarithmic/logarithm-laws/,canonical answer and worked solution server-only; public page receives attempt-gated reveal ID,deterministic where mathematically provable; open explanation may return uncertain and expose rubric after attempt
A13.9,A13,A13.9-P3,Track domains.,2-5,/subjects/math/algebra/exponential-logarithmic/logarithm-laws/,canonical answer and worked solution server-only; public page receives attempt-gated reveal ID,deterministic where mathematically provable; open explanation may return uncertain and expose rubric after attempt
A13.9,A13,A13.9-P4,Error analysis.,2-5,/subjects/math/algebra/exponential-logarithmic/logarithm-laws/,canonical answer and worked solution server-only; public page receives attempt-gated reveal ID,deterministic where mathematically provable; open explanation may return uncertain and expose rubric after attempt
A13.9,A13,A13.9-EXIT,Two-item exit check: one direct and one mixed/transfer item.,2,/subjects/math/algebra/exponential-logarithmic/logarithm-laws/,canonical answer and worked solution server-only; public page receives attempt-gated reveal ID,deterministic where mathematically provable; open explanation may return uncertain and expose rubric after attempt
A13.10,A13,A13.10-P1,Matching bases.,2-5,/subjects/math/algebra/exponential-logarithmic/solving-exponential-equations/,canonical answer and worked solution server-only; public page receives attempt-gated reveal ID,deterministic where mathematically provable; open explanation may return uncertain and expose rubric after attempt
A13.10,A13,A13.10-P2,Log method.,2-5,/subjects/math/algebra/exponential-logarithmic/solving-exponential-equations/,canonical answer and worked solution server-only; public page receives attempt-gated reveal ID,deterministic where mathematically provable; open explanation may return uncertain and expose rubric after attempt
A13.10,A13,A13.10-P3,Multiple exponential terms.,2-5,/subjects/math/algebra/exponential-logarithmic/solving-exponential-equations/,canonical answer and worked solution server-only; public page receives attempt-gated reveal ID,deterministic where mathematically provable; open explanation may return uncertain and expose rubric after attempt
A13.10,A13,A13.10-P4,Growth-time applications.,2-5,/subjects/math/algebra/exponential-logarithmic/solving-exponential-equations/,canonical answer and worked solution server-only; public page receives attempt-gated reveal ID,deterministic where mathematically provable; open explanation may return uncertain and expose rubric after attempt
A13.10,A13,A13.10-EXIT,Two-item exit check: one direct and one mixed/transfer item.,2,/subjects/math/algebra/exponential-logarithmic/solving-exponential-equations/,canonical answer and worked solution server-only; public page receives attempt-gated reveal ID,deterministic where mathematically provable; open explanation may return uncertain and expose rubric after attempt
A13.11,A13,A13.11-P1,Log equations.,2-5,/subjects/math/algebra/exponential-logarithmic/solving-logarithmic-equations-and-logarithmic-models/,canonical answer and worked solution server-only; public page receives attempt-gated reveal ID,deterministic where mathematically provable; open explanation may return uncertain and expose rubric after attempt
A13.11,A13,A13.11-P2,Multiple logs.,2-5,/subjects/math/algebra/exponential-logarithmic/solving-logarithmic-equations-and-logarithmic-models/,canonical answer and worked solution server-only; public page receives attempt-gated reveal ID,deterministic where mathematically provable; open explanation may return uncertain and expose rubric after attempt
A13.11,A13,A13.11-P3,pH/decibel-style interpretation.,2-5,/subjects/math/algebra/exponential-logarithmic/solving-logarithmic-equations-and-logarithmic-models/,canonical answer and worked solution server-only; public page receives attempt-gated reveal ID,deterministic where mathematically provable; open explanation may return uncertain and expose rubric after attempt
A13.11,A13,A13.11-P4,Check argument positivity.,2-5,/subjects/math/algebra/exponential-logarithmic/solving-logarithmic-equations-and-logarithmic-models/,canonical answer and worked solution server-only; public page receives attempt-gated reveal ID,deterministic where mathematically provable; open explanation may return uncertain and expose rubric after attempt
A13.11,A13,A13.11-EXIT,Two-item exit check: one direct and one mixed/transfer item.,2,/subjects/math/algebra/exponential-logarithmic/solving-logarithmic-equations-and-logarithmic-models/,canonical answer and worked solution server-only; public page receives attempt-gated reveal ID,deterministic where mathematically provable; open explanation may return uncertain and expose rubric after attempt
A14.1,A14,A14.1-P1,Classify.,2-5,/subjects/math/algebra/precalculus-readiness/classifying-mathematical-objects/,canonical answer and worked solution server-only; public page receives attempt-gated reveal ID,deterministic where mathematically provable; open explanation may return uncertain and expose rubric after attempt
A14.1,A14,A14.1-P2,Identify requested action.,2-5,/subjects/math/algebra/precalculus-readiness/classifying-mathematical-objects/,canonical answer and worked solution server-only; public page receives attempt-gated reveal ID,deterministic where mathematically provable; open explanation may return uncertain and expose rubric after attempt
A14.1,A14,A14.1-P3,Find restrictions.,2-5,/subjects/math/algebra/precalculus-readiness/classifying-mathematical-objects/,canonical answer and worked solution server-only; public page receives attempt-gated reveal ID,deterministic where mathematically provable; open explanation may return uncertain and expose rubric after attempt
A14.1,A14,A14.1-P4,Explain simplify versus solve.,2-5,/subjects/math/algebra/precalculus-readiness/classifying-mathematical-objects/,canonical answer and worked solution server-only; public page receives attempt-gated reveal ID,deterministic where mathematically provable; open explanation may return uncertain and expose rubric after attempt
A14.1,A14,A14.1-EXIT,Two-item exit check: one direct and one mixed/transfer item.,2,/subjects/math/algebra/precalculus-readiness/classifying-mathematical-objects/,canonical answer and worked solution server-only; public page receives attempt-gated reveal ID,deterministic where mathematically provable; open explanation may return uncertain and expose rubric after attempt
A14.2,A14,A14.2-P1,Sort equations.,2-5,/subjects/math/algebra/precalculus-readiness/classifying-equation-families/,canonical answer and worked solution server-only; public page receives attempt-gated reveal ID,deterministic where mathematically provable; open explanation may return uncertain and expose rubric after attempt
A14.2,A14,A14.2-P2,Identify quadratic-in-form cases.,2-5,/subjects/math/algebra/precalculus-readiness/classifying-equation-families/,canonical answer and worked solution server-only; public page receives attempt-gated reveal ID,deterministic where mathematically provable; open explanation may return uncertain and expose rubric after attempt
A14.2,A14,A14.2-P3,Predict methods.,2-5,/subjects/math/algebra/precalculus-readiness/classifying-equation-families/,canonical answer and worked solution server-only; public page receives attempt-gated reveal ID,deterministic where mathematically provable; open explanation may return uncertain and expose rubric after attempt
A14.2,A14,A14.2-P4,Explain evidence.,2-5,/subjects/math/algebra/precalculus-readiness/classifying-equation-families/,canonical answer and worked solution server-only; public page receives attempt-gated reveal ID,deterministic where mathematically provable; open explanation may return uncertain and expose rubric after attempt
A14.2,A14,A14.2-EXIT,Two-item exit check: one direct and one mixed/transfer item.,2,/subjects/math/algebra/precalculus-readiness/classifying-equation-families/,canonical answer and worked solution server-only; public page receives attempt-gated reveal ID,deterministic where mathematically provable; open explanation may return uncertain and expose rubric after attempt
A14.3,A14,A14.3-P1,Twenty unlabeled equations.,2-5,/subjects/math/algebra/precalculus-readiness/choosing-a-solving-method/,canonical answer and worked solution server-only; public page receives attempt-gated reveal ID,deterministic where mathematically provable; open explanation may return uncertain and expose rubric after attempt
A14.3,A14,A14.3-P2,Defend first steps.,2-5,/subjects/math/algebra/precalculus-readiness/choosing-a-solving-method/,canonical answer and worked solution server-only; public page receives attempt-gated reveal ID,deterministic where mathematically provable; open explanation may return uncertain and expose rubric after attempt
A14.3,A14,A14.3-P3,Compare methods.,2-5,/subjects/math/algebra/precalculus-readiness/choosing-a-solving-method/,canonical answer and worked solution server-only; public page receives attempt-gated reveal ID,deterministic where mathematically provable; open explanation may return uncertain and expose rubric after attempt
A14.3,A14,A14.3-P4,One numerical approximation case.,2-5,/subjects/math/algebra/precalculus-readiness/choosing-a-solving-method/,canonical answer and worked solution server-only; public page receives attempt-gated reveal ID,deterministic where mathematically provable; open explanation may return uncertain and expose rubric after attempt
A14.3,A14,A14.3-EXIT,Two-item exit check: one direct and one mixed/transfer item.,2,/subjects/math/algebra/precalculus-readiness/choosing-a-solving-method/,canonical answer and worked solution server-only; public page receives attempt-gated reveal ID,deterministic where mathematically provable; open explanation may return uncertain and expose rubric after attempt
A14.4,A14,A14.4-P1,Label steps.,2-5,/subjects/math/algebra/precalculus-readiness/restrictions-implications-and-candidates/,canonical answer and worked solution server-only; public page receives attempt-gated reveal ID,deterministic where mathematically provable; open explanation may return uncertain and expose rubric after attempt
A14.4,A14,A14.4-P2,Find lost/extraneous solutions.,2-5,/subjects/math/algebra/precalculus-readiness/restrictions-implications-and-candidates/,canonical answer and worked solution server-only; public page receives attempt-gated reveal ID,deterministic where mathematically provable; open explanation may return uncertain and expose rubric after attempt
A14.4,A14,A14.4-P3,Analyze division-by-variable.,2-5,/subjects/math/algebra/precalculus-readiness/restrictions-implications-and-candidates/,canonical answer and worked solution server-only; public page receives attempt-gated reveal ID,deterministic where mathematically provable; open explanation may return uncertain and expose rubric after attempt
A14.4,A14,A14.4-P4,Repair proofs.,2-5,/subjects/math/algebra/precalculus-readiness/restrictions-implications-and-candidates/,canonical answer and worked solution server-only; public page receives attempt-gated reveal ID,deterministic where mathematically provable; open explanation may return uncertain and expose rubric after attempt
A14.4,A14,A14.4-EXIT,Two-item exit check: one direct and one mixed/transfer item.,2,/subjects/math/algebra/precalculus-readiness/restrictions-implications-and-candidates/,canonical answer and worked solution server-only; public page receives attempt-gated reveal ID,deterministic where mathematically provable; open explanation may return uncertain and expose rubric after attempt
A14.5,A14,A14.5-P1,Choose answer form.,2-5,/subjects/math/algebra/precalculus-readiness/exact-versus-approximate-answers-and-technology/,canonical answer and worked solution server-only; public page receives attempt-gated reveal ID,deterministic where mathematically provable; open explanation may return uncertain and expose rubric after attempt
A14.5,A14,A14.5-P2,Round with units.,2-5,/subjects/math/algebra/precalculus-readiness/exact-versus-approximate-answers-and-technology/,canonical answer and worked solution server-only; public page receives attempt-gated reveal ID,deterministic where mathematically provable; open explanation may return uncertain and expose rubric after attempt
A14.5,A14,A14.5-P3,Detect calculator errors.,2-5,/subjects/math/algebra/precalculus-readiness/exact-versus-approximate-answers-and-technology/,canonical answer and worked solution server-only; public page receives attempt-gated reveal ID,deterministic where mathematically provable; open explanation may return uncertain and expose rubric after attempt
A14.5,A14,A14.5-P4,Estimate numerical roots.,2-5,/subjects/math/algebra/precalculus-readiness/exact-versus-approximate-answers-and-technology/,canonical answer and worked solution server-only; public page receives attempt-gated reveal ID,deterministic where mathematically provable; open explanation may return uncertain and expose rubric after attempt
A14.5,A14,A14.5-EXIT,Two-item exit check: one direct and one mixed/transfer item.,2,/subjects/math/algebra/precalculus-readiness/exact-versus-approximate-answers-and-technology/,canonical answer and worked solution server-only; public page receives attempt-gated reveal ID,deterministic where mathematically provable; open explanation may return uncertain and expose rubric after attempt
A14.6,A14,A14.6-P1,Predict roots graphically.,2-5,/subjects/math/algebra/precalculus-readiness/graphical-and-algebraic-cross-checking/,canonical answer and worked solution server-only; public page receives attempt-gated reveal ID,deterministic where mathematically provable; open explanation may return uncertain and expose rubric after attempt
A14.6,A14,A14.6-P2,Verify exactly.,2-5,/subjects/math/algebra/precalculus-readiness/graphical-and-algebraic-cross-checking/,canonical answer and worked solution server-only; public page receives attempt-gated reveal ID,deterministic where mathematically provable; open explanation may return uncertain and expose rubric after attempt
A14.6,A14,A14.6-P3,Explain window limits.,2-5,/subjects/math/algebra/precalculus-readiness/graphical-and-algebraic-cross-checking/,canonical answer and worked solution server-only; public page receives attempt-gated reveal ID,deterministic where mathematically provable; open explanation may return uncertain and expose rubric after attempt
A14.6,A14,A14.6-P4,Mixed inequalities.,2-5,/subjects/math/algebra/precalculus-readiness/graphical-and-algebraic-cross-checking/,canonical answer and worked solution server-only; public page receives attempt-gated reveal ID,deterministic where mathematically provable; open explanation may return uncertain and expose rubric after attempt
A14.6,A14,A14.6-EXIT,Two-item exit check: one direct and one mixed/transfer item.,2,/subjects/math/algebra/precalculus-readiness/graphical-and-algebraic-cross-checking/,canonical answer and worked solution server-only; public page receives attempt-gated reveal ID,deterministic where mathematically provable; open explanation may return uncertain and expose rubric after attempt
A14.7,A14,A14.7-P1,Define variables.,2-5,/subjects/math/algebra/precalculus-readiness/precalculus-readiness-capstone/,canonical answer and worked solution server-only; public page receives attempt-gated reveal ID,deterministic where mathematically provable; open explanation may return uncertain and expose rubric after attempt
A14.7,A14,A14.7-P2,Build and solve a model.,2-5,/subjects/math/algebra/precalculus-readiness/precalculus-readiness-capstone/,canonical answer and worked solution server-only; public page receives attempt-gated reveal ID,deterministic where mathematically provable; open explanation may return uncertain and expose rubric after attempt
A14.7,A14,A14.7-P3,Track restrictions and units.,2-5,/subjects/math/algebra/precalculus-readiness/precalculus-readiness-capstone/,canonical answer and worked solution server-only; public page receives attempt-gated reveal ID,deterministic where mathematically provable; open explanation may return uncertain and expose rubric after attempt
A14.7,A14,A14.7-P4,Interpret sensitivity and limitations.,2-5,/subjects/math/algebra/precalculus-readiness/precalculus-readiness-capstone/,canonical answer and worked solution server-only; public page receives attempt-gated reveal ID,deterministic where mathematically provable; open explanation may return uncertain and expose rubric after attempt
A14.7,A14,A14.7-EXIT,Two-item exit check: one direct and one mixed/transfer item.,2,/subjects/math/algebra/precalculus-readiness/precalculus-readiness-capstone/,canonical answer and worked solution server-only; public page receives attempt-gated reveal ID,deterministic where mathematically provable; open explanation may return uncertain and expose rubric after attempt
