figure_id,lesson_id,unit,figure_role,description,interactivity_default,alt_text_requirement,canonical_lesson_path,renderer_requirement,interaction_required,required_capabilities,static_fallback,accessibility_contract,print_contract,asset_budget,authoring_rule
A0.1-V1,A0.1,A0,Anchor,Draggable number line with direction arrows and opposite pairs.,Interactive when manipulation reveals mechanism; otherwise static SVG.,"Describe all mathematically relevant geometry, labels, direction, and state without giving away an intended inference.",/subjects/math/algebra/arithmetic-readiness/number-lines-and-signed-quantities/,bettergrades-interactive-2d,yes,bounded-drag; reset,mandatory deterministic SVG; unchanged on interaction failure,title + visible caption + long description + reading order + non-color cue + keyboard semantics when interactive,grayscale-safe compiled print mapping or verified SVG asset,<50 KB optimized SVG target; interactive route payload remains route-local and within BVLP budgets,"VisualSpec v1 only; no renderer APIs, arbitrary code, raw TikZ, or source LaTeX in public payloads"
A0.1-V2,A0.1,A0,Mechanism,"Context strip connecting temperature, elevation, and balance to signed values.",Interactive when manipulation reveals mechanism; otherwise static SVG.,"Describe all mathematically relevant geometry, labels, direction, and state without giving away an intended inference.",/subjects/math/algebra/arithmetic-readiness/number-lines-and-signed-quantities/,static-svg,no,,mandatory deterministic SVG; unchanged on interaction failure,title + visible caption + long description + reading order + non-color cue + keyboard semantics when interactive,grayscale-safe compiled print mapping or verified SVG asset,<50 KB optimized SVG target; interactive route payload remains route-local and within BVLP budgets,"VisualSpec v1 only; no renderer APIs, arbitrary code, raw TikZ, or source LaTeX in public payloads"
A0.1-V3,A0.1,A0,Representation,"Error panel contrasting value, sign, and absolute magnitude.",Interactive when manipulation reveals mechanism; otherwise static SVG.,"Describe all mathematically relevant geometry, labels, direction, and state without giving away an intended inference.",/subjects/math/algebra/arithmetic-readiness/number-lines-and-signed-quantities/,static-svg,no,,mandatory deterministic SVG; unchanged on interaction failure,title + visible caption + long description + reading order + non-color cue + keyboard semantics when interactive,grayscale-safe compiled print mapping or verified SVG asset,<50 KB optimized SVG target; interactive route payload remains route-local and within BVLP budgets,"VisualSpec v1 only; no renderer APIs, arbitrary code, raw TikZ, or source LaTeX in public payloads"
A0.2-V1,A0.2,A0,Anchor,Place-value expansion and regrouping diagram.,Interactive when manipulation reveals mechanism; otherwise static SVG.,"Describe all mathematically relevant geometry, labels, direction, and state without giving away an intended inference.",/subjects/math/algebra/arithmetic-readiness/whole-number-operations-and-estimation/,static-svg,no,,mandatory deterministic SVG; unchanged on interaction failure,title + visible caption + long description + reading order + non-color cue + keyboard semantics when interactive,grayscale-safe compiled print mapping or verified SVG asset,<50 KB optimized SVG target; interactive route payload remains route-local and within BVLP budgets,"VisualSpec v1 only; no renderer APIs, arbitrary code, raw TikZ, or source LaTeX in public payloads"
A0.2-V2,A0.2,A0,Mechanism,Array/area interpretation of multiplication and division.,Interactive when manipulation reveals mechanism; otherwise static SVG.,"Describe all mathematically relevant geometry, labels, direction, and state without giving away an intended inference.",/subjects/math/algebra/arithmetic-readiness/whole-number-operations-and-estimation/,static-svg,no,,mandatory deterministic SVG; unchanged on interaction failure,title + visible caption + long description + reading order + non-color cue + keyboard semantics when interactive,grayscale-safe compiled print mapping or verified SVG asset,<50 KB optimized SVG target; interactive route payload remains route-local and within BVLP budgets,"VisualSpec v1 only; no renderer APIs, arbitrary code, raw TikZ, or source LaTeX in public payloads"
A0.2-V3,A0.2,A0,Representation,Estimate-exact-calculator comparison panel.,Interactive when manipulation reveals mechanism; otherwise static SVG.,"Describe all mathematically relevant geometry, labels, direction, and state without giving away an intended inference.",/subjects/math/algebra/arithmetic-readiness/whole-number-operations-and-estimation/,static-svg,no,,mandatory deterministic SVG; unchanged on interaction failure,title + visible caption + long description + reading order + non-color cue + keyboard semantics when interactive,grayscale-safe compiled print mapping or verified SVG asset,<50 KB optimized SVG target; interactive route payload remains route-local and within BVLP budgets,"VisualSpec v1 only; no renderer APIs, arbitrary code, raw TikZ, or source LaTeX in public payloads"
A0.3-V1,A0.3,A0,Anchor,Factor trees and prime-exponent inventory.,Interactive when manipulation reveals mechanism; otherwise static SVG.,"Describe all mathematically relevant geometry, labels, direction, and state without giving away an intended inference.",/subjects/math/algebra/arithmetic-readiness/factors-primes-gcf-and-lcm/,static-svg,no,,mandatory deterministic SVG; unchanged on interaction failure,title + visible caption + long description + reading order + non-color cue + keyboard semantics when interactive,grayscale-safe compiled print mapping or verified SVG asset,<50 KB optimized SVG target; interactive route payload remains route-local and within BVLP budgets,"VisualSpec v1 only; no renderer APIs, arbitrary code, raw TikZ, or source LaTeX in public payloads"
A0.3-V2,A0.3,A0,Mechanism,GCF shared-factor diagram.,Interactive when manipulation reveals mechanism; otherwise static SVG.,"Describe all mathematically relevant geometry, labels, direction, and state without giving away an intended inference.",/subjects/math/algebra/arithmetic-readiness/factors-primes-gcf-and-lcm/,static-svg,no,,mandatory deterministic SVG; unchanged on interaction failure,title + visible caption + long description + reading order + non-color cue + keyboard semantics when interactive,grayscale-safe compiled print mapping or verified SVG asset,<50 KB optimized SVG target; interactive route payload remains route-local and within BVLP budgets,"VisualSpec v1 only; no renderer APIs, arbitrary code, raw TikZ, or source LaTeX in public payloads"
A0.3-V3,A0.3,A0,Representation,LCM timeline showing first repeated alignment.,Interactive when manipulation reveals mechanism; otherwise static SVG.,"Describe all mathematically relevant geometry, labels, direction, and state without giving away an intended inference.",/subjects/math/algebra/arithmetic-readiness/factors-primes-gcf-and-lcm/,static-svg,no,,mandatory deterministic SVG; unchanged on interaction failure,title + visible caption + long description + reading order + non-color cue + keyboard semantics when interactive,grayscale-safe compiled print mapping or verified SVG asset,<50 KB optimized SVG target; interactive route payload remains route-local and within BVLP budgets,"VisualSpec v1 only; no renderer APIs, arbitrary code, raw TikZ, or source LaTeX in public payloads"
A0.4-V1,A0.4,A0,Anchor,Fraction strip aligned to a number line.,Interactive when manipulation reveals mechanism; otherwise static SVG.,"Describe all mathematically relevant geometry, labels, direction, and state without giving away an intended inference.",/subjects/math/algebra/arithmetic-readiness/fractions-as-numbers/,static-svg,no,,mandatory deterministic SVG; unchanged on interaction failure,title + visible caption + long description + reading order + non-color cue + keyboard semantics when interactive,grayscale-safe compiled print mapping or verified SVG asset,<50 KB optimized SVG target; interactive route payload remains route-local and within BVLP budgets,"VisualSpec v1 only; no renderer APIs, arbitrary code, raw TikZ, or source LaTeX in public payloads"
A0.4-V2,A0.4,A0,Mechanism,Area model and quotient model for the same fraction.,Interactive when manipulation reveals mechanism; otherwise static SVG.,"Describe all mathematically relevant geometry, labels, direction, and state without giving away an intended inference.",/subjects/math/algebra/arithmetic-readiness/fractions-as-numbers/,static-svg,no,,mandatory deterministic SVG; unchanged on interaction failure,title + visible caption + long description + reading order + non-color cue + keyboard semantics when interactive,grayscale-safe compiled print mapping or verified SVG asset,<50 KB optimized SVG target; interactive route payload remains route-local and within BVLP budgets,"VisualSpec v1 only; no renderer APIs, arbitrary code, raw TikZ, or source LaTeX in public payloads"
A0.4-V3,A0.4,A0,Representation,"Four-meaning panel: number, quotient, ratio, operator.",Interactive when manipulation reveals mechanism; otherwise static SVG.,"Describe all mathematically relevant geometry, labels, direction, and state without giving away an intended inference.",/subjects/math/algebra/arithmetic-readiness/fractions-as-numbers/,static-svg,no,,mandatory deterministic SVG; unchanged on interaction failure,title + visible caption + long description + reading order + non-color cue + keyboard semantics when interactive,grayscale-safe compiled print mapping or verified SVG asset,<50 KB optimized SVG target; interactive route payload remains route-local and within BVLP budgets,"VisualSpec v1 only; no renderer APIs, arbitrary code, raw TikZ, or source LaTeX in public payloads"
A0.5-V1,A0.5,A0,Anchor,Area model for a product of fractions.,Interactive when manipulation reveals mechanism; otherwise static SVG.,"Describe all mathematically relevant geometry, labels, direction, and state without giving away an intended inference.",/subjects/math/algebra/arithmetic-readiness/multiplying-and-dividing-fractions/,static-svg,no,,mandatory deterministic SVG; unchanged on interaction failure,title + visible caption + long description + reading order + non-color cue + keyboard semantics when interactive,grayscale-safe compiled print mapping or verified SVG asset,<50 KB optimized SVG target; interactive route payload remains route-local and within BVLP budgets,"VisualSpec v1 only; no renderer APIs, arbitrary code, raw TikZ, or source LaTeX in public payloads"
A0.5-V2,A0.5,A0,Mechanism,Scaling machine for multiplication by values above and below one.,Interactive when manipulation reveals mechanism; otherwise static SVG.,"Describe all mathematically relevant geometry, labels, direction, and state without giving away an intended inference.",/subjects/math/algebra/arithmetic-readiness/multiplying-and-dividing-fractions/,static-svg,no,,mandatory deterministic SVG; unchanged on interaction failure,title + visible caption + long description + reading order + non-color cue + keyboard semantics when interactive,grayscale-safe compiled print mapping or verified SVG asset,<50 KB optimized SVG target; interactive route payload remains route-local and within BVLP budgets,"VisualSpec v1 only; no renderer APIs, arbitrary code, raw TikZ, or source LaTeX in public payloads"
A0.5-V3,A0.5,A0,Representation,Measurement-division diagram for fractional quotients.,Interactive when manipulation reveals mechanism; otherwise static SVG.,"Describe all mathematically relevant geometry, labels, direction, and state without giving away an intended inference.",/subjects/math/algebra/arithmetic-readiness/multiplying-and-dividing-fractions/,static-svg,no,,mandatory deterministic SVG; unchanged on interaction failure,title + visible caption + long description + reading order + non-color cue + keyboard semantics when interactive,grayscale-safe compiled print mapping or verified SVG asset,<50 KB optimized SVG target; interactive route payload remains route-local and within BVLP budgets,"VisualSpec v1 only; no renderer APIs, arbitrary code, raw TikZ, or source LaTeX in public payloads"
A0.6-V1,A0.6,A0,Anchor,Unlike fraction strips repartitioned into common units.,Interactive when manipulation reveals mechanism; otherwise static SVG.,"Describe all mathematically relevant geometry, labels, direction, and state without giving away an intended inference.",/subjects/math/algebra/arithmetic-readiness/adding-subtracting-and-complex-fractions/,static-svg,no,,mandatory deterministic SVG; unchanged on interaction failure,title + visible caption + long description + reading order + non-color cue + keyboard semantics when interactive,grayscale-safe compiled print mapping or verified SVG asset,<50 KB optimized SVG target; interactive route payload remains route-local and within BVLP budgets,"VisualSpec v1 only; no renderer APIs, arbitrary code, raw TikZ, or source LaTeX in public payloads"
A0.6-V2,A0.6,A0,Mechanism,LCM-to-LCD bridge.,Interactive when manipulation reveals mechanism; otherwise static SVG.,"Describe all mathematically relevant geometry, labels, direction, and state without giving away an intended inference.",/subjects/math/algebra/arithmetic-readiness/adding-subtracting-and-complex-fractions/,static-svg,no,,mandatory deterministic SVG; unchanged on interaction failure,title + visible caption + long description + reading order + non-color cue + keyboard semantics when interactive,grayscale-safe compiled print mapping or verified SVG asset,<50 KB optimized SVG target; interactive route payload remains route-local and within BVLP budgets,"VisualSpec v1 only; no renderer APIs, arbitrary code, raw TikZ, or source LaTeX in public payloads"
A0.6-V3,A0.6,A0,Representation,Complex fraction with numerator and denominator grouped explicitly.,Interactive when manipulation reveals mechanism; otherwise static SVG.,"Describe all mathematically relevant geometry, labels, direction, and state without giving away an intended inference.",/subjects/math/algebra/arithmetic-readiness/adding-subtracting-and-complex-fractions/,static-svg,no,,mandatory deterministic SVG; unchanged on interaction failure,title + visible caption + long description + reading order + non-color cue + keyboard semantics when interactive,grayscale-safe compiled print mapping or verified SVG asset,<50 KB optimized SVG target; interactive route payload remains route-local and within BVLP budgets,"VisualSpec v1 only; no renderer APIs, arbitrary code, raw TikZ, or source LaTeX in public payloads"
A0.7-V1,A0.7,A0,Anchor,Hundred grid linked to decimal and percent notation.,Interactive when manipulation reveals mechanism; otherwise static SVG.,"Describe all mathematically relevant geometry, labels, direction, and state without giving away an intended inference.",/subjects/math/algebra/arithmetic-readiness/fractions-decimals-and-percents/,static-svg,no,,mandatory deterministic SVG; unchanged on interaction failure,title + visible caption + long description + reading order + non-color cue + keyboard semantics when interactive,grayscale-safe compiled print mapping or verified SVG asset,<50 KB optimized SVG target; interactive route payload remains route-local and within BVLP budgets,"VisualSpec v1 only; no renderer APIs, arbitrary code, raw TikZ, or source LaTeX in public payloads"
A0.7-V2,A0.7,A0,Mechanism,Number-line alignment of mixed forms.,Interactive when manipulation reveals mechanism; otherwise static SVG.,"Describe all mathematically relevant geometry, labels, direction, and state without giving away an intended inference.",/subjects/math/algebra/arithmetic-readiness/fractions-decimals-and-percents/,static-svg,no,,mandatory deterministic SVG; unchanged on interaction failure,title + visible caption + long description + reading order + non-color cue + keyboard semantics when interactive,grayscale-safe compiled print mapping or verified SVG asset,<50 KB optimized SVG target; interactive route payload remains route-local and within BVLP budgets,"VisualSpec v1 only; no renderer APIs, arbitrary code, raw TikZ, or source LaTeX in public payloads"
A0.7-V3,A0.7,A0,Representation,Representation-choice decision panel.,Interactive when manipulation reveals mechanism; otherwise static SVG.,"Describe all mathematically relevant geometry, labels, direction, and state without giving away an intended inference.",/subjects/math/algebra/arithmetic-readiness/fractions-decimals-and-percents/,static-svg,no,,mandatory deterministic SVG; unchanged on interaction failure,title + visible caption + long description + reading order + non-color cue + keyboard semantics when interactive,grayscale-safe compiled print mapping or verified SVG asset,<50 KB optimized SVG target; interactive route payload remains route-local and within BVLP budgets,"VisualSpec v1 only; no renderer APIs, arbitrary code, raw TikZ, or source LaTeX in public payloads"
A0.8-V1,A0.8,A0,Anchor,Double number line.,Interactive when manipulation reveals mechanism; otherwise static SVG.,"Describe all mathematically relevant geometry, labels, direction, and state without giving away an intended inference.",/subjects/math/algebra/arithmetic-readiness/ratios-rates-proportions-and-percent-change/,static-svg,no,,mandatory deterministic SVG; unchanged on interaction failure,title + visible caption + long description + reading order + non-color cue + keyboard semantics when interactive,grayscale-safe compiled print mapping or verified SVG asset,<50 KB optimized SVG target; interactive route payload remains route-local and within BVLP budgets,"VisualSpec v1 only; no renderer APIs, arbitrary code, raw TikZ, or source LaTeX in public payloads"
A0.8-V2,A0.8,A0,Mechanism,Ratio table with constant multiplier.,Interactive when manipulation reveals mechanism; otherwise static SVG.,"Describe all mathematically relevant geometry, labels, direction, and state without giving away an intended inference.",/subjects/math/algebra/arithmetic-readiness/ratios-rates-proportions-and-percent-change/,static-svg,no,,mandatory deterministic SVG; unchanged on interaction failure,title + visible caption + long description + reading order + non-color cue + keyboard semantics when interactive,grayscale-safe compiled print mapping or verified SVG asset,<50 KB optimized SVG target; interactive route payload remains route-local and within BVLP budgets,"VisualSpec v1 only; no renderer APIs, arbitrary code, raw TikZ, or source LaTeX in public payloads"
A0.8-V3,A0.8,A0,Representation,Before-after bars for percent change.,Interactive when manipulation reveals mechanism; otherwise static SVG.,"Describe all mathematically relevant geometry, labels, direction, and state without giving away an intended inference.",/subjects/math/algebra/arithmetic-readiness/ratios-rates-proportions-and-percent-change/,static-svg,no,,mandatory deterministic SVG; unchanged on interaction failure,title + visible caption + long description + reading order + non-color cue + keyboard semantics when interactive,grayscale-safe compiled print mapping or verified SVG asset,<50 KB optimized SVG target; interactive route payload remains route-local and within BVLP budgets,"VisualSpec v1 only; no renderer APIs, arbitrary code, raw TikZ, or source LaTeX in public payloads"
A0.9-V1,A0.9,A0,Anchor,Unit-cancellation chain.,Interactive when manipulation reveals mechanism; otherwise static SVG.,"Describe all mathematically relevant geometry, labels, direction, and state without giving away an intended inference.",/subjects/math/algebra/arithmetic-readiness/units-and-dimensional-reasoning/,static-svg,no,,mandatory deterministic SVG; unchanged on interaction failure,title + visible caption + long description + reading order + non-color cue + keyboard semantics when interactive,grayscale-safe compiled print mapping or verified SVG asset,<50 KB optimized SVG target; interactive route payload remains route-local and within BVLP budgets,"VisualSpec v1 only; no renderer APIs, arbitrary code, raw TikZ, or source LaTeX in public payloads"
A0.9-V2,A0.9,A0,Mechanism,Conversion network.,Interactive when manipulation reveals mechanism; otherwise static SVG.,"Describe all mathematically relevant geometry, labels, direction, and state without giving away an intended inference.",/subjects/math/algebra/arithmetic-readiness/units-and-dimensional-reasoning/,static-svg,no,,mandatory deterministic SVG; unchanged on interaction failure,title + visible caption + long description + reading order + non-color cue + keyboard semantics when interactive,grayscale-safe compiled print mapping or verified SVG asset,<50 KB optimized SVG target; interactive route payload remains route-local and within BVLP budgets,"VisualSpec v1 only; no renderer APIs, arbitrary code, raw TikZ, or source LaTeX in public payloads"
A0.9-V3,A0.9,A0,Representation,Dimensionally valid versus invalid formula panel.,Interactive when manipulation reveals mechanism; otherwise static SVG.,"Describe all mathematically relevant geometry, labels, direction, and state without giving away an intended inference.",/subjects/math/algebra/arithmetic-readiness/units-and-dimensional-reasoning/,static-svg,no,,mandatory deterministic SVG; unchanged on interaction failure,title + visible caption + long description + reading order + non-color cue + keyboard semantics when interactive,grayscale-safe compiled print mapping or verified SVG asset,<50 KB optimized SVG target; interactive route payload remains route-local and within BVLP budgets,"VisualSpec v1 only; no renderer APIs, arbitrary code, raw TikZ, or source LaTeX in public payloads"
A0.10-V1,A0.10,A0,Anchor,Repeated-factor chain.,Interactive when manipulation reveals mechanism; otherwise static SVG.,"Describe all mathematically relevant geometry, labels, direction, and state without giving away an intended inference.",/subjects/math/algebra/arithmetic-readiness/powers-roots-and-scientific-notation/,static-svg,no,,mandatory deterministic SVG; unchanged on interaction failure,title + visible caption + long description + reading order + non-color cue + keyboard semantics when interactive,grayscale-safe compiled print mapping or verified SVG asset,<50 KB optimized SVG target; interactive route payload remains route-local and within BVLP budgets,"VisualSpec v1 only; no renderer APIs, arbitrary code, raw TikZ, or source LaTeX in public payloads"
A0.10-V2,A0.10,A0,Mechanism,Square and cube geometry.,Interactive when manipulation reveals mechanism; otherwise static SVG.,"Describe all mathematically relevant geometry, labels, direction, and state without giving away an intended inference.",/subjects/math/algebra/arithmetic-readiness/powers-roots-and-scientific-notation/,static-svg,no,,mandatory deterministic SVG; unchanged on interaction failure,title + visible caption + long description + reading order + non-color cue + keyboard semantics when interactive,grayscale-safe compiled print mapping or verified SVG asset,<50 KB optimized SVG target; interactive route payload remains route-local and within BVLP budgets,"VisualSpec v1 only; no renderer APIs, arbitrary code, raw TikZ, or source LaTeX in public payloads"
A0.10-V3,A0.10,A0,Representation,Scientific-notation place-value slider.,Interactive when manipulation reveals mechanism; otherwise static SVG.,"Describe all mathematically relevant geometry, labels, direction, and state without giving away an intended inference.",/subjects/math/algebra/arithmetic-readiness/powers-roots-and-scientific-notation/,static-svg,no,,mandatory deterministic SVG; unchanged on interaction failure,title + visible caption + long description + reading order + non-color cue + keyboard semantics when interactive,grayscale-safe compiled print mapping or verified SVG asset,<50 KB optimized SVG target; interactive route payload remains route-local and within BVLP budgets,"VisualSpec v1 only; no renderer APIs, arbitrary code, raw TikZ, or source LaTeX in public payloads"
A1.1-V1,A1.1,A1,Anchor,Time-altitude table and graph.,Interactive when manipulation reveals mechanism; otherwise static SVG.,"Describe all mathematically relevant geometry, labels, direction, and state without giving away an intended inference.",/subjects/math/algebra/quantities-variables/variables-and-changing-quantities/,static-svg,no,,mandatory deterministic SVG; unchanged on interaction failure,title + visible caption + long description + reading order + non-color cue + keyboard semantics when interactive,grayscale-safe compiled print mapping or verified SVG asset,<50 KB optimized SVG target; interactive route payload remains route-local and within BVLP budgets,"VisualSpec v1 only; no renderer APIs, arbitrary code, raw TikZ, or source LaTeX in public payloads"
A1.1-V2,A1.1,A1,Mechanism,Quantity-role map.,Interactive when manipulation reveals mechanism; otherwise static SVG.,"Describe all mathematically relevant geometry, labels, direction, and state without giving away an intended inference.",/subjects/math/algebra/quantities-variables/variables-and-changing-quantities/,static-svg,no,,mandatory deterministic SVG; unchanged on interaction failure,title + visible caption + long description + reading order + non-color cue + keyboard semantics when interactive,grayscale-safe compiled print mapping or verified SVG asset,<50 KB optimized SVG target; interactive route payload remains route-local and within BVLP budgets,"VisualSpec v1 only; no renderer APIs, arbitrary code, raw TikZ, or source LaTeX in public payloads"
A1.1-V3,A1.1,A1,Representation,Same letter used in different mathematical roles.,Interactive when manipulation reveals mechanism; otherwise static SVG.,"Describe all mathematically relevant geometry, labels, direction, and state without giving away an intended inference.",/subjects/math/algebra/quantities-variables/variables-and-changing-quantities/,static-svg,no,,mandatory deterministic SVG; unchanged on interaction failure,title + visible caption + long description + reading order + non-color cue + keyboard semantics when interactive,grayscale-safe compiled print mapping or verified SVG asset,<50 KB optimized SVG target; interactive route payload remains route-local and within BVLP budgets,"VisualSpec v1 only; no renderer APIs, arbitrary code, raw TikZ, or source LaTeX in public payloads"
A1.2-V1,A1.2,A1,Anchor,Three-column mathematical-object sorter.,Interactive when manipulation reveals mechanism; otherwise static SVG.,"Describe all mathematically relevant geometry, labels, direction, and state without giving away an intended inference.",/subjects/math/algebra/quantities-variables/expressions-equations-and-inequalities/,static-svg,no,,mandatory deterministic SVG; unchanged on interaction failure,title + visible caption + long description + reading order + non-color cue + keyboard semantics when interactive,grayscale-safe compiled print mapping or verified SVG asset,<50 KB optimized SVG target; interactive route payload remains route-local and within BVLP budgets,"VisualSpec v1 only; no renderer APIs, arbitrary code, raw TikZ, or source LaTeX in public payloads"
A1.2-V2,A1.2,A1,Mechanism,Truth-value substitution panel.,Interactive when manipulation reveals mechanism; otherwise static SVG.,"Describe all mathematically relevant geometry, labels, direction, and state without giving away an intended inference.",/subjects/math/algebra/quantities-variables/expressions-equations-and-inequalities/,static-svg,no,,mandatory deterministic SVG; unchanged on interaction failure,title + visible caption + long description + reading order + non-color cue + keyboard semantics when interactive,grayscale-safe compiled print mapping or verified SVG asset,<50 KB optimized SVG target; interactive route payload remains route-local and within BVLP budgets,"VisualSpec v1 only; no renderer APIs, arbitrary code, raw TikZ, or source LaTeX in public payloads"
A1.2-V3,A1.2,A1,Representation,Expression-versus-statement anatomy.,Interactive when manipulation reveals mechanism; otherwise static SVG.,"Describe all mathematically relevant geometry, labels, direction, and state without giving away an intended inference.",/subjects/math/algebra/quantities-variables/expressions-equations-and-inequalities/,static-svg,no,,mandatory deterministic SVG; unchanged on interaction failure,title + visible caption + long description + reading order + non-color cue + keyboard semantics when interactive,grayscale-safe compiled print mapping or verified SVG asset,<50 KB optimized SVG target; interactive route payload remains route-local and within BVLP budgets,"VisualSpec v1 only; no renderer APIs, arbitrary code, raw TikZ, or source LaTeX in public payloads"
A1.3-V1,A1.3,A1,Anchor,Expression tree.,Interactive when manipulation reveals mechanism; otherwise static SVG.,"Describe all mathematically relevant geometry, labels, direction, and state without giving away an intended inference.",/subjects/math/algebra/quantities-variables/terms-factors-coefficients-and-structure/,static-svg,no,,mandatory deterministic SVG; unchanged on interaction failure,title + visible caption + long description + reading order + non-color cue + keyboard semantics when interactive,grayscale-safe compiled print mapping or verified SVG asset,<50 KB optimized SVG target; interactive route payload remains route-local and within BVLP budgets,"VisualSpec v1 only; no renderer APIs, arbitrary code, raw TikZ, or source LaTeX in public payloads"
A1.3-V2,A1.3,A1,Mechanism,Terms-versus-factors color coding.,Interactive when manipulation reveals mechanism; otherwise static SVG.,"Describe all mathematically relevant geometry, labels, direction, and state without giving away an intended inference.",/subjects/math/algebra/quantities-variables/terms-factors-coefficients-and-structure/,static-svg,no,,mandatory deterministic SVG; unchanged on interaction failure,title + visible caption + long description + reading order + non-color cue + keyboard semantics when interactive,grayscale-safe compiled print mapping or verified SVG asset,<50 KB optimized SVG target; interactive route payload remains route-local and within BVLP budgets,"VisualSpec v1 only; no renderer APIs, arbitrary code, raw TikZ, or source LaTeX in public payloads"
A1.3-V3,A1.3,A1,Representation,Fraction bar as grouping symbol.,Interactive when manipulation reveals mechanism; otherwise static SVG.,"Describe all mathematically relevant geometry, labels, direction, and state without giving away an intended inference.",/subjects/math/algebra/quantities-variables/terms-factors-coefficients-and-structure/,static-svg,no,,mandatory deterministic SVG; unchanged on interaction failure,title + visible caption + long description + reading order + non-color cue + keyboard semantics when interactive,grayscale-safe compiled print mapping or verified SVG asset,<50 KB optimized SVG target; interactive route payload remains route-local and within BVLP budgets,"VisualSpec v1 only; no renderer APIs, arbitrary code, raw TikZ, or source LaTeX in public payloads"
A1.4-V1,A1.4,A1,Anchor,Replaceable expression tiles.,Interactive when manipulation reveals mechanism; otherwise static SVG.,"Describe all mathematically relevant geometry, labels, direction, and state without giving away an intended inference.",/subjects/math/algebra/quantities-variables/substitution-and-evaluation/,static-svg,no,,mandatory deterministic SVG; unchanged on interaction failure,title + visible caption + long description + reading order + non-color cue + keyboard semantics when interactive,grayscale-safe compiled print mapping or verified SVG asset,<50 KB optimized SVG target; interactive route payload remains route-local and within BVLP budgets,"VisualSpec v1 only; no renderer APIs, arbitrary code, raw TikZ, or source LaTeX in public payloads"
A1.4-V2,A1.4,A1,Mechanism,Parentheses guard around substituted values.,Interactive when manipulation reveals mechanism; otherwise static SVG.,"Describe all mathematically relevant geometry, labels, direction, and state without giving away an intended inference.",/subjects/math/algebra/quantities-variables/substitution-and-evaluation/,static-svg,no,,mandatory deterministic SVG; unchanged on interaction failure,title + visible caption + long description + reading order + non-color cue + keyboard semantics when interactive,grayscale-safe compiled print mapping or verified SVG asset,<50 KB optimized SVG target; interactive route payload remains route-local and within BVLP budgets,"VisualSpec v1 only; no renderer APIs, arbitrary code, raw TikZ, or source LaTeX in public payloads"
A1.4-V3,A1.4,A1,Representation,Table feeding inputs into a formula.,Interactive when manipulation reveals mechanism; otherwise static SVG.,"Describe all mathematically relevant geometry, labels, direction, and state without giving away an intended inference.",/subjects/math/algebra/quantities-variables/substitution-and-evaluation/,static-svg,no,,mandatory deterministic SVG; unchanged on interaction failure,title + visible caption + long description + reading order + non-color cue + keyboard semantics when interactive,grayscale-safe compiled print mapping or verified SVG asset,<50 KB optimized SVG target; interactive route payload remains route-local and within BVLP budgets,"VisualSpec v1 only; no renderer APIs, arbitrary code, raw TikZ, or source LaTeX in public payloads"
A1.5-V1,A1.5,A1,Anchor,Expression tree evaluation path.,Interactive when manipulation reveals mechanism; otherwise static SVG.,"Describe all mathematically relevant geometry, labels, direction, and state without giving away an intended inference.",/subjects/math/algebra/quantities-variables/grouping-and-order-of-operations/,static-svg,no,,mandatory deterministic SVG; unchanged on interaction failure,title + visible caption + long description + reading order + non-color cue + keyboard semantics when interactive,grayscale-safe compiled print mapping or verified SVG asset,<50 KB optimized SVG target; interactive route payload remains route-local and within BVLP budgets,"VisualSpec v1 only; no renderer APIs, arbitrary code, raw TikZ, or source LaTeX in public payloads"
A1.5-V2,A1.5,A1,Mechanism,Fraction bar as parentheses.,Interactive when manipulation reveals mechanism; otherwise static SVG.,"Describe all mathematically relevant geometry, labels, direction, and state without giving away an intended inference.",/subjects/math/algebra/quantities-variables/grouping-and-order-of-operations/,static-svg,no,,mandatory deterministic SVG; unchanged on interaction failure,title + visible caption + long description + reading order + non-color cue + keyboard semantics when interactive,grayscale-safe compiled print mapping or verified SVG asset,<50 KB optimized SVG target; interactive route payload remains route-local and within BVLP budgets,"VisualSpec v1 only; no renderer APIs, arbitrary code, raw TikZ, or source LaTeX in public payloads"
A1.5-V3,A1.5,A1,Representation,Ambiguous typed-calculator syntax panel.,Interactive when manipulation reveals mechanism; otherwise static SVG.,"Describe all mathematically relevant geometry, labels, direction, and state without giving away an intended inference.",/subjects/math/algebra/quantities-variables/grouping-and-order-of-operations/,static-svg,no,,mandatory deterministic SVG; unchanged on interaction failure,title + visible caption + long description + reading order + non-color cue + keyboard semantics when interactive,grayscale-safe compiled print mapping or verified SVG asset,<50 KB optimized SVG target; interactive route payload remains route-local and within BVLP budgets,"VisualSpec v1 only; no renderer APIs, arbitrary code, raw TikZ, or source LaTeX in public payloads"
A1.6-V1,A1.6,A1,Anchor,Property action cards.,Interactive when manipulation reveals mechanism; otherwise static SVG.,"Describe all mathematically relevant geometry, labels, direction, and state without giving away an intended inference.",/subjects/math/algebra/quantities-variables/properties-of-real-number-operations/,static-svg,no,,mandatory deterministic SVG; unchanged on interaction failure,title + visible caption + long description + reading order + non-color cue + keyboard semantics when interactive,grayscale-safe compiled print mapping or verified SVG asset,<50 KB optimized SVG target; interactive route payload remains route-local and within BVLP budgets,"VisualSpec v1 only; no renderer APIs, arbitrary code, raw TikZ, or source LaTeX in public payloads"
A1.6-V2,A1.6,A1,Mechanism,Area model for distribution.,Interactive when manipulation reveals mechanism; otherwise static SVG.,"Describe all mathematically relevant geometry, labels, direction, and state without giving away an intended inference.",/subjects/math/algebra/quantities-variables/properties-of-real-number-operations/,static-svg,no,,mandatory deterministic SVG; unchanged on interaction failure,title + visible caption + long description + reading order + non-color cue + keyboard semantics when interactive,grayscale-safe compiled print mapping or verified SVG asset,<50 KB optimized SVG target; interactive route payload remains route-local and within BVLP budgets,"VisualSpec v1 only; no renderer APIs, arbitrary code, raw TikZ, or source LaTeX in public payloads"
A1.6-V3,A1.6,A1,Representation,Justification ledger beside each rewrite.,Interactive when manipulation reveals mechanism; otherwise static SVG.,"Describe all mathematically relevant geometry, labels, direction, and state without giving away an intended inference.",/subjects/math/algebra/quantities-variables/properties-of-real-number-operations/,static-svg,no,,mandatory deterministic SVG; unchanged on interaction failure,title + visible caption + long description + reading order + non-color cue + keyboard semantics when interactive,grayscale-safe compiled print mapping or verified SVG asset,<50 KB optimized SVG target; interactive route payload remains route-local and within BVLP budgets,"VisualSpec v1 only; no renderer APIs, arbitrary code, raw TikZ, or source LaTeX in public payloads"
A1.7-V1,A1.7,A1,Anchor,Algebra tiles.,Interactive when manipulation reveals mechanism; otherwise static SVG.,"Describe all mathematically relevant geometry, labels, direction, and state without giving away an intended inference.",/subjects/math/algebra/quantities-variables/equivalent-expressions-and-like-terms/,static-svg,no,,mandatory deterministic SVG; unchanged on interaction failure,title + visible caption + long description + reading order + non-color cue + keyboard semantics when interactive,grayscale-safe compiled print mapping or verified SVG asset,<50 KB optimized SVG target; interactive route payload remains route-local and within BVLP budgets,"VisualSpec v1 only; no renderer APIs, arbitrary code, raw TikZ, or source LaTeX in public payloads"
A1.7-V2,A1.7,A1,Mechanism,Value-table equivalence check.,Interactive when manipulation reveals mechanism; otherwise static SVG.,"Describe all mathematically relevant geometry, labels, direction, and state without giving away an intended inference.",/subjects/math/algebra/quantities-variables/equivalent-expressions-and-like-terms/,static-svg,no,,mandatory deterministic SVG; unchanged on interaction failure,title + visible caption + long description + reading order + non-color cue + keyboard semantics when interactive,grayscale-safe compiled print mapping or verified SVG asset,<50 KB optimized SVG target; interactive route payload remains route-local and within BVLP budgets,"VisualSpec v1 only; no renderer APIs, arbitrary code, raw TikZ, or source LaTeX in public payloads"
A1.7-V3,A1.7,A1,Representation,Valid versus invalid term combination.,Interactive when manipulation reveals mechanism; otherwise static SVG.,"Describe all mathematically relevant geometry, labels, direction, and state without giving away an intended inference.",/subjects/math/algebra/quantities-variables/equivalent-expressions-and-like-terms/,static-svg,no,,mandatory deterministic SVG; unchanged on interaction failure,title + visible caption + long description + reading order + non-color cue + keyboard semantics when interactive,grayscale-safe compiled print mapping or verified SVG asset,<50 KB optimized SVG target; interactive route payload remains route-local and within BVLP budgets,"VisualSpec v1 only; no renderer APIs, arbitrary code, raw TikZ, or source LaTeX in public payloads"
A1.8-V1,A1.8,A1,Anchor,Annotated formula with variable meanings and units.,Interactive when manipulation reveals mechanism; otherwise static SVG.,"Describe all mathematically relevant geometry, labels, direction, and state without giving away an intended inference.",/subjects/math/algebra/quantities-variables/formulas-units-and-mathematical-communication/,static-svg,no,,mandatory deterministic SVG; unchanged on interaction failure,title + visible caption + long description + reading order + non-color cue + keyboard semantics when interactive,grayscale-safe compiled print mapping or verified SVG asset,<50 KB optimized SVG target; interactive route payload remains route-local and within BVLP budgets,"VisualSpec v1 only; no renderer APIs, arbitrary code, raw TikZ, or source LaTeX in public payloads"
A1.8-V2,A1.8,A1,Mechanism,Dimensional-consistency panel.,Interactive when manipulation reveals mechanism; otherwise static SVG.,"Describe all mathematically relevant geometry, labels, direction, and state without giving away an intended inference.",/subjects/math/algebra/quantities-variables/formulas-units-and-mathematical-communication/,static-svg,no,,mandatory deterministic SVG; unchanged on interaction failure,title + visible caption + long description + reading order + non-color cue + keyboard semantics when interactive,grayscale-safe compiled print mapping or verified SVG asset,<50 KB optimized SVG target; interactive route payload remains route-local and within BVLP budgets,"VisualSpec v1 only; no renderer APIs, arbitrary code, raw TikZ, or source LaTeX in public payloads"
A1.8-V3,A1.8,A1,Representation,Readable versus ambiguous written solution.,Interactive when manipulation reveals mechanism; otherwise static SVG.,"Describe all mathematically relevant geometry, labels, direction, and state without giving away an intended inference.",/subjects/math/algebra/quantities-variables/formulas-units-and-mathematical-communication/,static-svg,no,,mandatory deterministic SVG; unchanged on interaction failure,title + visible caption + long description + reading order + non-color cue + keyboard semantics when interactive,grayscale-safe compiled print mapping or verified SVG asset,<50 KB optimized SVG target; interactive route payload remains route-local and within BVLP budgets,"VisualSpec v1 only; no renderer APIs, arbitrary code, raw TikZ, or source LaTeX in public payloads"
A2.1-V1,A2.1,A2,Anchor,Left/right value evaluator.,Interactive when manipulation reveals mechanism; otherwise static SVG.,"Describe all mathematically relevant geometry, labels, direction, and state without giving away an intended inference.",/subjects/math/algebra/linear-equations/solutions-solution-sets-and-checking/,static-svg,no,,mandatory deterministic SVG; unchanged on interaction failure,title + visible caption + long description + reading order + non-color cue + keyboard semantics when interactive,grayscale-safe compiled print mapping or verified SVG asset,<50 KB optimized SVG target; interactive route payload remains route-local and within BVLP budgets,"VisualSpec v1 only; no renderer APIs, arbitrary code, raw TikZ, or source LaTeX in public payloads"
A2.1-V2,A2.1,A2,Mechanism,Substitution check strip.,Interactive when manipulation reveals mechanism; otherwise static SVG.,"Describe all mathematically relevant geometry, labels, direction, and state without giving away an intended inference.",/subjects/math/algebra/linear-equations/solutions-solution-sets-and-checking/,static-svg,no,,mandatory deterministic SVG; unchanged on interaction failure,title + visible caption + long description + reading order + non-color cue + keyboard semantics when interactive,grayscale-safe compiled print mapping or verified SVG asset,<50 KB optimized SVG target; interactive route payload remains route-local and within BVLP budgets,"VisualSpec v1 only; no renderer APIs, arbitrary code, raw TikZ, or source LaTeX in public payloads"
A2.1-V3,A2.1,A2,Representation,Solution-set container.,Interactive when manipulation reveals mechanism; otherwise static SVG.,"Describe all mathematically relevant geometry, labels, direction, and state without giving away an intended inference.",/subjects/math/algebra/linear-equations/solutions-solution-sets-and-checking/,static-svg,no,,mandatory deterministic SVG; unchanged on interaction failure,title + visible caption + long description + reading order + non-color cue + keyboard semantics when interactive,grayscale-safe compiled print mapping or verified SVG asset,<50 KB optimized SVG target; interactive route payload remains route-local and within BVLP budgets,"VisualSpec v1 only; no renderer APIs, arbitrary code, raw TikZ, or source LaTeX in public payloads"
A2.2-V1,A2.2,A2,Anchor,Balance model.,Interactive when manipulation reveals mechanism; otherwise static SVG.,"Describe all mathematically relevant geometry, labels, direction, and state without giving away an intended inference.",/subjects/math/algebra/linear-equations/addition-and-subtraction-equations/,static-svg,no,,mandatory deterministic SVG; unchanged on interaction failure,title + visible caption + long description + reading order + non-color cue + keyboard semantics when interactive,grayscale-safe compiled print mapping or verified SVG asset,<50 KB optimized SVG target; interactive route payload remains route-local and within BVLP budgets,"VisualSpec v1 only; no renderer APIs, arbitrary code, raw TikZ, or source LaTeX in public payloads"
A2.2-V2,A2.2,A2,Mechanism,Number-line undoing.,Interactive when manipulation reveals mechanism; otherwise static SVG.,"Describe all mathematically relevant geometry, labels, direction, and state without giving away an intended inference.",/subjects/math/algebra/linear-equations/addition-and-subtraction-equations/,static-svg,no,,mandatory deterministic SVG; unchanged on interaction failure,title + visible caption + long description + reading order + non-color cue + keyboard semantics when interactive,grayscale-safe compiled print mapping or verified SVG asset,<50 KB optimized SVG target; interactive route payload remains route-local and within BVLP budgets,"VisualSpec v1 only; no renderer APIs, arbitrary code, raw TikZ, or source LaTeX in public payloads"
A2.2-V3,A2.2,A2,Representation,Operation-history tape.,Interactive when manipulation reveals mechanism; otherwise static SVG.,"Describe all mathematically relevant geometry, labels, direction, and state without giving away an intended inference.",/subjects/math/algebra/linear-equations/addition-and-subtraction-equations/,static-svg,no,,mandatory deterministic SVG; unchanged on interaction failure,title + visible caption + long description + reading order + non-color cue + keyboard semantics when interactive,grayscale-safe compiled print mapping or verified SVG asset,<50 KB optimized SVG target; interactive route payload remains route-local and within BVLP budgets,"VisualSpec v1 only; no renderer APIs, arbitrary code, raw TikZ, or source LaTeX in public payloads"
A2.3-V1,A2.3,A2,Anchor,Equal-groups model.,Interactive when manipulation reveals mechanism; otherwise static SVG.,"Describe all mathematically relevant geometry, labels, direction, and state without giving away an intended inference.",/subjects/math/algebra/linear-equations/multiplication-and-division-equations/,static-svg,no,,mandatory deterministic SVG; unchanged on interaction failure,title + visible caption + long description + reading order + non-color cue + keyboard semantics when interactive,grayscale-safe compiled print mapping or verified SVG asset,<50 KB optimized SVG target; interactive route payload remains route-local and within BVLP budgets,"VisualSpec v1 only; no renderer APIs, arbitrary code, raw TikZ, or source LaTeX in public payloads"
A2.3-V2,A2.3,A2,Mechanism,Scaling machine and inverse.,Interactive when manipulation reveals mechanism; otherwise static SVG.,"Describe all mathematically relevant geometry, labels, direction, and state without giving away an intended inference.",/subjects/math/algebra/linear-equations/multiplication-and-division-equations/,static-svg,no,,mandatory deterministic SVG; unchanged on interaction failure,title + visible caption + long description + reading order + non-color cue + keyboard semantics when interactive,grayscale-safe compiled print mapping or verified SVG asset,<50 KB optimized SVG target; interactive route payload remains route-local and within BVLP budgets,"VisualSpec v1 only; no renderer APIs, arbitrary code, raw TikZ, or source LaTeX in public payloads"
A2.3-V3,A2.3,A2,Representation,Division-by-zero warning.,Interactive when manipulation reveals mechanism; otherwise static SVG.,"Describe all mathematically relevant geometry, labels, direction, and state without giving away an intended inference.",/subjects/math/algebra/linear-equations/multiplication-and-division-equations/,static-svg,no,,mandatory deterministic SVG; unchanged on interaction failure,title + visible caption + long description + reading order + non-color cue + keyboard semantics when interactive,grayscale-safe compiled print mapping or verified SVG asset,<50 KB optimized SVG target; interactive route payload remains route-local and within BVLP budgets,"VisualSpec v1 only; no renderer APIs, arbitrary code, raw TikZ, or source LaTeX in public payloads"
A2.4-V1,A2.4,A2,Anchor,Structure highlighting.,Interactive when manipulation reveals mechanism; otherwise static SVG.,"Describe all mathematically relevant geometry, labels, direction, and state without giving away an intended inference.",/subjects/math/algebra/linear-equations/simplifying-before-solving/,static-svg,no,,mandatory deterministic SVG; unchanged on interaction failure,title + visible caption + long description + reading order + non-color cue + keyboard semantics when interactive,grayscale-safe compiled print mapping or verified SVG asset,<50 KB optimized SVG target; interactive route payload remains route-local and within BVLP budgets,"VisualSpec v1 only; no renderer APIs, arbitrary code, raw TikZ, or source LaTeX in public payloads"
A2.4-V2,A2.4,A2,Mechanism,Simplify-then-solve pathway.,Interactive when manipulation reveals mechanism; otherwise static SVG.,"Describe all mathematically relevant geometry, labels, direction, and state without giving away an intended inference.",/subjects/math/algebra/linear-equations/simplifying-before-solving/,static-svg,no,,mandatory deterministic SVG; unchanged on interaction failure,title + visible caption + long description + reading order + non-color cue + keyboard semantics when interactive,grayscale-safe compiled print mapping or verified SVG asset,<50 KB optimized SVG target; interactive route payload remains route-local and within BVLP budgets,"VisualSpec v1 only; no renderer APIs, arbitrary code, raw TikZ, or source LaTeX in public payloads"
A2.4-V3,A2.4,A2,Representation,Invalid partial operation panel.,Interactive when manipulation reveals mechanism; otherwise static SVG.,"Describe all mathematically relevant geometry, labels, direction, and state without giving away an intended inference.",/subjects/math/algebra/linear-equations/simplifying-before-solving/,static-svg,no,,mandatory deterministic SVG; unchanged on interaction failure,title + visible caption + long description + reading order + non-color cue + keyboard semantics when interactive,grayscale-safe compiled print mapping or verified SVG asset,<50 KB optimized SVG target; interactive route payload remains route-local and within BVLP budgets,"VisualSpec v1 only; no renderer APIs, arbitrary code, raw TikZ, or source LaTeX in public payloads"
A2.5-V1,A2.5,A2,Anchor,Reverse-operation flowchart.,Interactive when manipulation reveals mechanism; otherwise static SVG.,"Describe all mathematically relevant geometry, labels, direction, and state without giving away an intended inference.",/subjects/math/algebra/linear-equations/multistep-linear-equations/,static-svg,no,,mandatory deterministic SVG; unchanged on interaction failure,title + visible caption + long description + reading order + non-color cue + keyboard semantics when interactive,grayscale-safe compiled print mapping or verified SVG asset,<50 KB optimized SVG target; interactive route payload remains route-local and within BVLP budgets,"VisualSpec v1 only; no renderer APIs, arbitrary code, raw TikZ, or source LaTeX in public payloads"
A2.5-V2,A2.5,A2,Mechanism,Equivalent-equation ladder.,Interactive when manipulation reveals mechanism; otherwise static SVG.,"Describe all mathematically relevant geometry, labels, direction, and state without giving away an intended inference.",/subjects/math/algebra/linear-equations/multistep-linear-equations/,static-svg,no,,mandatory deterministic SVG; unchanged on interaction failure,title + visible caption + long description + reading order + non-color cue + keyboard semantics when interactive,grayscale-safe compiled print mapping or verified SVG asset,<50 KB optimized SVG target; interactive route payload remains route-local and within BVLP budgets,"VisualSpec v1 only; no renderer APIs, arbitrary code, raw TikZ, or source LaTeX in public payloads"
A2.5-V3,A2.5,A2,Representation,Check overlay.,Interactive when manipulation reveals mechanism; otherwise static SVG.,"Describe all mathematically relevant geometry, labels, direction, and state without giving away an intended inference.",/subjects/math/algebra/linear-equations/multistep-linear-equations/,static-svg,no,,mandatory deterministic SVG; unchanged on interaction failure,title + visible caption + long description + reading order + non-color cue + keyboard semantics when interactive,grayscale-safe compiled print mapping or verified SVG asset,<50 KB optimized SVG target; interactive route payload remains route-local and within BVLP budgets,"VisualSpec v1 only; no renderer APIs, arbitrary code, raw TikZ, or source LaTeX in public payloads"
A2.6-V1,A2.6,A2,Anchor,LCD multiplied across every term.,Interactive when manipulation reveals mechanism; otherwise static SVG.,"Describe all mathematically relevant geometry, labels, direction, and state without giving away an intended inference.",/subjects/math/algebra/linear-equations/equations-with-fractions-and-decimals/,static-svg,no,,mandatory deterministic SVG; unchanged on interaction failure,title + visible caption + long description + reading order + non-color cue + keyboard semantics when interactive,grayscale-safe compiled print mapping or verified SVG asset,<50 KB optimized SVG target; interactive route payload remains route-local and within BVLP budgets,"VisualSpec v1 only; no renderer APIs, arbitrary code, raw TikZ, or source LaTeX in public payloads"
A2.6-V2,A2.6,A2,Mechanism,Decimal-versus-fraction method comparison.,Interactive when manipulation reveals mechanism; otherwise static SVG.,"Describe all mathematically relevant geometry, labels, direction, and state without giving away an intended inference.",/subjects/math/algebra/linear-equations/equations-with-fractions-and-decimals/,static-svg,no,,mandatory deterministic SVG; unchanged on interaction failure,title + visible caption + long description + reading order + non-color cue + keyboard semantics when interactive,grayscale-safe compiled print mapping or verified SVG asset,<50 KB optimized SVG target; interactive route payload remains route-local and within BVLP budgets,"VisualSpec v1 only; no renderer APIs, arbitrary code, raw TikZ, or source LaTeX in public payloads"
A2.6-V3,A2.6,A2,Representation,Missed-term error panel.,Interactive when manipulation reveals mechanism; otherwise static SVG.,"Describe all mathematically relevant geometry, labels, direction, and state without giving away an intended inference.",/subjects/math/algebra/linear-equations/equations-with-fractions-and-decimals/,static-svg,no,,mandatory deterministic SVG; unchanged on interaction failure,title + visible caption + long description + reading order + non-color cue + keyboard semantics when interactive,grayscale-safe compiled print mapping or verified SVG asset,<50 KB optimized SVG target; interactive route payload remains route-local and within BVLP budgets,"VisualSpec v1 only; no renderer APIs, arbitrary code, raw TikZ, or source LaTeX in public payloads"
A2.7-V1,A2.7,A2,Anchor,Variable tiles on both sides.,Interactive when manipulation reveals mechanism; otherwise static SVG.,"Describe all mathematically relevant geometry, labels, direction, and state without giving away an intended inference.",/subjects/math/algebra/linear-equations/variables-on-both-sides/,static-svg,no,,mandatory deterministic SVG; unchanged on interaction failure,title + visible caption + long description + reading order + non-color cue + keyboard semantics when interactive,grayscale-safe compiled print mapping or verified SVG asset,<50 KB optimized SVG target; interactive route payload remains route-local and within BVLP budgets,"VisualSpec v1 only; no renderer APIs, arbitrary code, raw TikZ, or source LaTeX in public payloads"
A2.7-V2,A2.7,A2,Mechanism,Choice-of-side comparison.,Interactive when manipulation reveals mechanism; otherwise static SVG.,"Describe all mathematically relevant geometry, labels, direction, and state without giving away an intended inference.",/subjects/math/algebra/linear-equations/variables-on-both-sides/,static-svg,no,,mandatory deterministic SVG; unchanged on interaction failure,title + visible caption + long description + reading order + non-color cue + keyboard semantics when interactive,grayscale-safe compiled print mapping or verified SVG asset,<50 KB optimized SVG target; interactive route payload remains route-local and within BVLP budgets,"VisualSpec v1 only; no renderer APIs, arbitrary code, raw TikZ, or source LaTeX in public payloads"
A2.7-V3,A2.7,A2,Representation,Coefficient-difference visualization.,Interactive when manipulation reveals mechanism; otherwise static SVG.,"Describe all mathematically relevant geometry, labels, direction, and state without giving away an intended inference.",/subjects/math/algebra/linear-equations/variables-on-both-sides/,static-svg,no,,mandatory deterministic SVG; unchanged on interaction failure,title + visible caption + long description + reading order + non-color cue + keyboard semantics when interactive,grayscale-safe compiled print mapping or verified SVG asset,<50 KB optimized SVG target; interactive route payload remains route-local and within BVLP budgets,"VisualSpec v1 only; no renderer APIs, arbitrary code, raw TikZ, or source LaTeX in public payloads"
A2.8-V1,A2.8,A2,Anchor,Collapse to 0=0 and 0=c.,Interactive when manipulation reveals mechanism; otherwise static SVG.,"Describe all mathematically relevant geometry, labels, direction, and state without giving away an intended inference.",/subjects/math/algebra/linear-equations/one-solution-no-solution-or-infinitely-many/,static-svg,no,,mandatory deterministic SVG; unchanged on interaction failure,title + visible caption + long description + reading order + non-color cue + keyboard semantics when interactive,grayscale-safe compiled print mapping or verified SVG asset,<50 KB optimized SVG target; interactive route payload remains route-local and within BVLP budgets,"VisualSpec v1 only; no renderer APIs, arbitrary code, raw TikZ, or source LaTeX in public payloads"
A2.8-V2,A2.8,A2,Mechanism,Overlapping/parallel line preview.,Interactive when manipulation reveals mechanism; otherwise static SVG.,"Describe all mathematically relevant geometry, labels, direction, and state without giving away an intended inference.",/subjects/math/algebra/linear-equations/one-solution-no-solution-or-infinitely-many/,static-svg,no,,mandatory deterministic SVG; unchanged on interaction failure,title + visible caption + long description + reading order + non-color cue + keyboard semantics when interactive,grayscale-safe compiled print mapping or verified SVG asset,<50 KB optimized SVG target; interactive route payload remains route-local and within BVLP budgets,"VisualSpec v1 only; no renderer APIs, arbitrary code, raw TikZ, or source LaTeX in public payloads"
A2.8-V3,A2.8,A2,Representation,Logical outcome tree.,Interactive when manipulation reveals mechanism; otherwise static SVG.,"Describe all mathematically relevant geometry, labels, direction, and state without giving away an intended inference.",/subjects/math/algebra/linear-equations/one-solution-no-solution-or-infinitely-many/,static-svg,no,,mandatory deterministic SVG; unchanged on interaction failure,title + visible caption + long description + reading order + non-color cue + keyboard semantics when interactive,grayscale-safe compiled print mapping or verified SVG asset,<50 KB optimized SVG target; interactive route payload remains route-local and within BVLP budgets,"VisualSpec v1 only; no renderer APIs, arbitrary code, raw TikZ, or source LaTeX in public payloads"
A2.9-V1,A2.9,A2,Anchor,Words-to-diagram-to-equation pipeline.,Interactive when manipulation reveals mechanism; otherwise static SVG.,"Describe all mathematically relevant geometry, labels, direction, and state without giving away an intended inference.",/subjects/math/algebra/linear-equations/translating-one-variable-models/,static-svg,no,,mandatory deterministic SVG; unchanged on interaction failure,title + visible caption + long description + reading order + non-color cue + keyboard semantics when interactive,grayscale-safe compiled print mapping or verified SVG asset,<50 KB optimized SVG target; interactive route payload remains route-local and within BVLP budgets,"VisualSpec v1 only; no renderer APIs, arbitrary code, raw TikZ, or source LaTeX in public payloads"
A2.9-V2,A2.9,A2,Mechanism,Bar model.,Interactive when manipulation reveals mechanism; otherwise static SVG.,"Describe all mathematically relevant geometry, labels, direction, and state without giving away an intended inference.",/subjects/math/algebra/linear-equations/translating-one-variable-models/,static-svg,no,,mandatory deterministic SVG; unchanged on interaction failure,title + visible caption + long description + reading order + non-color cue + keyboard semantics when interactive,grayscale-safe compiled print mapping or verified SVG asset,<50 KB optimized SVG target; interactive route payload remains route-local and within BVLP budgets,"VisualSpec v1 only; no renderer APIs, arbitrary code, raw TikZ, or source LaTeX in public payloads"
A2.9-V3,A2.9,A2,Representation,Unit annotations.,Interactive when manipulation reveals mechanism; otherwise static SVG.,"Describe all mathematically relevant geometry, labels, direction, and state without giving away an intended inference.",/subjects/math/algebra/linear-equations/translating-one-variable-models/,static-svg,no,,mandatory deterministic SVG; unchanged on interaction failure,title + visible caption + long description + reading order + non-color cue + keyboard semantics when interactive,grayscale-safe compiled print mapping or verified SVG asset,<50 KB optimized SVG target; interactive route payload remains route-local and within BVLP budgets,"VisualSpec v1 only; no renderer APIs, arbitrary code, raw TikZ, or source LaTeX in public payloads"
A2.10-V1,A2.10,A2,Anchor,Equation-family sorter.,Interactive when manipulation reveals mechanism; otherwise static SVG.,"Describe all mathematically relevant geometry, labels, direction, and state without giving away an intended inference.",/subjects/math/algebra/linear-equations/linear-equation-strategy-studio/,static-svg,no,,mandatory deterministic SVG; unchanged on interaction failure,title + visible caption + long description + reading order + non-color cue + keyboard semantics when interactive,grayscale-safe compiled print mapping or verified SVG asset,<50 KB optimized SVG target; interactive route payload remains route-local and within BVLP budgets,"VisualSpec v1 only; no renderer APIs, arbitrary code, raw TikZ, or source LaTeX in public payloads"
A2.10-V2,A2.10,A2,Mechanism,Reversible-step map.,Interactive when manipulation reveals mechanism; otherwise static SVG.,"Describe all mathematically relevant geometry, labels, direction, and state without giving away an intended inference.",/subjects/math/algebra/linear-equations/linear-equation-strategy-studio/,static-svg,no,,mandatory deterministic SVG; unchanged on interaction failure,title + visible caption + long description + reading order + non-color cue + keyboard semantics when interactive,grayscale-safe compiled print mapping or verified SVG asset,<50 KB optimized SVG target; interactive route payload remains route-local and within BVLP budgets,"VisualSpec v1 only; no renderer APIs, arbitrary code, raw TikZ, or source LaTeX in public payloads"
A2.10-V3,A2.10,A2,Representation,Multiple-valid-path comparison.,Interactive when manipulation reveals mechanism; otherwise static SVG.,"Describe all mathematically relevant geometry, labels, direction, and state without giving away an intended inference.",/subjects/math/algebra/linear-equations/linear-equation-strategy-studio/,static-svg,no,,mandatory deterministic SVG; unchanged on interaction failure,title + visible caption + long description + reading order + non-color cue + keyboard semantics when interactive,grayscale-safe compiled print mapping or verified SVG asset,<50 KB optimized SVG target; interactive route payload remains route-local and within BVLP budgets,"VisualSpec v1 only; no renderer APIs, arbitrary code, raw TikZ, or source LaTeX in public payloads"
A3.1-V1,A3.1,A3,Anchor,Candidate points on a number line.,Interactive when manipulation reveals mechanism; otherwise static SVG.,"Describe all mathematically relevant geometry, labels, direction, and state without giving away an intended inference.",/subjects/math/algebra/inequalities-absolute-value/inequalities-and-truth-sets/,static-svg,no,,mandatory deterministic SVG; unchanged on interaction failure,title + visible caption + long description + reading order + non-color cue + keyboard semantics when interactive,grayscale-safe compiled print mapping or verified SVG asset,<50 KB optimized SVG target; interactive route payload remains route-local and within BVLP budgets,"VisualSpec v1 only; no renderer APIs, arbitrary code, raw TikZ, or source LaTeX in public payloads"
A3.1-V2,A3.1,A3,Mechanism,Truth-region shading.,Interactive when manipulation reveals mechanism; otherwise static SVG.,"Describe all mathematically relevant geometry, labels, direction, and state without giving away an intended inference.",/subjects/math/algebra/inequalities-absolute-value/inequalities-and-truth-sets/,static-svg,no,,mandatory deterministic SVG; unchanged on interaction failure,title + visible caption + long description + reading order + non-color cue + keyboard semantics when interactive,grayscale-safe compiled print mapping or verified SVG asset,<50 KB optimized SVG target; interactive route payload remains route-local and within BVLP budgets,"VisualSpec v1 only; no renderer APIs, arbitrary code, raw TikZ, or source LaTeX in public payloads"
A3.1-V3,A3.1,A3,Representation,Equation point versus inequality interval.,Interactive when manipulation reveals mechanism; otherwise static SVG.,"Describe all mathematically relevant geometry, labels, direction, and state without giving away an intended inference.",/subjects/math/algebra/inequalities-absolute-value/inequalities-and-truth-sets/,static-svg,no,,mandatory deterministic SVG; unchanged on interaction failure,title + visible caption + long description + reading order + non-color cue + keyboard semantics when interactive,grayscale-safe compiled print mapping or verified SVG asset,<50 KB optimized SVG target; interactive route payload remains route-local and within BVLP budgets,"VisualSpec v1 only; no renderer APIs, arbitrary code, raw TikZ, or source LaTeX in public payloads"
A3.2-V1,A3.2,A3,Anchor,Parallel equation/inequality strips.,Interactive when manipulation reveals mechanism; otherwise static SVG.,"Describe all mathematically relevant geometry, labels, direction, and state without giving away an intended inference.",/subjects/math/algebra/inequalities-absolute-value/solving-linear-inequalities/,static-svg,no,,mandatory deterministic SVG; unchanged on interaction failure,title + visible caption + long description + reading order + non-color cue + keyboard semantics when interactive,grayscale-safe compiled print mapping or verified SVG asset,<50 KB optimized SVG target; interactive route payload remains route-local and within BVLP budgets,"VisualSpec v1 only; no renderer APIs, arbitrary code, raw TikZ, or source LaTeX in public payloads"
A3.2-V2,A3.2,A3,Mechanism,Boundary movement.,Interactive when manipulation reveals mechanism; otherwise static SVG.,"Describe all mathematically relevant geometry, labels, direction, and state without giving away an intended inference.",/subjects/math/algebra/inequalities-absolute-value/solving-linear-inequalities/,static-svg,no,,mandatory deterministic SVG; unchanged on interaction failure,title + visible caption + long description + reading order + non-color cue + keyboard semantics when interactive,grayscale-safe compiled print mapping or verified SVG asset,<50 KB optimized SVG target; interactive route payload remains route-local and within BVLP budgets,"VisualSpec v1 only; no renderer APIs, arbitrary code, raw TikZ, or source LaTeX in public payloads"
A3.2-V3,A3.2,A3,Representation,Test-point verification.,Interactive when manipulation reveals mechanism; otherwise static SVG.,"Describe all mathematically relevant geometry, labels, direction, and state without giving away an intended inference.",/subjects/math/algebra/inequalities-absolute-value/solving-linear-inequalities/,static-svg,no,,mandatory deterministic SVG; unchanged on interaction failure,title + visible caption + long description + reading order + non-color cue + keyboard semantics when interactive,grayscale-safe compiled print mapping or verified SVG asset,<50 KB optimized SVG target; interactive route payload remains route-local and within BVLP budgets,"VisualSpec v1 only; no renderer APIs, arbitrary code, raw TikZ, or source LaTeX in public payloads"
A3.3-V1,A3.3,A3,Anchor,Number-line reflection.,Interactive when manipulation reveals mechanism; otherwise static SVG.,"Describe all mathematically relevant geometry, labels, direction, and state without giving away an intended inference.",/subjects/math/algebra/inequalities-absolute-value/why-negative-scaling-reverses-order/,static-svg,no,,mandatory deterministic SVG; unchanged on interaction failure,title + visible caption + long description + reading order + non-color cue + keyboard semantics when interactive,grayscale-safe compiled print mapping or verified SVG asset,<50 KB optimized SVG target; interactive route payload remains route-local and within BVLP budgets,"VisualSpec v1 only; no renderer APIs, arbitrary code, raw TikZ, or source LaTeX in public payloads"
A3.3-V2,A3.3,A3,Mechanism,Scaled comparison pairs.,Interactive when manipulation reveals mechanism; otherwise static SVG.,"Describe all mathematically relevant geometry, labels, direction, and state without giving away an intended inference.",/subjects/math/algebra/inequalities-absolute-value/why-negative-scaling-reverses-order/,static-svg,no,,mandatory deterministic SVG; unchanged on interaction failure,title + visible caption + long description + reading order + non-color cue + keyboard semantics when interactive,grayscale-safe compiled print mapping or verified SVG asset,<50 KB optimized SVG target; interactive route payload remains route-local and within BVLP budgets,"VisualSpec v1 only; no renderer APIs, arbitrary code, raw TikZ, or source LaTeX in public payloads"
A3.3-V3,A3.3,A3,Representation,Invalid unreversed solution panel.,Interactive when manipulation reveals mechanism; otherwise static SVG.,"Describe all mathematically relevant geometry, labels, direction, and state without giving away an intended inference.",/subjects/math/algebra/inequalities-absolute-value/why-negative-scaling-reverses-order/,static-svg,no,,mandatory deterministic SVG; unchanged on interaction failure,title + visible caption + long description + reading order + non-color cue + keyboard semantics when interactive,grayscale-safe compiled print mapping or verified SVG asset,<50 KB optimized SVG target; interactive route payload remains route-local and within BVLP budgets,"VisualSpec v1 only; no renderer APIs, arbitrary code, raw TikZ, or source LaTeX in public payloads"
A3.4-V1,A3.4,A3,Anchor,Open/closed endpoint controls.,Interactive when manipulation reveals mechanism; otherwise static SVG.,"Describe all mathematically relevant geometry, labels, direction, and state without giving away an intended inference.",/subjects/math/algebra/inequalities-absolute-value/interval-notation-and-endpoint-meaning/,static-svg,no,,mandatory deterministic SVG; unchanged on interaction failure,title + visible caption + long description + reading order + non-color cue + keyboard semantics when interactive,grayscale-safe compiled print mapping or verified SVG asset,<50 KB optimized SVG target; interactive route payload remains route-local and within BVLP budgets,"VisualSpec v1 only; no renderer APIs, arbitrary code, raw TikZ, or source LaTeX in public payloads"
A3.4-V2,A3.4,A3,Mechanism,Three-representation strip.,Interactive when manipulation reveals mechanism; otherwise static SVG.,"Describe all mathematically relevant geometry, labels, direction, and state without giving away an intended inference.",/subjects/math/algebra/inequalities-absolute-value/interval-notation-and-endpoint-meaning/,static-svg,no,,mandatory deterministic SVG; unchanged on interaction failure,title + visible caption + long description + reading order + non-color cue + keyboard semantics when interactive,grayscale-safe compiled print mapping or verified SVG asset,<50 KB optimized SVG target; interactive route payload remains route-local and within BVLP budgets,"VisualSpec v1 only; no renderer APIs, arbitrary code, raw TikZ, or source LaTeX in public payloads"
A3.4-V3,A3.4,A3,Representation,Infinity-bracket warning.,Interactive when manipulation reveals mechanism; otherwise static SVG.,"Describe all mathematically relevant geometry, labels, direction, and state without giving away an intended inference.",/subjects/math/algebra/inequalities-absolute-value/interval-notation-and-endpoint-meaning/,static-svg,no,,mandatory deterministic SVG; unchanged on interaction failure,title + visible caption + long description + reading order + non-color cue + keyboard semantics when interactive,grayscale-safe compiled print mapping or verified SVG asset,<50 KB optimized SVG target; interactive route payload remains route-local and within BVLP budgets,"VisualSpec v1 only; no renderer APIs, arbitrary code, raw TikZ, or source LaTeX in public payloads"
A3.5-V1,A3.5,A3,Anchor,Layered interval intersection.,Interactive when manipulation reveals mechanism; otherwise static SVG.,"Describe all mathematically relevant geometry, labels, direction, and state without giving away an intended inference.",/subjects/math/algebra/inequalities-absolute-value/compound-inequalities/,static-svg,no,,mandatory deterministic SVG; unchanged on interaction failure,title + visible caption + long description + reading order + non-color cue + keyboard semantics when interactive,grayscale-safe compiled print mapping or verified SVG asset,<50 KB optimized SVG target; interactive route payload remains route-local and within BVLP budgets,"VisualSpec v1 only; no renderer APIs, arbitrary code, raw TikZ, or source LaTeX in public payloads"
A3.5-V2,A3.5,A3,Mechanism,Union merge.,Interactive when manipulation reveals mechanism; otherwise static SVG.,"Describe all mathematically relevant geometry, labels, direction, and state without giving away an intended inference.",/subjects/math/algebra/inequalities-absolute-value/compound-inequalities/,static-svg,no,,mandatory deterministic SVG; unchanged on interaction failure,title + visible caption + long description + reading order + non-color cue + keyboard semantics when interactive,grayscale-safe compiled print mapping or verified SVG asset,<50 KB optimized SVG target; interactive route payload remains route-local and within BVLP budgets,"VisualSpec v1 only; no renderer APIs, arbitrary code, raw TikZ, or source LaTeX in public payloads"
A3.5-V3,A3.5,A3,Representation,And/or logic diagram.,Interactive when manipulation reveals mechanism; otherwise static SVG.,"Describe all mathematically relevant geometry, labels, direction, and state without giving away an intended inference.",/subjects/math/algebra/inequalities-absolute-value/compound-inequalities/,static-svg,no,,mandatory deterministic SVG; unchanged on interaction failure,title + visible caption + long description + reading order + non-color cue + keyboard semantics when interactive,grayscale-safe compiled print mapping or verified SVG asset,<50 KB optimized SVG target; interactive route payload remains route-local and within BVLP budgets,"VisualSpec v1 only; no renderer APIs, arbitrary code, raw TikZ, or source LaTeX in public payloads"
A3.6-V1,A3.6,A3,Anchor,Draggable point and center.,Interactive when manipulation reveals mechanism; otherwise static SVG.,"Describe all mathematically relevant geometry, labels, direction, and state without giving away an intended inference.",/subjects/math/algebra/inequalities-absolute-value/absolute-value-as-distance/,bettergrades-interactive-2d,yes,bounded-drag; reset,mandatory deterministic SVG; unchanged on interaction failure,title + visible caption + long description + reading order + non-color cue + keyboard semantics when interactive,grayscale-safe compiled print mapping or verified SVG asset,<50 KB optimized SVG target; interactive route payload remains route-local and within BVLP budgets,"VisualSpec v1 only; no renderer APIs, arbitrary code, raw TikZ, or source LaTeX in public payloads"
A3.6-V2,A3.6,A3,Mechanism,Equal-distance pair.,Interactive when manipulation reveals mechanism; otherwise static SVG.,"Describe all mathematically relevant geometry, labels, direction, and state without giving away an intended inference.",/subjects/math/algebra/inequalities-absolute-value/absolute-value-as-distance/,static-svg,no,,mandatory deterministic SVG; unchanged on interaction failure,title + visible caption + long description + reading order + non-color cue + keyboard semantics when interactive,grayscale-safe compiled print mapping or verified SVG asset,<50 KB optimized SVG target; interactive route payload remains route-local and within BVLP budgets,"VisualSpec v1 only; no renderer APIs, arbitrary code, raw TikZ, or source LaTeX in public payloads"
A3.6-V3,A3.6,A3,Representation,Radius interval.,Interactive when manipulation reveals mechanism; otherwise static SVG.,"Describe all mathematically relevant geometry, labels, direction, and state without giving away an intended inference.",/subjects/math/algebra/inequalities-absolute-value/absolute-value-as-distance/,static-svg,no,,mandatory deterministic SVG; unchanged on interaction failure,title + visible caption + long description + reading order + non-color cue + keyboard semantics when interactive,grayscale-safe compiled print mapping or verified SVG asset,<50 KB optimized SVG target; interactive route payload remains route-local and within BVLP budgets,"VisualSpec v1 only; no renderer APIs, arbitrary code, raw TikZ, or source LaTeX in public payloads"
A3.7-V1,A3.7,A3,Anchor,Distance circle collapsed to a number line.,Interactive when manipulation reveals mechanism; otherwise static SVG.,"Describe all mathematically relevant geometry, labels, direction, and state without giving away an intended inference.",/subjects/math/algebra/inequalities-absolute-value/absolute-value-equations-and-inequalities/,static-svg,no,,mandatory deterministic SVG; unchanged on interaction failure,title + visible caption + long description + reading order + non-color cue + keyboard semantics when interactive,grayscale-safe compiled print mapping or verified SVG asset,<50 KB optimized SVG target; interactive route payload remains route-local and within BVLP budgets,"VisualSpec v1 only; no renderer APIs, arbitrary code, raw TikZ, or source LaTeX in public payloads"
A3.7-V2,A3.7,A3,Mechanism,Inside/outside regions.,Interactive when manipulation reveals mechanism; otherwise static SVG.,"Describe all mathematically relevant geometry, labels, direction, and state without giving away an intended inference.",/subjects/math/algebra/inequalities-absolute-value/absolute-value-equations-and-inequalities/,static-svg,no,,mandatory deterministic SVG; unchanged on interaction failure,title + visible caption + long description + reading order + non-color cue + keyboard semantics when interactive,grayscale-safe compiled print mapping or verified SVG asset,<50 KB optimized SVG target; interactive route payload remains route-local and within BVLP budgets,"VisualSpec v1 only; no renderer APIs, arbitrary code, raw TikZ, or source LaTeX in public payloads"
A3.7-V3,A3.7,A3,Representation,False one-branch comparison.,Interactive when manipulation reveals mechanism; otherwise static SVG.,"Describe all mathematically relevant geometry, labels, direction, and state without giving away an intended inference.",/subjects/math/algebra/inequalities-absolute-value/absolute-value-equations-and-inequalities/,static-svg,no,,mandatory deterministic SVG; unchanged on interaction failure,title + visible caption + long description + reading order + non-color cue + keyboard semantics when interactive,grayscale-safe compiled print mapping or verified SVG asset,<50 KB optimized SVG target; interactive route payload remains route-local and within BVLP budgets,"VisualSpec v1 only; no renderer APIs, arbitrary code, raw TikZ, or source LaTeX in public payloads"
A3.8-V1,A3.8,A3,Anchor,Formula balance.,Interactive when manipulation reveals mechanism; otherwise static SVG.,"Describe all mathematically relevant geometry, labels, direction, and state without giving away an intended inference.",/subjects/math/algebra/inequalities-absolute-value/literal-equations-and-formulas/,static-svg,no,,mandatory deterministic SVG; unchanged on interaction failure,title + visible caption + long description + reading order + non-color cue + keyboard semantics when interactive,grayscale-safe compiled print mapping or verified SVG asset,<50 KB optimized SVG target; interactive route payload remains route-local and within BVLP budgets,"VisualSpec v1 only; no renderer APIs, arbitrary code, raw TikZ, or source LaTeX in public payloads"
A3.8-V2,A3.8,A3,Mechanism,Variable-isolation path.,Interactive when manipulation reveals mechanism; otherwise static SVG.,"Describe all mathematically relevant geometry, labels, direction, and state without giving away an intended inference.",/subjects/math/algebra/inequalities-absolute-value/literal-equations-and-formulas/,static-svg,no,,mandatory deterministic SVG; unchanged on interaction failure,title + visible caption + long description + reading order + non-color cue + keyboard semantics when interactive,grayscale-safe compiled print mapping or verified SVG asset,<50 KB optimized SVG target; interactive route payload remains route-local and within BVLP budgets,"VisualSpec v1 only; no renderer APIs, arbitrary code, raw TikZ, or source LaTeX in public payloads"
A3.8-V3,A3.8,A3,Representation,Units before and after rearrangement.,Interactive when manipulation reveals mechanism; otherwise static SVG.,"Describe all mathematically relevant geometry, labels, direction, and state without giving away an intended inference.",/subjects/math/algebra/inequalities-absolute-value/literal-equations-and-formulas/,static-svg,no,,mandatory deterministic SVG; unchanged on interaction failure,title + visible caption + long description + reading order + non-color cue + keyboard semantics when interactive,grayscale-safe compiled print mapping or verified SVG asset,<50 KB optimized SVG target; interactive route payload remains route-local and within BVLP budgets,"VisualSpec v1 only; no renderer APIs, arbitrary code, raw TikZ, or source LaTeX in public payloads"
A4.1-V1,A4.1,A4,Anchor,Ratio tape diagrams.,Interactive when manipulation reveals mechanism; otherwise static SVG.,"Describe all mathematically relevant geometry, labels, direction, and state without giving away an intended inference.",/subjects/math/algebra/linear-relationships/ratios-and-equivalent-ratios/,static-svg,no,,mandatory deterministic SVG; unchanged on interaction failure,title + visible caption + long description + reading order + non-color cue + keyboard semantics when interactive,grayscale-safe compiled print mapping or verified SVG asset,<50 KB optimized SVG target; interactive route payload remains route-local and within BVLP budgets,"VisualSpec v1 only; no renderer APIs, arbitrary code, raw TikZ, or source LaTeX in public payloads"
A4.1-V2,A4.1,A4,Mechanism,Equivalent-ratio table.,Interactive when manipulation reveals mechanism; otherwise static SVG.,"Describe all mathematically relevant geometry, labels, direction, and state without giving away an intended inference.",/subjects/math/algebra/linear-relationships/ratios-and-equivalent-ratios/,static-svg,no,,mandatory deterministic SVG; unchanged on interaction failure,title + visible caption + long description + reading order + non-color cue + keyboard semantics when interactive,grayscale-safe compiled print mapping or verified SVG asset,<50 KB optimized SVG target; interactive route payload remains route-local and within BVLP budgets,"VisualSpec v1 only; no renderer APIs, arbitrary code, raw TikZ, or source LaTeX in public payloads"
A4.1-V3,A4.1,A4,Representation,Reversed-ratio contrast.,Interactive when manipulation reveals mechanism; otherwise static SVG.,"Describe all mathematically relevant geometry, labels, direction, and state without giving away an intended inference.",/subjects/math/algebra/linear-relationships/ratios-and-equivalent-ratios/,static-svg,no,,mandatory deterministic SVG; unchanged on interaction failure,title + visible caption + long description + reading order + non-color cue + keyboard semantics when interactive,grayscale-safe compiled print mapping or verified SVG asset,<50 KB optimized SVG target; interactive route payload remains route-local and within BVLP budgets,"VisualSpec v1 only; no renderer APIs, arbitrary code, raw TikZ, or source LaTeX in public payloads"
A4.2-V1,A4.2,A4,Anchor,Double number line.,Interactive when manipulation reveals mechanism; otherwise static SVG.,"Describe all mathematically relevant geometry, labels, direction, and state without giving away an intended inference.",/subjects/math/algebra/linear-relationships/unit-rates/,static-svg,no,,mandatory deterministic SVG; unchanged on interaction failure,title + visible caption + long description + reading order + non-color cue + keyboard semantics when interactive,grayscale-safe compiled print mapping or verified SVG asset,<50 KB optimized SVG target; interactive route payload remains route-local and within BVLP budgets,"VisualSpec v1 only; no renderer APIs, arbitrary code, raw TikZ, or source LaTeX in public payloads"
A4.2-V2,A4.2,A4,Mechanism,Unit-rate bar.,Interactive when manipulation reveals mechanism; otherwise static SVG.,"Describe all mathematically relevant geometry, labels, direction, and state without giving away an intended inference.",/subjects/math/algebra/linear-relationships/unit-rates/,static-svg,no,,mandatory deterministic SVG; unchanged on interaction failure,title + visible caption + long description + reading order + non-color cue + keyboard semantics when interactive,grayscale-safe compiled print mapping or verified SVG asset,<50 KB optimized SVG target; interactive route payload remains route-local and within BVLP budgets,"VisualSpec v1 only; no renderer APIs, arbitrary code, raw TikZ, or source LaTeX in public payloads"
A4.2-V3,A4.2,A4,Representation,Mixed-unit comparison.,Interactive when manipulation reveals mechanism; otherwise static SVG.,"Describe all mathematically relevant geometry, labels, direction, and state without giving away an intended inference.",/subjects/math/algebra/linear-relationships/unit-rates/,static-svg,no,,mandatory deterministic SVG; unchanged on interaction failure,title + visible caption + long description + reading order + non-color cue + keyboard semantics when interactive,grayscale-safe compiled print mapping or verified SVG asset,<50 KB optimized SVG target; interactive route payload remains route-local and within BVLP budgets,"VisualSpec v1 only; no renderer APIs, arbitrary code, raw TikZ, or source LaTeX in public payloads"
A4.3-V1,A4.3,A4,Anchor,Origin-passing line linked to ratio table.,Interactive when manipulation reveals mechanism; otherwise static SVG.,"Describe all mathematically relevant geometry, labels, direction, and state without giving away an intended inference.",/subjects/math/algebra/linear-relationships/proportional-relationships/,static-svg,no,,mandatory deterministic SVG; unchanged on interaction failure,title + visible caption + long description + reading order + non-color cue + keyboard semantics when interactive,grayscale-safe compiled print mapping or verified SVG asset,<50 KB optimized SVG target; interactive route payload remains route-local and within BVLP budgets,"VisualSpec v1 only; no renderer APIs, arbitrary code, raw TikZ, or source LaTeX in public payloads"
A4.3-V2,A4.3,A4,Mechanism,Constant-k tracker.,Interactive when manipulation reveals mechanism; otherwise static SVG.,"Describe all mathematically relevant geometry, labels, direction, and state without giving away an intended inference.",/subjects/math/algebra/linear-relationships/proportional-relationships/,static-svg,no,,mandatory deterministic SVG; unchanged on interaction failure,title + visible caption + long description + reading order + non-color cue + keyboard semantics when interactive,grayscale-safe compiled print mapping or verified SVG asset,<50 KB optimized SVG target; interactive route payload remains route-local and within BVLP budgets,"VisualSpec v1 only; no renderer APIs, arbitrary code, raw TikZ, or source LaTeX in public payloads"
A4.3-V3,A4.3,A4,Representation,Nonproportional contrast.,Interactive when manipulation reveals mechanism; otherwise static SVG.,"Describe all mathematically relevant geometry, labels, direction, and state without giving away an intended inference.",/subjects/math/algebra/linear-relationships/proportional-relationships/,static-svg,no,,mandatory deterministic SVG; unchanged on interaction failure,title + visible caption + long description + reading order + non-color cue + keyboard semantics when interactive,grayscale-safe compiled print mapping or verified SVG asset,<50 KB optimized SVG target; interactive route payload remains route-local and within BVLP budgets,"VisualSpec v1 only; no renderer APIs, arbitrary code, raw TikZ, or source LaTeX in public payloads"
A4.4-V1,A4.4,A4,Anchor,Percent multiplier machine.,Interactive when manipulation reveals mechanism; otherwise static SVG.,"Describe all mathematically relevant geometry, labels, direction, and state without giving away an intended inference.",/subjects/math/algebra/linear-relationships/percent-as-a-multiplier/,static-svg,no,,mandatory deterministic SVG; unchanged on interaction failure,title + visible caption + long description + reading order + non-color cue + keyboard semantics when interactive,grayscale-safe compiled print mapping or verified SVG asset,<50 KB optimized SVG target; interactive route payload remains route-local and within BVLP budgets,"VisualSpec v1 only; no renderer APIs, arbitrary code, raw TikZ, or source LaTeX in public payloads"
A4.4-V2,A4.4,A4,Mechanism,Before-after bars.,Interactive when manipulation reveals mechanism; otherwise static SVG.,"Describe all mathematically relevant geometry, labels, direction, and state without giving away an intended inference.",/subjects/math/algebra/linear-relationships/percent-as-a-multiplier/,static-svg,no,,mandatory deterministic SVG; unchanged on interaction failure,title + visible caption + long description + reading order + non-color cue + keyboard semantics when interactive,grayscale-safe compiled print mapping or verified SVG asset,<50 KB optimized SVG target; interactive route payload remains route-local and within BVLP budgets,"VisualSpec v1 only; no renderer APIs, arbitrary code, raw TikZ, or source LaTeX in public payloads"
A4.4-V3,A4.4,A4,Representation,Repeated-versus-single change comparison.,Interactive when manipulation reveals mechanism; otherwise static SVG.,"Describe all mathematically relevant geometry, labels, direction, and state without giving away an intended inference.",/subjects/math/algebra/linear-relationships/percent-as-a-multiplier/,static-svg,no,,mandatory deterministic SVG; unchanged on interaction failure,title + visible caption + long description + reading order + non-color cue + keyboard semantics when interactive,grayscale-safe compiled print mapping or verified SVG asset,<50 KB optimized SVG target; interactive route payload remains route-local and within BVLP budgets,"VisualSpec v1 only; no renderer APIs, arbitrary code, raw TikZ, or source LaTeX in public payloads"
A4.5-V1,A4.5,A4,Anchor,Point-table-equation linkage.,Interactive when manipulation reveals mechanism; otherwise static SVG.,"Describe all mathematically relevant geometry, labels, direction, and state without giving away an intended inference.",/subjects/math/algebra/linear-relationships/coordinate-plane-and-equation-solutions/,static-svg,no,,mandatory deterministic SVG; unchanged on interaction failure,title + visible caption + long description + reading order + non-color cue + keyboard semantics when interactive,grayscale-safe compiled print mapping or verified SVG asset,<50 KB optimized SVG target; interactive route payload remains route-local and within BVLP budgets,"VisualSpec v1 only; no renderer APIs, arbitrary code, raw TikZ, or source LaTeX in public payloads"
A4.5-V2,A4.5,A4,Mechanism,Coordinate locator.,Interactive when manipulation reveals mechanism; otherwise static SVG.,"Describe all mathematically relevant geometry, labels, direction, and state without giving away an intended inference.",/subjects/math/algebra/linear-relationships/coordinate-plane-and-equation-solutions/,static-svg,no,,mandatory deterministic SVG; unchanged on interaction failure,title + visible caption + long description + reading order + non-color cue + keyboard semantics when interactive,grayscale-safe compiled print mapping or verified SVG asset,<50 KB optimized SVG target; interactive route payload remains route-local and within BVLP budgets,"VisualSpec v1 only; no renderer APIs, arbitrary code, raw TikZ, or source LaTeX in public payloads"
A4.5-V3,A4.5,A4,Representation,Solution/non-solution points.,Interactive when manipulation reveals mechanism; otherwise static SVG.,"Describe all mathematically relevant geometry, labels, direction, and state without giving away an intended inference.",/subjects/math/algebra/linear-relationships/coordinate-plane-and-equation-solutions/,static-svg,no,,mandatory deterministic SVG; unchanged on interaction failure,title + visible caption + long description + reading order + non-color cue + keyboard semantics when interactive,grayscale-safe compiled print mapping or verified SVG asset,<50 KB optimized SVG target; interactive route payload remains route-local and within BVLP budgets,"VisualSpec v1 only; no renderer APIs, arbitrary code, raw TikZ, or source LaTeX in public payloads"
A4.6-V1,A4.6,A4,Anchor,Context-labeled axis crossings.,Interactive when manipulation reveals mechanism; otherwise static SVG.,"Describe all mathematically relevant geometry, labels, direction, and state without giving away an intended inference.",/subjects/math/algebra/linear-relationships/intercepts/,static-svg,no,,mandatory deterministic SVG; unchanged on interaction failure,title + visible caption + long description + reading order + non-color cue + keyboard semantics when interactive,grayscale-safe compiled print mapping or verified SVG asset,<50 KB optimized SVG target; interactive route payload remains route-local and within BVLP budgets,"VisualSpec v1 only; no renderer APIs, arbitrary code, raw TikZ, or source LaTeX in public payloads"
A4.6-V2,A4.6,A4,Mechanism,Intercept calculation.,Interactive when manipulation reveals mechanism; otherwise static SVG.,"Describe all mathematically relevant geometry, labels, direction, and state without giving away an intended inference.",/subjects/math/algebra/linear-relationships/intercepts/,static-svg,no,,mandatory deterministic SVG; unchanged on interaction failure,title + visible caption + long description + reading order + non-color cue + keyboard semantics when interactive,grayscale-safe compiled print mapping or verified SVG asset,<50 KB optimized SVG target; interactive route payload remains route-local and within BVLP budgets,"VisualSpec v1 only; no renderer APIs, arbitrary code, raw TikZ, or source LaTeX in public payloads"
A4.6-V3,A4.6,A4,Representation,Out-of-domain intercept warning.,Interactive when manipulation reveals mechanism; otherwise static SVG.,"Describe all mathematically relevant geometry, labels, direction, and state without giving away an intended inference.",/subjects/math/algebra/linear-relationships/intercepts/,static-svg,no,,mandatory deterministic SVG; unchanged on interaction failure,title + visible caption + long description + reading order + non-color cue + keyboard semantics when interactive,grayscale-safe compiled print mapping or verified SVG asset,<50 KB optimized SVG target; interactive route payload remains route-local and within BVLP budgets,"VisualSpec v1 only; no renderer APIs, arbitrary code, raw TikZ, or source LaTeX in public payloads"
A4.7-V1,A4.7,A4,Anchor,Draggable slope triangle.,Interactive when manipulation reveals mechanism; otherwise static SVG.,"Describe all mathematically relevant geometry, labels, direction, and state without giving away an intended inference.",/subjects/math/algebra/linear-relationships/slope-from-graphs-and-tables/,bettergrades-interactive-2d,yes,bounded-drag; reset,mandatory deterministic SVG; unchanged on interaction failure,title + visible caption + long description + reading order + non-color cue + keyboard semantics when interactive,grayscale-safe compiled print mapping or verified SVG asset,<50 KB optimized SVG target; interactive route payload remains route-local and within BVLP budgets,"VisualSpec v1 only; no renderer APIs, arbitrary code, raw TikZ, or source LaTeX in public payloads"
A4.7-V2,A4.7,A4,Mechanism,First-difference table.,Interactive when manipulation reveals mechanism; otherwise static SVG.,"Describe all mathematically relevant geometry, labels, direction, and state without giving away an intended inference.",/subjects/math/algebra/linear-relationships/slope-from-graphs-and-tables/,static-svg,no,,mandatory deterministic SVG; unchanged on interaction failure,title + visible caption + long description + reading order + non-color cue + keyboard semantics when interactive,grayscale-safe compiled print mapping or verified SVG asset,<50 KB optimized SVG target; interactive route payload remains route-local and within BVLP budgets,"VisualSpec v1 only; no renderer APIs, arbitrary code, raw TikZ, or source LaTeX in public payloads"
A4.7-V3,A4.7,A4,Representation,Unit-labeled rise/run.,Interactive when manipulation reveals mechanism; otherwise static SVG.,"Describe all mathematically relevant geometry, labels, direction, and state without giving away an intended inference.",/subjects/math/algebra/linear-relationships/slope-from-graphs-and-tables/,static-svg,no,,mandatory deterministic SVG; unchanged on interaction failure,title + visible caption + long description + reading order + non-color cue + keyboard semantics when interactive,grayscale-safe compiled print mapping or verified SVG asset,<50 KB optimized SVG target; interactive route payload remains route-local and within BVLP budgets,"VisualSpec v1 only; no renderer APIs, arbitrary code, raw TikZ, or source LaTeX in public payloads"
A4.8-V1,A4.8,A4,Anchor,Two-point secant triangle.,Interactive when manipulation reveals mechanism; otherwise static SVG.,"Describe all mathematically relevant geometry, labels, direction, and state without giving away an intended inference.",/subjects/math/algebra/linear-relationships/slope-from-two-points/,static-svg,no,,mandatory deterministic SVG; unchanged on interaction failure,title + visible caption + long description + reading order + non-color cue + keyboard semantics when interactive,grayscale-safe compiled print mapping or verified SVG asset,<50 KB optimized SVG target; interactive route payload remains route-local and within BVLP budgets,"VisualSpec v1 only; no renderer APIs, arbitrary code, raw TikZ, or source LaTeX in public payloads"
A4.8-V2,A4.8,A4,Mechanism,Order tracker.,Interactive when manipulation reveals mechanism; otherwise static SVG.,"Describe all mathematically relevant geometry, labels, direction, and state without giving away an intended inference.",/subjects/math/algebra/linear-relationships/slope-from-two-points/,static-svg,no,,mandatory deterministic SVG; unchanged on interaction failure,title + visible caption + long description + reading order + non-color cue + keyboard semantics when interactive,grayscale-safe compiled print mapping or verified SVG asset,<50 KB optimized SVG target; interactive route payload remains route-local and within BVLP budgets,"VisualSpec v1 only; no renderer APIs, arbitrary code, raw TikZ, or source LaTeX in public payloads"
A4.8-V3,A4.8,A4,Representation,Vertical-line special case.,Interactive when manipulation reveals mechanism; otherwise static SVG.,"Describe all mathematically relevant geometry, labels, direction, and state without giving away an intended inference.",/subjects/math/algebra/linear-relationships/slope-from-two-points/,static-svg,no,,mandatory deterministic SVG; unchanged on interaction failure,title + visible caption + long description + reading order + non-color cue + keyboard semantics when interactive,grayscale-safe compiled print mapping or verified SVG asset,<50 KB optimized SVG target; interactive route payload remains route-local and within BVLP budgets,"VisualSpec v1 only; no renderer APIs, arbitrary code, raw TikZ, or source LaTeX in public payloads"
A4.9-V1,A4.9,A4,Anchor,Same line in three forms.,Interactive when manipulation reveals mechanism; otherwise static SVG.,"Describe all mathematically relevant geometry, labels, direction, and state without giving away an intended inference.",/subjects/math/algebra/linear-relationships/equations-of-lines/,static-svg,no,,mandatory deterministic SVG; unchanged on interaction failure,title + visible caption + long description + reading order + non-color cue + keyboard semantics when interactive,grayscale-safe compiled print mapping or verified SVG asset,<50 KB optimized SVG target; interactive route payload remains route-local and within BVLP budgets,"VisualSpec v1 only; no renderer APIs, arbitrary code, raw TikZ, or source LaTeX in public payloads"
A4.9-V2,A4.9,A4,Mechanism,Information exposed by each form.,Interactive when manipulation reveals mechanism; otherwise static SVG.,"Describe all mathematically relevant geometry, labels, direction, and state without giving away an intended inference.",/subjects/math/algebra/linear-relationships/equations-of-lines/,static-svg,no,,mandatory deterministic SVG; unchanged on interaction failure,title + visible caption + long description + reading order + non-color cue + keyboard semantics when interactive,grayscale-safe compiled print mapping or verified SVG asset,<50 KB optimized SVG target; interactive route payload remains route-local and within BVLP budgets,"VisualSpec v1 only; no renderer APIs, arbitrary code, raw TikZ, or source LaTeX in public payloads"
A4.9-V3,A4.9,A4,Representation,Conversion pathway.,Interactive when manipulation reveals mechanism; otherwise static SVG.,"Describe all mathematically relevant geometry, labels, direction, and state without giving away an intended inference.",/subjects/math/algebra/linear-relationships/equations-of-lines/,static-svg,no,,mandatory deterministic SVG; unchanged on interaction failure,title + visible caption + long description + reading order + non-color cue + keyboard semantics when interactive,grayscale-safe compiled print mapping or verified SVG asset,<50 KB optimized SVG target; interactive route payload remains route-local and within BVLP budgets,"VisualSpec v1 only; no renderer APIs, arbitrary code, raw TikZ, or source LaTeX in public payloads"
A4.10-V1,A4.10,A4,Anchor,Movable parallel line.,Interactive when manipulation reveals mechanism; otherwise static SVG.,"Describe all mathematically relevant geometry, labels, direction, and state without giving away an intended inference.",/subjects/math/algebra/linear-relationships/parallel-and-perpendicular-lines/,bettergrades-interactive-2d,yes,bounded-drag; reset,mandatory deterministic SVG; unchanged on interaction failure,title + visible caption + long description + reading order + non-color cue + keyboard semantics when interactive,grayscale-safe compiled print mapping or verified SVG asset,<50 KB optimized SVG target; interactive route payload remains route-local and within BVLP budgets,"VisualSpec v1 only; no renderer APIs, arbitrary code, raw TikZ, or source LaTeX in public payloads"
A4.10-V2,A4.10,A4,Mechanism,Right-angle slope triangles.,Interactive when manipulation reveals mechanism; otherwise static SVG.,"Describe all mathematically relevant geometry, labels, direction, and state without giving away an intended inference.",/subjects/math/algebra/linear-relationships/parallel-and-perpendicular-lines/,static-svg,no,,mandatory deterministic SVG; unchanged on interaction failure,title + visible caption + long description + reading order + non-color cue + keyboard semantics when interactive,grayscale-safe compiled print mapping or verified SVG asset,<50 KB optimized SVG target; interactive route payload remains route-local and within BVLP budgets,"VisualSpec v1 only; no renderer APIs, arbitrary code, raw TikZ, or source LaTeX in public payloads"
A4.10-V3,A4.10,A4,Representation,Horizontal/vertical special case.,Interactive when manipulation reveals mechanism; otherwise static SVG.,"Describe all mathematically relevant geometry, labels, direction, and state without giving away an intended inference.",/subjects/math/algebra/linear-relationships/parallel-and-perpendicular-lines/,static-svg,no,,mandatory deterministic SVG; unchanged on interaction failure,title + visible caption + long description + reading order + non-color cue + keyboard semantics when interactive,grayscale-safe compiled print mapping or verified SVG asset,<50 KB optimized SVG target; interactive route payload remains route-local and within BVLP budgets,"VisualSpec v1 only; no renderer APIs, arbitrary code, raw TikZ, or source LaTeX in public payloads"
A4.11-V1,A4.11,A4,Anchor,Scatterplot with fitted line.,Interactive when manipulation reveals mechanism; otherwise static SVG.,"Describe all mathematically relevant geometry, labels, direction, and state without giving away an intended inference.",/subjects/math/algebra/linear-relationships/linear-models-fit-and-residuals/,static-svg,no,,mandatory deterministic SVG; unchanged on interaction failure,title + visible caption + long description + reading order + non-color cue + keyboard semantics when interactive,grayscale-safe compiled print mapping or verified SVG asset,<50 KB optimized SVG target; interactive route payload remains route-local and within BVLP budgets,"VisualSpec v1 only; no renderer APIs, arbitrary code, raw TikZ, or source LaTeX in public payloads"
A4.11-V2,A4.11,A4,Mechanism,Residual arrows.,Interactive when manipulation reveals mechanism; otherwise static SVG.,"Describe all mathematically relevant geometry, labels, direction, and state without giving away an intended inference.",/subjects/math/algebra/linear-relationships/linear-models-fit-and-residuals/,static-svg,no,,mandatory deterministic SVG; unchanged on interaction failure,title + visible caption + long description + reading order + non-color cue + keyboard semantics when interactive,grayscale-safe compiled print mapping or verified SVG asset,<50 KB optimized SVG target; interactive route payload remains route-local and within BVLP budgets,"VisualSpec v1 only; no renderer APIs, arbitrary code, raw TikZ, or source LaTeX in public payloads"
A4.11-V3,A4.11,A4,Representation,Interpolation and extrapolation zones.,Interactive when manipulation reveals mechanism; otherwise static SVG.,"Describe all mathematically relevant geometry, labels, direction, and state without giving away an intended inference.",/subjects/math/algebra/linear-relationships/linear-models-fit-and-residuals/,static-svg,no,,mandatory deterministic SVG; unchanged on interaction failure,title + visible caption + long description + reading order + non-color cue + keyboard semantics when interactive,grayscale-safe compiled print mapping or verified SVG asset,<50 KB optimized SVG target; interactive route payload remains route-local and within BVLP budgets,"VisualSpec v1 only; no renderer APIs, arbitrary code, raw TikZ, or source LaTeX in public payloads"
A5.1-V1,A5.1,A5,Anchor,Overlapping constraint cards.,Interactive when manipulation reveals mechanism; otherwise static SVG.,"Describe all mathematically relevant geometry, labels, direction, and state without giving away an intended inference.",/subjects/math/algebra/systems/systems-as-simultaneous-conditions/,static-svg,no,,mandatory deterministic SVG; unchanged on interaction failure,title + visible caption + long description + reading order + non-color cue + keyboard semantics when interactive,grayscale-safe compiled print mapping or verified SVG asset,<50 KB optimized SVG target; interactive route payload remains route-local and within BVLP budgets,"VisualSpec v1 only; no renderer APIs, arbitrary code, raw TikZ, or source LaTeX in public payloads"
A5.1-V2,A5.1,A5,Mechanism,Ordered pair tested in both equations.,Interactive when manipulation reveals mechanism; otherwise static SVG.,"Describe all mathematically relevant geometry, labels, direction, and state without giving away an intended inference.",/subjects/math/algebra/systems/systems-as-simultaneous-conditions/,static-svg,no,,mandatory deterministic SVG; unchanged on interaction failure,title + visible caption + long description + reading order + non-color cue + keyboard semantics when interactive,grayscale-safe compiled print mapping or verified SVG asset,<50 KB optimized SVG target; interactive route payload remains route-local and within BVLP budgets,"VisualSpec v1 only; no renderer APIs, arbitrary code, raw TikZ, or source LaTeX in public payloads"
A5.1-V3,A5.1,A5,Representation,Intersection metaphor.,Interactive when manipulation reveals mechanism; otherwise static SVG.,"Describe all mathematically relevant geometry, labels, direction, and state without giving away an intended inference.",/subjects/math/algebra/systems/systems-as-simultaneous-conditions/,static-svg,no,,mandatory deterministic SVG; unchanged on interaction failure,title + visible caption + long description + reading order + non-color cue + keyboard semantics when interactive,grayscale-safe compiled print mapping or verified SVG asset,<50 KB optimized SVG target; interactive route payload remains route-local and within BVLP budgets,"VisualSpec v1 only; no renderer APIs, arbitrary code, raw TikZ, or source LaTeX in public payloads"
A5.2-V1,A5.2,A5,Anchor,Two linked line graphs.,Interactive when manipulation reveals mechanism; otherwise static SVG.,"Describe all mathematically relevant geometry, labels, direction, and state without giving away an intended inference.",/subjects/math/algebra/systems/graphical-solutions/,static-svg,no,,mandatory deterministic SVG; unchanged on interaction failure,title + visible caption + long description + reading order + non-color cue + keyboard semantics when interactive,grayscale-safe compiled print mapping or verified SVG asset,<50 KB optimized SVG target; interactive route payload remains route-local and within BVLP budgets,"VisualSpec v1 only; no renderer APIs, arbitrary code, raw TikZ, or source LaTeX in public payloads"
A5.2-V2,A5.2,A5,Mechanism,Zoomed approximate intersection.,Interactive when manipulation reveals mechanism; otherwise static SVG.,"Describe all mathematically relevant geometry, labels, direction, and state without giving away an intended inference.",/subjects/math/algebra/systems/graphical-solutions/,static-svg,no,,mandatory deterministic SVG; unchanged on interaction failure,title + visible caption + long description + reading order + non-color cue + keyboard semantics when interactive,grayscale-safe compiled print mapping or verified SVG asset,<50 KB optimized SVG target; interactive route payload remains route-local and within BVLP budgets,"VisualSpec v1 only; no renderer APIs, arbitrary code, raw TikZ, or source LaTeX in public payloads"
A5.2-V3,A5.2,A5,Representation,Parallel and coincident cases.,Interactive when manipulation reveals mechanism; otherwise static SVG.,"Describe all mathematically relevant geometry, labels, direction, and state without giving away an intended inference.",/subjects/math/algebra/systems/graphical-solutions/,static-svg,no,,mandatory deterministic SVG; unchanged on interaction failure,title + visible caption + long description + reading order + non-color cue + keyboard semantics when interactive,grayscale-safe compiled print mapping or verified SVG asset,<50 KB optimized SVG target; interactive route payload remains route-local and within BVLP budgets,"VisualSpec v1 only; no renderer APIs, arbitrary code, raw TikZ, or source LaTeX in public payloads"
A5.3-V1,A5.3,A5,Anchor,Equation-slot replacement.,Interactive when manipulation reveals mechanism; otherwise static SVG.,"Describe all mathematically relevant geometry, labels, direction, and state without giving away an intended inference.",/subjects/math/algebra/systems/substitution/,static-svg,no,,mandatory deterministic SVG; unchanged on interaction failure,title + visible caption + long description + reading order + non-color cue + keyboard semantics when interactive,grayscale-safe compiled print mapping or verified SVG asset,<50 KB optimized SVG target; interactive route payload remains route-local and within BVLP budgets,"VisualSpec v1 only; no renderer APIs, arbitrary code, raw TikZ, or source LaTeX in public payloads"
A5.3-V2,A5.3,A5,Mechanism,Substitution chain.,Interactive when manipulation reveals mechanism; otherwise static SVG.,"Describe all mathematically relevant geometry, labels, direction, and state without giving away an intended inference.",/subjects/math/algebra/systems/substitution/,static-svg,no,,mandatory deterministic SVG; unchanged on interaction failure,title + visible caption + long description + reading order + non-color cue + keyboard semantics when interactive,grayscale-safe compiled print mapping or verified SVG asset,<50 KB optimized SVG target; interactive route payload remains route-local and within BVLP budgets,"VisualSpec v1 only; no renderer APIs, arbitrary code, raw TikZ, or source LaTeX in public payloads"
A5.3-V3,A5.3,A5,Representation,Parentheses protection.,Interactive when manipulation reveals mechanism; otherwise static SVG.,"Describe all mathematically relevant geometry, labels, direction, and state without giving away an intended inference.",/subjects/math/algebra/systems/substitution/,static-svg,no,,mandatory deterministic SVG; unchanged on interaction failure,title + visible caption + long description + reading order + non-color cue + keyboard semantics when interactive,grayscale-safe compiled print mapping or verified SVG asset,<50 KB optimized SVG target; interactive route payload remains route-local and within BVLP budgets,"VisualSpec v1 only; no renderer APIs, arbitrary code, raw TikZ, or source LaTeX in public payloads"
A5.4-V1,A5.4,A5,Anchor,Coefficient alignment.,Interactive when manipulation reveals mechanism; otherwise static SVG.,"Describe all mathematically relevant geometry, labels, direction, and state without giving away an intended inference.",/subjects/math/algebra/systems/elimination/,static-svg,no,,mandatory deterministic SVG; unchanged on interaction failure,title + visible caption + long description + reading order + non-color cue + keyboard semantics when interactive,grayscale-safe compiled print mapping or verified SVG asset,<50 KB optimized SVG target; interactive route payload remains route-local and within BVLP budgets,"VisualSpec v1 only; no renderer APIs, arbitrary code, raw TikZ, or source LaTeX in public payloads"
A5.4-V2,A5.4,A5,Mechanism,Row addition animation.,Interactive when manipulation reveals mechanism; otherwise static SVG.,"Describe all mathematically relevant geometry, labels, direction, and state without giving away an intended inference.",/subjects/math/algebra/systems/elimination/,static-svg,no,,mandatory deterministic SVG; unchanged on interaction failure,title + visible caption + long description + reading order + non-color cue + keyboard semantics when interactive,grayscale-safe compiled print mapping or verified SVG asset,<50 KB optimized SVG target; interactive route payload remains route-local and within BVLP budgets,"VisualSpec v1 only; no renderer APIs, arbitrary code, raw TikZ, or source LaTeX in public payloads"
A5.4-V3,A5.4,A5,Representation,Scaling before adding.,Interactive when manipulation reveals mechanism; otherwise static SVG.,"Describe all mathematically relevant geometry, labels, direction, and state without giving away an intended inference.",/subjects/math/algebra/systems/elimination/,static-svg,no,,mandatory deterministic SVG; unchanged on interaction failure,title + visible caption + long description + reading order + non-color cue + keyboard semantics when interactive,grayscale-safe compiled print mapping or verified SVG asset,<50 KB optimized SVG target; interactive route payload remains route-local and within BVLP budgets,"VisualSpec v1 only; no renderer APIs, arbitrary code, raw TikZ, or source LaTeX in public payloads"
A5.5-V1,A5.5,A5,Anchor,Outcome tree.,Interactive when manipulation reveals mechanism; otherwise static SVG.,"Describe all mathematically relevant geometry, labels, direction, and state without giving away an intended inference.",/subjects/math/algebra/systems/dependent-and-inconsistent-systems/,static-svg,no,,mandatory deterministic SVG; unchanged on interaction failure,title + visible caption + long description + reading order + non-color cue + keyboard semantics when interactive,grayscale-safe compiled print mapping or verified SVG asset,<50 KB optimized SVG target; interactive route payload remains route-local and within BVLP budgets,"VisualSpec v1 only; no renderer APIs, arbitrary code, raw TikZ, or source LaTeX in public payloads"
A5.5-V2,A5.5,A5,Mechanism,Coincident and parallel lines.,Interactive when manipulation reveals mechanism; otherwise static SVG.,"Describe all mathematically relevant geometry, labels, direction, and state without giving away an intended inference.",/subjects/math/algebra/systems/dependent-and-inconsistent-systems/,static-svg,no,,mandatory deterministic SVG; unchanged on interaction failure,title + visible caption + long description + reading order + non-color cue + keyboard semantics when interactive,grayscale-safe compiled print mapping or verified SVG asset,<50 KB optimized SVG target; interactive route payload remains route-local and within BVLP budgets,"VisualSpec v1 only; no renderer APIs, arbitrary code, raw TikZ, or source LaTeX in public payloads"
A5.5-V3,A5.5,A5,Representation,Coefficient-ratio comparison.,Interactive when manipulation reveals mechanism; otherwise static SVG.,"Describe all mathematically relevant geometry, labels, direction, and state without giving away an intended inference.",/subjects/math/algebra/systems/dependent-and-inconsistent-systems/,static-svg,no,,mandatory deterministic SVG; unchanged on interaction failure,title + visible caption + long description + reading order + non-color cue + keyboard semantics when interactive,grayscale-safe compiled print mapping or verified SVG asset,<50 KB optimized SVG target; interactive route payload remains route-local and within BVLP budgets,"VisualSpec v1 only; no renderer APIs, arbitrary code, raw TikZ, or source LaTeX in public payloads"
A5.6-V1,A5.6,A5,Anchor,Two-quantity bar model.,Interactive when manipulation reveals mechanism; otherwise static SVG.,"Describe all mathematically relevant geometry, labels, direction, and state without giving away an intended inference.",/subjects/math/algebra/systems/applications-of-systems/,static-svg,no,,mandatory deterministic SVG; unchanged on interaction failure,title + visible caption + long description + reading order + non-color cue + keyboard semantics when interactive,grayscale-safe compiled print mapping or verified SVG asset,<50 KB optimized SVG target; interactive route payload remains route-local and within BVLP budgets,"VisualSpec v1 only; no renderer APIs, arbitrary code, raw TikZ, or source LaTeX in public payloads"
A5.6-V2,A5.6,A5,Mechanism,Mixture containers.,Interactive when manipulation reveals mechanism; otherwise static SVG.,"Describe all mathematically relevant geometry, labels, direction, and state without giving away an intended inference.",/subjects/math/algebra/systems/applications-of-systems/,static-svg,no,,mandatory deterministic SVG; unchanged on interaction failure,title + visible caption + long description + reading order + non-color cue + keyboard semantics when interactive,grayscale-safe compiled print mapping or verified SVG asset,<50 KB optimized SVG target; interactive route payload remains route-local and within BVLP budgets,"VisualSpec v1 only; no renderer APIs, arbitrary code, raw TikZ, or source LaTeX in public payloads"
A5.6-V3,A5.6,A5,Representation,Cost-revenue intersection.,Interactive when manipulation reveals mechanism; otherwise static SVG.,"Describe all mathematically relevant geometry, labels, direction, and state without giving away an intended inference.",/subjects/math/algebra/systems/applications-of-systems/,static-svg,no,,mandatory deterministic SVG; unchanged on interaction failure,title + visible caption + long description + reading order + non-color cue + keyboard semantics when interactive,grayscale-safe compiled print mapping or verified SVG asset,<50 KB optimized SVG target; interactive route payload remains route-local and within BVLP budgets,"VisualSpec v1 only; no renderer APIs, arbitrary code, raw TikZ, or source LaTeX in public payloads"
A5.7-V1,A5.7,A5,Anchor,Layered half-planes.,Interactive when manipulation reveals mechanism; otherwise static SVG.,"Describe all mathematically relevant geometry, labels, direction, and state without giving away an intended inference.",/subjects/math/algebra/systems/systems-of-inequalities/,static-svg,no,,mandatory deterministic SVG; unchanged on interaction failure,title + visible caption + long description + reading order + non-color cue + keyboard semantics when interactive,grayscale-safe compiled print mapping or verified SVG asset,<50 KB optimized SVG target; interactive route payload remains route-local and within BVLP budgets,"VisualSpec v1 only; no renderer APIs, arbitrary code, raw TikZ, or source LaTeX in public payloads"
A5.7-V2,A5.7,A5,Mechanism,Boundary inclusion.,Interactive when manipulation reveals mechanism; otherwise static SVG.,"Describe all mathematically relevant geometry, labels, direction, and state without giving away an intended inference.",/subjects/math/algebra/systems/systems-of-inequalities/,static-svg,no,,mandatory deterministic SVG; unchanged on interaction failure,title + visible caption + long description + reading order + non-color cue + keyboard semantics when interactive,grayscale-safe compiled print mapping or verified SVG asset,<50 KB optimized SVG target; interactive route payload remains route-local and within BVLP budgets,"VisualSpec v1 only; no renderer APIs, arbitrary code, raw TikZ, or source LaTeX in public payloads"
A5.7-V3,A5.7,A5,Representation,Feasible polygon.,Interactive when manipulation reveals mechanism; otherwise static SVG.,"Describe all mathematically relevant geometry, labels, direction, and state without giving away an intended inference.",/subjects/math/algebra/systems/systems-of-inequalities/,static-svg,no,,mandatory deterministic SVG; unchanged on interaction failure,title + visible caption + long description + reading order + non-color cue + keyboard semantics when interactive,grayscale-safe compiled print mapping or verified SVG asset,<50 KB optimized SVG target; interactive route payload remains route-local and within BVLP budgets,"VisualSpec v1 only; no renderer APIs, arbitrary code, raw TikZ, or source LaTeX in public payloads"
A5.8-V1,A5.8,A5,Anchor,Method-selection matrix.,Interactive when manipulation reveals mechanism; otherwise static SVG.,"Describe all mathematically relevant geometry, labels, direction, and state without giving away an intended inference.",/subjects/math/algebra/systems/systems-strategy-studio/,static-svg,no,,mandatory deterministic SVG; unchanged on interaction failure,title + visible caption + long description + reading order + non-color cue + keyboard semantics when interactive,grayscale-safe compiled print mapping or verified SVG asset,<50 KB optimized SVG target; interactive route payload remains route-local and within BVLP budgets,"VisualSpec v1 only; no renderer APIs, arbitrary code, raw TikZ, or source LaTeX in public payloads"
A5.8-V2,A5.8,A5,Mechanism,Three-variable extension schematic.,Interactive when manipulation reveals mechanism; otherwise static SVG.,"Describe all mathematically relevant geometry, labels, direction, and state without giving away an intended inference.",/subjects/math/algebra/systems/systems-strategy-studio/,static-svg,no,,mandatory deterministic SVG; unchanged on interaction failure,title + visible caption + long description + reading order + non-color cue + keyboard semantics when interactive,grayscale-safe compiled print mapping or verified SVG asset,<50 KB optimized SVG target; interactive route payload remains route-local and within BVLP budgets,"VisualSpec v1 only; no renderer APIs, arbitrary code, raw TikZ, or source LaTeX in public payloads"
A5.8-V3,A5.8,A5,Representation,Solution verification panel.,Interactive when manipulation reveals mechanism; otherwise static SVG.,"Describe all mathematically relevant geometry, labels, direction, and state without giving away an intended inference.",/subjects/math/algebra/systems/systems-strategy-studio/,static-svg,no,,mandatory deterministic SVG; unchanged on interaction failure,title + visible caption + long description + reading order + non-color cue + keyboard semantics when interactive,grayscale-safe compiled print mapping or verified SVG asset,<50 KB optimized SVG target; interactive route payload remains route-local and within BVLP budgets,"VisualSpec v1 only; no renderer APIs, arbitrary code, raw TikZ, or source LaTeX in public payloads"
A6.1-V1,A6.1,A6,Anchor,Repeated-factor chain.,Interactive when manipulation reveals mechanism; otherwise static SVG.,"Describe all mathematically relevant geometry, labels, direction, and state without giving away an intended inference.",/subjects/math/algebra/exponents-roots/exponents-as-repeated-multiplication/,static-svg,no,,mandatory deterministic SVG; unchanged on interaction failure,title + visible caption + long description + reading order + non-color cue + keyboard semantics when interactive,grayscale-safe compiled print mapping or verified SVG asset,<50 KB optimized SVG target; interactive route payload remains route-local and within BVLP budgets,"VisualSpec v1 only; no renderer APIs, arbitrary code, raw TikZ, or source LaTeX in public payloads"
A6.1-V2,A6.1,A6,Mechanism,Square/cube geometry.,Interactive when manipulation reveals mechanism; otherwise static SVG.,"Describe all mathematically relevant geometry, labels, direction, and state without giving away an intended inference.",/subjects/math/algebra/exponents-roots/exponents-as-repeated-multiplication/,static-svg,no,,mandatory deterministic SVG; unchanged on interaction failure,title + visible caption + long description + reading order + non-color cue + keyboard semantics when interactive,grayscale-safe compiled print mapping or verified SVG asset,<50 KB optimized SVG target; interactive route payload remains route-local and within BVLP budgets,"VisualSpec v1 only; no renderer APIs, arbitrary code, raw TikZ, or source LaTeX in public payloads"
A6.1-V3,A6.1,A6,Representation,Base-exponent annotation.,Interactive when manipulation reveals mechanism; otherwise static SVG.,"Describe all mathematically relevant geometry, labels, direction, and state without giving away an intended inference.",/subjects/math/algebra/exponents-roots/exponents-as-repeated-multiplication/,static-svg,no,,mandatory deterministic SVG; unchanged on interaction failure,title + visible caption + long description + reading order + non-color cue + keyboard semantics when interactive,grayscale-safe compiled print mapping or verified SVG asset,<50 KB optimized SVG target; interactive route payload remains route-local and within BVLP budgets,"VisualSpec v1 only; no renderer APIs, arbitrary code, raw TikZ, or source LaTeX in public payloads"
A6.2-V1,A6.2,A6,Anchor,Expression trees.,Interactive when manipulation reveals mechanism; otherwise static SVG.,"Describe all mathematically relevant geometry, labels, direction, and state without giving away an intended inference.",/subjects/math/algebra/exponents-roots/negative-bases-and-grouping/,static-svg,no,,mandatory deterministic SVG; unchanged on interaction failure,title + visible caption + long description + reading order + non-color cue + keyboard semantics when interactive,grayscale-safe compiled print mapping or verified SVG asset,<50 KB optimized SVG target; interactive route payload remains route-local and within BVLP budgets,"VisualSpec v1 only; no renderer APIs, arbitrary code, raw TikZ, or source LaTeX in public payloads"
A6.2-V2,A6.2,A6,Mechanism,Parity sign table.,Interactive when manipulation reveals mechanism; otherwise static SVG.,"Describe all mathematically relevant geometry, labels, direction, and state without giving away an intended inference.",/subjects/math/algebra/exponents-roots/negative-bases-and-grouping/,static-svg,no,,mandatory deterministic SVG; unchanged on interaction failure,title + visible caption + long description + reading order + non-color cue + keyboard semantics when interactive,grayscale-safe compiled print mapping or verified SVG asset,<50 KB optimized SVG target; interactive route payload remains route-local and within BVLP budgets,"VisualSpec v1 only; no renderer APIs, arbitrary code, raw TikZ, or source LaTeX in public payloads"
A6.2-V3,A6.2,A6,Representation,Graph preview.,Interactive when manipulation reveals mechanism; otherwise static SVG.,"Describe all mathematically relevant geometry, labels, direction, and state without giving away an intended inference.",/subjects/math/algebra/exponents-roots/negative-bases-and-grouping/,static-svg,no,,mandatory deterministic SVG; unchanged on interaction failure,title + visible caption + long description + reading order + non-color cue + keyboard semantics when interactive,grayscale-safe compiled print mapping or verified SVG asset,<50 KB optimized SVG target; interactive route payload remains route-local and within BVLP budgets,"VisualSpec v1 only; no renderer APIs, arbitrary code, raw TikZ, or source LaTeX in public payloads"
A6.3-V1,A6.3,A6,Anchor,Factor-chain merge.,Interactive when manipulation reveals mechanism; otherwise static SVG.,"Describe all mathematically relevant geometry, labels, direction, and state without giving away an intended inference.",/subjects/math/algebra/exponents-roots/product-and-quotient-laws/,static-svg,no,,mandatory deterministic SVG; unchanged on interaction failure,title + visible caption + long description + reading order + non-color cue + keyboard semantics when interactive,grayscale-safe compiled print mapping or verified SVG asset,<50 KB optimized SVG target; interactive route payload remains route-local and within BVLP budgets,"VisualSpec v1 only; no renderer APIs, arbitrary code, raw TikZ, or source LaTeX in public payloads"
A6.3-V2,A6.3,A6,Mechanism,Cancellation in quotients.,Interactive when manipulation reveals mechanism; otherwise static SVG.,"Describe all mathematically relevant geometry, labels, direction, and state without giving away an intended inference.",/subjects/math/algebra/exponents-roots/product-and-quotient-laws/,static-svg,no,,mandatory deterministic SVG; unchanged on interaction failure,title + visible caption + long description + reading order + non-color cue + keyboard semantics when interactive,grayscale-safe compiled print mapping or verified SVG asset,<50 KB optimized SVG target; interactive route payload remains route-local and within BVLP budgets,"VisualSpec v1 only; no renderer APIs, arbitrary code, raw TikZ, or source LaTeX in public payloads"
A6.3-V3,A6.3,A6,Representation,Invalid addition-of-powers panel.,Interactive when manipulation reveals mechanism; otherwise static SVG.,"Describe all mathematically relevant geometry, labels, direction, and state without giving away an intended inference.",/subjects/math/algebra/exponents-roots/product-and-quotient-laws/,static-svg,no,,mandatory deterministic SVG; unchanged on interaction failure,title + visible caption + long description + reading order + non-color cue + keyboard semantics when interactive,grayscale-safe compiled print mapping or verified SVG asset,<50 KB optimized SVG target; interactive route payload remains route-local and within BVLP budgets,"VisualSpec v1 only; no renderer APIs, arbitrary code, raw TikZ, or source LaTeX in public payloads"
A6.4-V1,A6.4,A6,Anchor,Nested exponent expansion.,Interactive when manipulation reveals mechanism; otherwise static SVG.,"Describe all mathematically relevant geometry, labels, direction, and state without giving away an intended inference.",/subjects/math/algebra/exponents-roots/power-of-a-power-product-and-quotient/,static-svg,no,,mandatory deterministic SVG; unchanged on interaction failure,title + visible caption + long description + reading order + non-color cue + keyboard semantics when interactive,grayscale-safe compiled print mapping or verified SVG asset,<50 KB optimized SVG target; interactive route payload remains route-local and within BVLP budgets,"VisualSpec v1 only; no renderer APIs, arbitrary code, raw TikZ, or source LaTeX in public payloads"
A6.4-V2,A6.4,A6,Mechanism,Area-to-volume analogy.,Interactive when manipulation reveals mechanism; otherwise static SVG.,"Describe all mathematically relevant geometry, labels, direction, and state without giving away an intended inference.",/subjects/math/algebra/exponents-roots/power-of-a-power-product-and-quotient/,static-svg,no,,mandatory deterministic SVG; unchanged on interaction failure,title + visible caption + long description + reading order + non-color cue + keyboard semantics when interactive,grayscale-safe compiled print mapping or verified SVG asset,<50 KB optimized SVG target; interactive route payload remains route-local and within BVLP budgets,"VisualSpec v1 only; no renderer APIs, arbitrary code, raw TikZ, or source LaTeX in public payloads"
A6.4-V3,A6.4,A6,Representation,Validity comparison.,Interactive when manipulation reveals mechanism; otherwise static SVG.,"Describe all mathematically relevant geometry, labels, direction, and state without giving away an intended inference.",/subjects/math/algebra/exponents-roots/power-of-a-power-product-and-quotient/,static-svg,no,,mandatory deterministic SVG; unchanged on interaction failure,title + visible caption + long description + reading order + non-color cue + keyboard semantics when interactive,grayscale-safe compiled print mapping or verified SVG asset,<50 KB optimized SVG target; interactive route payload remains route-local and within BVLP budgets,"VisualSpec v1 only; no renderer APIs, arbitrary code, raw TikZ, or source LaTeX in public payloads"
A6.5-V1,A6.5,A6,Anchor,Exponent sequence.,Interactive when manipulation reveals mechanism; otherwise static SVG.,"Describe all mathematically relevant geometry, labels, direction, and state without giving away an intended inference.",/subjects/math/algebra/exponents-roots/zero-and-negative-exponents/,static-svg,no,,mandatory deterministic SVG; unchanged on interaction failure,title + visible caption + long description + reading order + non-color cue + keyboard semantics when interactive,grayscale-safe compiled print mapping or verified SVG asset,<50 KB optimized SVG target; interactive route payload remains route-local and within BVLP budgets,"VisualSpec v1 only; no renderer APIs, arbitrary code, raw TikZ, or source LaTeX in public payloads"
A6.5-V2,A6.5,A6,Mechanism,Reciprocal mirror.,Interactive when manipulation reveals mechanism; otherwise static SVG.,"Describe all mathematically relevant geometry, labels, direction, and state without giving away an intended inference.",/subjects/math/algebra/exponents-roots/zero-and-negative-exponents/,static-svg,no,,mandatory deterministic SVG; unchanged on interaction failure,title + visible caption + long description + reading order + non-color cue + keyboard semantics when interactive,grayscale-safe compiled print mapping or verified SVG asset,<50 KB optimized SVG target; interactive route payload remains route-local and within BVLP budgets,"VisualSpec v1 only; no renderer APIs, arbitrary code, raw TikZ, or source LaTeX in public payloads"
A6.5-V3,A6.5,A6,Representation,Undefined zero cases.,Interactive when manipulation reveals mechanism; otherwise static SVG.,"Describe all mathematically relevant geometry, labels, direction, and state without giving away an intended inference.",/subjects/math/algebra/exponents-roots/zero-and-negative-exponents/,static-svg,no,,mandatory deterministic SVG; unchanged on interaction failure,title + visible caption + long description + reading order + non-color cue + keyboard semantics when interactive,grayscale-safe compiled print mapping or verified SVG asset,<50 KB optimized SVG target; interactive route payload remains route-local and within BVLP budgets,"VisualSpec v1 only; no renderer APIs, arbitrary code, raw TikZ, or source LaTeX in public payloads"
A6.6-V1,A6.6,A6,Anchor,Place-value slider.,Interactive when manipulation reveals mechanism; otherwise static SVG.,"Describe all mathematically relevant geometry, labels, direction, and state without giving away an intended inference.",/subjects/math/algebra/exponents-roots/scientific-notation/,static-svg,no,,mandatory deterministic SVG; unchanged on interaction failure,title + visible caption + long description + reading order + non-color cue + keyboard semantics when interactive,grayscale-safe compiled print mapping or verified SVG asset,<50 KB optimized SVG target; interactive route payload remains route-local and within BVLP budgets,"VisualSpec v1 only; no renderer APIs, arbitrary code, raw TikZ, or source LaTeX in public payloads"
A6.6-V2,A6.6,A6,Mechanism,Power-of-ten scale.,Interactive when manipulation reveals mechanism; otherwise static SVG.,"Describe all mathematically relevant geometry, labels, direction, and state without giving away an intended inference.",/subjects/math/algebra/exponents-roots/scientific-notation/,static-svg,no,,mandatory deterministic SVG; unchanged on interaction failure,title + visible caption + long description + reading order + non-color cue + keyboard semantics when interactive,grayscale-safe compiled print mapping or verified SVG asset,<50 KB optimized SVG target; interactive route payload remains route-local and within BVLP budgets,"VisualSpec v1 only; no renderer APIs, arbitrary code, raw TikZ, or source LaTeX in public payloads"
A6.6-V3,A6.6,A6,Representation,Normalized coefficient panel.,Interactive when manipulation reveals mechanism; otherwise static SVG.,"Describe all mathematically relevant geometry, labels, direction, and state without giving away an intended inference.",/subjects/math/algebra/exponents-roots/scientific-notation/,static-svg,no,,mandatory deterministic SVG; unchanged on interaction failure,title + visible caption + long description + reading order + non-color cue + keyboard semantics when interactive,grayscale-safe compiled print mapping or verified SVG asset,<50 KB optimized SVG target; interactive route payload remains route-local and within BVLP budgets,"VisualSpec v1 only; no renderer APIs, arbitrary code, raw TikZ, or source LaTeX in public payloads"
A6.7-V1,A6.7,A6,Anchor,Square side from area.,Interactive when manipulation reveals mechanism; otherwise static SVG.,"Describe all mathematically relevant geometry, labels, direction, and state without giving away an intended inference.",/subjects/math/algebra/exponents-roots/square-roots-and-nth-roots/,static-svg,no,,mandatory deterministic SVG; unchanged on interaction failure,title + visible caption + long description + reading order + non-color cue + keyboard semantics when interactive,grayscale-safe compiled print mapping or verified SVG asset,<50 KB optimized SVG target; interactive route payload remains route-local and within BVLP budgets,"VisualSpec v1 only; no renderer APIs, arbitrary code, raw TikZ, or source LaTeX in public payloads"
A6.7-V2,A6.7,A6,Mechanism,Cube side from volume.,Interactive when manipulation reveals mechanism; otherwise static SVG.,"Describe all mathematically relevant geometry, labels, direction, and state without giving away an intended inference.",/subjects/math/algebra/exponents-roots/square-roots-and-nth-roots/,static-svg,no,,mandatory deterministic SVG; unchanged on interaction failure,title + visible caption + long description + reading order + non-color cue + keyboard semantics when interactive,grayscale-safe compiled print mapping or verified SVG asset,<50 KB optimized SVG target; interactive route payload remains route-local and within BVLP budgets,"VisualSpec v1 only; no renderer APIs, arbitrary code, raw TikZ, or source LaTeX in public payloads"
A6.7-V3,A6.7,A6,Representation,Odd/even root comparison.,Interactive when manipulation reveals mechanism; otherwise static SVG.,"Describe all mathematically relevant geometry, labels, direction, and state without giving away an intended inference.",/subjects/math/algebra/exponents-roots/square-roots-and-nth-roots/,static-svg,no,,mandatory deterministic SVG; unchanged on interaction failure,title + visible caption + long description + reading order + non-color cue + keyboard semantics when interactive,grayscale-safe compiled print mapping or verified SVG asset,<50 KB optimized SVG target; interactive route payload remains route-local and within BVLP budgets,"VisualSpec v1 only; no renderer APIs, arbitrary code, raw TikZ, or source LaTeX in public payloads"
A6.8-V1,A6.8,A6,Anchor,Symmetric roots.,Interactive when manipulation reveals mechanism; otherwise static SVG.,"Describe all mathematically relevant geometry, labels, direction, and state without giving away an intended inference.",/subjects/math/algebra/exponents-roots/simple-power-and-root-equations/,static-svg,no,,mandatory deterministic SVG; unchanged on interaction failure,title + visible caption + long description + reading order + non-color cue + keyboard semantics when interactive,grayscale-safe compiled print mapping or verified SVG asset,<50 KB optimized SVG target; interactive route payload remains route-local and within BVLP budgets,"VisualSpec v1 only; no renderer APIs, arbitrary code, raw TikZ, or source LaTeX in public payloads"
A6.8-V2,A6.8,A6,Mechanism,Inverse function machine.,Interactive when manipulation reveals mechanism; otherwise static SVG.,"Describe all mathematically relevant geometry, labels, direction, and state without giving away an intended inference.",/subjects/math/algebra/exponents-roots/simple-power-and-root-equations/,static-svg,no,,mandatory deterministic SVG; unchanged on interaction failure,title + visible caption + long description + reading order + non-color cue + keyboard semantics when interactive,grayscale-safe compiled print mapping or verified SVG asset,<50 KB optimized SVG target; interactive route payload remains route-local and within BVLP budgets,"VisualSpec v1 only; no renderer APIs, arbitrary code, raw TikZ, or source LaTeX in public payloads"
A6.8-V3,A6.8,A6,Representation,Omitted plus/minus warning.,Interactive when manipulation reveals mechanism; otherwise static SVG.,"Describe all mathematically relevant geometry, labels, direction, and state without giving away an intended inference.",/subjects/math/algebra/exponents-roots/simple-power-and-root-equations/,static-svg,no,,mandatory deterministic SVG; unchanged on interaction failure,title + visible caption + long description + reading order + non-color cue + keyboard semantics when interactive,grayscale-safe compiled print mapping or verified SVG asset,<50 KB optimized SVG target; interactive route payload remains route-local and within BVLP budgets,"VisualSpec v1 only; no renderer APIs, arbitrary code, raw TikZ, or source LaTeX in public payloads"
A6.9-V1,A6.9,A6,Anchor,Linked tables and graphs.,Interactive when manipulation reveals mechanism; otherwise static SVG.,"Describe all mathematically relevant geometry, labels, direction, and state without giving away an intended inference.",/subjects/math/algebra/exponents-roots/power-function-preview/,bettergrades-interactive-2d,yes,linked-view; reset,mandatory deterministic SVG; unchanged on interaction failure,title + visible caption + long description + reading order + non-color cue + keyboard semantics when interactive,grayscale-safe compiled print mapping or verified SVG asset,<50 KB optimized SVG target; interactive route payload remains route-local and within BVLP budgets,"VisualSpec v1 only; no renderer APIs, arbitrary code, raw TikZ, or source LaTeX in public payloads"
A6.9-V2,A6.9,A6,Mechanism,Symmetry comparison.,Interactive when manipulation reveals mechanism; otherwise static SVG.,"Describe all mathematically relevant geometry, labels, direction, and state without giving away an intended inference.",/subjects/math/algebra/exponents-roots/power-function-preview/,static-svg,no,,mandatory deterministic SVG; unchanged on interaction failure,title + visible caption + long description + reading order + non-color cue + keyboard semantics when interactive,grayscale-safe compiled print mapping or verified SVG asset,<50 KB optimized SVG target; interactive route payload remains route-local and within BVLP budgets,"VisualSpec v1 only; no renderer APIs, arbitrary code, raw TikZ, or source LaTeX in public payloads"
A6.9-V3,A6.9,A6,Representation,Change arrows.,Interactive when manipulation reveals mechanism; otherwise static SVG.,"Describe all mathematically relevant geometry, labels, direction, and state without giving away an intended inference.",/subjects/math/algebra/exponents-roots/power-function-preview/,static-svg,no,,mandatory deterministic SVG; unchanged on interaction failure,title + visible caption + long description + reading order + non-color cue + keyboard semantics when interactive,grayscale-safe compiled print mapping or verified SVG asset,<50 KB optimized SVG target; interactive route payload remains route-local and within BVLP budgets,"VisualSpec v1 only; no renderer APIs, arbitrary code, raw TikZ, or source LaTeX in public payloads"
A7.1-V1,A7.1,A7,Anchor,Polynomial anatomy.,Interactive when manipulation reveals mechanism; otherwise static SVG.,"Describe all mathematically relevant geometry, labels, direction, and state without giving away an intended inference.",/subjects/math/algebra/polynomial-operations/polynomial-vocabulary-and-evaluation/,static-svg,no,,mandatory deterministic SVG; unchanged on interaction failure,title + visible caption + long description + reading order + non-color cue + keyboard semantics when interactive,grayscale-safe compiled print mapping or verified SVG asset,<50 KB optimized SVG target; interactive route payload remains route-local and within BVLP budgets,"VisualSpec v1 only; no renderer APIs, arbitrary code, raw TikZ, or source LaTeX in public payloads"
A7.1-V2,A7.1,A7,Mechanism,Exponent/coefficient sorting.,Interactive when manipulation reveals mechanism; otherwise static SVG.,"Describe all mathematically relevant geometry, labels, direction, and state without giving away an intended inference.",/subjects/math/algebra/polynomial-operations/polynomial-vocabulary-and-evaluation/,static-svg,no,,mandatory deterministic SVG; unchanged on interaction failure,title + visible caption + long description + reading order + non-color cue + keyboard semantics when interactive,grayscale-safe compiled print mapping or verified SVG asset,<50 KB optimized SVG target; interactive route payload remains route-local and within BVLP budgets,"VisualSpec v1 only; no renderer APIs, arbitrary code, raw TikZ, or source LaTeX in public payloads"
A7.1-V3,A7.1,A7,Representation,Descending-power organizer.,Interactive when manipulation reveals mechanism; otherwise static SVG.,"Describe all mathematically relevant geometry, labels, direction, and state without giving away an intended inference.",/subjects/math/algebra/polynomial-operations/polynomial-vocabulary-and-evaluation/,static-svg,no,,mandatory deterministic SVG; unchanged on interaction failure,title + visible caption + long description + reading order + non-color cue + keyboard semantics when interactive,grayscale-safe compiled print mapping or verified SVG asset,<50 KB optimized SVG target; interactive route payload remains route-local and within BVLP budgets,"VisualSpec v1 only; no renderer APIs, arbitrary code, raw TikZ, or source LaTeX in public payloads"
A7.2-V1,A7.2,A7,Anchor,Vertical coefficient alignment.,Interactive when manipulation reveals mechanism; otherwise static SVG.,"Describe all mathematically relevant geometry, labels, direction, and state without giving away an intended inference.",/subjects/math/algebra/polynomial-operations/adding-and-subtracting-polynomials/,static-svg,no,,mandatory deterministic SVG; unchanged on interaction failure,title + visible caption + long description + reading order + non-color cue + keyboard semantics when interactive,grayscale-safe compiled print mapping or verified SVG asset,<50 KB optimized SVG target; interactive route payload remains route-local and within BVLP budgets,"VisualSpec v1 only; no renderer APIs, arbitrary code, raw TikZ, or source LaTeX in public payloads"
A7.2-V2,A7.2,A7,Mechanism,Algebra tiles.,Interactive when manipulation reveals mechanism; otherwise static SVG.,"Describe all mathematically relevant geometry, labels, direction, and state without giving away an intended inference.",/subjects/math/algebra/polynomial-operations/adding-and-subtracting-polynomials/,static-svg,no,,mandatory deterministic SVG; unchanged on interaction failure,title + visible caption + long description + reading order + non-color cue + keyboard semantics when interactive,grayscale-safe compiled print mapping or verified SVG asset,<50 KB optimized SVG target; interactive route payload remains route-local and within BVLP budgets,"VisualSpec v1 only; no renderer APIs, arbitrary code, raw TikZ, or source LaTeX in public payloads"
A7.2-V3,A7.2,A7,Representation,Subtraction-distribution warning.,Interactive when manipulation reveals mechanism; otherwise static SVG.,"Describe all mathematically relevant geometry, labels, direction, and state without giving away an intended inference.",/subjects/math/algebra/polynomial-operations/adding-and-subtracting-polynomials/,static-svg,no,,mandatory deterministic SVG; unchanged on interaction failure,title + visible caption + long description + reading order + non-color cue + keyboard semantics when interactive,grayscale-safe compiled print mapping or verified SVG asset,<50 KB optimized SVG target; interactive route payload remains route-local and within BVLP budgets,"VisualSpec v1 only; no renderer APIs, arbitrary code, raw TikZ, or source LaTeX in public payloads"
A7.3-V1,A7.3,A7,Anchor,Coefficient/base split.,Interactive when manipulation reveals mechanism; otherwise static SVG.,"Describe all mathematically relevant geometry, labels, direction, and state without giving away an intended inference.",/subjects/math/algebra/polynomial-operations/multiplying-monomials/,static-svg,no,,mandatory deterministic SVG; unchanged on interaction failure,title + visible caption + long description + reading order + non-color cue + keyboard semantics when interactive,grayscale-safe compiled print mapping or verified SVG asset,<50 KB optimized SVG target; interactive route payload remains route-local and within BVLP budgets,"VisualSpec v1 only; no renderer APIs, arbitrary code, raw TikZ, or source LaTeX in public payloads"
A7.3-V2,A7.3,A7,Mechanism,Repeated-factor consolidation.,Interactive when manipulation reveals mechanism; otherwise static SVG.,"Describe all mathematically relevant geometry, labels, direction, and state without giving away an intended inference.",/subjects/math/algebra/polynomial-operations/multiplying-monomials/,static-svg,no,,mandatory deterministic SVG; unchanged on interaction failure,title + visible caption + long description + reading order + non-color cue + keyboard semantics when interactive,grayscale-safe compiled print mapping or verified SVG asset,<50 KB optimized SVG target; interactive route payload remains route-local and within BVLP budgets,"VisualSpec v1 only; no renderer APIs, arbitrary code, raw TikZ, or source LaTeX in public payloads"
A7.3-V3,A7.3,A7,Representation,Geometric scale.,Interactive when manipulation reveals mechanism; otherwise static SVG.,"Describe all mathematically relevant geometry, labels, direction, and state without giving away an intended inference.",/subjects/math/algebra/polynomial-operations/multiplying-monomials/,static-svg,no,,mandatory deterministic SVG; unchanged on interaction failure,title + visible caption + long description + reading order + non-color cue + keyboard semantics when interactive,grayscale-safe compiled print mapping or verified SVG asset,<50 KB optimized SVG target; interactive route payload remains route-local and within BVLP budgets,"VisualSpec v1 only; no renderer APIs, arbitrary code, raw TikZ, or source LaTeX in public payloads"
A7.4-V1,A7.4,A7,Anchor,Area strip.,Interactive when manipulation reveals mechanism; otherwise static SVG.,"Describe all mathematically relevant geometry, labels, direction, and state without giving away an intended inference.",/subjects/math/algebra/polynomial-operations/monomial-times-polynomial/,static-svg,no,,mandatory deterministic SVG; unchanged on interaction failure,title + visible caption + long description + reading order + non-color cue + keyboard semantics when interactive,grayscale-safe compiled print mapping or verified SVG asset,<50 KB optimized SVG target; interactive route payload remains route-local and within BVLP budgets,"VisualSpec v1 only; no renderer APIs, arbitrary code, raw TikZ, or source LaTeX in public payloads"
A7.4-V2,A7.4,A7,Mechanism,Distribution arrows.,Interactive when manipulation reveals mechanism; otherwise static SVG.,"Describe all mathematically relevant geometry, labels, direction, and state without giving away an intended inference.",/subjects/math/algebra/polynomial-operations/monomial-times-polynomial/,static-svg,no,,mandatory deterministic SVG; unchanged on interaction failure,title + visible caption + long description + reading order + non-color cue + keyboard semantics when interactive,grayscale-safe compiled print mapping or verified SVG asset,<50 KB optimized SVG target; interactive route payload remains route-local and within BVLP budgets,"VisualSpec v1 only; no renderer APIs, arbitrary code, raw TikZ, or source LaTeX in public payloads"
A7.4-V3,A7.4,A7,Representation,Missed-term panel.,Interactive when manipulation reveals mechanism; otherwise static SVG.,"Describe all mathematically relevant geometry, labels, direction, and state without giving away an intended inference.",/subjects/math/algebra/polynomial-operations/monomial-times-polynomial/,static-svg,no,,mandatory deterministic SVG; unchanged on interaction failure,title + visible caption + long description + reading order + non-color cue + keyboard semantics when interactive,grayscale-safe compiled print mapping or verified SVG asset,<50 KB optimized SVG target; interactive route payload remains route-local and within BVLP budgets,"VisualSpec v1 only; no renderer APIs, arbitrary code, raw TikZ, or source LaTeX in public payloads"
A7.5-V1,A7.5,A7,Anchor,Product grid.,Interactive when manipulation reveals mechanism; otherwise static SVG.,"Describe all mathematically relevant geometry, labels, direction, and state without giving away an intended inference.",/subjects/math/algebra/polynomial-operations/polynomial-times-polynomial/,static-svg,no,,mandatory deterministic SVG; unchanged on interaction failure,title + visible caption + long description + reading order + non-color cue + keyboard semantics when interactive,grayscale-safe compiled print mapping or verified SVG asset,<50 KB optimized SVG target; interactive route payload remains route-local and within BVLP budgets,"VisualSpec v1 only; no renderer APIs, arbitrary code, raw TikZ, or source LaTeX in public payloads"
A7.5-V2,A7.5,A7,Mechanism,Area rectangle.,Interactive when manipulation reveals mechanism; otherwise static SVG.,"Describe all mathematically relevant geometry, labels, direction, and state without giving away an intended inference.",/subjects/math/algebra/polynomial-operations/polynomial-times-polynomial/,static-svg,no,,mandatory deterministic SVG; unchanged on interaction failure,title + visible caption + long description + reading order + non-color cue + keyboard semantics when interactive,grayscale-safe compiled print mapping or verified SVG asset,<50 KB optimized SVG target; interactive route payload remains route-local and within BVLP budgets,"VisualSpec v1 only; no renderer APIs, arbitrary code, raw TikZ, or source LaTeX in public payloads"
A7.5-V3,A7.5,A7,Representation,Distribution connection.,Interactive when manipulation reveals mechanism; otherwise static SVG.,"Describe all mathematically relevant geometry, labels, direction, and state without giving away an intended inference.",/subjects/math/algebra/polynomial-operations/polynomial-times-polynomial/,static-svg,no,,mandatory deterministic SVG; unchanged on interaction failure,title + visible caption + long description + reading order + non-color cue + keyboard semantics when interactive,grayscale-safe compiled print mapping or verified SVG asset,<50 KB optimized SVG target; interactive route payload remains route-local and within BVLP budgets,"VisualSpec v1 only; no renderer APIs, arbitrary code, raw TikZ, or source LaTeX in public payloads"
A7.6-V1,A7.6,A7,Anchor,Geometric square expansion.,Interactive when manipulation reveals mechanism; otherwise static SVG.,"Describe all mathematically relevant geometry, labels, direction, and state without giving away an intended inference.",/subjects/math/algebra/polynomial-operations/special-products/,static-svg,no,,mandatory deterministic SVG; unchanged on interaction failure,title + visible caption + long description + reading order + non-color cue + keyboard semantics when interactive,grayscale-safe compiled print mapping or verified SVG asset,<50 KB optimized SVG target; interactive route payload remains route-local and within BVLP budgets,"VisualSpec v1 only; no renderer APIs, arbitrary code, raw TikZ, or source LaTeX in public payloads"
A7.6-V2,A7.6,A7,Mechanism,Difference-of-squares rearrangement.,Interactive when manipulation reveals mechanism; otherwise static SVG.,"Describe all mathematically relevant geometry, labels, direction, and state without giving away an intended inference.",/subjects/math/algebra/polynomial-operations/special-products/,static-svg,no,,mandatory deterministic SVG; unchanged on interaction failure,title + visible caption + long description + reading order + non-color cue + keyboard semantics when interactive,grayscale-safe compiled print mapping or verified SVG asset,<50 KB optimized SVG target; interactive route payload remains route-local and within BVLP budgets,"VisualSpec v1 only; no renderer APIs, arbitrary code, raw TikZ, or source LaTeX in public payloads"
A7.6-V3,A7.6,A7,Representation,Pattern conditions.,Interactive when manipulation reveals mechanism; otherwise static SVG.,"Describe all mathematically relevant geometry, labels, direction, and state without giving away an intended inference.",/subjects/math/algebra/polynomial-operations/special-products/,static-svg,no,,mandatory deterministic SVG; unchanged on interaction failure,title + visible caption + long description + reading order + non-color cue + keyboard semantics when interactive,grayscale-safe compiled print mapping or verified SVG asset,<50 KB optimized SVG target; interactive route payload remains route-local and within BVLP budgets,"VisualSpec v1 only; no renderer APIs, arbitrary code, raw TikZ, or source LaTeX in public payloads"
A7.7-V1,A7.7,A7,Anchor,Termwise partition.,Interactive when manipulation reveals mechanism; otherwise static SVG.,"Describe all mathematically relevant geometry, labels, direction, and state without giving away an intended inference.",/subjects/math/algebra/polynomial-operations/division-by-a-monomial/,static-svg,no,,mandatory deterministic SVG; unchanged on interaction failure,title + visible caption + long description + reading order + non-color cue + keyboard semantics when interactive,grayscale-safe compiled print mapping or verified SVG asset,<50 KB optimized SVG target; interactive route payload remains route-local and within BVLP budgets,"VisualSpec v1 only; no renderer APIs, arbitrary code, raw TikZ, or source LaTeX in public payloads"
A7.7-V2,A7.7,A7,Mechanism,Multiply-back check.,Interactive when manipulation reveals mechanism; otherwise static SVG.,"Describe all mathematically relevant geometry, labels, direction, and state without giving away an intended inference.",/subjects/math/algebra/polynomial-operations/division-by-a-monomial/,static-svg,no,,mandatory deterministic SVG; unchanged on interaction failure,title + visible caption + long description + reading order + non-color cue + keyboard semantics when interactive,grayscale-safe compiled print mapping or verified SVG asset,<50 KB optimized SVG target; interactive route payload remains route-local and within BVLP budgets,"VisualSpec v1 only; no renderer APIs, arbitrary code, raw TikZ, or source LaTeX in public payloads"
A7.7-V3,A7.7,A7,Representation,Zero-divisor warning.,Interactive when manipulation reveals mechanism; otherwise static SVG.,"Describe all mathematically relevant geometry, labels, direction, and state without giving away an intended inference.",/subjects/math/algebra/polynomial-operations/division-by-a-monomial/,static-svg,no,,mandatory deterministic SVG; unchanged on interaction failure,title + visible caption + long description + reading order + non-color cue + keyboard semantics when interactive,grayscale-safe compiled print mapping or verified SVG asset,<50 KB optimized SVG target; interactive route payload remains route-local and within BVLP budgets,"VisualSpec v1 only; no renderer APIs, arbitrary code, raw TikZ, or source LaTeX in public payloads"
A7.8-V1,A7.8,A7,Anchor,Long-division analogy.,Interactive when manipulation reveals mechanism; otherwise static SVG.,"Describe all mathematically relevant geometry, labels, direction, and state without giving away an intended inference.",/subjects/math/algebra/polynomial-operations/polynomial-long-division/,static-svg,no,,mandatory deterministic SVG; unchanged on interaction failure,title + visible caption + long description + reading order + non-color cue + keyboard semantics when interactive,grayscale-safe compiled print mapping or verified SVG asset,<50 KB optimized SVG target; interactive route payload remains route-local and within BVLP budgets,"VisualSpec v1 only; no renderer APIs, arbitrary code, raw TikZ, or source LaTeX in public payloads"
A7.8-V2,A7.8,A7,Mechanism,Missing-power placeholders.,Interactive when manipulation reveals mechanism; otherwise static SVG.,"Describe all mathematically relevant geometry, labels, direction, and state without giving away an intended inference.",/subjects/math/algebra/polynomial-operations/polynomial-long-division/,static-svg,no,,mandatory deterministic SVG; unchanged on interaction failure,title + visible caption + long description + reading order + non-color cue + keyboard semantics when interactive,grayscale-safe compiled print mapping or verified SVG asset,<50 KB optimized SVG target; interactive route payload remains route-local and within BVLP budgets,"VisualSpec v1 only; no renderer APIs, arbitrary code, raw TikZ, or source LaTeX in public payloads"
A7.8-V3,A7.8,A7,Representation,Multiply-back check.,Interactive when manipulation reveals mechanism; otherwise static SVG.,"Describe all mathematically relevant geometry, labels, direction, and state without giving away an intended inference.",/subjects/math/algebra/polynomial-operations/polynomial-long-division/,static-svg,no,,mandatory deterministic SVG; unchanged on interaction failure,title + visible caption + long description + reading order + non-color cue + keyboard semantics when interactive,grayscale-safe compiled print mapping or verified SVG asset,<50 KB optimized SVG target; interactive route payload remains route-local and within BVLP budgets,"VisualSpec v1 only; no renderer APIs, arbitrary code, raw TikZ, or source LaTeX in public payloads"
A7.9-V1,A7.9,A7,Anchor,Valid/invalid law gallery.,Interactive when manipulation reveals mechanism; otherwise static SVG.,"Describe all mathematically relevant geometry, labels, direction, and state without giving away an intended inference.",/subjects/math/algebra/polynomial-operations/polynomial-structure-clinic/,static-svg,no,,mandatory deterministic SVG; unchanged on interaction failure,title + visible caption + long description + reading order + non-color cue + keyboard semantics when interactive,grayscale-safe compiled print mapping or verified SVG asset,<50 KB optimized SVG target; interactive route payload remains route-local and within BVLP budgets,"VisualSpec v1 only; no renderer APIs, arbitrary code, raw TikZ, or source LaTeX in public payloads"
A7.9-V2,A7.9,A7,Mechanism,Expression tree.,Interactive when manipulation reveals mechanism; otherwise static SVG.,"Describe all mathematically relevant geometry, labels, direction, and state without giving away an intended inference.",/subjects/math/algebra/polynomial-operations/polynomial-structure-clinic/,static-svg,no,,mandatory deterministic SVG; unchanged on interaction failure,title + visible caption + long description + reading order + non-color cue + keyboard semantics when interactive,grayscale-safe compiled print mapping or verified SVG asset,<50 KB optimized SVG target; interactive route payload remains route-local and within BVLP budgets,"VisualSpec v1 only; no renderer APIs, arbitrary code, raw TikZ, or source LaTeX in public payloads"
A7.9-V3,A7.9,A7,Representation,Structure decision flowchart.,Interactive when manipulation reveals mechanism; otherwise static SVG.,"Describe all mathematically relevant geometry, labels, direction, and state without giving away an intended inference.",/subjects/math/algebra/polynomial-operations/polynomial-structure-clinic/,static-svg,no,,mandatory deterministic SVG; unchanged on interaction failure,title + visible caption + long description + reading order + non-color cue + keyboard semantics when interactive,grayscale-safe compiled print mapping or verified SVG asset,<50 KB optimized SVG target; interactive route payload remains route-local and within BVLP budgets,"VisualSpec v1 only; no renderer APIs, arbitrary code, raw TikZ, or source LaTeX in public payloads"
A8.1-V1,A8.1,A8,Anchor,Rectangle-area factoring.,Interactive when manipulation reveals mechanism; otherwise static SVG.,"Describe all mathematically relevant geometry, labels, direction, and state without giving away an intended inference.",/subjects/math/algebra/factoring-quadratics/factoring-as-reverse-distribution-and-gcf/,static-svg,no,,mandatory deterministic SVG; unchanged on interaction failure,title + visible caption + long description + reading order + non-color cue + keyboard semantics when interactive,grayscale-safe compiled print mapping or verified SVG asset,<50 KB optimized SVG target; interactive route payload remains route-local and within BVLP budgets,"VisualSpec v1 only; no renderer APIs, arbitrary code, raw TikZ, or source LaTeX in public payloads"
A8.1-V2,A8.1,A8,Mechanism,Shared-factor inventory.,Interactive when manipulation reveals mechanism; otherwise static SVG.,"Describe all mathematically relevant geometry, labels, direction, and state without giving away an intended inference.",/subjects/math/algebra/factoring-quadratics/factoring-as-reverse-distribution-and-gcf/,static-svg,no,,mandatory deterministic SVG; unchanged on interaction failure,title + visible caption + long description + reading order + non-color cue + keyboard semantics when interactive,grayscale-safe compiled print mapping or verified SVG asset,<50 KB optimized SVG target; interactive route payload remains route-local and within BVLP budgets,"VisualSpec v1 only; no renderer APIs, arbitrary code, raw TikZ, or source LaTeX in public payloads"
A8.1-V3,A8.1,A8,Representation,Expand-to-check loop.,Interactive when manipulation reveals mechanism; otherwise static SVG.,"Describe all mathematically relevant geometry, labels, direction, and state without giving away an intended inference.",/subjects/math/algebra/factoring-quadratics/factoring-as-reverse-distribution-and-gcf/,static-svg,no,,mandatory deterministic SVG; unchanged on interaction failure,title + visible caption + long description + reading order + non-color cue + keyboard semantics when interactive,grayscale-safe compiled print mapping or verified SVG asset,<50 KB optimized SVG target; interactive route payload remains route-local and within BVLP budgets,"VisualSpec v1 only; no renderer APIs, arbitrary code, raw TikZ, or source LaTeX in public payloads"
A8.2-V1,A8.2,A8,Anchor,Two grouped rectangles.,Interactive when manipulation reveals mechanism; otherwise static SVG.,"Describe all mathematically relevant geometry, labels, direction, and state without giving away an intended inference.",/subjects/math/algebra/factoring-quadratics/factoring-by-grouping/,static-svg,no,,mandatory deterministic SVG; unchanged on interaction failure,title + visible caption + long description + reading order + non-color cue + keyboard semantics when interactive,grayscale-safe compiled print mapping or verified SVG asset,<50 KB optimized SVG target; interactive route payload remains route-local and within BVLP budgets,"VisualSpec v1 only; no renderer APIs, arbitrary code, raw TikZ, or source LaTeX in public payloads"
A8.2-V2,A8.2,A8,Mechanism,Matching-binomial highlight.,Interactive when manipulation reveals mechanism; otherwise static SVG.,"Describe all mathematically relevant geometry, labels, direction, and state without giving away an intended inference.",/subjects/math/algebra/factoring-quadratics/factoring-by-grouping/,static-svg,no,,mandatory deterministic SVG; unchanged on interaction failure,title + visible caption + long description + reading order + non-color cue + keyboard semantics when interactive,grayscale-safe compiled print mapping or verified SVG asset,<50 KB optimized SVG target; interactive route payload remains route-local and within BVLP budgets,"VisualSpec v1 only; no renderer APIs, arbitrary code, raw TikZ, or source LaTeX in public payloads"
A8.2-V3,A8.2,A8,Representation,Failure-of-grouping example.,Interactive when manipulation reveals mechanism; otherwise static SVG.,"Describe all mathematically relevant geometry, labels, direction, and state without giving away an intended inference.",/subjects/math/algebra/factoring-quadratics/factoring-by-grouping/,static-svg,no,,mandatory deterministic SVG; unchanged on interaction failure,title + visible caption + long description + reading order + non-color cue + keyboard semantics when interactive,grayscale-safe compiled print mapping or verified SVG asset,<50 KB optimized SVG target; interactive route payload remains route-local and within BVLP budgets,"VisualSpec v1 only; no renderer APIs, arbitrary code, raw TikZ, or source LaTeX in public payloads"
A8.3-V1,A8.3,A8,Anchor,Area rectangle.,Interactive when manipulation reveals mechanism; otherwise static SVG.,"Describe all mathematically relevant geometry, labels, direction, and state without giving away an intended inference.",/subjects/math/algebra/factoring-quadratics/factoring-x-2-bx-c/,static-svg,no,,mandatory deterministic SVG; unchanged on interaction failure,title + visible caption + long description + reading order + non-color cue + keyboard semantics when interactive,grayscale-safe compiled print mapping or verified SVG asset,<50 KB optimized SVG target; interactive route payload remains route-local and within BVLP budgets,"VisualSpec v1 only; no renderer APIs, arbitrary code, raw TikZ, or source LaTeX in public payloads"
A8.3-V2,A8.3,A8,Mechanism,Factor-pair table.,Interactive when manipulation reveals mechanism; otherwise static SVG.,"Describe all mathematically relevant geometry, labels, direction, and state without giving away an intended inference.",/subjects/math/algebra/factoring-quadratics/factoring-x-2-bx-c/,static-svg,no,,mandatory deterministic SVG; unchanged on interaction failure,title + visible caption + long description + reading order + non-color cue + keyboard semantics when interactive,grayscale-safe compiled print mapping or verified SVG asset,<50 KB optimized SVG target; interactive route payload remains route-local and within BVLP budgets,"VisualSpec v1 only; no renderer APIs, arbitrary code, raw TikZ, or source LaTeX in public payloads"
A8.3-V3,A8.3,A8,Representation,Root preview.,Interactive when manipulation reveals mechanism; otherwise static SVG.,"Describe all mathematically relevant geometry, labels, direction, and state without giving away an intended inference.",/subjects/math/algebra/factoring-quadratics/factoring-x-2-bx-c/,static-svg,no,,mandatory deterministic SVG; unchanged on interaction failure,title + visible caption + long description + reading order + non-color cue + keyboard semantics when interactive,grayscale-safe compiled print mapping or verified SVG asset,<50 KB optimized SVG target; interactive route payload remains route-local and within BVLP budgets,"VisualSpec v1 only; no renderer APIs, arbitrary code, raw TikZ, or source LaTeX in public payloads"
A8.4-V1,A8.4,A8,Anchor,ac decomposition map.,Interactive when manipulation reveals mechanism; otherwise static SVG.,"Describe all mathematically relevant geometry, labels, direction, and state without giving away an intended inference.",/subjects/math/algebra/factoring-quadratics/factoring-ax-2-bx-c/,static-svg,no,,mandatory deterministic SVG; unchanged on interaction failure,title + visible caption + long description + reading order + non-color cue + keyboard semantics when interactive,grayscale-safe compiled print mapping or verified SVG asset,<50 KB optimized SVG target; interactive route payload remains route-local and within BVLP budgets,"VisualSpec v1 only; no renderer APIs, arbitrary code, raw TikZ, or source LaTeX in public payloads"
A8.4-V2,A8.4,A8,Mechanism,Box model.,Interactive when manipulation reveals mechanism; otherwise static SVG.,"Describe all mathematically relevant geometry, labels, direction, and state without giving away an intended inference.",/subjects/math/algebra/factoring-quadratics/factoring-ax-2-bx-c/,static-svg,no,,mandatory deterministic SVG; unchanged on interaction failure,title + visible caption + long description + reading order + non-color cue + keyboard semantics when interactive,grayscale-safe compiled print mapping or verified SVG asset,<50 KB optimized SVG target; interactive route payload remains route-local and within BVLP budgets,"VisualSpec v1 only; no renderer APIs, arbitrary code, raw TikZ, or source LaTeX in public payloads"
A8.4-V3,A8.4,A8,Representation,Coefficient check.,Interactive when manipulation reveals mechanism; otherwise static SVG.,"Describe all mathematically relevant geometry, labels, direction, and state without giving away an intended inference.",/subjects/math/algebra/factoring-quadratics/factoring-ax-2-bx-c/,static-svg,no,,mandatory deterministic SVG; unchanged on interaction failure,title + visible caption + long description + reading order + non-color cue + keyboard semantics when interactive,grayscale-safe compiled print mapping or verified SVG asset,<50 KB optimized SVG target; interactive route payload remains route-local and within BVLP budgets,"VisualSpec v1 only; no renderer APIs, arbitrary code, raw TikZ, or source LaTeX in public payloads"
A8.5-V1,A8.5,A8,Anchor,Geometric difference of squares.,Interactive when manipulation reveals mechanism; otherwise static SVG.,"Describe all mathematically relevant geometry, labels, direction, and state without giving away an intended inference.",/subjects/math/algebra/factoring-quadratics/special-factoring-patterns/,static-svg,no,,mandatory deterministic SVG; unchanged on interaction failure,title + visible caption + long description + reading order + non-color cue + keyboard semantics when interactive,grayscale-safe compiled print mapping or verified SVG asset,<50 KB optimized SVG target; interactive route payload remains route-local and within BVLP budgets,"VisualSpec v1 only; no renderer APIs, arbitrary code, raw TikZ, or source LaTeX in public payloads"
A8.5-V2,A8.5,A8,Mechanism,Completed-square recognition.,Interactive when manipulation reveals mechanism; otherwise static SVG.,"Describe all mathematically relevant geometry, labels, direction, and state without giving away an intended inference.",/subjects/math/algebra/factoring-quadratics/special-factoring-patterns/,static-svg,no,,mandatory deterministic SVG; unchanged on interaction failure,title + visible caption + long description + reading order + non-color cue + keyboard semantics when interactive,grayscale-safe compiled print mapping or verified SVG asset,<50 KB optimized SVG target; interactive route payload remains route-local and within BVLP budgets,"VisualSpec v1 only; no renderer APIs, arbitrary code, raw TikZ, or source LaTeX in public payloads"
A8.5-V3,A8.5,A8,Representation,Pattern checklist.,Interactive when manipulation reveals mechanism; otherwise static SVG.,"Describe all mathematically relevant geometry, labels, direction, and state without giving away an intended inference.",/subjects/math/algebra/factoring-quadratics/special-factoring-patterns/,static-svg,no,,mandatory deterministic SVG; unchanged on interaction failure,title + visible caption + long description + reading order + non-color cue + keyboard semantics when interactive,grayscale-safe compiled print mapping or verified SVG asset,<50 KB optimized SVG target; interactive route payload remains route-local and within BVLP budgets,"VisualSpec v1 only; no renderer APIs, arbitrary code, raw TikZ, or source LaTeX in public payloads"
A8.6-V1,A8.6,A8,Anchor,Factoring decision tree.,Interactive when manipulation reveals mechanism; otherwise static SVG.,"Describe all mathematically relevant geometry, labels, direction, and state without giving away an intended inference.",/subjects/math/algebra/factoring-quadratics/general-factoring-strategy-and-irreducibility/,static-svg,no,,mandatory deterministic SVG; unchanged on interaction failure,title + visible caption + long description + reading order + non-color cue + keyboard semantics when interactive,grayscale-safe compiled print mapping or verified SVG asset,<50 KB optimized SVG target; interactive route payload remains route-local and within BVLP budgets,"VisualSpec v1 only; no renderer APIs, arbitrary code, raw TikZ, or source LaTeX in public payloads"
A8.6-V2,A8.6,A8,Mechanism,Multistage map.,Interactive when manipulation reveals mechanism; otherwise static SVG.,"Describe all mathematically relevant geometry, labels, direction, and state without giving away an intended inference.",/subjects/math/algebra/factoring-quadratics/general-factoring-strategy-and-irreducibility/,static-svg,no,,mandatory deterministic SVG; unchanged on interaction failure,title + visible caption + long description + reading order + non-color cue + keyboard semantics when interactive,grayscale-safe compiled print mapping or verified SVG asset,<50 KB optimized SVG target; interactive route payload remains route-local and within BVLP budgets,"VisualSpec v1 only; no renderer APIs, arbitrary code, raw TikZ, or source LaTeX in public payloads"
A8.6-V3,A8.6,A8,Representation,Irreducible-over label.,Interactive when manipulation reveals mechanism; otherwise static SVG.,"Describe all mathematically relevant geometry, labels, direction, and state without giving away an intended inference.",/subjects/math/algebra/factoring-quadratics/general-factoring-strategy-and-irreducibility/,static-svg,no,,mandatory deterministic SVG; unchanged on interaction failure,title + visible caption + long description + reading order + non-color cue + keyboard semantics when interactive,grayscale-safe compiled print mapping or verified SVG asset,<50 KB optimized SVG target; interactive route payload remains route-local and within BVLP budgets,"VisualSpec v1 only; no renderer APIs, arbitrary code, raw TikZ, or source LaTeX in public payloads"
A8.7-V1,A8.7,A8,Anchor,Product collapse.,Interactive when manipulation reveals mechanism; otherwise static SVG.,"Describe all mathematically relevant geometry, labels, direction, and state without giving away an intended inference.",/subjects/math/algebra/factoring-quadratics/zero-product-property/,static-svg,no,,mandatory deterministic SVG; unchanged on interaction failure,title + visible caption + long description + reading order + non-color cue + keyboard semantics when interactive,grayscale-safe compiled print mapping or verified SVG asset,<50 KB optimized SVG target; interactive route payload remains route-local and within BVLP budgets,"VisualSpec v1 only; no renderer APIs, arbitrary code, raw TikZ, or source LaTeX in public payloads"
A8.7-V2,A8.7,A8,Mechanism,Zero-factor logic tree.,Interactive when manipulation reveals mechanism; otherwise static SVG.,"Describe all mathematically relevant geometry, labels, direction, and state without giving away an intended inference.",/subjects/math/algebra/factoring-quadratics/zero-product-property/,static-svg,no,,mandatory deterministic SVG; unchanged on interaction failure,title + visible caption + long description + reading order + non-color cue + keyboard semantics when interactive,grayscale-safe compiled print mapping or verified SVG asset,<50 KB optimized SVG target; interactive route payload remains route-local and within BVLP budgets,"VisualSpec v1 only; no renderer APIs, arbitrary code, raw TikZ, or source LaTeX in public payloads"
A8.7-V3,A8.7,A8,Representation,Nonzero-right-side warning.,Interactive when manipulation reveals mechanism; otherwise static SVG.,"Describe all mathematically relevant geometry, labels, direction, and state without giving away an intended inference.",/subjects/math/algebra/factoring-quadratics/zero-product-property/,static-svg,no,,mandatory deterministic SVG; unchanged on interaction failure,title + visible caption + long description + reading order + non-color cue + keyboard semantics when interactive,grayscale-safe compiled print mapping or verified SVG asset,<50 KB optimized SVG target; interactive route payload remains route-local and within BVLP budgets,"VisualSpec v1 only; no renderer APIs, arbitrary code, raw TikZ, or source LaTeX in public payloads"
A8.8-V1,A8.8,A8,Anchor,Equation-to-zero pipeline.,Interactive when manipulation reveals mechanism; otherwise static SVG.,"Describe all mathematically relevant geometry, labels, direction, and state without giving away an intended inference.",/subjects/math/algebra/factoring-quadratics/solving-quadratics-by-factoring/,static-svg,no,,mandatory deterministic SVG; unchanged on interaction failure,title + visible caption + long description + reading order + non-color cue + keyboard semantics when interactive,grayscale-safe compiled print mapping or verified SVG asset,<50 KB optimized SVG target; interactive route payload remains route-local and within BVLP budgets,"VisualSpec v1 only; no renderer APIs, arbitrary code, raw TikZ, or source LaTeX in public payloads"
A8.8-V2,A8.8,A8,Mechanism,Factors linked to roots.,Interactive when manipulation reveals mechanism; otherwise static SVG.,"Describe all mathematically relevant geometry, labels, direction, and state without giving away an intended inference.",/subjects/math/algebra/factoring-quadratics/solving-quadratics-by-factoring/,static-svg,no,,mandatory deterministic SVG; unchanged on interaction failure,title + visible caption + long description + reading order + non-color cue + keyboard semantics when interactive,grayscale-safe compiled print mapping or verified SVG asset,<50 KB optimized SVG target; interactive route payload remains route-local and within BVLP budgets,"VisualSpec v1 only; no renderer APIs, arbitrary code, raw TikZ, or source LaTeX in public payloads"
A8.8-V3,A8.8,A8,Representation,Original-equation check.,Interactive when manipulation reveals mechanism; otherwise static SVG.,"Describe all mathematically relevant geometry, labels, direction, and state without giving away an intended inference.",/subjects/math/algebra/factoring-quadratics/solving-quadratics-by-factoring/,static-svg,no,,mandatory deterministic SVG; unchanged on interaction failure,title + visible caption + long description + reading order + non-color cue + keyboard semantics when interactive,grayscale-safe compiled print mapping or verified SVG asset,<50 KB optimized SVG target; interactive route payload remains route-local and within BVLP budgets,"VisualSpec v1 only; no renderer APIs, arbitrary code, raw TikZ, or source LaTeX in public payloads"
A8.9-V1,A8.9,A8,Anchor,Symmetric root points.,Interactive when manipulation reveals mechanism; otherwise static SVG.,"Describe all mathematically relevant geometry, labels, direction, and state without giving away an intended inference.",/subjects/math/algebra/factoring-quadratics/square-root-method/,static-svg,no,,mandatory deterministic SVG; unchanged on interaction failure,title + visible caption + long description + reading order + non-color cue + keyboard semantics when interactive,grayscale-safe compiled print mapping or verified SVG asset,<50 KB optimized SVG target; interactive route payload remains route-local and within BVLP budgets,"VisualSpec v1 only; no renderer APIs, arbitrary code, raw TikZ, or source LaTeX in public payloads"
A8.9-V2,A8.9,A8,Mechanism,Transformed square.,Interactive when manipulation reveals mechanism; otherwise static SVG.,"Describe all mathematically relevant geometry, labels, direction, and state without giving away an intended inference.",/subjects/math/algebra/factoring-quadratics/square-root-method/,static-svg,no,,mandatory deterministic SVG; unchanged on interaction failure,title + visible caption + long description + reading order + non-color cue + keyboard semantics when interactive,grayscale-safe compiled print mapping or verified SVG asset,<50 KB optimized SVG target; interactive route payload remains route-local and within BVLP budgets,"VisualSpec v1 only; no renderer APIs, arbitrary code, raw TikZ, or source LaTeX in public payloads"
A8.9-V3,A8.9,A8,Representation,Omitted plus/minus error.,Interactive when manipulation reveals mechanism; otherwise static SVG.,"Describe all mathematically relevant geometry, labels, direction, and state without giving away an intended inference.",/subjects/math/algebra/factoring-quadratics/square-root-method/,static-svg,no,,mandatory deterministic SVG; unchanged on interaction failure,title + visible caption + long description + reading order + non-color cue + keyboard semantics when interactive,grayscale-safe compiled print mapping or verified SVG asset,<50 KB optimized SVG target; interactive route payload remains route-local and within BVLP budgets,"VisualSpec v1 only; no renderer APIs, arbitrary code, raw TikZ, or source LaTeX in public payloads"
A8.10-V1,A8.10,A8,Anchor,Area pieces.,Interactive when manipulation reveals mechanism; otherwise static SVG.,"Describe all mathematically relevant geometry, labels, direction, and state without giving away an intended inference.",/subjects/math/algebra/factoring-quadratics/completing-the-square-geometrically/,static-svg,no,,mandatory deterministic SVG; unchanged on interaction failure,title + visible caption + long description + reading order + non-color cue + keyboard semantics when interactive,grayscale-safe compiled print mapping or verified SVG asset,<50 KB optimized SVG target; interactive route payload remains route-local and within BVLP budgets,"VisualSpec v1 only; no renderer APIs, arbitrary code, raw TikZ, or source LaTeX in public payloads"
A8.10-V2,A8.10,A8,Mechanism,Missing corner.,Interactive when manipulation reveals mechanism; otherwise static SVG.,"Describe all mathematically relevant geometry, labels, direction, and state without giving away an intended inference.",/subjects/math/algebra/factoring-quadratics/completing-the-square-geometrically/,static-svg,no,,mandatory deterministic SVG; unchanged on interaction failure,title + visible caption + long description + reading order + non-color cue + keyboard semantics when interactive,grayscale-safe compiled print mapping or verified SVG asset,<50 KB optimized SVG target; interactive route payload remains route-local and within BVLP budgets,"VisualSpec v1 only; no renderer APIs, arbitrary code, raw TikZ, or source LaTeX in public payloads"
A8.10-V3,A8.10,A8,Representation,Side-length labels.,Interactive when manipulation reveals mechanism; otherwise static SVG.,"Describe all mathematically relevant geometry, labels, direction, and state without giving away an intended inference.",/subjects/math/algebra/factoring-quadratics/completing-the-square-geometrically/,static-svg,no,,mandatory deterministic SVG; unchanged on interaction failure,title + visible caption + long description + reading order + non-color cue + keyboard semantics when interactive,grayscale-safe compiled print mapping or verified SVG asset,<50 KB optimized SVG target; interactive route payload remains route-local and within BVLP budgets,"VisualSpec v1 only; no renderer APIs, arbitrary code, raw TikZ, or source LaTeX in public payloads"
A8.11-V1,A8.11,A8,Anchor,Geometry-to-symbol transition.,Interactive when manipulation reveals mechanism; otherwise static SVG.,"Describe all mathematically relevant geometry, labels, direction, and state without giving away an intended inference.",/subjects/math/algebra/factoring-quadratics/completing-the-square-algebraically/,static-svg,no,,mandatory deterministic SVG; unchanged on interaction failure,title + visible caption + long description + reading order + non-color cue + keyboard semantics when interactive,grayscale-safe compiled print mapping or verified SVG asset,<50 KB optimized SVG target; interactive route payload remains route-local and within BVLP budgets,"VisualSpec v1 only; no renderer APIs, arbitrary code, raw TikZ, or source LaTeX in public payloads"
A8.11-V2,A8.11,A8,Mechanism,Balanced addition.,Interactive when manipulation reveals mechanism; otherwise static SVG.,"Describe all mathematically relevant geometry, labels, direction, and state without giving away an intended inference.",/subjects/math/algebra/factoring-quadratics/completing-the-square-algebraically/,static-svg,no,,mandatory deterministic SVG; unchanged on interaction failure,title + visible caption + long description + reading order + non-color cue + keyboard semantics when interactive,grayscale-safe compiled print mapping or verified SVG asset,<50 KB optimized SVG target; interactive route payload remains route-local and within BVLP budgets,"VisualSpec v1 only; no renderer APIs, arbitrary code, raw TikZ, or source LaTeX in public payloads"
A8.11-V3,A8.11,A8,Representation,Vertex-form preview.,Interactive when manipulation reveals mechanism; otherwise static SVG.,"Describe all mathematically relevant geometry, labels, direction, and state without giving away an intended inference.",/subjects/math/algebra/factoring-quadratics/completing-the-square-algebraically/,static-svg,no,,mandatory deterministic SVG; unchanged on interaction failure,title + visible caption + long description + reading order + non-color cue + keyboard semantics when interactive,grayscale-safe compiled print mapping or verified SVG asset,<50 KB optimized SVG target; interactive route payload remains route-local and within BVLP budgets,"VisualSpec v1 only; no renderer APIs, arbitrary code, raw TikZ, or source LaTeX in public payloads"
A8.12-V1,A8.12,A8,Anchor,Derivation from ax^2+bx+c=0.,Interactive when manipulation reveals mechanism; otherwise static SVG.,"Describe all mathematically relevant geometry, labels, direction, and state without giving away an intended inference.",/subjects/math/algebra/factoring-quadratics/quadratic-formula-and-discriminant/,static-svg,no,,mandatory deterministic SVG; unchanged on interaction failure,title + visible caption + long description + reading order + non-color cue + keyboard semantics when interactive,grayscale-safe compiled print mapping or verified SVG asset,<50 KB optimized SVG target; interactive route payload remains route-local and within BVLP budgets,"VisualSpec v1 only; no renderer APIs, arbitrary code, raw TikZ, or source LaTeX in public payloads"
A8.12-V2,A8.12,A8,Mechanism,Discriminant decision map.,Interactive when manipulation reveals mechanism; otherwise static SVG.,"Describe all mathematically relevant geometry, labels, direction, and state without giving away an intended inference.",/subjects/math/algebra/factoring-quadratics/quadratic-formula-and-discriminant/,static-svg,no,,mandatory deterministic SVG; unchanged on interaction failure,title + visible caption + long description + reading order + non-color cue + keyboard semantics when interactive,grayscale-safe compiled print mapping or verified SVG asset,<50 KB optimized SVG target; interactive route payload remains route-local and within BVLP budgets,"VisualSpec v1 only; no renderer APIs, arbitrary code, raw TikZ, or source LaTeX in public payloads"
A8.12-V3,A8.12,A8,Representation,Graph intersection preview.,Interactive when manipulation reveals mechanism; otherwise static SVG.,"Describe all mathematically relevant geometry, labels, direction, and state without giving away an intended inference.",/subjects/math/algebra/factoring-quadratics/quadratic-formula-and-discriminant/,static-svg,no,,mandatory deterministic SVG; unchanged on interaction failure,title + visible caption + long description + reading order + non-color cue + keyboard semantics when interactive,grayscale-safe compiled print mapping or verified SVG asset,<50 KB optimized SVG target; interactive route payload remains route-local and within BVLP budgets,"VisualSpec v1 only; no renderer APIs, arbitrary code, raw TikZ, or source LaTeX in public payloads"
A9.1-V1,A9.1,A9,Anchor,Same parabola with three formulas.,Interactive when manipulation reveals mechanism; otherwise static SVG.,"Describe all mathematically relevant geometry, labels, direction, and state without giving away an intended inference.",/subjects/math/algebra/quadratic-functions/quadratic-relations-and-three-useful-forms/,static-svg,no,,mandatory deterministic SVG; unchanged on interaction failure,title + visible caption + long description + reading order + non-color cue + keyboard semantics when interactive,grayscale-safe compiled print mapping or verified SVG asset,<50 KB optimized SVG target; interactive route payload remains route-local and within BVLP budgets,"VisualSpec v1 only; no renderer APIs, arbitrary code, raw TikZ, or source LaTeX in public payloads"
A9.1-V2,A9.1,A9,Mechanism,Feature table.,Interactive when manipulation reveals mechanism; otherwise static SVG.,"Describe all mathematically relevant geometry, labels, direction, and state without giving away an intended inference.",/subjects/math/algebra/quadratic-functions/quadratic-relations-and-three-useful-forms/,static-svg,no,,mandatory deterministic SVG; unchanged on interaction failure,title + visible caption + long description + reading order + non-color cue + keyboard semantics when interactive,grayscale-safe compiled print mapping or verified SVG asset,<50 KB optimized SVG target; interactive route payload remains route-local and within BVLP budgets,"VisualSpec v1 only; no renderer APIs, arbitrary code, raw TikZ, or source LaTeX in public payloads"
A9.1-V3,A9.1,A9,Representation,Conversion map.,Interactive when manipulation reveals mechanism; otherwise static SVG.,"Describe all mathematically relevant geometry, labels, direction, and state without giving away an intended inference.",/subjects/math/algebra/quadratic-functions/quadratic-relations-and-three-useful-forms/,static-svg,no,,mandatory deterministic SVG; unchanged on interaction failure,title + visible caption + long description + reading order + non-color cue + keyboard semantics when interactive,grayscale-safe compiled print mapping or verified SVG asset,<50 KB optimized SVG target; interactive route payload remains route-local and within BVLP budgets,"VisualSpec v1 only; no renderer APIs, arbitrary code, raw TikZ, or source LaTeX in public payloads"
A9.2-V1,A9.2,A9,Anchor,Parameter sliders.,Interactive when manipulation reveals mechanism; otherwise static SVG.,"Describe all mathematically relevant geometry, labels, direction, and state without giving away an intended inference.",/subjects/math/algebra/quadratic-functions/graphing-parabolas/,bettergrades-interactive-2d,yes,bounded-slider; reset,mandatory deterministic SVG; unchanged on interaction failure,title + visible caption + long description + reading order + non-color cue + keyboard semantics when interactive,grayscale-safe compiled print mapping or verified SVG asset,<50 KB optimized SVG target; interactive route payload remains route-local and within BVLP budgets,"VisualSpec v1 only; no renderer APIs, arbitrary code, raw TikZ, or source LaTeX in public payloads"
A9.2-V2,A9.2,A9,Mechanism,Symmetry fold.,Interactive when manipulation reveals mechanism; otherwise static SVG.,"Describe all mathematically relevant geometry, labels, direction, and state without giving away an intended inference.",/subjects/math/algebra/quadratic-functions/graphing-parabolas/,static-svg,no,,mandatory deterministic SVG; unchanged on interaction failure,title + visible caption + long description + reading order + non-color cue + keyboard semantics when interactive,grayscale-safe compiled print mapping or verified SVG asset,<50 KB optimized SVG target; interactive route payload remains route-local and within BVLP budgets,"VisualSpec v1 only; no renderer APIs, arbitrary code, raw TikZ, or source LaTeX in public payloads"
A9.2-V3,A9.2,A9,Representation,Key-point construction.,Interactive when manipulation reveals mechanism; otherwise static SVG.,"Describe all mathematically relevant geometry, labels, direction, and state without giving away an intended inference.",/subjects/math/algebra/quadratic-functions/graphing-parabolas/,static-svg,no,,mandatory deterministic SVG; unchanged on interaction failure,title + visible caption + long description + reading order + non-color cue + keyboard semantics when interactive,grayscale-safe compiled print mapping or verified SVG asset,<50 KB optimized SVG target; interactive route payload remains route-local and within BVLP budgets,"VisualSpec v1 only; no renderer APIs, arbitrary code, raw TikZ, or source LaTeX in public payloads"
A9.3-V1,A9.3,A9,Anchor,Factors switching sign.,Interactive when manipulation reveals mechanism; otherwise static SVG.,"Describe all mathematically relevant geometry, labels, direction, and state without giving away an intended inference.",/subjects/math/algebra/quadratic-functions/factored-form-and-zeros/,static-svg,no,,mandatory deterministic SVG; unchanged on interaction failure,title + visible caption + long description + reading order + non-color cue + keyboard semantics when interactive,grayscale-safe compiled print mapping or verified SVG asset,<50 KB optimized SVG target; interactive route payload remains route-local and within BVLP budgets,"VisualSpec v1 only; no renderer APIs, arbitrary code, raw TikZ, or source LaTeX in public payloads"
A9.3-V2,A9.3,A9,Mechanism,Root markers.,Interactive when manipulation reveals mechanism; otherwise static SVG.,"Describe all mathematically relevant geometry, labels, direction, and state without giving away an intended inference.",/subjects/math/algebra/quadratic-functions/factored-form-and-zeros/,static-svg,no,,mandatory deterministic SVG; unchanged on interaction failure,title + visible caption + long description + reading order + non-color cue + keyboard semantics when interactive,grayscale-safe compiled print mapping or verified SVG asset,<50 KB optimized SVG target; interactive route payload remains route-local and within BVLP budgets,"VisualSpec v1 only; no renderer APIs, arbitrary code, raw TikZ, or source LaTeX in public payloads"
A9.3-V3,A9.3,A9,Representation,Double-root tangent case.,Interactive when manipulation reveals mechanism; otherwise static SVG.,"Describe all mathematically relevant geometry, labels, direction, and state without giving away an intended inference.",/subjects/math/algebra/quadratic-functions/factored-form-and-zeros/,static-svg,no,,mandatory deterministic SVG; unchanged on interaction failure,title + visible caption + long description + reading order + non-color cue + keyboard semantics when interactive,grayscale-safe compiled print mapping or verified SVG asset,<50 KB optimized SVG target; interactive route payload remains route-local and within BVLP budgets,"VisualSpec v1 only; no renderer APIs, arbitrary code, raw TikZ, or source LaTeX in public payloads"
A9.4-V1,A9.4,A9,Anchor,Parent transformation.,Interactive when manipulation reveals mechanism; otherwise static SVG.,"Describe all mathematically relevant geometry, labels, direction, and state without giving away an intended inference.",/subjects/math/algebra/quadratic-functions/vertex-form-and-transformations/,bettergrades-interactive-2d,yes,reset,mandatory deterministic SVG; unchanged on interaction failure,title + visible caption + long description + reading order + non-color cue + keyboard semantics when interactive,grayscale-safe compiled print mapping or verified SVG asset,<50 KB optimized SVG target; interactive route payload remains route-local and within BVLP budgets,"VisualSpec v1 only; no renderer APIs, arbitrary code, raw TikZ, or source LaTeX in public payloads"
A9.4-V2,A9.4,A9,Mechanism,Coordinate mapping.,Interactive when manipulation reveals mechanism; otherwise static SVG.,"Describe all mathematically relevant geometry, labels, direction, and state without giving away an intended inference.",/subjects/math/algebra/quadratic-functions/vertex-form-and-transformations/,static-svg,no,,mandatory deterministic SVG; unchanged on interaction failure,title + visible caption + long description + reading order + non-color cue + keyboard semantics when interactive,grayscale-safe compiled print mapping or verified SVG asset,<50 KB optimized SVG target; interactive route payload remains route-local and within BVLP budgets,"VisualSpec v1 only; no renderer APIs, arbitrary code, raw TikZ, or source LaTeX in public payloads"
A9.4-V3,A9.4,A9,Representation,Inside/outside sign comparison.,Interactive when manipulation reveals mechanism; otherwise static SVG.,"Describe all mathematically relevant geometry, labels, direction, and state without giving away an intended inference.",/subjects/math/algebra/quadratic-functions/vertex-form-and-transformations/,static-svg,no,,mandatory deterministic SVG; unchanged on interaction failure,title + visible caption + long description + reading order + non-color cue + keyboard semantics when interactive,grayscale-safe compiled print mapping or verified SVG asset,<50 KB optimized SVG target; interactive route payload remains route-local and within BVLP budgets,"VisualSpec v1 only; no renderer APIs, arbitrary code, raw TikZ, or source LaTeX in public payloads"
A9.5-V1,A9.5,A9,Anchor,Strategic conversion triangle.,Interactive when manipulation reveals mechanism; otherwise static SVG.,"Describe all mathematically relevant geometry, labels, direction, and state without giving away an intended inference.",/subjects/math/algebra/quadratic-functions/moving-among-forms/,static-svg,no,,mandatory deterministic SVG; unchanged on interaction failure,title + visible caption + long description + reading order + non-color cue + keyboard semantics when interactive,grayscale-safe compiled print mapping or verified SVG asset,<50 KB optimized SVG target; interactive route payload remains route-local and within BVLP budgets,"VisualSpec v1 only; no renderer APIs, arbitrary code, raw TikZ, or source LaTeX in public payloads"
A9.5-V2,A9.5,A9,Mechanism,Preserved features.,Interactive when manipulation reveals mechanism; otherwise static SVG.,"Describe all mathematically relevant geometry, labels, direction, and state without giving away an intended inference.",/subjects/math/algebra/quadratic-functions/moving-among-forms/,static-svg,no,,mandatory deterministic SVG; unchanged on interaction failure,title + visible caption + long description + reading order + non-color cue + keyboard semantics when interactive,grayscale-safe compiled print mapping or verified SVG asset,<50 KB optimized SVG target; interactive route payload remains route-local and within BVLP budgets,"VisualSpec v1 only; no renderer APIs, arbitrary code, raw TikZ, or source LaTeX in public payloads"
A9.5-V3,A9.5,A9,Representation,Worked comparison.,Interactive when manipulation reveals mechanism; otherwise static SVG.,"Describe all mathematically relevant geometry, labels, direction, and state without giving away an intended inference.",/subjects/math/algebra/quadratic-functions/moving-among-forms/,static-svg,no,,mandatory deterministic SVG; unchanged on interaction failure,title + visible caption + long description + reading order + non-color cue + keyboard semantics when interactive,grayscale-safe compiled print mapping or verified SVG asset,<50 KB optimized SVG target; interactive route payload remains route-local and within BVLP budgets,"VisualSpec v1 only; no renderer APIs, arbitrary code, raw TikZ, or source LaTeX in public payloads"
A9.6-V1,A9.6,A9,Anchor,Projectile path.,Interactive when manipulation reveals mechanism; otherwise static SVG.,"Describe all mathematically relevant geometry, labels, direction, and state without giving away an intended inference.",/subjects/math/algebra/quadratic-functions/quadratic-models-and-extrema/,static-svg,no,,mandatory deterministic SVG; unchanged on interaction failure,title + visible caption + long description + reading order + non-color cue + keyboard semantics when interactive,grayscale-safe compiled print mapping or verified SVG asset,<50 KB optimized SVG target; interactive route payload remains route-local and within BVLP budgets,"VisualSpec v1 only; no renderer APIs, arbitrary code, raw TikZ, or source LaTeX in public payloads"
A9.6-V2,A9.6,A9,Mechanism,Area/revenue curve.,Interactive when manipulation reveals mechanism; otherwise static SVG.,"Describe all mathematically relevant geometry, labels, direction, and state without giving away an intended inference.",/subjects/math/algebra/quadratic-functions/quadratic-models-and-extrema/,static-svg,no,,mandatory deterministic SVG; unchanged on interaction failure,title + visible caption + long description + reading order + non-color cue + keyboard semantics when interactive,grayscale-safe compiled print mapping or verified SVG asset,<50 KB optimized SVG target; interactive route payload remains route-local and within BVLP budgets,"VisualSpec v1 only; no renderer APIs, arbitrary code, raw TikZ, or source LaTeX in public payloads"
A9.6-V3,A9.6,A9,Representation,Units at vertex.,Interactive when manipulation reveals mechanism; otherwise static SVG.,"Describe all mathematically relevant geometry, labels, direction, and state without giving away an intended inference.",/subjects/math/algebra/quadratic-functions/quadratic-models-and-extrema/,static-svg,no,,mandatory deterministic SVG; unchanged on interaction failure,title + visible caption + long description + reading order + non-color cue + keyboard semantics when interactive,grayscale-safe compiled print mapping or verified SVG asset,<50 KB optimized SVG target; interactive route payload remains route-local and within BVLP budgets,"VisualSpec v1 only; no renderer APIs, arbitrary code, raw TikZ, or source LaTeX in public payloads"
A9.7-V1,A9.7,A9,Anchor,Parabola above/below regions.,Interactive when manipulation reveals mechanism; otherwise static SVG.,"Describe all mathematically relevant geometry, labels, direction, and state without giving away an intended inference.",/subjects/math/algebra/quadratic-functions/quadratic-inequalities/,static-svg,no,,mandatory deterministic SVG; unchanged on interaction failure,title + visible caption + long description + reading order + non-color cue + keyboard semantics when interactive,grayscale-safe compiled print mapping or verified SVG asset,<50 KB optimized SVG target; interactive route payload remains route-local and within BVLP budgets,"VisualSpec v1 only; no renderer APIs, arbitrary code, raw TikZ, or source LaTeX in public payloads"
A9.7-V2,A9.7,A9,Mechanism,Sign chart.,Interactive when manipulation reveals mechanism; otherwise static SVG.,"Describe all mathematically relevant geometry, labels, direction, and state without giving away an intended inference.",/subjects/math/algebra/quadratic-functions/quadratic-inequalities/,static-svg,no,,mandatory deterministic SVG; unchanged on interaction failure,title + visible caption + long description + reading order + non-color cue + keyboard semantics when interactive,grayscale-safe compiled print mapping or verified SVG asset,<50 KB optimized SVG target; interactive route payload remains route-local and within BVLP budgets,"VisualSpec v1 only; no renderer APIs, arbitrary code, raw TikZ, or source LaTeX in public payloads"
A9.7-V3,A9.7,A9,Representation,Endpoint inclusion.,Interactive when manipulation reveals mechanism; otherwise static SVG.,"Describe all mathematically relevant geometry, labels, direction, and state without giving away an intended inference.",/subjects/math/algebra/quadratic-functions/quadratic-inequalities/,static-svg,no,,mandatory deterministic SVG; unchanged on interaction failure,title + visible caption + long description + reading order + non-color cue + keyboard semantics when interactive,grayscale-safe compiled print mapping or verified SVG asset,<50 KB optimized SVG target; interactive route payload remains route-local and within BVLP budgets,"VisualSpec v1 only; no renderer APIs, arbitrary code, raw TikZ, or source LaTeX in public payloads"
A9.8-V1,A9.8,A9,Anchor,Scatterplot with quadratic fit.,Interactive when manipulation reveals mechanism; otherwise static SVG.,"Describe all mathematically relevant geometry, labels, direction, and state without giving away an intended inference.",/subjects/math/algebra/quadratic-functions/quadratic-regression-and-model-limitations/,static-svg,no,,mandatory deterministic SVG; unchanged on interaction failure,title + visible caption + long description + reading order + non-color cue + keyboard semantics when interactive,grayscale-safe compiled print mapping or verified SVG asset,<50 KB optimized SVG target; interactive route payload remains route-local and within BVLP budgets,"VisualSpec v1 only; no renderer APIs, arbitrary code, raw TikZ, or source LaTeX in public payloads"
A9.8-V2,A9.8,A9,Mechanism,Residuals.,Interactive when manipulation reveals mechanism; otherwise static SVG.,"Describe all mathematically relevant geometry, labels, direction, and state without giving away an intended inference.",/subjects/math/algebra/quadratic-functions/quadratic-regression-and-model-limitations/,static-svg,no,,mandatory deterministic SVG; unchanged on interaction failure,title + visible caption + long description + reading order + non-color cue + keyboard semantics when interactive,grayscale-safe compiled print mapping or verified SVG asset,<50 KB optimized SVG target; interactive route payload remains route-local and within BVLP budgets,"VisualSpec v1 only; no renderer APIs, arbitrary code, raw TikZ, or source LaTeX in public payloads"
A9.8-V3,A9.8,A9,Representation,Competing models.,Interactive when manipulation reveals mechanism; otherwise static SVG.,"Describe all mathematically relevant geometry, labels, direction, and state without giving away an intended inference.",/subjects/math/algebra/quadratic-functions/quadratic-regression-and-model-limitations/,static-svg,no,,mandatory deterministic SVG; unchanged on interaction failure,title + visible caption + long description + reading order + non-color cue + keyboard semantics when interactive,grayscale-safe compiled print mapping or verified SVG asset,<50 KB optimized SVG target; interactive route payload remains route-local and within BVLP budgets,"VisualSpec v1 only; no renderer APIs, arbitrary code, raw TikZ, or source LaTeX in public payloads"
A10.1-V1,A10.1,A10,Anchor,Denominator-zero detector.,Interactive when manipulation reveals mechanism; otherwise static SVG.,"Describe all mathematically relevant geometry, labels, direction, and state without giving away an intended inference.",/subjects/math/algebra/rational-expressions/rational-expressions-and-restrictions/,static-svg,no,,mandatory deterministic SVG; unchanged on interaction failure,title + visible caption + long description + reading order + non-color cue + keyboard semantics when interactive,grayscale-safe compiled print mapping or verified SVG asset,<50 KB optimized SVG target; interactive route payload remains route-local and within BVLP budgets,"VisualSpec v1 only; no renderer APIs, arbitrary code, raw TikZ, or source LaTeX in public payloads"
A10.1-V2,A10.1,A10,Mechanism,Domain number line.,Interactive when manipulation reveals mechanism; otherwise static SVG.,"Describe all mathematically relevant geometry, labels, direction, and state without giving away an intended inference.",/subjects/math/algebra/rational-expressions/rational-expressions-and-restrictions/,static-svg,no,,mandatory deterministic SVG; unchanged on interaction failure,title + visible caption + long description + reading order + non-color cue + keyboard semantics when interactive,grayscale-safe compiled print mapping or verified SVG asset,<50 KB optimized SVG target; interactive route payload remains route-local and within BVLP budgets,"VisualSpec v1 only; no renderer APIs, arbitrary code, raw TikZ, or source LaTeX in public payloads"
A10.1-V3,A10.1,A10,Representation,Valid/invalid input table.,Interactive when manipulation reveals mechanism; otherwise static SVG.,"Describe all mathematically relevant geometry, labels, direction, and state without giving away an intended inference.",/subjects/math/algebra/rational-expressions/rational-expressions-and-restrictions/,static-svg,no,,mandatory deterministic SVG; unchanged on interaction failure,title + visible caption + long description + reading order + non-color cue + keyboard semantics when interactive,grayscale-safe compiled print mapping or verified SVG asset,<50 KB optimized SVG target; interactive route payload remains route-local and within BVLP budgets,"VisualSpec v1 only; no renderer APIs, arbitrary code, raw TikZ, or source LaTeX in public payloads"
A10.2-V1,A10.2,A10,Anchor,Factor cancellation anatomy.,Interactive when manipulation reveals mechanism; otherwise static SVG.,"Describe all mathematically relevant geometry, labels, direction, and state without giving away an intended inference.",/subjects/math/algebra/rational-expressions/simplifying-rational-expressions/,static-svg,no,,mandatory deterministic SVG; unchanged on interaction failure,title + visible caption + long description + reading order + non-color cue + keyboard semantics when interactive,grayscale-safe compiled print mapping or verified SVG asset,<50 KB optimized SVG target; interactive route payload remains route-local and within BVLP budgets,"VisualSpec v1 only; no renderer APIs, arbitrary code, raw TikZ, or source LaTeX in public payloads"
A10.2-V2,A10.2,A10,Mechanism,Illegal term cancellation.,Interactive when manipulation reveals mechanism; otherwise static SVG.,"Describe all mathematically relevant geometry, labels, direction, and state without giving away an intended inference.",/subjects/math/algebra/rational-expressions/simplifying-rational-expressions/,static-svg,no,,mandatory deterministic SVG; unchanged on interaction failure,title + visible caption + long description + reading order + non-color cue + keyboard semantics when interactive,grayscale-safe compiled print mapping or verified SVG asset,<50 KB optimized SVG target; interactive route payload remains route-local and within BVLP budgets,"VisualSpec v1 only; no renderer APIs, arbitrary code, raw TikZ, or source LaTeX in public payloads"
A10.2-V3,A10.2,A10,Representation,Hole preview.,Interactive when manipulation reveals mechanism; otherwise static SVG.,"Describe all mathematically relevant geometry, labels, direction, and state without giving away an intended inference.",/subjects/math/algebra/rational-expressions/simplifying-rational-expressions/,static-svg,no,,mandatory deterministic SVG; unchanged on interaction failure,title + visible caption + long description + reading order + non-color cue + keyboard semantics when interactive,grayscale-safe compiled print mapping or verified SVG asset,<50 KB optimized SVG target; interactive route payload remains route-local and within BVLP budgets,"VisualSpec v1 only; no renderer APIs, arbitrary code, raw TikZ, or source LaTeX in public payloads"
A10.3-V1,A10.3,A10,Anchor,Factor grid.,Interactive when manipulation reveals mechanism; otherwise static SVG.,"Describe all mathematically relevant geometry, labels, direction, and state without giving away an intended inference.",/subjects/math/algebra/rational-expressions/multiplication-of-rational-expressions/,static-svg,no,,mandatory deterministic SVG; unchanged on interaction failure,title + visible caption + long description + reading order + non-color cue + keyboard semantics when interactive,grayscale-safe compiled print mapping or verified SVG asset,<50 KB optimized SVG target; interactive route payload remains route-local and within BVLP budgets,"VisualSpec v1 only; no renderer APIs, arbitrary code, raw TikZ, or source LaTeX in public payloads"
A10.3-V2,A10.3,A10,Mechanism,Before-after cancellation.,Interactive when manipulation reveals mechanism; otherwise static SVG.,"Describe all mathematically relevant geometry, labels, direction, and state without giving away an intended inference.",/subjects/math/algebra/rational-expressions/multiplication-of-rational-expressions/,static-svg,no,,mandatory deterministic SVG; unchanged on interaction failure,title + visible caption + long description + reading order + non-color cue + keyboard semantics when interactive,grayscale-safe compiled print mapping or verified SVG asset,<50 KB optimized SVG target; interactive route payload remains route-local and within BVLP budgets,"VisualSpec v1 only; no renderer APIs, arbitrary code, raw TikZ, or source LaTeX in public payloads"
A10.3-V3,A10.3,A10,Representation,Multiply-back check.,Interactive when manipulation reveals mechanism; otherwise static SVG.,"Describe all mathematically relevant geometry, labels, direction, and state without giving away an intended inference.",/subjects/math/algebra/rational-expressions/multiplication-of-rational-expressions/,static-svg,no,,mandatory deterministic SVG; unchanged on interaction failure,title + visible caption + long description + reading order + non-color cue + keyboard semantics when interactive,grayscale-safe compiled print mapping or verified SVG asset,<50 KB optimized SVG target; interactive route payload remains route-local and within BVLP budgets,"VisualSpec v1 only; no renderer APIs, arbitrary code, raw TikZ, or source LaTeX in public payloads"
A10.4-V1,A10.4,A10,Anchor,Division-to-reciprocal transformation.,Interactive when manipulation reveals mechanism; otherwise static SVG.,"Describe all mathematically relevant geometry, labels, direction, and state without giving away an intended inference.",/subjects/math/algebra/rational-expressions/division-of-rational-expressions/,static-svg,no,,mandatory deterministic SVG; unchanged on interaction failure,title + visible caption + long description + reading order + non-color cue + keyboard semantics when interactive,grayscale-safe compiled print mapping or verified SVG asset,<50 KB optimized SVG target; interactive route payload remains route-local and within BVLP budgets,"VisualSpec v1 only; no renderer APIs, arbitrary code, raw TikZ, or source LaTeX in public payloads"
A10.4-V2,A10.4,A10,Mechanism,Double restriction panel.,Interactive when manipulation reveals mechanism; otherwise static SVG.,"Describe all mathematically relevant geometry, labels, direction, and state without giving away an intended inference.",/subjects/math/algebra/rational-expressions/division-of-rational-expressions/,static-svg,no,,mandatory deterministic SVG; unchanged on interaction failure,title + visible caption + long description + reading order + non-color cue + keyboard semantics when interactive,grayscale-safe compiled print mapping or verified SVG asset,<50 KB optimized SVG target; interactive route payload remains route-local and within BVLP budgets,"VisualSpec v1 only; no renderer APIs, arbitrary code, raw TikZ, or source LaTeX in public payloads"
A10.4-V3,A10.4,A10,Representation,Zero-quotient warning.,Interactive when manipulation reveals mechanism; otherwise static SVG.,"Describe all mathematically relevant geometry, labels, direction, and state without giving away an intended inference.",/subjects/math/algebra/rational-expressions/division-of-rational-expressions/,static-svg,no,,mandatory deterministic SVG; unchanged on interaction failure,title + visible caption + long description + reading order + non-color cue + keyboard semantics when interactive,grayscale-safe compiled print mapping or verified SVG asset,<50 KB optimized SVG target; interactive route payload remains route-local and within BVLP budgets,"VisualSpec v1 only; no renderer APIs, arbitrary code, raw TikZ, or source LaTeX in public payloads"
A10.5-V1,A10.5,A10,Anchor,Factor inventory.,Interactive when manipulation reveals mechanism; otherwise static SVG.,"Describe all mathematically relevant geometry, labels, direction, and state without giving away an intended inference.",/subjects/math/algebra/rational-expressions/least-common-denominators/,static-svg,no,,mandatory deterministic SVG; unchanged on interaction failure,title + visible caption + long description + reading order + non-color cue + keyboard semantics when interactive,grayscale-safe compiled print mapping or verified SVG asset,<50 KB optimized SVG target; interactive route payload remains route-local and within BVLP budgets,"VisualSpec v1 only; no renderer APIs, arbitrary code, raw TikZ, or source LaTeX in public payloads"
A10.5-V2,A10.5,A10,Mechanism,LCD assembly.,Interactive when manipulation reveals mechanism; otherwise static SVG.,"Describe all mathematically relevant geometry, labels, direction, and state without giving away an intended inference.",/subjects/math/algebra/rational-expressions/least-common-denominators/,static-svg,no,,mandatory deterministic SVG; unchanged on interaction failure,title + visible caption + long description + reading order + non-color cue + keyboard semantics when interactive,grayscale-safe compiled print mapping or verified SVG asset,<50 KB optimized SVG target; interactive route payload remains route-local and within BVLP budgets,"VisualSpec v1 only; no renderer APIs, arbitrary code, raw TikZ, or source LaTeX in public payloads"
A10.5-V3,A10.5,A10,Representation,Missing-factor highlight.,Interactive when manipulation reveals mechanism; otherwise static SVG.,"Describe all mathematically relevant geometry, labels, direction, and state without giving away an intended inference.",/subjects/math/algebra/rational-expressions/least-common-denominators/,static-svg,no,,mandatory deterministic SVG; unchanged on interaction failure,title + visible caption + long description + reading order + non-color cue + keyboard semantics when interactive,grayscale-safe compiled print mapping or verified SVG asset,<50 KB optimized SVG target; interactive route payload remains route-local and within BVLP budgets,"VisualSpec v1 only; no renderer APIs, arbitrary code, raw TikZ, or source LaTeX in public payloads"
A10.6-V1,A10.6,A10,Anchor,Shared-denominator construction.,Interactive when manipulation reveals mechanism; otherwise static SVG.,"Describe all mathematically relevant geometry, labels, direction, and state without giving away an intended inference.",/subjects/math/algebra/rational-expressions/addition-and-subtraction/,static-svg,no,,mandatory deterministic SVG; unchanged on interaction failure,title + visible caption + long description + reading order + non-color cue + keyboard semantics when interactive,grayscale-safe compiled print mapping or verified SVG asset,<50 KB optimized SVG target; interactive route payload remains route-local and within BVLP budgets,"VisualSpec v1 only; no renderer APIs, arbitrary code, raw TikZ, or source LaTeX in public payloads"
A10.6-V2,A10.6,A10,Mechanism,Sign-distribution panel.,Interactive when manipulation reveals mechanism; otherwise static SVG.,"Describe all mathematically relevant geometry, labels, direction, and state without giving away an intended inference.",/subjects/math/algebra/rational-expressions/addition-and-subtraction/,static-svg,no,,mandatory deterministic SVG; unchanged on interaction failure,title + visible caption + long description + reading order + non-color cue + keyboard semantics when interactive,grayscale-safe compiled print mapping or verified SVG asset,<50 KB optimized SVG target; interactive route payload remains route-local and within BVLP budgets,"VisualSpec v1 only; no renderer APIs, arbitrary code, raw TikZ, or source LaTeX in public payloads"
A10.6-V3,A10.6,A10,Representation,Fraction analogy.,Interactive when manipulation reveals mechanism; otherwise static SVG.,"Describe all mathematically relevant geometry, labels, direction, and state without giving away an intended inference.",/subjects/math/algebra/rational-expressions/addition-and-subtraction/,static-svg,no,,mandatory deterministic SVG; unchanged on interaction failure,title + visible caption + long description + reading order + non-color cue + keyboard semantics when interactive,grayscale-safe compiled print mapping or verified SVG asset,<50 KB optimized SVG target; interactive route payload remains route-local and within BVLP budgets,"VisualSpec v1 only; no renderer APIs, arbitrary code, raw TikZ, or source LaTeX in public payloads"
A10.7-V1,A10.7,A10,Anchor,Whole-fraction grouping.,Interactive when manipulation reveals mechanism; otherwise static SVG.,"Describe all mathematically relevant geometry, labels, direction, and state without giving away an intended inference.",/subjects/math/algebra/rational-expressions/complex-rational-expressions/,static-svg,no,,mandatory deterministic SVG; unchanged on interaction failure,title + visible caption + long description + reading order + non-color cue + keyboard semantics when interactive,grayscale-safe compiled print mapping or verified SVG asset,<50 KB optimized SVG target; interactive route payload remains route-local and within BVLP budgets,"VisualSpec v1 only; no renderer APIs, arbitrary code, raw TikZ, or source LaTeX in public payloads"
A10.7-V2,A10.7,A10,Mechanism,LCD sweep.,Interactive when manipulation reveals mechanism; otherwise static SVG.,"Describe all mathematically relevant geometry, labels, direction, and state without giving away an intended inference.",/subjects/math/algebra/rational-expressions/complex-rational-expressions/,static-svg,no,,mandatory deterministic SVG; unchanged on interaction failure,title + visible caption + long description + reading order + non-color cue + keyboard semantics when interactive,grayscale-safe compiled print mapping or verified SVG asset,<50 KB optimized SVG target; interactive route payload remains route-local and within BVLP budgets,"VisualSpec v1 only; no renderer APIs, arbitrary code, raw TikZ, or source LaTeX in public payloads"
A10.7-V3,A10.7,A10,Representation,Ambiguous stacking correction.,Interactive when manipulation reveals mechanism; otherwise static SVG.,"Describe all mathematically relevant geometry, labels, direction, and state without giving away an intended inference.",/subjects/math/algebra/rational-expressions/complex-rational-expressions/,static-svg,no,,mandatory deterministic SVG; unchanged on interaction failure,title + visible caption + long description + reading order + non-color cue + keyboard semantics when interactive,grayscale-safe compiled print mapping or verified SVG asset,<50 KB optimized SVG target; interactive route payload remains route-local and within BVLP budgets,"VisualSpec v1 only; no renderer APIs, arbitrary code, raw TikZ, or source LaTeX in public payloads"
A10.8-V1,A10.8,A10,Anchor,LCD applied to equation.,Interactive when manipulation reveals mechanism; otherwise static SVG.,"Describe all mathematically relevant geometry, labels, direction, and state without giving away an intended inference.",/subjects/math/algebra/rational-expressions/rational-equations/,static-svg,no,,mandatory deterministic SVG; unchanged on interaction failure,title + visible caption + long description + reading order + non-color cue + keyboard semantics when interactive,grayscale-safe compiled print mapping or verified SVG asset,<50 KB optimized SVG target; interactive route payload remains route-local and within BVLP budgets,"VisualSpec v1 only; no renderer APIs, arbitrary code, raw TikZ, or source LaTeX in public payloads"
A10.8-V2,A10.8,A10,Mechanism,Candidate pipeline.,Interactive when manipulation reveals mechanism; otherwise static SVG.,"Describe all mathematically relevant geometry, labels, direction, and state without giving away an intended inference.",/subjects/math/algebra/rational-expressions/rational-equations/,static-svg,no,,mandatory deterministic SVG; unchanged on interaction failure,title + visible caption + long description + reading order + non-color cue + keyboard semantics when interactive,grayscale-safe compiled print mapping or verified SVG asset,<50 KB optimized SVG target; interactive route payload remains route-local and within BVLP budgets,"VisualSpec v1 only; no renderer APIs, arbitrary code, raw TikZ, or source LaTeX in public payloads"
A10.8-V3,A10.8,A10,Representation,Excluded-solution rejection.,Interactive when manipulation reveals mechanism; otherwise static SVG.,"Describe all mathematically relevant geometry, labels, direction, and state without giving away an intended inference.",/subjects/math/algebra/rational-expressions/rational-equations/,static-svg,no,,mandatory deterministic SVG; unchanged on interaction failure,title + visible caption + long description + reading order + non-color cue + keyboard semantics when interactive,grayscale-safe compiled print mapping or verified SVG asset,<50 KB optimized SVG target; interactive route payload remains route-local and within BVLP budgets,"VisualSpec v1 only; no renderer APIs, arbitrary code, raw TikZ, or source LaTeX in public payloads"
A10.9-V1,A10.9,A10,Anchor,Variation table.,Interactive when manipulation reveals mechanism; otherwise static SVG.,"Describe all mathematically relevant geometry, labels, direction, and state without giving away an intended inference.",/subjects/math/algebra/rational-expressions/direct-inverse-and-joint-variation/,static-svg,no,,mandatory deterministic SVG; unchanged on interaction failure,title + visible caption + long description + reading order + non-color cue + keyboard semantics when interactive,grayscale-safe compiled print mapping or verified SVG asset,<50 KB optimized SVG target; interactive route payload remains route-local and within BVLP budgets,"VisualSpec v1 only; no renderer APIs, arbitrary code, raw TikZ, or source LaTeX in public payloads"
A10.9-V2,A10.9,A10,Mechanism,Parameter-k extraction.,Interactive when manipulation reveals mechanism; otherwise static SVG.,"Describe all mathematically relevant geometry, labels, direction, and state without giving away an intended inference.",/subjects/math/algebra/rational-expressions/direct-inverse-and-joint-variation/,static-svg,no,,mandatory deterministic SVG; unchanged on interaction failure,title + visible caption + long description + reading order + non-color cue + keyboard semantics when interactive,grayscale-safe compiled print mapping or verified SVG asset,<50 KB optimized SVG target; interactive route payload remains route-local and within BVLP budgets,"VisualSpec v1 only; no renderer APIs, arbitrary code, raw TikZ, or source LaTeX in public payloads"
A10.9-V3,A10.9,A10,Representation,Inverse-curve preview.,Interactive when manipulation reveals mechanism; otherwise static SVG.,"Describe all mathematically relevant geometry, labels, direction, and state without giving away an intended inference.",/subjects/math/algebra/rational-expressions/direct-inverse-and-joint-variation/,static-svg,no,,mandatory deterministic SVG; unchanged on interaction failure,title + visible caption + long description + reading order + non-color cue + keyboard semantics when interactive,grayscale-safe compiled print mapping or verified SVG asset,<50 KB optimized SVG target; interactive route payload remains route-local and within BVLP budgets,"VisualSpec v1 only; no renderer APIs, arbitrary code, raw TikZ, or source LaTeX in public payloads"
A10.10-V1,A10.10,A10,Anchor,Sign chart.,Interactive when manipulation reveals mechanism; otherwise static SVG.,"Describe all mathematically relevant geometry, labels, direction, and state without giving away an intended inference.",/subjects/math/algebra/rational-expressions/rational-inequalities-and-introductory-graphs/,static-svg,no,,mandatory deterministic SVG; unchanged on interaction failure,title + visible caption + long description + reading order + non-color cue + keyboard semantics when interactive,grayscale-safe compiled print mapping or verified SVG asset,<50 KB optimized SVG target; interactive route payload remains route-local and within BVLP budgets,"VisualSpec v1 only; no renderer APIs, arbitrary code, raw TikZ, or source LaTeX in public payloads"
A10.10-V2,A10.10,A10,Mechanism,Hole/asymptote comparison.,Interactive when manipulation reveals mechanism; otherwise static SVG.,"Describe all mathematically relevant geometry, labels, direction, and state without giving away an intended inference.",/subjects/math/algebra/rational-expressions/rational-inequalities-and-introductory-graphs/,static-svg,no,,mandatory deterministic SVG; unchanged on interaction failure,title + visible caption + long description + reading order + non-color cue + keyboard semantics when interactive,grayscale-safe compiled print mapping or verified SVG asset,<50 KB optimized SVG target; interactive route payload remains route-local and within BVLP budgets,"VisualSpec v1 only; no renderer APIs, arbitrary code, raw TikZ, or source LaTeX in public payloads"
A10.10-V3,A10.10,A10,Representation,Interval shading.,Interactive when manipulation reveals mechanism; otherwise static SVG.,"Describe all mathematically relevant geometry, labels, direction, and state without giving away an intended inference.",/subjects/math/algebra/rational-expressions/rational-inequalities-and-introductory-graphs/,static-svg,no,,mandatory deterministic SVG; unchanged on interaction failure,title + visible caption + long description + reading order + non-color cue + keyboard semantics when interactive,grayscale-safe compiled print mapping or verified SVG asset,<50 KB optimized SVG target; interactive route payload remains route-local and within BVLP budgets,"VisualSpec v1 only; no renderer APIs, arbitrary code, raw TikZ, or source LaTeX in public payloads"
A11.1-V1,A11.1,A11,Anchor,Odd/even root graphs.,Interactive when manipulation reveals mechanism; otherwise static SVG.,"Describe all mathematically relevant geometry, labels, direction, and state without giving away an intended inference.",/subjects/math/algebra/radicals-complex-numbers/general-nth-roots-and-principal-roots/,static-svg,no,,mandatory deterministic SVG; unchanged on interaction failure,title + visible caption + long description + reading order + non-color cue + keyboard semantics when interactive,grayscale-safe compiled print mapping or verified SVG asset,<50 KB optimized SVG target; interactive route payload remains route-local and within BVLP budgets,"VisualSpec v1 only; no renderer APIs, arbitrary code, raw TikZ, or source LaTeX in public payloads"
A11.1-V2,A11.1,A11,Mechanism,Principal-root selector.,Interactive when manipulation reveals mechanism; otherwise static SVG.,"Describe all mathematically relevant geometry, labels, direction, and state without giving away an intended inference.",/subjects/math/algebra/radicals-complex-numbers/general-nth-roots-and-principal-roots/,static-svg,no,,mandatory deterministic SVG; unchanged on interaction failure,title + visible caption + long description + reading order + non-color cue + keyboard semantics when interactive,grayscale-safe compiled print mapping or verified SVG asset,<50 KB optimized SVG target; interactive route payload remains route-local and within BVLP budgets,"VisualSpec v1 only; no renderer APIs, arbitrary code, raw TikZ, or source LaTeX in public payloads"
A11.1-V3,A11.1,A11,Representation,sqrt(x^2)=|x| visual.,Interactive when manipulation reveals mechanism; otherwise static SVG.,"Describe all mathematically relevant geometry, labels, direction, and state without giving away an intended inference.",/subjects/math/algebra/radicals-complex-numbers/general-nth-roots-and-principal-roots/,static-svg,no,,mandatory deterministic SVG; unchanged on interaction failure,title + visible caption + long description + reading order + non-color cue + keyboard semantics when interactive,grayscale-safe compiled print mapping or verified SVG asset,<50 KB optimized SVG target; interactive route payload remains route-local and within BVLP budgets,"VisualSpec v1 only; no renderer APIs, arbitrary code, raw TikZ, or source LaTeX in public payloads"
A11.2-V1,A11.2,A11,Anchor,Factor tree under radical.,Interactive when manipulation reveals mechanism; otherwise static SVG.,"Describe all mathematically relevant geometry, labels, direction, and state without giving away an intended inference.",/subjects/math/algebra/radicals-complex-numbers/simplifying-radicals/,static-svg,no,,mandatory deterministic SVG; unchanged on interaction failure,title + visible caption + long description + reading order + non-color cue + keyboard semantics when interactive,grayscale-safe compiled print mapping or verified SVG asset,<50 KB optimized SVG target; interactive route payload remains route-local and within BVLP budgets,"VisualSpec v1 only; no renderer APIs, arbitrary code, raw TikZ, or source LaTeX in public payloads"
A11.2-V2,A11.2,A11,Mechanism,Square-area decomposition.,Interactive when manipulation reveals mechanism; otherwise static SVG.,"Describe all mathematically relevant geometry, labels, direction, and state without giving away an intended inference.",/subjects/math/algebra/radicals-complex-numbers/simplifying-radicals/,static-svg,no,,mandatory deterministic SVG; unchanged on interaction failure,title + visible caption + long description + reading order + non-color cue + keyboard semantics when interactive,grayscale-safe compiled print mapping or verified SVG asset,<50 KB optimized SVG target; interactive route payload remains route-local and within BVLP budgets,"VisualSpec v1 only; no renderer APIs, arbitrary code, raw TikZ, or source LaTeX in public payloads"
A11.2-V3,A11.2,A11,Representation,Exact-versus-decimal comparison.,Interactive when manipulation reveals mechanism; otherwise static SVG.,"Describe all mathematically relevant geometry, labels, direction, and state without giving away an intended inference.",/subjects/math/algebra/radicals-complex-numbers/simplifying-radicals/,static-svg,no,,mandatory deterministic SVG; unchanged on interaction failure,title + visible caption + long description + reading order + non-color cue + keyboard semantics when interactive,grayscale-safe compiled print mapping or verified SVG asset,<50 KB optimized SVG target; interactive route payload remains route-local and within BVLP budgets,"VisualSpec v1 only; no renderer APIs, arbitrary code, raw TikZ, or source LaTeX in public payloads"
A11.3-V1,A11.3,A11,Anchor,Product-area model.,Interactive when manipulation reveals mechanism; otherwise static SVG.,"Describe all mathematically relevant geometry, labels, direction, and state without giving away an intended inference.",/subjects/math/algebra/radicals-complex-numbers/products-and-quotients-of-radicals/,static-svg,no,,mandatory deterministic SVG; unchanged on interaction failure,title + visible caption + long description + reading order + non-color cue + keyboard semantics when interactive,grayscale-safe compiled print mapping or verified SVG asset,<50 KB optimized SVG target; interactive route payload remains route-local and within BVLP budgets,"VisualSpec v1 only; no renderer APIs, arbitrary code, raw TikZ, or source LaTeX in public payloads"
A11.3-V2,A11.3,A11,Mechanism,Quotient scaling.,Interactive when manipulation reveals mechanism; otherwise static SVG.,"Describe all mathematically relevant geometry, labels, direction, and state without giving away an intended inference.",/subjects/math/algebra/radicals-complex-numbers/products-and-quotients-of-radicals/,static-svg,no,,mandatory deterministic SVG; unchanged on interaction failure,title + visible caption + long description + reading order + non-color cue + keyboard semantics when interactive,grayscale-safe compiled print mapping or verified SVG asset,<50 KB optimized SVG target; interactive route payload remains route-local and within BVLP budgets,"VisualSpec v1 only; no renderer APIs, arbitrary code, raw TikZ, or source LaTeX in public payloads"
A11.3-V3,A11.3,A11,Representation,Condition warning.,Interactive when manipulation reveals mechanism; otherwise static SVG.,"Describe all mathematically relevant geometry, labels, direction, and state without giving away an intended inference.",/subjects/math/algebra/radicals-complex-numbers/products-and-quotients-of-radicals/,static-svg,no,,mandatory deterministic SVG; unchanged on interaction failure,title + visible caption + long description + reading order + non-color cue + keyboard semantics when interactive,grayscale-safe compiled print mapping or verified SVG asset,<50 KB optimized SVG target; interactive route payload remains route-local and within BVLP budgets,"VisualSpec v1 only; no renderer APIs, arbitrary code, raw TikZ, or source LaTeX in public payloads"
A11.4-V1,A11.4,A11,Anchor,Radical tiles.,Interactive when manipulation reveals mechanism; otherwise static SVG.,"Describe all mathematically relevant geometry, labels, direction, and state without giving away an intended inference.",/subjects/math/algebra/radicals-complex-numbers/adding-and-subtracting-radicals/,static-svg,no,,mandatory deterministic SVG; unchanged on interaction failure,title + visible caption + long description + reading order + non-color cue + keyboard semantics when interactive,grayscale-safe compiled print mapping or verified SVG asset,<50 KB optimized SVG target; interactive route payload remains route-local and within BVLP budgets,"VisualSpec v1 only; no renderer APIs, arbitrary code, raw TikZ, or source LaTeX in public payloads"
A11.4-V2,A11.4,A11,Mechanism,Canonical-form matching.,Interactive when manipulation reveals mechanism; otherwise static SVG.,"Describe all mathematically relevant geometry, labels, direction, and state without giving away an intended inference.",/subjects/math/algebra/radicals-complex-numbers/adding-and-subtracting-radicals/,static-svg,no,,mandatory deterministic SVG; unchanged on interaction failure,title + visible caption + long description + reading order + non-color cue + keyboard semantics when interactive,grayscale-safe compiled print mapping or verified SVG asset,<50 KB optimized SVG target; interactive route payload remains route-local and within BVLP budgets,"VisualSpec v1 only; no renderer APIs, arbitrary code, raw TikZ, or source LaTeX in public payloads"
A11.4-V3,A11.4,A11,Representation,Unlike-term error panel.,Interactive when manipulation reveals mechanism; otherwise static SVG.,"Describe all mathematically relevant geometry, labels, direction, and state without giving away an intended inference.",/subjects/math/algebra/radicals-complex-numbers/adding-and-subtracting-radicals/,static-svg,no,,mandatory deterministic SVG; unchanged on interaction failure,title + visible caption + long description + reading order + non-color cue + keyboard semantics when interactive,grayscale-safe compiled print mapping or verified SVG asset,<50 KB optimized SVG target; interactive route payload remains route-local and within BVLP budgets,"VisualSpec v1 only; no renderer APIs, arbitrary code, raw TikZ, or source LaTeX in public payloads"
A11.5-V1,A11.5,A11,Anchor,Equivalent-fraction multiplier.,Interactive when manipulation reveals mechanism; otherwise static SVG.,"Describe all mathematically relevant geometry, labels, direction, and state without giving away an intended inference.",/subjects/math/algebra/radicals-complex-numbers/rationalizing-monomial-denominators/,static-svg,no,,mandatory deterministic SVG; unchanged on interaction failure,title + visible caption + long description + reading order + non-color cue + keyboard semantics when interactive,grayscale-safe compiled print mapping or verified SVG asset,<50 KB optimized SVG target; interactive route payload remains route-local and within BVLP budgets,"VisualSpec v1 only; no renderer APIs, arbitrary code, raw TikZ, or source LaTeX in public payloads"
A11.5-V2,A11.5,A11,Mechanism,Denominator transformation.,Interactive when manipulation reveals mechanism; otherwise static SVG.,"Describe all mathematically relevant geometry, labels, direction, and state without giving away an intended inference.",/subjects/math/algebra/radicals-complex-numbers/rationalizing-monomial-denominators/,static-svg,no,,mandatory deterministic SVG; unchanged on interaction failure,title + visible caption + long description + reading order + non-color cue + keyboard semantics when interactive,grayscale-safe compiled print mapping or verified SVG asset,<50 KB optimized SVG target; interactive route payload remains route-local and within BVLP budgets,"VisualSpec v1 only; no renderer APIs, arbitrary code, raw TikZ, or source LaTeX in public payloads"
A11.5-V3,A11.5,A11,Representation,Value-preservation check.,Interactive when manipulation reveals mechanism; otherwise static SVG.,"Describe all mathematically relevant geometry, labels, direction, and state without giving away an intended inference.",/subjects/math/algebra/radicals-complex-numbers/rationalizing-monomial-denominators/,static-svg,no,,mandatory deterministic SVG; unchanged on interaction failure,title + visible caption + long description + reading order + non-color cue + keyboard semantics when interactive,grayscale-safe compiled print mapping or verified SVG asset,<50 KB optimized SVG target; interactive route payload remains route-local and within BVLP budgets,"VisualSpec v1 only; no renderer APIs, arbitrary code, raw TikZ, or source LaTeX in public payloads"
A11.6-V1,A11.6,A11,Anchor,Conjugate product.,Interactive when manipulation reveals mechanism; otherwise static SVG.,"Describe all mathematically relevant geometry, labels, direction, and state without giving away an intended inference.",/subjects/math/algebra/radicals-complex-numbers/conjugates-and-binomial-denominators/,static-svg,no,,mandatory deterministic SVG; unchanged on interaction failure,title + visible caption + long description + reading order + non-color cue + keyboard semantics when interactive,grayscale-safe compiled print mapping or verified SVG asset,<50 KB optimized SVG target; interactive route payload remains route-local and within BVLP budgets,"VisualSpec v1 only; no renderer APIs, arbitrary code, raw TikZ, or source LaTeX in public payloads"
A11.6-V2,A11.6,A11,Mechanism,Middle-term cancellation.,Interactive when manipulation reveals mechanism; otherwise static SVG.,"Describe all mathematically relevant geometry, labels, direction, and state without giving away an intended inference.",/subjects/math/algebra/radicals-complex-numbers/conjugates-and-binomial-denominators/,static-svg,no,,mandatory deterministic SVG; unchanged on interaction failure,title + visible caption + long description + reading order + non-color cue + keyboard semantics when interactive,grayscale-safe compiled print mapping or verified SVG asset,<50 KB optimized SVG target; interactive route payload remains route-local and within BVLP budgets,"VisualSpec v1 only; no renderer APIs, arbitrary code, raw TikZ, or source LaTeX in public payloads"
A11.6-V3,A11.6,A11,Representation,Complex preview.,Interactive when manipulation reveals mechanism; otherwise static SVG.,"Describe all mathematically relevant geometry, labels, direction, and state without giving away an intended inference.",/subjects/math/algebra/radicals-complex-numbers/conjugates-and-binomial-denominators/,static-svg,no,,mandatory deterministic SVG; unchanged on interaction failure,title + visible caption + long description + reading order + non-color cue + keyboard semantics when interactive,grayscale-safe compiled print mapping or verified SVG asset,<50 KB optimized SVG target; interactive route payload remains route-local and within BVLP budgets,"VisualSpec v1 only; no renderer APIs, arbitrary code, raw TikZ, or source LaTeX in public payloads"
A11.7-V1,A11.7,A11,Anchor,Equivalence machine.,Interactive when manipulation reveals mechanism; otherwise static SVG.,"Describe all mathematically relevant geometry, labels, direction, and state without giving away an intended inference.",/subjects/math/algebra/radicals-complex-numbers/rational-exponents/,static-svg,no,,mandatory deterministic SVG; unchanged on interaction failure,title + visible caption + long description + reading order + non-color cue + keyboard semantics when interactive,grayscale-safe compiled print mapping or verified SVG asset,<50 KB optimized SVG target; interactive route payload remains route-local and within BVLP budgets,"VisualSpec v1 only; no renderer APIs, arbitrary code, raw TikZ, or source LaTeX in public payloads"
A11.7-V2,A11.7,A11,Mechanism,Operation-order comparison.,Interactive when manipulation reveals mechanism; otherwise static SVG.,"Describe all mathematically relevant geometry, labels, direction, and state without giving away an intended inference.",/subjects/math/algebra/radicals-complex-numbers/rational-exponents/,static-svg,no,,mandatory deterministic SVG; unchanged on interaction failure,title + visible caption + long description + reading order + non-color cue + keyboard semantics when interactive,grayscale-safe compiled print mapping or verified SVG asset,<50 KB optimized SVG target; interactive route payload remains route-local and within BVLP budgets,"VisualSpec v1 only; no renderer APIs, arbitrary code, raw TikZ, or source LaTeX in public payloads"
A11.7-V3,A11.7,A11,Representation,Domain cases.,Interactive when manipulation reveals mechanism; otherwise static SVG.,"Describe all mathematically relevant geometry, labels, direction, and state without giving away an intended inference.",/subjects/math/algebra/radicals-complex-numbers/rational-exponents/,static-svg,no,,mandatory deterministic SVG; unchanged on interaction failure,title + visible caption + long description + reading order + non-color cue + keyboard semantics when interactive,grayscale-safe compiled print mapping or verified SVG asset,<50 KB optimized SVG target; interactive route payload remains route-local and within BVLP budgets,"VisualSpec v1 only; no renderer APIs, arbitrary code, raw TikZ, or source LaTeX in public payloads"
A11.8-V1,A11.8,A11,Anchor,Isolate-power-repeat flow.,Interactive when manipulation reveals mechanism; otherwise static SVG.,"Describe all mathematically relevant geometry, labels, direction, and state without giving away an intended inference.",/subjects/math/algebra/radicals-complex-numbers/solving-radical-equations/,static-svg,no,,mandatory deterministic SVG; unchanged on interaction failure,title + visible caption + long description + reading order + non-color cue + keyboard semantics when interactive,grayscale-safe compiled print mapping or verified SVG asset,<50 KB optimized SVG target; interactive route payload remains route-local and within BVLP budgets,"VisualSpec v1 only; no renderer APIs, arbitrary code, raw TikZ, or source LaTeX in public payloads"
A11.8-V2,A11.8,A11,Mechanism,Implication arrow.,Interactive when manipulation reveals mechanism; otherwise static SVG.,"Describe all mathematically relevant geometry, labels, direction, and state without giving away an intended inference.",/subjects/math/algebra/radicals-complex-numbers/solving-radical-equations/,static-svg,no,,mandatory deterministic SVG; unchanged on interaction failure,title + visible caption + long description + reading order + non-color cue + keyboard semantics when interactive,grayscale-safe compiled print mapping or verified SVG asset,<50 KB optimized SVG target; interactive route payload remains route-local and within BVLP budgets,"VisualSpec v1 only; no renderer APIs, arbitrary code, raw TikZ, or source LaTeX in public payloads"
A11.8-V3,A11.8,A11,Representation,Check panel.,Interactive when manipulation reveals mechanism; otherwise static SVG.,"Describe all mathematically relevant geometry, labels, direction, and state without giving away an intended inference.",/subjects/math/algebra/radicals-complex-numbers/solving-radical-equations/,static-svg,no,,mandatory deterministic SVG; unchanged on interaction failure,title + visible caption + long description + reading order + non-color cue + keyboard semantics when interactive,grayscale-safe compiled print mapping or verified SVG asset,<50 KB optimized SVG target; interactive route payload remains route-local and within BVLP budgets,"VisualSpec v1 only; no renderer APIs, arbitrary code, raw TikZ, or source LaTeX in public payloads"
A11.9-V1,A11.9,A11,Anchor,Sign-merging map.,Interactive when manipulation reveals mechanism; otherwise static SVG.,"Describe all mathematically relevant geometry, labels, direction, and state without giving away an intended inference.",/subjects/math/algebra/radicals-complex-numbers/extraneous-solutions-and-domain/,static-svg,no,,mandatory deterministic SVG; unchanged on interaction failure,title + visible caption + long description + reading order + non-color cue + keyboard semantics when interactive,grayscale-safe compiled print mapping or verified SVG asset,<50 KB optimized SVG target; interactive route payload remains route-local and within BVLP budgets,"VisualSpec v1 only; no renderer APIs, arbitrary code, raw TikZ, or source LaTeX in public payloads"
A11.9-V2,A11.9,A11,Mechanism,Candidate filter.,Interactive when manipulation reveals mechanism; otherwise static SVG.,"Describe all mathematically relevant geometry, labels, direction, and state without giving away an intended inference.",/subjects/math/algebra/radicals-complex-numbers/extraneous-solutions-and-domain/,static-svg,no,,mandatory deterministic SVG; unchanged on interaction failure,title + visible caption + long description + reading order + non-color cue + keyboard semantics when interactive,grayscale-safe compiled print mapping or verified SVG asset,<50 KB optimized SVG target; interactive route payload remains route-local and within BVLP budgets,"VisualSpec v1 only; no renderer APIs, arbitrary code, raw TikZ, or source LaTeX in public payloads"
A11.9-V3,A11.9,A11,Representation,Domain-before-solving strip.,Interactive when manipulation reveals mechanism; otherwise static SVG.,"Describe all mathematically relevant geometry, labels, direction, and state without giving away an intended inference.",/subjects/math/algebra/radicals-complex-numbers/extraneous-solutions-and-domain/,static-svg,no,,mandatory deterministic SVG; unchanged on interaction failure,title + visible caption + long description + reading order + non-color cue + keyboard semantics when interactive,grayscale-safe compiled print mapping or verified SVG asset,<50 KB optimized SVG target; interactive route payload remains route-local and within BVLP budgets,"VisualSpec v1 only; no renderer APIs, arbitrary code, raw TikZ, or source LaTeX in public payloads"
A11.10-V1,A11.10,A11,Anchor,Complex plane.,Interactive when manipulation reveals mechanism; otherwise static SVG.,"Describe all mathematically relevant geometry, labels, direction, and state without giving away an intended inference.",/subjects/math/algebra/radicals-complex-numbers/complex-numbers-and-conjugates/,static-svg,no,,mandatory deterministic SVG; unchanged on interaction failure,title + visible caption + long description + reading order + non-color cue + keyboard semantics when interactive,grayscale-safe compiled print mapping or verified SVG asset,<50 KB optimized SVG target; interactive route payload remains route-local and within BVLP budgets,"VisualSpec v1 only; no renderer APIs, arbitrary code, raw TikZ, or source LaTeX in public payloads"
A11.10-V2,A11.10,A11,Mechanism,Powers-of-i cycle.,Interactive when manipulation reveals mechanism; otherwise static SVG.,"Describe all mathematically relevant geometry, labels, direction, and state without giving away an intended inference.",/subjects/math/algebra/radicals-complex-numbers/complex-numbers-and-conjugates/,static-svg,no,,mandatory deterministic SVG; unchanged on interaction failure,title + visible caption + long description + reading order + non-color cue + keyboard semantics when interactive,grayscale-safe compiled print mapping or verified SVG asset,<50 KB optimized SVG target; interactive route payload remains route-local and within BVLP budgets,"VisualSpec v1 only; no renderer APIs, arbitrary code, raw TikZ, or source LaTeX in public payloads"
A11.10-V3,A11.10,A11,Representation,Conjugate reflection.,Interactive when manipulation reveals mechanism; otherwise static SVG.,"Describe all mathematically relevant geometry, labels, direction, and state without giving away an intended inference.",/subjects/math/algebra/radicals-complex-numbers/complex-numbers-and-conjugates/,static-svg,no,,mandatory deterministic SVG; unchanged on interaction failure,title + visible caption + long description + reading order + non-color cue + keyboard semantics when interactive,grayscale-safe compiled print mapping or verified SVG asset,<50 KB optimized SVG target; interactive route payload remains route-local and within BVLP budgets,"VisualSpec v1 only; no renderer APIs, arbitrary code, raw TikZ, or source LaTeX in public payloads"
A12.1-V1,A12.1,A12,Anchor,Mapping diagrams.,Interactive when manipulation reveals mechanism; otherwise static SVG.,"Describe all mathematically relevant geometry, labels, direction, and state without giving away an intended inference.",/subjects/math/algebra/functions/relations-and-functions/,static-svg,no,,mandatory deterministic SVG; unchanged on interaction failure,title + visible caption + long description + reading order + non-color cue + keyboard semantics when interactive,grayscale-safe compiled print mapping or verified SVG asset,<50 KB optimized SVG target; interactive route payload remains route-local and within BVLP budgets,"VisualSpec v1 only; no renderer APIs, arbitrary code, raw TikZ, or source LaTeX in public payloads"
A12.1-V2,A12.1,A12,Mechanism,Discrete and continuous relations.,Interactive when manipulation reveals mechanism; otherwise static SVG.,"Describe all mathematically relevant geometry, labels, direction, and state without giving away an intended inference.",/subjects/math/algebra/functions/relations-and-functions/,static-svg,no,,mandatory deterministic SVG; unchanged on interaction failure,title + visible caption + long description + reading order + non-color cue + keyboard semantics when interactive,grayscale-safe compiled print mapping or verified SVG asset,<50 KB optimized SVG target; interactive route payload remains route-local and within BVLP budgets,"VisualSpec v1 only; no renderer APIs, arbitrary code, raw TikZ, or source LaTeX in public payloads"
A12.1-V3,A12.1,A12,Representation,Vertical-line consequence.,Interactive when manipulation reveals mechanism; otherwise static SVG.,"Describe all mathematically relevant geometry, labels, direction, and state without giving away an intended inference.",/subjects/math/algebra/functions/relations-and-functions/,static-svg,no,,mandatory deterministic SVG; unchanged on interaction failure,title + visible caption + long description + reading order + non-color cue + keyboard semantics when interactive,grayscale-safe compiled print mapping or verified SVG asset,<50 KB optimized SVG target; interactive route payload remains route-local and within BVLP budgets,"VisualSpec v1 only; no renderer APIs, arbitrary code, raw TikZ, or source LaTeX in public payloads"
A12.2-V1,A12.2,A12,Anchor,Input trace.,Interactive when manipulation reveals mechanism; otherwise static SVG.,"Describe all mathematically relevant geometry, labels, direction, and state without giving away an intended inference.",/subjects/math/algebra/functions/function-notation-and-evaluation/,static-svg,no,,mandatory deterministic SVG; unchanged on interaction failure,title + visible caption + long description + reading order + non-color cue + keyboard semantics when interactive,grayscale-safe compiled print mapping or verified SVG asset,<50 KB optimized SVG target; interactive route payload remains route-local and within BVLP budgets,"VisualSpec v1 only; no renderer APIs, arbitrary code, raw TikZ, or source LaTeX in public payloads"
A12.2-V2,A12.2,A12,Mechanism,Notation anatomy.,Interactive when manipulation reveals mechanism; otherwise static SVG.,"Describe all mathematically relevant geometry, labels, direction, and state without giving away an intended inference.",/subjects/math/algebra/functions/function-notation-and-evaluation/,static-svg,no,,mandatory deterministic SVG; unchanged on interaction failure,title + visible caption + long description + reading order + non-color cue + keyboard semantics when interactive,grayscale-safe compiled print mapping or verified SVG asset,<50 KB optimized SVG target; interactive route payload remains route-local and within BVLP budgets,"VisualSpec v1 only; no renderer APIs, arbitrary code, raw TikZ, or source LaTeX in public payloads"
A12.2-V3,A12.2,A12,Representation,Common misreading panel.,Interactive when manipulation reveals mechanism; otherwise static SVG.,"Describe all mathematically relevant geometry, labels, direction, and state without giving away an intended inference.",/subjects/math/algebra/functions/function-notation-and-evaluation/,static-svg,no,,mandatory deterministic SVG; unchanged on interaction failure,title + visible caption + long description + reading order + non-color cue + keyboard semantics when interactive,grayscale-safe compiled print mapping or verified SVG asset,<50 KB optimized SVG target; interactive route payload remains route-local and within BVLP budgets,"VisualSpec v1 only; no renderer APIs, arbitrary code, raw TikZ, or source LaTeX in public payloads"
A12.3-V1,A12.3,A12,Anchor,Horizontal intersections.,Interactive when manipulation reveals mechanism; otherwise static SVG.,"Describe all mathematically relevant geometry, labels, direction, and state without giving away an intended inference.",/subjects/math/algebra/functions/solving-f-x-k/,static-svg,no,,mandatory deterministic SVG; unchanged on interaction failure,title + visible caption + long description + reading order + non-color cue + keyboard semantics when interactive,grayscale-safe compiled print mapping or verified SVG asset,<50 KB optimized SVG target; interactive route payload remains route-local and within BVLP budgets,"VisualSpec v1 only; no renderer APIs, arbitrary code, raw TikZ, or source LaTeX in public payloads"
A12.3-V2,A12.3,A12,Mechanism,Table reverse lookup.,Interactive when manipulation reveals mechanism; otherwise static SVG.,"Describe all mathematically relevant geometry, labels, direction, and state without giving away an intended inference.",/subjects/math/algebra/functions/solving-f-x-k/,static-svg,no,,mandatory deterministic SVG; unchanged on interaction failure,title + visible caption + long description + reading order + non-color cue + keyboard semantics when interactive,grayscale-safe compiled print mapping or verified SVG asset,<50 KB optimized SVG target; interactive route payload remains route-local and within BVLP budgets,"VisualSpec v1 only; no renderer APIs, arbitrary code, raw TikZ, or source LaTeX in public payloads"
A12.3-V3,A12.3,A12,Representation,Evaluate-versus-solve comparison.,Interactive when manipulation reveals mechanism; otherwise static SVG.,"Describe all mathematically relevant geometry, labels, direction, and state without giving away an intended inference.",/subjects/math/algebra/functions/solving-f-x-k/,static-svg,no,,mandatory deterministic SVG; unchanged on interaction failure,title + visible caption + long description + reading order + non-color cue + keyboard semantics when interactive,grayscale-safe compiled print mapping or verified SVG asset,<50 KB optimized SVG target; interactive route payload remains route-local and within BVLP budgets,"VisualSpec v1 only; no renderer APIs, arbitrary code, raw TikZ, or source LaTeX in public payloads"
A12.4-V1,A12.4,A12,Anchor,Restriction overlay.,Interactive when manipulation reveals mechanism; otherwise static SVG.,"Describe all mathematically relevant geometry, labels, direction, and state without giving away an intended inference.",/subjects/math/algebra/functions/domain/,static-svg,no,,mandatory deterministic SVG; unchanged on interaction failure,title + visible caption + long description + reading order + non-color cue + keyboard semantics when interactive,grayscale-safe compiled print mapping or verified SVG asset,<50 KB optimized SVG target; interactive route payload remains route-local and within BVLP budgets,"VisualSpec v1 only; no renderer APIs, arbitrary code, raw TikZ, or source LaTeX in public payloads"
A12.4-V2,A12.4,A12,Mechanism,Context boundary.,Interactive when manipulation reveals mechanism; otherwise static SVG.,"Describe all mathematically relevant geometry, labels, direction, and state without giving away an intended inference.",/subjects/math/algebra/functions/domain/,static-svg,no,,mandatory deterministic SVG; unchanged on interaction failure,title + visible caption + long description + reading order + non-color cue + keyboard semantics when interactive,grayscale-safe compiled print mapping or verified SVG asset,<50 KB optimized SVG target; interactive route payload remains route-local and within BVLP budgets,"VisualSpec v1 only; no renderer APIs, arbitrary code, raw TikZ, or source LaTeX in public payloads"
A12.4-V3,A12.4,A12,Representation,Algebraic checklist.,Interactive when manipulation reveals mechanism; otherwise static SVG.,"Describe all mathematically relevant geometry, labels, direction, and state without giving away an intended inference.",/subjects/math/algebra/functions/domain/,static-svg,no,,mandatory deterministic SVG; unchanged on interaction failure,title + visible caption + long description + reading order + non-color cue + keyboard semantics when interactive,grayscale-safe compiled print mapping or verified SVG asset,<50 KB optimized SVG target; interactive route payload remains route-local and within BVLP budgets,"VisualSpec v1 only; no renderer APIs, arbitrary code, raw TikZ, or source LaTeX in public payloads"
A12.5-V1,A12.5,A12,Anchor,Annotated graph.,Interactive when manipulation reveals mechanism; otherwise static SVG.,"Describe all mathematically relevant geometry, labels, direction, and state without giving away an intended inference.",/subjects/math/algebra/functions/range-and-graph-behavior/,static-svg,no,,mandatory deterministic SVG; unchanged on interaction failure,title + visible caption + long description + reading order + non-color cue + keyboard semantics when interactive,grayscale-safe compiled print mapping or verified SVG asset,<50 KB optimized SVG target; interactive route payload remains route-local and within BVLP budgets,"VisualSpec v1 only; no renderer APIs, arbitrary code, raw TikZ, or source LaTeX in public payloads"
A12.5-V2,A12.5,A12,Mechanism,Vertical/horizontal probes.,Interactive when manipulation reveals mechanism; otherwise static SVG.,"Describe all mathematically relevant geometry, labels, direction, and state without giving away an intended inference.",/subjects/math/algebra/functions/range-and-graph-behavior/,bettergrades-interactive-2d,yes,linked-view; reset,mandatory deterministic SVG; unchanged on interaction failure,title + visible caption + long description + reading order + non-color cue + keyboard semantics when interactive,grayscale-safe compiled print mapping or verified SVG asset,<50 KB optimized SVG target; interactive route payload remains route-local and within BVLP budgets,"VisualSpec v1 only; no renderer APIs, arbitrary code, raw TikZ, or source LaTeX in public payloads"
A12.5-V3,A12.5,A12,Representation,Endpoint and arrow legend.,Interactive when manipulation reveals mechanism; otherwise static SVG.,"Describe all mathematically relevant geometry, labels, direction, and state without giving away an intended inference.",/subjects/math/algebra/functions/range-and-graph-behavior/,static-svg,no,,mandatory deterministic SVG; unchanged on interaction failure,title + visible caption + long description + reading order + non-color cue + keyboard semantics when interactive,grayscale-safe compiled print mapping or verified SVG asset,<50 KB optimized SVG target; interactive route payload remains route-local and within BVLP budgets,"VisualSpec v1 only; no renderer APIs, arbitrary code, raw TikZ, or source LaTeX in public payloads"
A12.6-V1,A12.6,A12,Anchor,Domain partition.,Interactive when manipulation reveals mechanism; otherwise static SVG.,"Describe all mathematically relevant geometry, labels, direction, and state without giving away an intended inference.",/subjects/math/algebra/functions/piecewise-defined-functions/,static-svg,no,,mandatory deterministic SVG; unchanged on interaction failure,title + visible caption + long description + reading order + non-color cue + keyboard semantics when interactive,grayscale-safe compiled print mapping or verified SVG asset,<50 KB optimized SVG target; interactive route payload remains route-local and within BVLP budgets,"VisualSpec v1 only; no renderer APIs, arbitrary code, raw TikZ, or source LaTeX in public payloads"
A12.6-V2,A12.6,A12,Mechanism,Graph pieces.,Interactive when manipulation reveals mechanism; otherwise static SVG.,"Describe all mathematically relevant geometry, labels, direction, and state without giving away an intended inference.",/subjects/math/algebra/functions/piecewise-defined-functions/,static-svg,no,,mandatory deterministic SVG; unchanged on interaction failure,title + visible caption + long description + reading order + non-color cue + keyboard semantics when interactive,grayscale-safe compiled print mapping or verified SVG asset,<50 KB optimized SVG target; interactive route payload remains route-local and within BVLP budgets,"VisualSpec v1 only; no renderer APIs, arbitrary code, raw TikZ, or source LaTeX in public payloads"
A12.6-V3,A12.6,A12,Representation,Endpoint conditions.,Interactive when manipulation reveals mechanism; otherwise static SVG.,"Describe all mathematically relevant geometry, labels, direction, and state without giving away an intended inference.",/subjects/math/algebra/functions/piecewise-defined-functions/,static-svg,no,,mandatory deterministic SVG; unchanged on interaction failure,title + visible caption + long description + reading order + non-color cue + keyboard semantics when interactive,grayscale-safe compiled print mapping or verified SVG asset,<50 KB optimized SVG target; interactive route payload remains route-local and within BVLP budgets,"VisualSpec v1 only; no renderer APIs, arbitrary code, raw TikZ, or source LaTeX in public payloads"
A12.7-V1,A12.7,A12,Anchor,Parallel function machines.,Interactive when manipulation reveals mechanism; otherwise static SVG.,"Describe all mathematically relevant geometry, labels, direction, and state without giving away an intended inference.",/subjects/math/algebra/functions/arithmetic-with-functions/,static-svg,no,,mandatory deterministic SVG; unchanged on interaction failure,title + visible caption + long description + reading order + non-color cue + keyboard semantics when interactive,grayscale-safe compiled print mapping or verified SVG asset,<50 KB optimized SVG target; interactive route payload remains route-local and within BVLP budgets,"VisualSpec v1 only; no renderer APIs, arbitrary code, raw TikZ, or source LaTeX in public payloads"
A12.7-V2,A12.7,A12,Mechanism,Output combination.,Interactive when manipulation reveals mechanism; otherwise static SVG.,"Describe all mathematically relevant geometry, labels, direction, and state without giving away an intended inference.",/subjects/math/algebra/functions/arithmetic-with-functions/,static-svg,no,,mandatory deterministic SVG; unchanged on interaction failure,title + visible caption + long description + reading order + non-color cue + keyboard semantics when interactive,grayscale-safe compiled print mapping or verified SVG asset,<50 KB optimized SVG target; interactive route payload remains route-local and within BVLP budgets,"VisualSpec v1 only; no renderer APIs, arbitrary code, raw TikZ, or source LaTeX in public payloads"
A12.7-V3,A12.7,A12,Representation,Domain intersection.,Interactive when manipulation reveals mechanism; otherwise static SVG.,"Describe all mathematically relevant geometry, labels, direction, and state without giving away an intended inference.",/subjects/math/algebra/functions/arithmetic-with-functions/,static-svg,no,,mandatory deterministic SVG; unchanged on interaction failure,title + visible caption + long description + reading order + non-color cue + keyboard semantics when interactive,grayscale-safe compiled print mapping or verified SVG asset,<50 KB optimized SVG target; interactive route payload remains route-local and within BVLP budgets,"VisualSpec v1 only; no renderer APIs, arbitrary code, raw TikZ, or source LaTeX in public payloads"
A12.8-V1,A12.8,A12,Anchor,Family gallery.,Interactive when manipulation reveals mechanism; otherwise static SVG.,"Describe all mathematically relevant geometry, labels, direction, and state without giving away an intended inference.",/subjects/math/algebra/functions/comparing-algebraic-families/,static-svg,no,,mandatory deterministic SVG; unchanged on interaction failure,title + visible caption + long description + reading order + non-color cue + keyboard semantics when interactive,grayscale-safe compiled print mapping or verified SVG asset,<50 KB optimized SVG target; interactive route payload remains route-local and within BVLP budgets,"VisualSpec v1 only; no renderer APIs, arbitrary code, raw TikZ, or source LaTeX in public payloads"
A12.8-V2,A12.8,A12,Mechanism,Linked representations.,Interactive when manipulation reveals mechanism; otherwise static SVG.,"Describe all mathematically relevant geometry, labels, direction, and state without giving away an intended inference.",/subjects/math/algebra/functions/comparing-algebraic-families/,static-svg,no,,mandatory deterministic SVG; unchanged on interaction failure,title + visible caption + long description + reading order + non-color cue + keyboard semantics when interactive,grayscale-safe compiled print mapping or verified SVG asset,<50 KB optimized SVG target; interactive route payload remains route-local and within BVLP budgets,"VisualSpec v1 only; no renderer APIs, arbitrary code, raw TikZ, or source LaTeX in public payloads"
A12.8-V3,A12.8,A12,Representation,Model-choice map.,Interactive when manipulation reveals mechanism; otherwise static SVG.,"Describe all mathematically relevant geometry, labels, direction, and state without giving away an intended inference.",/subjects/math/algebra/functions/comparing-algebraic-families/,static-svg,no,,mandatory deterministic SVG; unchanged on interaction failure,title + visible caption + long description + reading order + non-color cue + keyboard semantics when interactive,grayscale-safe compiled print mapping or verified SVG asset,<50 KB optimized SVG target; interactive route payload remains route-local and within BVLP budgets,"VisualSpec v1 only; no renderer APIs, arbitrary code, raw TikZ, or source LaTeX in public payloads"
A13.1-V1,A13.1,A13,Anchor,Arithmetic/geometric tables.,Interactive when manipulation reveals mechanism; otherwise static SVG.,"Describe all mathematically relevant geometry, labels, direction, and state without giving away an intended inference.",/subjects/math/algebra/exponential-logarithmic/additive-versus-multiplicative-patterns/,static-svg,no,,mandatory deterministic SVG; unchanged on interaction failure,title + visible caption + long description + reading order + non-color cue + keyboard semantics when interactive,grayscale-safe compiled print mapping or verified SVG asset,<50 KB optimized SVG target; interactive route payload remains route-local and within BVLP budgets,"VisualSpec v1 only; no renderer APIs, arbitrary code, raw TikZ, or source LaTeX in public payloads"
A13.1-V2,A13.1,A13,Mechanism,Linear/exponential graph comparison.,Interactive when manipulation reveals mechanism; otherwise static SVG.,"Describe all mathematically relevant geometry, labels, direction, and state without giving away an intended inference.",/subjects/math/algebra/exponential-logarithmic/additive-versus-multiplicative-patterns/,static-svg,no,,mandatory deterministic SVG; unchanged on interaction failure,title + visible caption + long description + reading order + non-color cue + keyboard semantics when interactive,grayscale-safe compiled print mapping or verified SVG asset,<50 KB optimized SVG target; interactive route payload remains route-local and within BVLP budgets,"VisualSpec v1 only; no renderer APIs, arbitrary code, raw TikZ, or source LaTeX in public payloads"
A13.1-V3,A13.1,A13,Representation,Repeated-change animation.,Interactive when manipulation reveals mechanism; otherwise static SVG.,"Describe all mathematically relevant geometry, labels, direction, and state without giving away an intended inference.",/subjects/math/algebra/exponential-logarithmic/additive-versus-multiplicative-patterns/,static-svg,no,,mandatory deterministic SVG; unchanged on interaction failure,title + visible caption + long description + reading order + non-color cue + keyboard semantics when interactive,grayscale-safe compiled print mapping or verified SVG asset,<50 KB optimized SVG target; interactive route payload remains route-local and within BVLP budgets,"VisualSpec v1 only; no renderer APIs, arbitrary code, raw TikZ, or source LaTeX in public payloads"
A13.2-V1,A13.2,A13,Anchor,Multiplier chain.,Interactive when manipulation reveals mechanism; otherwise static SVG.,"Describe all mathematically relevant geometry, labels, direction, and state without giving away an intended inference.",/subjects/math/algebra/exponential-logarithmic/geometric-sequences-and-repeated-percent-change/,static-svg,no,,mandatory deterministic SVG; unchanged on interaction failure,title + visible caption + long description + reading order + non-color cue + keyboard semantics when interactive,grayscale-safe compiled print mapping or verified SVG asset,<50 KB optimized SVG target; interactive route payload remains route-local and within BVLP budgets,"VisualSpec v1 only; no renderer APIs, arbitrary code, raw TikZ, or source LaTeX in public payloads"
A13.2-V2,A13.2,A13,Mechanism,Sequence graph.,Interactive when manipulation reveals mechanism; otherwise static SVG.,"Describe all mathematically relevant geometry, labels, direction, and state without giving away an intended inference.",/subjects/math/algebra/exponential-logarithmic/geometric-sequences-and-repeated-percent-change/,static-svg,no,,mandatory deterministic SVG; unchanged on interaction failure,title + visible caption + long description + reading order + non-color cue + keyboard semantics when interactive,grayscale-safe compiled print mapping or verified SVG asset,<50 KB optimized SVG target; interactive route payload remains route-local and within BVLP budgets,"VisualSpec v1 only; no renderer APIs, arbitrary code, raw TikZ, or source LaTeX in public payloads"
A13.2-V3,A13.2,A13,Representation,Growth-factor versus rate labels.,Interactive when manipulation reveals mechanism; otherwise static SVG.,"Describe all mathematically relevant geometry, labels, direction, and state without giving away an intended inference.",/subjects/math/algebra/exponential-logarithmic/geometric-sequences-and-repeated-percent-change/,static-svg,no,,mandatory deterministic SVG; unchanged on interaction failure,title + visible caption + long description + reading order + non-color cue + keyboard semantics when interactive,grayscale-safe compiled print mapping or verified SVG asset,<50 KB optimized SVG target; interactive route payload remains route-local and within BVLP budgets,"VisualSpec v1 only; no renderer APIs, arbitrary code, raw TikZ, or source LaTeX in public payloads"
A13.3-V1,A13.3,A13,Anchor,Parameter-controlled graph.,Interactive when manipulation reveals mechanism; otherwise static SVG.,"Describe all mathematically relevant geometry, labels, direction, and state without giving away an intended inference.",/subjects/math/algebra/exponential-logarithmic/exponential-functions/,bettergrades-interactive-2d,yes,bounded-slider; reset,mandatory deterministic SVG; unchanged on interaction failure,title + visible caption + long description + reading order + non-color cue + keyboard semantics when interactive,grayscale-safe compiled print mapping or verified SVG asset,<50 KB optimized SVG target; interactive route payload remains route-local and within BVLP budgets,"VisualSpec v1 only; no renderer APIs, arbitrary code, raw TikZ, or source LaTeX in public payloads"
A13.3-V2,A13.3,A13,Mechanism,Initial-value marker.,Interactive when manipulation reveals mechanism; otherwise static SVG.,"Describe all mathematically relevant geometry, labels, direction, and state without giving away an intended inference.",/subjects/math/algebra/exponential-logarithmic/exponential-functions/,static-svg,no,,mandatory deterministic SVG; unchanged on interaction failure,title + visible caption + long description + reading order + non-color cue + keyboard semantics when interactive,grayscale-safe compiled print mapping or verified SVG asset,<50 KB optimized SVG target; interactive route payload remains route-local and within BVLP budgets,"VisualSpec v1 only; no renderer APIs, arbitrary code, raw TikZ, or source LaTeX in public payloads"
A13.3-V3,A13.3,A13,Representation,Domain/range/asymptote.,Interactive when manipulation reveals mechanism; otherwise static SVG.,"Describe all mathematically relevant geometry, labels, direction, and state without giving away an intended inference.",/subjects/math/algebra/exponential-logarithmic/exponential-functions/,static-svg,no,,mandatory deterministic SVG; unchanged on interaction failure,title + visible caption + long description + reading order + non-color cue + keyboard semantics when interactive,grayscale-safe compiled print mapping or verified SVG asset,<50 KB optimized SVG target; interactive route payload remains route-local and within BVLP budgets,"VisualSpec v1 only; no renderer APIs, arbitrary code, raw TikZ, or source LaTeX in public payloads"
A13.4-V1,A13.4,A13,Anchor,Parent and transformed curves.,Interactive when manipulation reveals mechanism; otherwise static SVG.,"Describe all mathematically relevant geometry, labels, direction, and state without giving away an intended inference.",/subjects/math/algebra/exponential-logarithmic/graphs-and-transformations-of-exponentials/,static-svg,no,,mandatory deterministic SVG; unchanged on interaction failure,title + visible caption + long description + reading order + non-color cue + keyboard semantics when interactive,grayscale-safe compiled print mapping or verified SVG asset,<50 KB optimized SVG target; interactive route payload remains route-local and within BVLP budgets,"VisualSpec v1 only; no renderer APIs, arbitrary code, raw TikZ, or source LaTeX in public payloads"
A13.4-V2,A13.4,A13,Mechanism,Asymptote movement.,Interactive when manipulation reveals mechanism; otherwise static SVG.,"Describe all mathematically relevant geometry, labels, direction, and state without giving away an intended inference.",/subjects/math/algebra/exponential-logarithmic/graphs-and-transformations-of-exponentials/,static-svg,no,,mandatory deterministic SVG; unchanged on interaction failure,title + visible caption + long description + reading order + non-color cue + keyboard semantics when interactive,grayscale-safe compiled print mapping or verified SVG asset,<50 KB optimized SVG target; interactive route payload remains route-local and within BVLP budgets,"VisualSpec v1 only; no renderer APIs, arbitrary code, raw TikZ, or source LaTeX in public payloads"
A13.4-V3,A13.4,A13,Representation,Table-graph linkage.,Interactive when manipulation reveals mechanism; otherwise static SVG.,"Describe all mathematically relevant geometry, labels, direction, and state without giving away an intended inference.",/subjects/math/algebra/exponential-logarithmic/graphs-and-transformations-of-exponentials/,static-svg,no,,mandatory deterministic SVG; unchanged on interaction failure,title + visible caption + long description + reading order + non-color cue + keyboard semantics when interactive,grayscale-safe compiled print mapping or verified SVG asset,<50 KB optimized SVG target; interactive route payload remains route-local and within BVLP budgets,"VisualSpec v1 only; no renderer APIs, arbitrary code, raw TikZ, or source LaTeX in public payloads"
A13.5-V1,A13.5,A13,Anchor,Context timelines.,Interactive when manipulation reveals mechanism; otherwise static SVG.,"Describe all mathematically relevant geometry, labels, direction, and state without giving away an intended inference.",/subjects/math/algebra/exponential-logarithmic/growth-and-decay-models/,static-svg,no,,mandatory deterministic SVG; unchanged on interaction failure,title + visible caption + long description + reading order + non-color cue + keyboard semantics when interactive,grayscale-safe compiled print mapping or verified SVG asset,<50 KB optimized SVG target; interactive route payload remains route-local and within BVLP budgets,"VisualSpec v1 only; no renderer APIs, arbitrary code, raw TikZ, or source LaTeX in public payloads"
A13.5-V2,A13.5,A13,Mechanism,Multiplier sequence.,Interactive when manipulation reveals mechanism; otherwise static SVG.,"Describe all mathematically relevant geometry, labels, direction, and state without giving away an intended inference.",/subjects/math/algebra/exponential-logarithmic/growth-and-decay-models/,static-svg,no,,mandatory deterministic SVG; unchanged on interaction failure,title + visible caption + long description + reading order + non-color cue + keyboard semantics when interactive,grayscale-safe compiled print mapping or verified SVG asset,<50 KB optimized SVG target; interactive route payload remains route-local and within BVLP budgets,"VisualSpec v1 only; no renderer APIs, arbitrary code, raw TikZ, or source LaTeX in public payloads"
A13.5-V3,A13.5,A13,Representation,Assumption box.,Interactive when manipulation reveals mechanism; otherwise static SVG.,"Describe all mathematically relevant geometry, labels, direction, and state without giving away an intended inference.",/subjects/math/algebra/exponential-logarithmic/growth-and-decay-models/,static-svg,no,,mandatory deterministic SVG; unchanged on interaction failure,title + visible caption + long description + reading order + non-color cue + keyboard semantics when interactive,grayscale-safe compiled print mapping or verified SVG asset,<50 KB optimized SVG target; interactive route payload remains route-local and within BVLP budgets,"VisualSpec v1 only; no renderer APIs, arbitrary code, raw TikZ, or source LaTeX in public payloads"
A13.6-V1,A13.6,A13,Anchor,Account timeline.,Interactive when manipulation reveals mechanism; otherwise static SVG.,"Describe all mathematically relevant geometry, labels, direction, and state without giving away an intended inference.",/subjects/math/algebra/exponential-logarithmic/compound-interest/,static-svg,no,,mandatory deterministic SVG; unchanged on interaction failure,title + visible caption + long description + reading order + non-color cue + keyboard semantics when interactive,grayscale-safe compiled print mapping or verified SVG asset,<50 KB optimized SVG target; interactive route payload remains route-local and within BVLP budgets,"VisualSpec v1 only; no renderer APIs, arbitrary code, raw TikZ, or source LaTeX in public payloads"
A13.6-V2,A13.6,A13,Mechanism,Compounding partitions.,Interactive when manipulation reveals mechanism; otherwise static SVG.,"Describe all mathematically relevant geometry, labels, direction, and state without giving away an intended inference.",/subjects/math/algebra/exponential-logarithmic/compound-interest/,static-svg,no,,mandatory deterministic SVG; unchanged on interaction failure,title + visible caption + long description + reading order + non-color cue + keyboard semantics when interactive,grayscale-safe compiled print mapping or verified SVG asset,<50 KB optimized SVG target; interactive route payload remains route-local and within BVLP budgets,"VisualSpec v1 only; no renderer APIs, arbitrary code, raw TikZ, or source LaTeX in public payloads"
A13.6-V3,A13.6,A13,Representation,Nominal-versus-balance panel.,Interactive when manipulation reveals mechanism; otherwise static SVG.,"Describe all mathematically relevant geometry, labels, direction, and state without giving away an intended inference.",/subjects/math/algebra/exponential-logarithmic/compound-interest/,static-svg,no,,mandatory deterministic SVG; unchanged on interaction failure,title + visible caption + long description + reading order + non-color cue + keyboard semantics when interactive,grayscale-safe compiled print mapping or verified SVG asset,<50 KB optimized SVG target; interactive route payload remains route-local and within BVLP budgets,"VisualSpec v1 only; no renderer APIs, arbitrary code, raw TikZ, or source LaTeX in public payloads"
A13.7-V1,A13.7,A13,Anchor,Convergence table.,Interactive when manipulation reveals mechanism; otherwise static SVG.,"Describe all mathematically relevant geometry, labels, direction, and state without giving away an intended inference.",/subjects/math/algebra/exponential-logarithmic/continuous-growth-and-e/,static-svg,no,,mandatory deterministic SVG; unchanged on interaction failure,title + visible caption + long description + reading order + non-color cue + keyboard semantics when interactive,grayscale-safe compiled print mapping or verified SVG asset,<50 KB optimized SVG target; interactive route payload remains route-local and within BVLP budgets,"VisualSpec v1 only; no renderer APIs, arbitrary code, raw TikZ, or source LaTeX in public payloads"
A13.7-V2,A13.7,A13,Mechanism,e^x graph.,Interactive when manipulation reveals mechanism; otherwise static SVG.,"Describe all mathematically relevant geometry, labels, direction, and state without giving away an intended inference.",/subjects/math/algebra/exponential-logarithmic/continuous-growth-and-e/,static-svg,no,,mandatory deterministic SVG; unchanged on interaction failure,title + visible caption + long description + reading order + non-color cue + keyboard semantics when interactive,grayscale-safe compiled print mapping or verified SVG asset,<50 KB optimized SVG target; interactive route payload remains route-local and within BVLP budgets,"VisualSpec v1 only; no renderer APIs, arbitrary code, raw TikZ, or source LaTeX in public payloads"
A13.7-V3,A13.7,A13,Representation,Continuous model.,Interactive when manipulation reveals mechanism; otherwise static SVG.,"Describe all mathematically relevant geometry, labels, direction, and state without giving away an intended inference.",/subjects/math/algebra/exponential-logarithmic/continuous-growth-and-e/,static-svg,no,,mandatory deterministic SVG; unchanged on interaction failure,title + visible caption + long description + reading order + non-color cue + keyboard semantics when interactive,grayscale-safe compiled print mapping or verified SVG asset,<50 KB optimized SVG target; interactive route payload remains route-local and within BVLP budgets,"VisualSpec v1 only; no renderer APIs, arbitrary code, raw TikZ, or source LaTeX in public payloads"
A13.8-V1,A13.8,A13,Anchor,Inverse graph reflection.,Interactive when manipulation reveals mechanism; otherwise static SVG.,"Describe all mathematically relevant geometry, labels, direction, and state without giving away an intended inference.",/subjects/math/algebra/exponential-logarithmic/logarithms-as-inverse-operations/,static-svg,no,,mandatory deterministic SVG; unchanged on interaction failure,title + visible caption + long description + reading order + non-color cue + keyboard semantics when interactive,grayscale-safe compiled print mapping or verified SVG asset,<50 KB optimized SVG target; interactive route payload remains route-local and within BVLP budgets,"VisualSpec v1 only; no renderer APIs, arbitrary code, raw TikZ, or source LaTeX in public payloads"
A13.8-V2,A13.8,A13,Mechanism,Input/output swap.,Interactive when manipulation reveals mechanism; otherwise static SVG.,"Describe all mathematically relevant geometry, labels, direction, and state without giving away an intended inference.",/subjects/math/algebra/exponential-logarithmic/logarithms-as-inverse-operations/,static-svg,no,,mandatory deterministic SVG; unchanged on interaction failure,title + visible caption + long description + reading order + non-color cue + keyboard semantics when interactive,grayscale-safe compiled print mapping or verified SVG asset,<50 KB optimized SVG target; interactive route payload remains route-local and within BVLP budgets,"VisualSpec v1 only; no renderer APIs, arbitrary code, raw TikZ, or source LaTeX in public payloads"
A13.8-V3,A13.8,A13,Representation,Notation translation.,Interactive when manipulation reveals mechanism; otherwise static SVG.,"Describe all mathematically relevant geometry, labels, direction, and state without giving away an intended inference.",/subjects/math/algebra/exponential-logarithmic/logarithms-as-inverse-operations/,static-svg,no,,mandatory deterministic SVG; unchanged on interaction failure,title + visible caption + long description + reading order + non-color cue + keyboard semantics when interactive,grayscale-safe compiled print mapping or verified SVG asset,<50 KB optimized SVG target; interactive route payload remains route-local and within BVLP budgets,"VisualSpec v1 only; no renderer APIs, arbitrary code, raw TikZ, or source LaTeX in public payloads"
A13.9-V1,A13.9,A13,Anchor,Exponent-to-log derivation.,Interactive when manipulation reveals mechanism; otherwise static SVG.,"Describe all mathematically relevant geometry, labels, direction, and state without giving away an intended inference.",/subjects/math/algebra/exponential-logarithmic/logarithm-laws/,static-svg,no,,mandatory deterministic SVG; unchanged on interaction failure,title + visible caption + long description + reading order + non-color cue + keyboard semantics when interactive,grayscale-safe compiled print mapping or verified SVG asset,<50 KB optimized SVG target; interactive route payload remains route-local and within BVLP budgets,"VisualSpec v1 only; no renderer APIs, arbitrary code, raw TikZ, or source LaTeX in public payloads"
A13.9-V2,A13.9,A13,Mechanism,Valid-law gallery.,Interactive when manipulation reveals mechanism; otherwise static SVG.,"Describe all mathematically relevant geometry, labels, direction, and state without giving away an intended inference.",/subjects/math/algebra/exponential-logarithmic/logarithm-laws/,static-svg,no,,mandatory deterministic SVG; unchanged on interaction failure,title + visible caption + long description + reading order + non-color cue + keyboard semantics when interactive,grayscale-safe compiled print mapping or verified SVG asset,<50 KB optimized SVG target; interactive route payload remains route-local and within BVLP budgets,"VisualSpec v1 only; no renderer APIs, arbitrary code, raw TikZ, or source LaTeX in public payloads"
A13.9-V3,A13.9,A13,Representation,False log(a+b) comparison.,Interactive when manipulation reveals mechanism; otherwise static SVG.,"Describe all mathematically relevant geometry, labels, direction, and state without giving away an intended inference.",/subjects/math/algebra/exponential-logarithmic/logarithm-laws/,static-svg,no,,mandatory deterministic SVG; unchanged on interaction failure,title + visible caption + long description + reading order + non-color cue + keyboard semantics when interactive,grayscale-safe compiled print mapping or verified SVG asset,<50 KB optimized SVG target; interactive route payload remains route-local and within BVLP budgets,"VisualSpec v1 only; no renderer APIs, arbitrary code, raw TikZ, or source LaTeX in public payloads"
A13.10-V1,A13.10,A13,Anchor,Strategy tree.,Interactive when manipulation reveals mechanism; otherwise static SVG.,"Describe all mathematically relevant geometry, labels, direction, and state without giving away an intended inference.",/subjects/math/algebra/exponential-logarithmic/solving-exponential-equations/,static-svg,no,,mandatory deterministic SVG; unchanged on interaction failure,title + visible caption + long description + reading order + non-color cue + keyboard semantics when interactive,grayscale-safe compiled print mapping or verified SVG asset,<50 KB optimized SVG target; interactive route payload remains route-local and within BVLP budgets,"VisualSpec v1 only; no renderer APIs, arbitrary code, raw TikZ, or source LaTeX in public payloads"
A13.10-V2,A13.10,A13,Mechanism,Take-log sequence.,Interactive when manipulation reveals mechanism; otherwise static SVG.,"Describe all mathematically relevant geometry, labels, direction, and state without giving away an intended inference.",/subjects/math/algebra/exponential-logarithmic/solving-exponential-equations/,static-svg,no,,mandatory deterministic SVG; unchanged on interaction failure,title + visible caption + long description + reading order + non-color cue + keyboard semantics when interactive,grayscale-safe compiled print mapping or verified SVG asset,<50 KB optimized SVG target; interactive route payload remains route-local and within BVLP budgets,"VisualSpec v1 only; no renderer APIs, arbitrary code, raw TikZ, or source LaTeX in public payloads"
A13.10-V3,A13.10,A13,Representation,Exact/decimal comparison.,Interactive when manipulation reveals mechanism; otherwise static SVG.,"Describe all mathematically relevant geometry, labels, direction, and state without giving away an intended inference.",/subjects/math/algebra/exponential-logarithmic/solving-exponential-equations/,static-svg,no,,mandatory deterministic SVG; unchanged on interaction failure,title + visible caption + long description + reading order + non-color cue + keyboard semantics when interactive,grayscale-safe compiled print mapping or verified SVG asset,<50 KB optimized SVG target; interactive route payload remains route-local and within BVLP budgets,"VisualSpec v1 only; no renderer APIs, arbitrary code, raw TikZ, or source LaTeX in public payloads"
A13.11-V1,A13.11,A13,Anchor,Domain-first number line.,Interactive when manipulation reveals mechanism; otherwise static SVG.,"Describe all mathematically relevant geometry, labels, direction, and state without giving away an intended inference.",/subjects/math/algebra/exponential-logarithmic/solving-logarithmic-equations-and-logarithmic-models/,static-svg,no,,mandatory deterministic SVG; unchanged on interaction failure,title + visible caption + long description + reading order + non-color cue + keyboard semantics when interactive,grayscale-safe compiled print mapping or verified SVG asset,<50 KB optimized SVG target; interactive route payload remains route-local and within BVLP budgets,"VisualSpec v1 only; no renderer APIs, arbitrary code, raw TikZ, or source LaTeX in public payloads"
A13.11-V2,A13.11,A13,Mechanism,Candidate check.,Interactive when manipulation reveals mechanism; otherwise static SVG.,"Describe all mathematically relevant geometry, labels, direction, and state without giving away an intended inference.",/subjects/math/algebra/exponential-logarithmic/solving-logarithmic-equations-and-logarithmic-models/,static-svg,no,,mandatory deterministic SVG; unchanged on interaction failure,title + visible caption + long description + reading order + non-color cue + keyboard semantics when interactive,grayscale-safe compiled print mapping or verified SVG asset,<50 KB optimized SVG target; interactive route payload remains route-local and within BVLP budgets,"VisualSpec v1 only; no renderer APIs, arbitrary code, raw TikZ, or source LaTeX in public payloads"
A13.11-V3,A13.11,A13,Representation,Scale examples.,Interactive when manipulation reveals mechanism; otherwise static SVG.,"Describe all mathematically relevant geometry, labels, direction, and state without giving away an intended inference.",/subjects/math/algebra/exponential-logarithmic/solving-logarithmic-equations-and-logarithmic-models/,static-svg,no,,mandatory deterministic SVG; unchanged on interaction failure,title + visible caption + long description + reading order + non-color cue + keyboard semantics when interactive,grayscale-safe compiled print mapping or verified SVG asset,<50 KB optimized SVG target; interactive route payload remains route-local and within BVLP budgets,"VisualSpec v1 only; no renderer APIs, arbitrary code, raw TikZ, or source LaTeX in public payloads"
A14.1-V1,A14.1,A14,Anchor,Object sorting board.,Interactive when manipulation reveals mechanism; otherwise static SVG.,"Describe all mathematically relevant geometry, labels, direction, and state without giving away an intended inference.",/subjects/math/algebra/precalculus-readiness/classifying-mathematical-objects/,static-svg,no,,mandatory deterministic SVG; unchanged on interaction failure,title + visible caption + long description + reading order + non-color cue + keyboard semantics when interactive,grayscale-safe compiled print mapping or verified SVG asset,<50 KB optimized SVG target; interactive route payload remains route-local and within BVLP budgets,"VisualSpec v1 only; no renderer APIs, arbitrary code, raw TikZ, or source LaTeX in public payloads"
A14.1-V2,A14.1,A14,Mechanism,Structure tree.,Interactive when manipulation reveals mechanism; otherwise static SVG.,"Describe all mathematically relevant geometry, labels, direction, and state without giving away an intended inference.",/subjects/math/algebra/precalculus-readiness/classifying-mathematical-objects/,static-svg,no,,mandatory deterministic SVG; unchanged on interaction failure,title + visible caption + long description + reading order + non-color cue + keyboard semantics when interactive,grayscale-safe compiled print mapping or verified SVG asset,<50 KB optimized SVG target; interactive route payload remains route-local and within BVLP budgets,"VisualSpec v1 only; no renderer APIs, arbitrary code, raw TikZ, or source LaTeX in public payloads"
A14.1-V3,A14.1,A14,Representation,Task-word distinction.,Interactive when manipulation reveals mechanism; otherwise static SVG.,"Describe all mathematically relevant geometry, labels, direction, and state without giving away an intended inference.",/subjects/math/algebra/precalculus-readiness/classifying-mathematical-objects/,static-svg,no,,mandatory deterministic SVG; unchanged on interaction failure,title + visible caption + long description + reading order + non-color cue + keyboard semantics when interactive,grayscale-safe compiled print mapping or verified SVG asset,<50 KB optimized SVG target; interactive route payload remains route-local and within BVLP budgets,"VisualSpec v1 only; no renderer APIs, arbitrary code, raw TikZ, or source LaTeX in public payloads"
A14.2-V1,A14.2,A14,Anchor,Family fingerprints.,Interactive when manipulation reveals mechanism; otherwise static SVG.,"Describe all mathematically relevant geometry, labels, direction, and state without giving away an intended inference.",/subjects/math/algebra/precalculus-readiness/classifying-equation-families/,static-svg,no,,mandatory deterministic SVG; unchanged on interaction failure,title + visible caption + long description + reading order + non-color cue + keyboard semantics when interactive,grayscale-safe compiled print mapping or verified SVG asset,<50 KB optimized SVG target; interactive route payload remains route-local and within BVLP budgets,"VisualSpec v1 only; no renderer APIs, arbitrary code, raw TikZ, or source LaTeX in public payloads"
A14.2-V2,A14.2,A14,Mechanism,Disguised equivalents.,Interactive when manipulation reveals mechanism; otherwise static SVG.,"Describe all mathematically relevant geometry, labels, direction, and state without giving away an intended inference.",/subjects/math/algebra/precalculus-readiness/classifying-equation-families/,static-svg,no,,mandatory deterministic SVG; unchanged on interaction failure,title + visible caption + long description + reading order + non-color cue + keyboard semantics when interactive,grayscale-safe compiled print mapping or verified SVG asset,<50 KB optimized SVG target; interactive route payload remains route-local and within BVLP budgets,"VisualSpec v1 only; no renderer APIs, arbitrary code, raw TikZ, or source LaTeX in public payloads"
A14.2-V3,A14.2,A14,Representation,Substitution patterns.,Interactive when manipulation reveals mechanism; otherwise static SVG.,"Describe all mathematically relevant geometry, labels, direction, and state without giving away an intended inference.",/subjects/math/algebra/precalculus-readiness/classifying-equation-families/,static-svg,no,,mandatory deterministic SVG; unchanged on interaction failure,title + visible caption + long description + reading order + non-color cue + keyboard semantics when interactive,grayscale-safe compiled print mapping or verified SVG asset,<50 KB optimized SVG target; interactive route payload remains route-local and within BVLP budgets,"VisualSpec v1 only; no renderer APIs, arbitrary code, raw TikZ, or source LaTeX in public payloads"
A14.3-V1,A14.3,A14,Anchor,Strategy tree.,Interactive when manipulation reveals mechanism; otherwise static SVG.,"Describe all mathematically relevant geometry, labels, direction, and state without giving away an intended inference.",/subjects/math/algebra/precalculus-readiness/choosing-a-solving-method/,static-svg,no,,mandatory deterministic SVG; unchanged on interaction failure,title + visible caption + long description + reading order + non-color cue + keyboard semantics when interactive,grayscale-safe compiled print mapping or verified SVG asset,<50 KB optimized SVG target; interactive route payload remains route-local and within BVLP budgets,"VisualSpec v1 only; no renderer APIs, arbitrary code, raw TikZ, or source LaTeX in public payloads"
A14.3-V2,A14.3,A14,Mechanism,Valid-method comparison.,Interactive when manipulation reveals mechanism; otherwise static SVG.,"Describe all mathematically relevant geometry, labels, direction, and state without giving away an intended inference.",/subjects/math/algebra/precalculus-readiness/choosing-a-solving-method/,static-svg,no,,mandatory deterministic SVG; unchanged on interaction failure,title + visible caption + long description + reading order + non-color cue + keyboard semantics when interactive,grayscale-safe compiled print mapping or verified SVG asset,<50 KB optimized SVG target; interactive route payload remains route-local and within BVLP budgets,"VisualSpec v1 only; no renderer APIs, arbitrary code, raw TikZ, or source LaTeX in public payloads"
A14.3-V3,A14.3,A14,Representation,Efficiency notes.,Interactive when manipulation reveals mechanism; otherwise static SVG.,"Describe all mathematically relevant geometry, labels, direction, and state without giving away an intended inference.",/subjects/math/algebra/precalculus-readiness/choosing-a-solving-method/,static-svg,no,,mandatory deterministic SVG; unchanged on interaction failure,title + visible caption + long description + reading order + non-color cue + keyboard semantics when interactive,grayscale-safe compiled print mapping or verified SVG asset,<50 KB optimized SVG target; interactive route payload remains route-local and within BVLP budgets,"VisualSpec v1 only; no renderer APIs, arbitrary code, raw TikZ, or source LaTeX in public payloads"
A14.4-V1,A14.4,A14,Anchor,Double-arrow versus one-way ledger.,Interactive when manipulation reveals mechanism; otherwise static SVG.,"Describe all mathematically relevant geometry, labels, direction, and state without giving away an intended inference.",/subjects/math/algebra/precalculus-readiness/restrictions-implications-and-candidates/,static-svg,no,,mandatory deterministic SVG; unchanged on interaction failure,title + visible caption + long description + reading order + non-color cue + keyboard semantics when interactive,grayscale-safe compiled print mapping or verified SVG asset,<50 KB optimized SVG target; interactive route payload remains route-local and within BVLP budgets,"VisualSpec v1 only; no renderer APIs, arbitrary code, raw TikZ, or source LaTeX in public payloads"
A14.4-V2,A14.4,A14,Mechanism,Candidate funnel.,Interactive when manipulation reveals mechanism; otherwise static SVG.,"Describe all mathematically relevant geometry, labels, direction, and state without giving away an intended inference.",/subjects/math/algebra/precalculus-readiness/restrictions-implications-and-candidates/,static-svg,no,,mandatory deterministic SVG; unchanged on interaction failure,title + visible caption + long description + reading order + non-color cue + keyboard semantics when interactive,grayscale-safe compiled print mapping or verified SVG asset,<50 KB optimized SVG target; interactive route payload remains route-local and within BVLP budgets,"VisualSpec v1 only; no renderer APIs, arbitrary code, raw TikZ, or source LaTeX in public payloads"
A14.4-V3,A14.4,A14,Representation,Domain overlay.,Interactive when manipulation reveals mechanism; otherwise static SVG.,"Describe all mathematically relevant geometry, labels, direction, and state without giving away an intended inference.",/subjects/math/algebra/precalculus-readiness/restrictions-implications-and-candidates/,static-svg,no,,mandatory deterministic SVG; unchanged on interaction failure,title + visible caption + long description + reading order + non-color cue + keyboard semantics when interactive,grayscale-safe compiled print mapping or verified SVG asset,<50 KB optimized SVG target; interactive route payload remains route-local and within BVLP budgets,"VisualSpec v1 only; no renderer APIs, arbitrary code, raw TikZ, or source LaTeX in public payloads"
A14.5-V1,A14.5,A14,Anchor,Exact-versus-decimal panel.,Interactive when manipulation reveals mechanism; otherwise static SVG.,"Describe all mathematically relevant geometry, labels, direction, and state without giving away an intended inference.",/subjects/math/algebra/precalculus-readiness/exact-versus-approximate-answers-and-technology/,static-svg,no,,mandatory deterministic SVG; unchanged on interaction failure,title + visible caption + long description + reading order + non-color cue + keyboard semantics when interactive,grayscale-safe compiled print mapping or verified SVG asset,<50 KB optimized SVG target; interactive route payload remains route-local and within BVLP budgets,"VisualSpec v1 only; no renderer APIs, arbitrary code, raw TikZ, or source LaTeX in public payloads"
A14.5-V2,A14.5,A14,Mechanism,Graphing-window failures.,Interactive when manipulation reveals mechanism; otherwise static SVG.,"Describe all mathematically relevant geometry, labels, direction, and state without giving away an intended inference.",/subjects/math/algebra/precalculus-readiness/exact-versus-approximate-answers-and-technology/,static-svg,no,,mandatory deterministic SVG; unchanged on interaction failure,title + visible caption + long description + reading order + non-color cue + keyboard semantics when interactive,grayscale-safe compiled print mapping or verified SVG asset,<50 KB optimized SVG target; interactive route payload remains route-local and within BVLP budgets,"VisualSpec v1 only; no renderer APIs, arbitrary code, raw TikZ, or source LaTeX in public payloads"
A14.5-V3,A14.5,A14,Representation,Precision scale.,Interactive when manipulation reveals mechanism; otherwise static SVG.,"Describe all mathematically relevant geometry, labels, direction, and state without giving away an intended inference.",/subjects/math/algebra/precalculus-readiness/exact-versus-approximate-answers-and-technology/,static-svg,no,,mandatory deterministic SVG; unchanged on interaction failure,title + visible caption + long description + reading order + non-color cue + keyboard semantics when interactive,grayscale-safe compiled print mapping or verified SVG asset,<50 KB optimized SVG target; interactive route payload remains route-local and within BVLP budgets,"VisualSpec v1 only; no renderer APIs, arbitrary code, raw TikZ, or source LaTeX in public payloads"
A14.6-V1,A14.6,A14,Anchor,Intersection graph.,Interactive when manipulation reveals mechanism; otherwise static SVG.,"Describe all mathematically relevant geometry, labels, direction, and state without giving away an intended inference.",/subjects/math/algebra/precalculus-readiness/graphical-and-algebraic-cross-checking/,static-svg,no,,mandatory deterministic SVG; unchanged on interaction failure,title + visible caption + long description + reading order + non-color cue + keyboard semantics when interactive,grayscale-safe compiled print mapping or verified SVG asset,<50 KB optimized SVG target; interactive route payload remains route-local and within BVLP budgets,"VisualSpec v1 only; no renderer APIs, arbitrary code, raw TikZ, or source LaTeX in public payloads"
A14.6-V2,A14.6,A14,Mechanism,Sign/solution count.,Interactive when manipulation reveals mechanism; otherwise static SVG.,"Describe all mathematically relevant geometry, labels, direction, and state without giving away an intended inference.",/subjects/math/algebra/precalculus-readiness/graphical-and-algebraic-cross-checking/,static-svg,no,,mandatory deterministic SVG; unchanged on interaction failure,title + visible caption + long description + reading order + non-color cue + keyboard semantics when interactive,grayscale-safe compiled print mapping or verified SVG asset,<50 KB optimized SVG target; interactive route payload remains route-local and within BVLP budgets,"VisualSpec v1 only; no renderer APIs, arbitrary code, raw TikZ, or source LaTeX in public payloads"
A14.6-V3,A14.6,A14,Representation,Discrepancy diagnosis.,Interactive when manipulation reveals mechanism; otherwise static SVG.,"Describe all mathematically relevant geometry, labels, direction, and state without giving away an intended inference.",/subjects/math/algebra/precalculus-readiness/graphical-and-algebraic-cross-checking/,static-svg,no,,mandatory deterministic SVG; unchanged on interaction failure,title + visible caption + long description + reading order + non-color cue + keyboard semantics when interactive,grayscale-safe compiled print mapping or verified SVG asset,<50 KB optimized SVG target; interactive route payload remains route-local and within BVLP budgets,"VisualSpec v1 only; no renderer APIs, arbitrary code, raw TikZ, or source LaTeX in public payloads"
A14.7-V1,A14.7,A14,Anchor,Words-pictures-symbols workflow.,Interactive when manipulation reveals mechanism; otherwise static SVG.,"Describe all mathematically relevant geometry, labels, direction, and state without giving away an intended inference.",/subjects/math/algebra/precalculus-readiness/precalculus-readiness-capstone/,static-svg,no,,mandatory deterministic SVG; unchanged on interaction failure,title + visible caption + long description + reading order + non-color cue + keyboard semantics when interactive,grayscale-safe compiled print mapping or verified SVG asset,<50 KB optimized SVG target; interactive route payload remains route-local and within BVLP budgets,"VisualSpec v1 only; no renderer APIs, arbitrary code, raw TikZ, or source LaTeX in public payloads"
A14.7-V2,A14.7,A14,Mechanism,Model comparison dashboard.,Interactive when manipulation reveals mechanism; otherwise static SVG.,"Describe all mathematically relevant geometry, labels, direction, and state without giving away an intended inference.",/subjects/math/algebra/precalculus-readiness/precalculus-readiness-capstone/,static-svg,no,,mandatory deterministic SVG; unchanged on interaction failure,title + visible caption + long description + reading order + non-color cue + keyboard semantics when interactive,grayscale-safe compiled print mapping or verified SVG asset,<50 KB optimized SVG target; interactive route payload remains route-local and within BVLP budgets,"VisualSpec v1 only; no renderer APIs, arbitrary code, raw TikZ, or source LaTeX in public payloads"
A14.7-V3,A14.7,A14,Representation,Reasoning audit.,Interactive when manipulation reveals mechanism; otherwise static SVG.,"Describe all mathematically relevant geometry, labels, direction, and state without giving away an intended inference.",/subjects/math/algebra/precalculus-readiness/precalculus-readiness-capstone/,static-svg,no,,mandatory deterministic SVG; unchanged on interaction failure,title + visible caption + long description + reading order + non-color cue + keyboard semantics when interactive,grayscale-safe compiled print mapping or verified SVG asset,<50 KB optimized SVG target; interactive route payload remains route-local and within BVLP budgets,"VisualSpec v1 only; no renderer APIs, arbitrary code, raw TikZ, or source LaTeX in public payloads"
